museo_id,museo_nombre,museo_tematica_n1,museo_fecha_fundacion,museo_adscripcion,estado_id,nom_ent,municipio_id,nom_mun,localidad_id,nom_loc,museo_calle_numero,museo_colonia,museo_cp,museo_telefono1,pagina_web,pagina_web2,pagina_web3,email,facebook,twitter,instagram,longitud,latitud,museo_salas_exhibicion_c,museo_salas_exhibicion_tmp_c,link_sic,fecha_mod,nom_ent_corto,fn_museo_telefono1,temporal_museo_fecha_fundacion,..anio_museo_fecha_fundacion
1169,Museo Nacional de la Muerte,Arte,2007-06-19,Universidad Autónoma de Aguascalientes,1,Aguascalientes,1,Aguascalientes,1,Aguascalientes,Rivero y Gutiérrez esq. Morelos,Centro,20000,449 910 74 00 ext. 7208,http://museonacionaldelamuerte.uaa.mx,,,japadill@correo.uua.mx,https://www.facebook.com/munalmueruaa,https://x.com/uaa_mx,,-102.29551,21.88397,10,2,http://sic.gob.mx/ficha.php?table=museo&table_id=1169,1662980833,Aguascalientes,NA,2007-06,2007
219,Museo Regional de Historia de Aguascalientes,Historia,1988-10-03,Secretaría de Cultura/INAH,1,Aguascalientes,1,Aguascalientes,1,Aguascalientes,Venustiano Carranza 118,Centro,20000,449 916 5228,https://www.inah.gob.mx/museos/museo-regional-de-historia-de-aguascalientes,,https://lugares.inah.gob.mx/lugar-375-es,aguascalientes.mrh@inah.gob.mx,https://www.facebook.com/museoregionaldehistoriaags/,,,-102.29895,21.8802,10,5,http://sic.gob.mx/ficha.php?table=museo&table_id=219,1739296409,Aguascalientes,NA,1988-10,1988
1453,Museo de Sitio los Arquitos,Historia,1994-11-01,Instituto Cultural de Aguascalientes/Centro Cultural Los Arquitos,1,Aguascalientes,1,Aguascalientes,1,Aguascalientes,Alameda y Héroe de Nacozari,Barrio La Purísima,20000,449 910 2010 ext. 1407,https://www.aguascalientes.gob.mx/temas/cultura/,,,c.culturallosarquitos@gmail.com; semuga2000@gmail.com,https://es-la.facebook.com/CentroCulturalLosArquitos/,,,-102.28221,21.88298,-1,-1,http://sic.gob.mx/ficha.php?table=museo&table_id=1453,1707216974,Aguascalientes,NA,1994-11,1994
217,Museo de Arte Contemporáneo No. 8,Arte,1991-04-14,Instituto Cultural de Aguascalientes (ICA),1,Aguascalientes,1,Aguascalientes,1,Aguascalientes,Morelos s/n esq. Primo Verdad,Centro,20000,449 918 6901,https://museosygalerias.com/,,,mac8ica@gmail.com,https://es-la.facebook.com/people/Mac8/100063755972354/,,,-102.29489,21.88283,4,3,http://sic.gob.mx/ficha.php?table=museo&table_id=217,1735328696,Aguascalientes,NA,1991-04,1991
2020,Museo de Sitio del Teatro Morelos,,NA,Instituto Cultural de Aguascalientes (ICA),1,Aguascalientes,1,Aguascalientes,1,Aguascalientes,"Nieto 113, Plaza de la Patria de Aguascalientes",Zona Centro,20000,(449) 915 19 41,,,,produccionagsica@gmail.com,,,,-102.29702,21.88021,0,0,http://sic.gob.mx/ficha.php?table=museo&table_id=2020,1581086166,Aguascalientes,NA,NA,NA
1808,Museo Escárcega,Arte,2015-05-21,"Museo Escárcega, A.C.",1,Aguascalientes,1,Aguascalientes,1,Aguascalientes,Ezequiel A. Chávez 311,Barrio de la Purísima,20000,449 918 67 30,https://museoeer.wixsite.com/muse/acerca-de-nosotros,,,museoescarcega@hotmail.com,https://es-la.facebook.com/MuseoEnAguascalientes/,,,-102.28575,21.88473,19,1,http://sic.gob.mx/ficha.php?table=museo&table_id=1808,1707223048,Aguascalientes,NA,2015-05,2015
1069,Museo del Juguete Tradicional Mexicano,Arte,1998-11-06,,1,Aguascalientes,1,Aguascalientes,1,Aguascalientes,Nieto 224,Centro,20000,449 209 88 03,,,,museodeljuguetetradicional@yahoo.com,https://www.facebook.com/Museo-del-Juguete-Tradicional-Mexicano-Ags-523068417779502/,,,-102.29859,21.87922,3,0,http://sic.gob.mx/ficha.php?table=museo&table_id=1069,1632849852,Aguascalientes,NA,1998-11,1998
223,Museo de Aguascalientes,Arte,1975-10-22,Instituto Cultural de Aguascalientes (ICA),1,Aguascalientes,1,Aguascalientes,1,Aguascalientes,Zaragoza 505,Centro,20000,449  916 71 42,,,,museoaguascalientes@gmail.com,https://www.facebook.com/pages/Museo-Aguascalientes/168042823240385?fref=ts,,,-102.29112,21.88581,7,2,http://sic.gob.mx/ficha.php?table=museo&table_id=223,1697547889,Aguascalientes,NA,1975-10,1975
929,Museo Ferrocarrilero,Historia,2003-03-04,Instituto Cultural de Aguascalientes (ICA)/Dirección de Promoción y Difusión,1,Aguascalientes,1,Aguascalientes,1,Aguascalientes,"Plaza de las Tres Centurias, Av. 28 de Agosto s/n",Barrio de La Estación,20059,449 994 27 61 y 62,https://www.vivaaguascalientes.com/Atractivo/600,,,mferrocarrilero@gmail.com,https://www.facebook.com/MuseoFerrocarrilero/,,,-102.28093,21.88477,-1,1,http://sic.gob.mx/ficha.php?table=museo&table_id=929,1706886103,Aguascalientes,NA,2003-03,2003
1790,Museo Espacio,Arte,2016-01-29,Instituto Cultural de Aguascalientes (ICA),1,Aguascalientes,1,Aguascalientes,1,Aguascalientes,"Manuel Gómez Morín s/n, Ferrocarril Sur",Barrio de la Estación,20259,449 688 41 01,,,,museoespacioags@gmail.com,https://www.facebook.com/MuseoEspacio/,https://x.com/MuseoEspacio,,-102.28127,21.89126,0,0,http://sic.gob.mx/ficha.php?table=museo&table_id=1790,1735323394,Aguascalientes,NA,2016-01,2016
1046,Museo José Guadalupe Posada,Arte,1972-09-16,Instituto Cultural de Aguascalientes,1,Aguascalientes,1,Aguascalientes,1,Aguascalientes,Jardín del Encino s/n lado Nte.,Barrio del Encino,20240,449  915 45 56,https://ags.gob.mx/turismo/conocemas/museoposada/index.html,,,museoposada@gmail.com,https://www.facebook.com/MuseoGuadalupePosada?fref=ts,,,-102.29284,21.87526,2,1,http://sic.gob.mx/ficha.php?table=museo&table_id=1046,1735323309,Aguascalientes,NA,1972-09,1972
602,Descubre. Museo Interactivo de Ciencia y Tecnología,Ciencia y tecnología,1996-11-20,Instituto para el Desarrollo de la Sociedad y el Conocimiento del Estado de Aguascalientes (IDSCEA),1,Aguascalientes,1,Aguascalientes,1,Aguascalientes,Av. San Miguel s/n,Fracc. Jardines del Parque,20270,"449 978 03 38 exts. 7129, 7115",http://www.aguascalientes.gob.mx/descubre/,,,idscea.informa@gmail.com,https://www.facebook.com/descubreags/,https://x.com/descubreAGS,https://www.instagram.com/museodescubre,-102.28929,21.85596,4,1,http://sic.gob.mx/ficha.php?table=museo&table_id=602,1686314318,Aguascalientes,NA,1996-11,1996
361,Museo de la Fauna,Ciencia y tecnología,1989-04-24,Secretaría del Medio Ambiente Estatal/CEAR Rodolfo Landeros Gallegos,1,Aguascalientes,1,Aguascalientes,1,Aguascalientes,Blvd. José María Chávez s/n,Col. Ciudad Industrial,20290,449 688 10 87,http://www.aguascalientes.gob.mx/ssmaa/Areasverdes/cearRLG.html,,,rquel.baccio@aguascalientes.gob.mx,,,,-102.29124,21.85177,1,0,http://sic.gob.mx/ficha.php?table=museo&table_id=361,1669976905,Aguascalientes,NA,1989-04,1989
2157,Museo Nacional de los Pueblos Mágicos,,2019-09-12,Ayuntamiento de Calvillo/Secretaría de Turismo,1,Aguascalientes,3,Calvillo,1,Calvillo,Av. Benito Juárez 312,Centro,20800,495 686 00 06,,,,munpumacalvillo2022@gmail.com,https://www.facebook.com/munpumacalvilloags,,,-102.71875,21.84691,10,1,http://sic.gob.mx/ficha.php?table=museo&table_id=2157,1722542708,Aguascalientes,NA,2019-09,2019
1047,Museo Comunitario del Deporte e Historia,Especializado,1994-11-20,"Asociación Civil de Pabellonences, A.C.",1,Aguascalientes,6,Pabellón de Arteaga,1,Pabellón de Arteaga,Av. 16 de Septiembre s/n esq. Irrigación,Centro,20660,"465 117 30 12,",,,,museocomunitariodeldeporteac@gmail.com,https://www.facebook.com/museocomunitariodeldeporte/,,,-102.27521,22.14663,3,-1,http://sic.gob.mx/ficha.php?table=museo&table_id=1047,1623056264,Aguascalientes,NA,1994-11,1994
1048,Museo de la Insurgencia,Historia,1964-10-17,Instituto Cultural de Aguascalientes (ICA)/Dirección de Promoción y Difusión,1,Aguascalientes,7,Rincón de Romos,30,Pabellón de Hidalgo,Plaza 24 de Enero  núm. 19,Centro,20436,465 958 18 02,,,,museodelainsurgencia@hotmail.com,https://www.facebook.com/pages/Museo-de-la-Insurgencia/156925787696306?fref=ts,,,-102.34162,22.17491,2,1,http://sic.gob.mx/ficha.php?table=museo&table_id=1048,1655971654,Aguascalientes,NA,1964-10,1964
600,Museo de Historia de Ensenada,Arqueología,1993-05-20,"Centro Social Cívico y Cultural Riviera, A.C.",2,Baja California,1,Ensenada,1,Ensenada,Blvd. Lázaro Cárdenas 1421,Centro,22800,646 177 05 94,http://museoens.com/,,,museoenelriviera@hotmail.com,http://www.facebook.com/MuseoHistoriaEnsenada/,,,-116.61976,31.85859,7,1,http://sic.gob.mx/ficha.php?table=museo&table_id=600,1663756371,Baja California,NA,1993-05,1993
620,Caracol Museo de Ciencias,Ciencia y tecnología,1998-05-04,"Caracol Centro Científico y Cultural, A.C.",2,Baja California,1,Ensenada,1,Ensenada,Av. Club Rotario 3,Centro,22800,646 152 19 93,http://www.caracolbc.org/,,,contacto@caracolbc.org,https://es-la.facebook.com/museocaracol/,https://x.com/MuseoCaracol,https://www.instagram.com/museocaracol,-116.62031,31.85705,3,-1,http://sic.gob.mx/ficha.php?table=museo&table_id=620,1702378339,Baja California,NA,1998-05,1998
932,Museo Histórico Regional de Ensenada,Historia,1995-05-15,Secretaría de Cultura/INAH,2,Baja California,1,Ensenada,1,Ensenada,Av. Gastélum s/n,Centro,22800,646 178 36 92,,,https://lugares.inah.gob.mx/lugar-110-es,mhre.inah@gmail.com,https://www.facebook.com/MuseoHistoricoRegionaldeEnsenada,,,-116.62813,31.8633,6,2,http://sic.gob.mx/ficha.php?table=museo&table_id=932,1701770362,Baja California,NA,1995-05,1995
653,Museo del Estero,Antropología,1987-04-01,"Fundación Estero Beach, A.C.",2,Baja California,1,Ensenada,1,Ensenada,Playas del Estero s/n,Ex- Ejido Chapultepec,22785,646 176 62 44,https://hotelesterobeach.com/resort/museo-de-historia-mexicana/,,,linda.v@hotelesterobeach.com,https://www.facebook.com/museodelestero/,,,-116.61688,31.77738,6,0,http://sic.gob.mx/ficha.php?table=museo&table_id=653,1684228158,Baja California,NA,1987-04,1987
931,Museo de la Misión de Nuestra Señora de Guadalupe (temporalmente cerrado),Historia,1991-08-31,Secretaría de Cultura/INAH,2,Baja California,1,Ensenada,1,Ensenada,"Carr. Federal 3, Mza.025",Col. Valle de Guadalupe,22750,646 150 31 50,https://mediateca.inah.gob.mx/repositorio/islandora/object/museo%3A3259,,,,,,,-116.57473,32.09246,-1,-1,http://sic.gob.mx/ficha.php?table=museo&table_id=931,1702378819,Baja California,NA,1991-08,1991
1662,Museo de la Vid y el Vino,Especializado,2012-08-03,"Patronato del Museo de la Vid y el Vino de Baja California, A.C.",2,Baja California,1,Ensenada,1,Ensenada,Carr. Federal Tecate-Ensenada Km 81.3,Col. Valle de Guadalupe,22750,646 156 81 65,https://museodelvinobc.com/,,,info@museodelvinobc.com,https://www.facebook.com/museodelvinobc/,,,-116.58673,32.06974,4,-1,http://sic.gob.mx/ficha.php?table=museo&table_id=1662,1711121097,Baja California,NA,2012-08,2012
1809,Museo Katsuo,Ciencia y tecnología,2016-03-10,Facultad de Ciencias Marinas de la Universidad Autónoma de Baja California,2,Baja California,1,Ensenada,1,Ensenada,Carr. Transpeninsular Ensenada-Tijuana 3917,Col. Playitas,22860,646 174 45 70,,,,museokatsuo@hotmail.com,https://www.facebook.com/museokatsuo/timeline,https://x.com/KatsuoMuseo,,-116.66712,31.86424,0,0,http://sic.gob.mx/ficha.php?table=museo&table_id=1809,1684228866,Baja California,NA,2016-03,2016
1281,Museo de Antigua Aduana Marítima de Ensenada,Historia,1992-01-01,Secretaría de Cultura/INAH,2,Baja California,1,Ensenada,1,Ensenada,Av. Ryerson 99,Centro,22800,646 178 25 31,,,,cominabc@yahoo.com,,,,-116.63014,31.86413,-1,-1,http://sic.gob.mx/ficha.php?table=museo&table_id=1281,1702378542,Baja California,NA,1992-01,1992
743,Museo Comunitario El Rosario,Historia,1994-10-09,,2,Baja California,1,Ensenada,1,Ensenada,Camino vecinal a la playa Punta Baja s/n,Col. El Rosario de Abajo,22860,Cel. (616) 108 71 59,http://elrosariobc.blogspot.mx/2007/12/museo-comunitario-el-rosario.html,,,ingespinoza_57@hotmail.com,,,,-116.59513,31.80894,-1,-1,http://sic.gob.mx/ficha.php?table=museo&table_id=743,1707311125,Baja California,NA,1994-10,1994
592,Museo Comunitario Ruso,Antropología,1991-08-01,,2,Baja California,1,Ensenada,114,Francisco Zarco (Valle de Guadalupe),Principal 276,Poblado Francisco Zarco,22750,(646) 155 20 30,,https://www.facebook.com/pg/pilirutavino/photos/?tab=album&album_id=395494427194684,,franhuer@hotmail.com,,,,-116.58332,32.09084,-1,-1,http://sic.gob.mx/ficha.php?table=museo&table_id=592,1623151521,Baja California,NA,1991-08,1991
742,"Museo Comunitario Altagracia A. de Arauz, San Vicente Ferrer",Antropología,1991-01-01,Ayuntamiento de San Vicente,2,Baja California,1,Ensenada,243,San Vicente,"Parque Central de San Vicente, km. 90 al Sur de Ensenada",,22900,"(646) 165 66 39, 165 66 35",,,,,,,,-116.25538,31.33648,-1,-1,http://sic.gob.mx/ficha.php?table=museo&table_id=742,1623147798,Baja California,NA,1991-01,1991
886,Museo Sol del Niño,Ciencia y tecnología,1998-09-21,"Patronato Museo Sol del Niño, A.C.",2,Baja California,2,Mexicali,1,Mexicali,Alfonso Esquer Sández s/n,Centro,21010,,,,,contacto@sol.org.mx,https://www.facebook.com/soldelnino,https://x.com/soldelnino,,-115.4732,32.6529,6,-1,http://sic.gob.mx/ficha.php?table=museo&table_id=886,1698243610,Baja California,NA,1998-09,1998
328,Instituto  de Investigaciones Culturales Museo UABC,Antropología,1979-10-30,Universidad Autónoma de Baja California (UABC),2,Baja California,2,Mexicali,1,Mexicali,Calle L s/n esq. Av. Reforma,Col. Nueva,21100,686 552 57 15,http://iic-museo.uabc.mx/,,,educativos.iic-museo@uabc.edu.mx,https://es-la.facebook.com/iicmuseouabc,,,-115.45637,32.66512,6,-1,http://sic.gob.mx/ficha.php?table=museo&table_id=328,1700144751,Baja California,NA,1979-10,1979
1689,Museo Regional Los Pioneros de Mexicali,Historia,1987-03-15,Particular,2,Baja California,2,Mexicali,1,Mexicali,Blvd. Adolfo López Mateos 2201,Justo Sierra,21380,686 561 71 25,,,,museojaviergalvan@gmail.com,https://es-la.facebook.com/MUSEOREGIONALPIONEROSMXLI/,,,-115.44083,32.61433,-1,-1,http://sic.gob.mx/ficha.php?table=museo&table_id=1689,1697630825,Baja California,NA,1987-03,1987
930,Museo Comunitario El Asalto a las Tierras,Historia,1989-10-24,Ayuntamiento de Mexicali,2,Baja California,2,Mexicali,225,Michoacán de Ocampo,Venustiano Carranza s/n esq. Lázaro Cárdenas,Centro,21700,,,,,cavb_52@hotmail.com,,,,-115.30867,32.46556,-1,-1,http://sic.gob.mx/ficha.php?table=museo&table_id=930,1720208128,Baja California,NA,1989-10,1989
935,Museo Comunitario Cucaphá Juan García Aldama,Antropología,1991-09-10,,2,Baja California,2,Mexicali,284,San Felipe,Carr. Mexicali-San Felipe km. 57,,21730,(686) 543 76 17,,,,,https://www.facebook.com/pg/Museo-comunitario-cucapah-hablemos-de-cultura-761881874010572/posts/,,,-114.8676,31.03824,-1,-1,http://sic.gob.mx/ficha.php?table=museo&table_id=935,1710333344,Baja California,NA,1991-09,1991
114,Museo Comunitario Tecate,Historia,1997-10-12,Ayuntamiento de Tecate/Centro Cultural Tecate (CECUTEC),2,Baja California,3,Tecate,1,Tecate,Tláloc 400,Col. Cuauhtémoc,21480,665 521 31 91,https://www.carem.org/,,,info@carem.org,https://www.facebook.com/museotkt/,,,-116.61938,32.56996,3,-1,http://sic.gob.mx/ficha.php?table=museo&table_id=114,1670241309,Baja California,NA,1997-10,1997
2081,Museo de Sitio de la Zona Arqueológica El Vallecito,,NA,Secretaría de Cultura/INAH,2,Baja California,3,Tecate,65,Ejido Jacumé,Población La Rumorosa,,21510,"686 552 35 91,  686 552 35 92",https://www.inah.gob.mx/zonas/zona-arqueologica-el-vallecito,,,direccion.bc@inah.gob.mx,,,,-116.08405,32.53613,0,0,http://sic.gob.mx/ficha.php?table=museo&table_id=2081,1728347889,Baja California,NA,NA,NA
1283,Museo de Sitio Campo Alaska,Historia,2005-03-19,Secretaría de Cultura/INAH/Centro INAH de Baja California,2,Baja California,3,Tecate,107,La Rumorosa,Camino Nacional Circuito Alaska s/n,Poblado La Rumorosa,21510,"686 552 35 91,  686 552 35 92",https://lugares.inah.gob.mx/es/museos-inah/museo/17793-museo-de-sitio-campo-alaska.html,,,jbendimez.bc@inah.gob.com; daniel_aguilar@inah.gob.mx,https://www.facebook.com/pages/Museo-de-Sitio-Campo-Alaska/277233055692547,,,-116.04889,32.55108,2,-1,http://sic.gob.mx/ficha.php?table=museo&table_id=1283,1727921598,Baja California,NA,2005-03,2005
2055,Museo de la Lucha Libre Mexicana,Especializado,2017-04-29,Museo de la Siete A.C.,2,Baja California,4,Tijuana,1,Tijuana,Hermenegildo Galeana 8186,Centro,22000,664  685 99 26,https://www.mullme.com/,,,mullme664@gmail.com,https://www.facebook.com/Mullme/,https://x.com/mullme664,https://www.instagram.com/mullme_664,-117.03679,32.52961,0,0,http://sic.gob.mx/ficha.php?table=museo&table_id=2055,1730401458,Baja California,NA,2017-04,2017
340,Museo de Cera de Tijuana,Especializado,1993-02-05,"Museo de Cera de Tijuana, S.A. de C.V.",2,Baja California,4,Tijuana,1,Tijuana,Primera núm. 8281,Centro,22000,664 688 24 78,https://museodeceratijuana.com/,,,museodeceradetijuana@hotmail.com; info@museodeceratijuana.com,https://www.facebook.com/museodeceratijuana,,,-117.03578,32.53655,10,-1,http://sic.gob.mx/ficha.php?table=museo&table_id=340,1730397976,Baja California,NA,1993-02,1993
598,Museo de las Californias,Historia,2000-02-24,Secretaría de Cultura/Centro Cultural Tijuana (CECUT),2,Baja California,4,Tijuana,1,Tijuana,Paseo de los Héroes 9350,Zona Urbana Río Tijuana,22010,664 687 9652,https://www.cecut.gob.mx/emuseo.php,,,museocalifornias@cecut.gob.mx,https://www.facebook.com/cecut.mx,,,-117.02289,32.53028,9,1,http://sic.gob.mx/ficha.php?table=museo&table_id=598,1730389576,Baja California,NA,2000-02,2000
1276,Museo Interactivo Tijuana El Trompo,Ciencia y tecnología,2008-12-09,"Museo Interactivo Tijuana, A.C.",2,Baja California,4,Tijuana,1,Tijuana,Libramiento Los Insurgentes s/n,"Zona Río Tijuana, Tercera Etapa",22226,664 634 34 46,http://www.eltrompo.org,,,info@eltrompo.org,https://www.facebook.com/eltrompo.tijuana/,https://x.com/trompoMuseo,,-116.93828,32.49527,5,1,http://sic.gob.mx/ficha.php?table=museo&table_id=1276,1730486556,Baja California,NA,2008-12,2008
1327,Museo de Historia de Tijuana,Historia,2010-11-27,Instituto Municipal de Arte y Cultura de Tijuana (IMAC),2,Baja California,4,Tijuana,1,Tijuana,Calle 2a. s/n esq. Constitución,Centro,22000,664 638 10 52,https://imac.tijuana.gob.mx/museo.aspx,,,museo.imactijuana@gmail.com,https://es-la.facebook.com/MUHTijuana/,,,-117.03876,32.53472,5,1,http://sic.gob.mx/ficha.php?table=museo&table_id=1327,1702378678,Baja California,NA,2010-11,2010
1917,Museo del Coleccionista de Tijuana,,2017-04-29,,2,Baja California,4,Tijuana,1,Tijuana,Hermenegildo Galeana 8186 (Calle 7ma),Centro,22000,664 685 99 26,https://mucoti.com.mx/,,,informes@mucoti.com.mx,https://www.facebook.com/mucotitj/,https://x.com/mucotijuana,https://www.instagram.com/mucoti,-117.03678,32.52967,0,0,http://sic.gob.mx/ficha.php?table=museo&table_id=1917,1730394235,Baja California,NA,2017-04,2017
934,Museo de sitio Wa-Kuatay,Historia,1995-05-20,Secretaría de Cultura/INAH,2,Baja California,5,Playas de Rosarito,1,Playas de Rosarito,Mar Adriático s/n,Centro,22710,"686 552 35 91, 686 552 35 92",,,,buzon.inah.bc@gmail.com; inahbajacalifornia@gmail.com,https://www.facebook.com/antropologiaehistoriabc,,,-117.05851,32.34188,8,0,http://sic.gob.mx/ficha.php?table=museo&table_id=934,1721160983,Baja California,NA,1995-05,1995
1510,Museo Juan Rodríguez Cabrillo,Ciencia y tecnología,2011-08-27,,2,Baja California,6,San Quintín,1,San Quintín,Bahía ballenas s/n,Col. Molino viejo,22950,616 165 60 58,,,,luisartrgz@live.com,https://www.facebook.com/S.QuintinBC/posts/2163603057285678/,,,-115.9774,30.48497,1,0,http://sic.gob.mx/ficha.php?table=museo&table_id=1510,1716832858,Baja California,NA,2011-08,2011
2409,Museo del Berrendo Peninsular y su entorno,,2022-11-05,Programa de recuperación del berrendo peninsular,2,Baja California,6,San Quintín,1,San Quintín,"Carretera Transpeninsular entre km 123 y 124 s/n, tramo Punta Prieta y Paralelo 28",,22970,612 1403 166,,,,berrendopeninsular@gmail.com,,,,-113.97913,28.03838,1,0,http://sic.gob.mx/ficha.php?table=museo&table_id=2409,1706540760,Baja California,NA,2022-11,2022
1825,Museo Casa Amarilla,,1995-06-15,Ayuntamiento de Comondú/Dirección de Arte y Cultura de Comondú,3,Baja California Sur,1,Comondú,1,Ciudad Constitución,Blvd. Agustín Olachea s/n entre Nicolás Bravo y Álvaro Obregón,Centro,23600,613 118 71 77,,,,arteyculturacomondu@outlook.es,,,,-111.67398,25.03316,6,1,http://sic.gob.mx/ficha.php?table=museo&table_id=1825,1709024973,Baja California Sur,NA,1995-06,1995
2298,Museo Comunitario de La Purísima,,2022-12-16,,3,Baja California Sur,1,Comondú,244,La Purísima,Calle Benito Juárez s/n,Centro,23820,,,,,contacto@comondu.gob.mx,,,,-112.07599,26.18538,0,0,http://sic.gob.mx/ficha.php?table=museo&table_id=2298,1672856109,Baja California Sur,NA,2022-12,2022
1070,Museo de Historia de la Minería,Ciencia y tecnología,1996-10-19,Ayuntamiento de Mulegé,3,Baja California Sur,2,Mulegé,1,Santa Rosalía,Jean Mitchell Cousteau 1 y Luis Pasteur,Col. Mesa Francia,23920,(615) 152 29 99,,,,hidalgocamachoguillermo@hotmail.com,,,,-112.26723,27.33885,-1,-1,http://sic.gob.mx/ficha.php?table=museo&table_id=1070,1539250728,Baja California Sur,NA,1996-10,1996
1696,Museo Regional de Mulegé,Arqueología,1993-01-01,Delegación Municipal de Pueblo Mulegé/Comité Pro Museo Comunitario de Mulegé,3,Baja California Sur,2,Mulegé,1,Santa Rosalía,Cananea s/n,Centro,23900,615 152 03 28 Dir.de Cultura,,,,ag_bean66@hotmail.com,,,,-111.98213,26.89194,-1,-1,http://sic.gob.mx/ficha.php?table=museo&table_id=1696,1699354158,Baja California Sur,NA,1993-01,1993
2394,"Museo Comunitario Sal, Arena y Mar (MUSAM)",,2023-06-10,Universidad Autónoma de Baja California Campus Guerrero Negro,3,Baja California Sur,2,Mulegé,66,Guerrero Negro,Emiliano Zapta 2811,Col. Marcelo Rubio Ruiz,23940,615 112 21 20,,,,hola@musam.mx,https://www.facebook.com/musam.mx/,,https://www.instagram.com/musam.mx,-114.05439,27.96194,0,0,http://sic.gob.mx/ficha.php?table=museo&table_id=2394,1689858711,Baja California Sur,NA,2023-06,2023
2082,Museo de sitio de la Zona Arqueológica de Sierra San Francisco,,NA,Secretaría de Cultura/INAH,3,Baja California Sur,2,Mulegé,149,San Ignacio,Camino a San Francisco de la Sierra,,23930,615 154 02 22,,,,sierrasanfrancisco@hotmail.com,,,,-112.89367,27.28159,0,0,http://sic.gob.mx/ficha.php?table=museo&table_id=2082,1702379318,Baja California Sur,NA,NA,NA
1073,Museo de las Pinturas Rupestres de San Ignacio,Arqueología,1994-11-01,Secretaría de Cultura/INAH,3,Baja California Sur,2,Mulegé,149,San Ignacio,Profr. Gilberto Valdivia Peña s/n,Col. San Ignacio,23930,615 154 02 22,https://culturabcs.gob.mx/recintos-bcs/mulege?page=3,,,keey__75@hotmail.com,,,,-112.89877,27.28334,1,-1,http://sic.gob.mx/ficha.php?table=museo&table_id=1073,1702379237,Baja California Sur,NA,1994-11,1994
1876,Museo de la Ballena y Ciencias del Mar,Ciencia y tecnología,2016-03-21,"Ciencias del Mar, A.C.",3,Baja California Sur,3,La Paz,1,La Paz,"Antonio Navarro 855, Unidad Cultural Prof. Jesús Castro Agúndez",Centro,23000,612 348 5238,http://www.museodelaballena.org/,,,museodelaballena@gmail.com,https://www.facebook.com/MuseoDeLaBallenaPage/,,https://www.instagram.com/museodelaballena,-110.31721,24.14852,6,0,http://sic.gob.mx/ficha.php?table=museo&table_id=1876,1702379082,Baja California Sur,NA,2016-03,2016
936,Museo Regional de Antropología e Historia de Baja California Sur,Arqueología,1981-03-30,Secretaría de Cultura/INAH,3,Baja California Sur,3,La Paz,1,La Paz,Av. Ignacio Manuel Altamirano s/n  esq. 5 de Mayo y Constitución,Centro,23000,612 122 01 62,,,,museorahbcs@gmail.com,https://www.facebook.com/museoregionalbcs/,,,-110.30881,24.15956,4,1,http://sic.gob.mx/ficha.php?table=museo&table_id=936,1736536718,Baja California Sur,NA,1981-03,1981
2183,Museo de Arte de Baja California Sur,,2020-11-12,Gobierno del Estado,3,Baja California Sur,3,La Paz,1,La Paz,Calle 5 de Mayo s/n,Col. Centro,23000,612 122 41 76,,,,redesmuabcs@gmail.com; gabrielavaladez.muabcs@bcs.gob.mx,https://www.facebook.com/museodeartebcs/,,,-110.30738,24.15836,3,2,http://sic.gob.mx/ficha.php?table=museo&table_id=2183,1646916135,Baja California Sur,NA,2020-11,2020
560,Museo de Historia Regional de Todos Santos,Historia,1978-10-06,Centro Cultural Profr. Néstor Agúndez Martínez/Ayuntamiento de La Paz,3,Baja California Sur,3,La Paz,3,Todos Santos,Benito Juárez s/n,Centro,23300,612 145 0659,,,,culturaenlapaz@hotmail.com,,,,-110.22327,23.45098,5,1,http://sic.gob.mx/ficha.php?table=museo&table_id=560,1737145567,Baja California Sur,NA,1978-10,1978
2295,Museo del Vaquero de Las Californias (MuVaCa),,2022-11-05,"Fundación ALUMBRA / Ándale La Paz, AC",3,Baja California Sur,3,La Paz,911,El Triunfo,Ayuntamiento (entre Gral. Márquez de León y Minero Núm. 1),,23210,612 218 81 78,https://www.muvaca.com/,,,info@muvaca.com,https://www.facebook.com/MuseoMuVaCa,,,-110.1085,23.80294,3,1,http://sic.gob.mx/ficha.php?table=museo&table_id=2295,1702379554,Baja California Sur,NA,2022-11,2022
1270,Museo de la Música de El Triunfo,Historia,2003-12-12,Instituto Sudcaliforniano de Cultura,3,Baja California Sur,3,La Paz,911,El Triunfo,Hidalgo esq. Carr. al Sur,Centro,23210,612 127 23 99,https://culturabcs.gob.mx/recinto/28,,,,https://www.facebook.com/pages/El-Triunfo-Baja-California-Sur-Museo-De-La-Musica/485409631573320,,,-110.10845,23.8037,-1,-1,http://sic.gob.mx/ficha.php?table=museo&table_id=1270,1671552432,Baja California Sur,NA,2003-12,2003
2296,Museo Ruta de Plata Centro Regional Interpretativo,,2019-11-20,"Fundación ALUMBRA / Ándale La Paz, AC",3,Baja California Sur,3,La Paz,911,El Triunfo,Ayuntamiento (entre Progreso y Márquez de León),Centro,23210,612 229 55 87,https://www.museorutadeplata.com/,,,info@museorutadeplata.com,https://www.facebook.com/museorutadeplata/,,,-110.10889,23.80208,0,0,http://sic.gob.mx/ficha.php?table=museo&table_id=2296,1671197692,Baja California Sur,NA,2019-11,2019
1128,Museo de Historia Natural de Cabo San Lucas,Ciencia y tecnología,2006-10-09,Ayuntamiento de Los Cabos,3,Baja California Sur,8,Los Cabos,54,Cabo San Lucas,"Calle Lázaro Cárdenas s/n, Plaza Amelia Wilkes",Centro,23410,624 105 08 15,,,,museodehistoriacsl@gmail.com; museohist@outlook.com,https://www.facebook.com/Museo-De-Historia-Natural-De-Cabo-San-Lucas-644571432386258/,,,-109.91464,22.8829,7,1,http://sic.gob.mx/ficha.php?table=museo&table_id=1128,1732298040,Baja California Sur,NA,2006-10,2006
1072,Museo de las Misiones Jesuitas en Baja California,Historia,1973-12-01,Secretaría de Cultura/INAH,3,Baja California Sur,9,Loreto,1,Loreto,Salvatierra Misioneros 16,Centro,23880,613 135 04 41,,,https://lugares.inah.gob.mx/lugar-361-es,joaquin_munoz@inah.gob.mx,,,,-111.34366,26.01025,7,1,http://sic.gob.mx/ficha.php?table=museo&table_id=1072,1697632865,Baja California Sur,NA,1973-12,1973
2395,Museo de la Casa de Piedra,,2023-04-01,,3,Baja California Sur,9,Loreto,1,Loreto,Francisco I Madero 8,Centro Histórico,23880,,,,,,https://www.facebook.com/profile.php?id=100091127150741,,,-111.34197,26.00934,0,0,http://sic.gob.mx/ficha.php?table=museo&table_id=2395,1695824611,Baja California Sur,NA,2023-04,2023
2150,Museo comunitario de Bécal,,2011-10-08,,4,Campeche,1,Calkiní,4,Bécal,"Calle 30 s/n, frente a la glorieta de la artesana",Col. Pablo García,24930,996 102 8574,http://www.museodebecal.com,https://www.facebook.com/museodebecal,,museodebecal@gmail.com; jorgejagongora@gmail.com; borrayoaxa@gmail.com,https://www.facebook.com/museodebecal/,https://x.com/museodebecal,,-90.0273,20.4356,6,0,http://sic.gob.mx/ficha.php?table=museo&table_id=2150,1698227187,Campeche,NA,2011-10,2011
1601,Casa de la Tecnología de Campeche DGETI SECUD,Ciencia y tecnología,1995-02-15,"Secretaría de Educación, Cultura y Deporte de Campeche",4,Campeche,2,Campeche,1,San Francisco de Campeche,"Av. Casa de Justicia 12, PB",Col. Fracciorama 2000,24090,(981) 813 21 43,,http://www.somedicyt.org.mx/congreso_2003/Memorias/descargas_pdf/educacion_no_formal/descarga_ojeda_macossay.pdf,,casa_tec_campeche@hotmail.com,,,,-90.53054,19.82404,4,-1,http://sic.gob.mx/ficha.php?table=museo&table_id=1601,1526668339,Campeche,NA,1995-02,1995
1962,Museo del Centro Cultural Casa 6,Historia,2000-05-01,Secretaría de Turismo de Campeche,4,Campeche,2,Campeche,1,San Francisco de Campeche,Calle 57 núm. 6 entre 8 y 10,Centro,24000,981 127 3300,https://www.mexicoescultura.com/recinto/56982/centro-cultural-casa-6.html,,,emilio.vazquez@campeche.gob.mx,,,,-90.53737,19.84561,0,0,http://sic.gob.mx/ficha.php?table=museo&table_id=1962,1738883807,Campeche,NA,2000-05,2000
540,"Museo de la Ciudad, Baluarte de San Carlos",Historia,1989-01-01,Ayuntamiento de Campeche,4,Campeche,2,Campeche,1,San Francisco de Campeche,Calle 8 s/n,Centro,24000,981 811 39 90,,https://turismocampeche.com/folio/baluarte-de-san-carlos/,https://mediateca.inah.gob.mx/repositorio/islandora/object/mapa%3A1350,detc@gmail.com,,,,-90.54065,19.84458,4,0,http://sic.gob.mx/ficha.php?table=museo&table_id=540,1665566093,Campeche,NA,1989-01,1989
2009,Museo de Arqueología Subacuática Fuerte de San José El Alto,,2017-12-07,Secretaría de Cultura/INAH,4,Campeche,2,Campeche,1,San Francisco de Campeche,Calle 5 por Av. Francisco Morazán s/n,Col. San José El Alto,24026,981 816 91 36 ext. 138036,,,https://lugares.inah.gob.mx/lugar-114-es,museos.camp@inah.gob.mx,https://www.facebook.com/CentroINAHCampeche,https://x.com/INAHCampeche,,-90.51048,19.86056,6,0,http://sic.gob.mx/ficha.php?table=museo&table_id=2009,1702380833,Campeche,NA,2017-12,2017
1778,Museo El Palacio Centro Cultural,Historia,2015-03-17,Centro Cultural El Palacio/Secretaría de Cultura de Campeche,4,Campeche,2,Campeche,1,San Francisco de Campeche,Calle 8 núm. 257,Centro,24000,981 811 03 66,,,,museoelpalaciocc@gmail.com,https://www.facebook.com/museoelpalaciocc/,,,-90.53747,19.84615,3,0,http://sic.gob.mx/ficha.php?table=museo&table_id=1778,1662382470,Campeche,NA,2015-03,2015
1760,Museo Universitario de la Vida,Ciencia y tecnología,2014-12-18,Universidad Autónoma de Campeche,4,Campeche,2,Campeche,1,San Francisco de Campeche,Av. Lázaro Cárdenas 65,Fracc. Bugambilias,24090,981 811 98 00 ext. 1050610,https://muvi.uacam.mx/,,,muvi@uacam.mx,https://www.facebook.com/MUVIUAC,https://x.com/muvi_uac,,-90.52628,19.82849,6,0,http://sic.gob.mx/ficha.php?table=museo&table_id=1760,1665565252,Campeche,NA,2014-12,2014
1749,Museo Baluarte de Santa Rosa,Arte,1997-01-01,Ayuntamiento de Campeche/Dirección de Cultura/Coordinación de Patrimonio,4,Campeche,2,Campeche,1,San Francisco de Campeche,"Cto. Baluartes, Calle 67 s/n",Barrio San Román,24000,(981) 816 64 35,,http://www.campeche.travel/baluarte-de-santa-rosa/,,campecheamg@gmail.com,,,,-90.54046,19.84156,1,0,http://sic.gob.mx/ficha.php?table=museo&table_id=1749,1719237988,Campeche,NA,1997-01,1997
739,Museo de Arqueología Maya. Fuerte de San Miguel,Arqueología,1965-10-01,Secretaría de Cultura/INAH,4,Campeche,2,Campeche,1,San Francisco de Campeche,"Av. Escénica s/n, Carr. Campeche-Lerma",,24039,981 816 9136,,,https://lugares.inah.gob.mx/lugar-111-es,museos.camp@inah.gob.mx; iliana_pozos@inah.gob.mx,,,,-90.56847,19.82467,10,0,http://sic.gob.mx/ficha.php?table=museo&table_id=739,1702380754,Campeche,NA,1965-10,1965
126,Museo de Arquitectura Maya Baluarte de Nuestra Señora de la Soledad,Arqueología,1958-01-01,Secretaría de Cultura/INAH,4,Campeche,2,Campeche,1,San Francisco de Campeche,Calle 8 s/n entre 57 y 59,Centro,24000,981 816 91 36,,https://lugares.inah.gob.mx/lugar-112-es,,museos.camp@inah.gob.mx,,,,-90.53787,19.84639,5,1,http://sic.gob.mx/ficha.php?table=museo&table_id=126,1702380916,Campeche,NA,1958-01,1958
2039,Museo del Archivo General del Estado de Campeche,,2007-08-07,Secretaría de Gobierno de Campeche,4,Campeche,2,Campeche,1,San Francisco de Campeche,Calle 12 núm. 159,Centro,24000,981 816 09 39,,,,archivo.general@campeche.gob.mx,https://www.facebook.com/people/Archivo-General-del-Estado-de-Campeche/100063566268133/,,,-90.53696,19.84435,3,0,http://sic.gob.mx/ficha.php?table=museo&table_id=2039,1702381086,Campeche,NA,2007-08,2007
1814,Museo de Arte Sacro (Capilla de Jesús de Nazareno),Arte,2002-01-01,Catedral de Nuestra Señora de la Purísima Concepción,4,Campeche,2,Campeche,1,San Francisco de Campeche,Calle 55 entre 10 y 8,Centro,24000,(981) 816 31 44,,,,hola@TurismoCampeche.com,,,,-90.53631,19.84615,1,0,http://sic.gob.mx/ficha.php?table=museo&table_id=1814,1610704261,Campeche,NA,2002-01,2002
2442,Museo de Sitio Edzná (MUSED),,2024-06-28,Secretaría de Cultura/INAH,4,Campeche,2,Campeche,995,Edzná [Destiladora],"Carr. Federal Campeche-Edzná, KM. 55 (localizado en el entronque con el Km 45 de la Carr. Núm. 188)",,NA,"981 816 91 11, 981 816 81 79 ext. 138017",https://www.inah.gob.mx/red-de-museos,,,candelaria_duarte@inah.gob.mx; direccion.camp@inah.gob.mx,https://www.facebook.com/CentroINAHCampeche,,,-90.23047,19.59726,0,0,http://sic.gob.mx/ficha.php?table=museo&table_id=2442,1719878221,Campeche,NA,2024-06,2024
1408,Museo Victoriano Niévez Céspedes,Arqueología,1998-07-16,Ayuntamiento de Ciudad del Carmen,4,Campeche,3,Carmen,1,Ciudad del Carmen,Calle 22 x 41 y 41 B,Centro,24100,938 382 13 87,,,,,https://www.facebook.com/profile.php?id=100076442990800,,,-91.83906,18.64252,1,0,http://sic.gob.mx/ficha.php?table=museo&table_id=1408,1702381744,Campeche,NA,1998-07,1998
1918,Guanal Museo Universitario de Ciencias y Artes,,2016-06-14,Universidad Autónoma del Carmen/Secretaría de Cultura de Campeche,4,Campeche,3,Carmen,1,Ciudad del Carmen,Calle 20 B núm.  88,Col. Guanal,24139,938 381 10 18,,,,gumuca.unacar@outlook.com,https://www.facebook.com/museoguanal/?locale=es_LA,https://x.com/GuanalMuseo,,-91.83227,18.63303,8,0,http://sic.gob.mx/ficha.php?table=museo&table_id=1918,1684236412,Campeche,NA,2016-06,2016
2430,Museo de Champotón,,2021-03-27,Ayuntamiento de Champotón,4,Campeche,4,Champotón,1,Champotón,Calle 32 Núm. 366,Centro,24400,982 82 8 06 93,,,,presidencia@champoton.com.mx,,,,-90.72361,19.35661,0,0,http://sic.gob.mx/ficha.php?table=museo&table_id=2430,1713913168,Campeche,NA,2021-03,2021
595,Museo de Arqueología Maya del Camino Real de Hecelchakán MAH,Arqueología,1965-08-16,Secretaría de Cultura/INAH,4,Campeche,5,Hecelchakán,1,Hecelchakán,Calle 18 y 20 s/n,Barrio de la Conquista,24800,981 816 9136,,,https://lugares.inah.gob.mx/lugar-113-es,museos.camp@inah.gob.mx; iliana_pozos@inah.gob.mx,,,,-90.13302,20.1781,4,0,http://sic.gob.mx/ficha.php?table=museo&table_id=595,1703160539,Campeche,NA,1965-08,1965
2204,Museo de Palizada,,2021-08-05,Ayuntamiento de Palizada,4,Campeche,7,Palizada,1,Palizada,Av. Miguel Hidalgo 18 esq. Altamirano y Ocampo,Centro,24200,,,,,museodepalizada@gmail.com,https://www.facebook.com/museodepalizada/,https://x.com/museodepalizada,https://www.instagram.com/museodepalizada,-92.09108,18.25358,6,0,http://sic.gob.mx/ficha.php?table=museo&table_id=2204,1686222615,Campeche,NA,2021-08,2021
2249,Sala Introductoria a la Zona Arqueológica de Calakmul,,NA,Secretaría de Cultura/INAH,4,Campeche,10,Calakmul,1,Xpujil,Camino a la reserva de la biósfera de Calakmul km 60,,24477,981 816 81 79,,,,candelaria_duarte@inah.gob.mx; direccion.camp@inah.gob.mx,,,,-89.80216,18.11173,0,0,http://sic.gob.mx/ficha.php?table=museo&table_id=2249,1697533927,Campeche,NA,NA,NA
2410,Museo del Antiguo Cuartel Militar de Acuña,,2023-05-05,Ayuntamiento de Acuña,5,Coahuila de Zaragoza,2,Acuña,1,Ciudad Acuña,Pino Suárez 1,Col. 28 de Junio,26350,877 100 65 93,,,,,https://www.facebook.com/p/Museo-del-Antiguo-Cuartel-Militar-Ciudad-Acu%C3%B1a-100083939993986/?locale=es_LA,https://x.com/MuseodeAcuna,,-100.94468,29.3232,0,0,http://sic.gob.mx/ficha.php?table=museo&table_id=2410,1706539442,Coahuila,NA,2023-05,2023
1305,Museo José Ángel Villarreal,Historia,1993-10-06,Ayuntamiento de Acuña,5,Coahuila de Zaragoza,2,Acuña,1,Ciudad Acuña,Blvd. Adolfo López Mateos s/n,Col. Benito Juárez,26230,877 773 30 29,,,,direcciondearteyculturaacuna@gmail.com,,,,-100.94063,29.33027,1,0,http://sic.gob.mx/ficha.php?table=museo&table_id=1305,1713478609,Coahuila,NA,1993-10,1993
1838,Museo Cultural de Arteaga,Historia,2004-03-23,Ayuntamiento de Arteaga/Centro Cultural Coronel Lucio Dávila Rumayor,5,Coahuila de Zaragoza,4,Arteaga,1,Arteaga,Miguel Hidalgo y Costilla 6 Poniente Norte,Col. Jardín,22350,"(844) 483 00 82, 483 00 33 ext. 127",,,,culturadearteaga@hotmail.com; museoculturaldearteaga@live.com.mx,,,,-100.85008,25.45051,1,0,http://sic.gob.mx/ficha.php?table=museo&table_id=1838,1539960774,Coahuila,NA,2004-03,2004
1457,Museo de las Momias de San Antonio de las Alazanas,Antropología,2010-10-31,Secretaría de Cultura de Coahuila,5,Coahuila de Zaragoza,4,Arteaga,107,San Antonio de las Alazanas,Othón Figueroa s/n,,25370,(844) 483 95 72,,,,turismo_arteaga@hotmail.com,,,,-100.54934,25.25713,4,0,http://sic.gob.mx/ficha.php?table=museo&table_id=1457,1537877443,Coahuila,NA,2010-10,2010
1832,Museo Ejido San Juan de Boquillas,TND,NA,,5,Coahuila de Zaragoza,7,Cuatro Ciénegas,1,Cuatro Ciénegas de Carranza,"Carretera Cuatro Ciénegas - Monclova, Km. 15",Ejido San Juan de Boquillas,27650,(869) 696 12 24,,,,,,,,0,0,0,0,http://sic.gob.mx/ficha.php?table=museo&table_id=1832,1489173651,Coahuila,NA,NA,NA
1884,Museo de la Casa de la Cultura de Cuatro Ciénegas,,1994-10-05,"Casa de la Cultura Cuatro Ciénegas, A.C.",5,Coahuila de Zaragoza,7,Cuatro Ciénegas,1,Cuatro Ciénegas de Carranza,Hidalgo 401 Pte.,Zona Centro,27640,869 696 17 17,,,,cotibaca@hotmail.com,https://www.facebook.com/casadelacultura.cuatrocienegas,,,-102.06953,26.98558,9,2,http://sic.gob.mx/ficha.php?table=museo&table_id=1884,1729882539,Coahuila,NA,1994-10,1994
96,Museo Casa Venustiano Carranza,Historia,1959-12-29,Secretaría de Cultura de Coahuila,5,Coahuila de Zaragoza,7,Cuatro Ciénegas,1,Cuatro Ciénegas de Carranza,Pte. Carranza Nte. 105,Centro,27640,869 696 13 75,,,,museovczac.cienega@hotmail.com,,,,-102.06703,26.98727,11,-1,http://sic.gob.mx/ficha.php?table=museo&table_id=96,1684931240,Coahuila,NA,1959-12,1959
2362,Génesis 4C Museo Vivo & Laboratorio,,2023-04-06,"Laboratorio Genesis 4C, Cuatro Ciénegas, Coahuila",5,Coahuila de Zaragoza,7,Cuatro Ciénegas,1,Cuatro Ciénegas de Carranza,Miguel Hidalgo 200,Centro,27640,866 175 25 35,https://genesis4c.mx/,,,informes@genesis4c.mx; social@genesis4c.mx; harocha@genesis4c.mx,https://www.facebook.com/genesismuseovivo/,,https://www.instagram.com/genesis4c,-102.06513,26.98699,0,0,http://sic.gob.mx/ficha.php?table=museo&table_id=2362,1684347726,Coahuila,NA,2023-04,2023
951,Museo Comunitario Casa de la Cultura,Arqueología,1987-09-01,Municipio de Francisco I. Madero,5,Coahuila de Zaragoza,9,Francisco I. Madero,1,Francisco I. Madero (Chávez),Vicente Guerrero s/n,Col. Benito Juárez,27900,(872) 773 02 92,,,,casadelacultura.madero@hotmail.com,,,,-103.27063,25.767,1,0,http://sic.gob.mx/ficha.php?table=museo&table_id=951,1493225227,Coahuila,NA,1987-09,1987
1630,Museo de Historia Atlahuaco,Historia,2003-03-23,Particular,5,Coahuila de Zaragoza,11,General Cepeda,1,General Cepeda,De la Fuente esq. Benito Juárez,Centro,25950,842 425 03 25,,,,atlahuacomuseo@gmail.com,https://es-la.facebook.com/atlahuacomuseo/,,,-101.47681,25.37863,-1,-1,http://sic.gob.mx/ficha.php?table=museo&table_id=1630,1646658849,Coahuila,NA,2003-03,2003
2306,Museo Laboratorio Paleontológico de General Cepeda,,NA,Ayuntamiento de General Cepeda,5,Coahuila de Zaragoza,11,General Cepeda,1,General Cepeda,Juan Antonio de la Fuente 207,,25950,842 425 04 82,,,,turismo@generalcepeda.gob.mx,,,,-101.47943,25.37945,0,0,http://sic.gob.mx/ficha.php?table=museo&table_id=2306,1674219147,Coahuila,NA,NA,NA
85,Museo Paleontológico,Ciencia y tecnología,1994-11-25,Ayuntamiento de Rincón Colorado,5,Coahuila de Zaragoza,11,General Cepeda,58,Rincón Colorado,Km.43.5 de la Carr. Saltillo-Torreón,,25950,,,,,,,,,-101.3268,25.51547,-1,-1,http://sic.gob.mx/ficha.php?table=museo&table_id=85,1674064257,Coahuila,NA,1994-11,1994
1686,Museo Emilio Indio Fernández,Historia,2005-04-20,Ayuntamiento de Juárez/Dirección de Cultura,5,Coahuila de Zaragoza,15,Juárez,1,Juárez,Benito Juárez s/n,Centro,25400,861 109 83 44,,,,carlalopezbernal@gmail.com,,,,-100.7276,27.60635,1,0,http://sic.gob.mx/ficha.php?table=museo&table_id=1686,1712167166,Coahuila,NA,2005-04,2005
960,Museo Municipal Gral. Jesús González Herrera,Arqueología,1993-01-01,Ayuntamiento de Matamoros,5,Coahuila de Zaragoza,17,Matamoros,1,Matamoros,Pabellón 10,Centro,27446,871 749 10 13,,https://es-la.facebook.com/MuseoMunicipalGral.JesusGlzHerrera,,museomatamoros@gmail.com,,,,-103.22983,25.52936,5,0,http://sic.gob.mx/ficha.php?table=museo&table_id=960,1695305575,Coahuila,NA,1993-01,1993
470,Museo Coahuila y Texas,Historia,1993-05-04,"Secretaría de Cultura de Coahuila, Ayuntamiento de Monclova/Dirección de Arte y Cultura",5,Coahuila de Zaragoza,18,Monclova,1,Monclova,Ermita s/n,Col. El Pueblo,25700,866  633 46 92,,,,coahuilaytexas.admon@gmail.com,,https://x.com/MCoahyTex,,-101.4154,26.90714,6,2,http://sic.gob.mx/ficha.php?table=museo&table_id=470,1736451331,Coahuila,NA,1993-05,1993
898,Museo Biblioteca Harold R. Pape,Arte,1977-08-14,"Campo San Antonio Fundación Pape, A.C.",5,Coahuila de Zaragoza,18,Monclova,1,Monclova,Blvd. Harold R. Pape 505 Sur,Col. Guadalupe,25750,866 631 04 04,http://www.bibliotecapape.org/,,,bibliotecapape@mbp.org.mx,https://www.facebook.com/bibliopape,,,-101.42872,26.90031,2,1,http://sic.gob.mx/ficha.php?table=museo&table_id=898,1684930728,Coahuila,NA,1977-08,1977
68,Museo de Armas y Aspectos Históricos Polvorín,Historia,1977-08-12,Ayuntamiento de Monclova/Dirección de Arte y Cultura de Monclova,5,Coahuila de Zaragoza,18,Monclova,1,Monclova,Ocampo s/n,Centro,25700,866 633 17 45,,,,museo_elpolvorin@hotmail.com; coahuilaytexas.admon@gmail.com,https://www.facebook.com/people/Museo-el-Polvor%C3%ADn/100047377721431/,,,-101.41869,26.89465,6,1,http://sic.gob.mx/ficha.php?table=museo&table_id=68,1736451347,Coahuila,NA,1977-08,1977
1840,Museo de Paleontología de Múzquiz,Ciencia y tecnología,NA,Ayuntamiento de Múzquiz,5,Coahuila de Zaragoza,20,Múzquiz,1,Ciudad Melchor Múzquiz,Adolfo E. Romo s/n,La Cascada,26340,864  616 48 00,,,,,https://www.facebook.com/museodepaleontologiamuzquiz/?locale=es_LA,,,-101.52832,27.86315,0,0,http://sic.gob.mx/ficha.php?table=museo&table_id=1840,1682420186,Coahuila,NA,NA,NA
1906,Museo Quinta Julio Galán Romo,Arte,2016-12-19,"Amigos de la Cultura de Múzquiz, A.C.",5,Coahuila de Zaragoza,20,Múzquiz,1,Ciudad Melchor Múzquiz,Adolfo E. Romo 1422 Pte.,La Cascada,26340,864  616 65 22,,,,amigosdelaculturademuzquiz@gmail.com,https://www.facebook.com/294222901223950/posts/746786582634244/,,,-101.52465,27.86779,11,1,http://sic.gob.mx/ficha.php?table=museo&table_id=1906,1682420325,Coahuila,NA,2016-12,2016
57,Museo Histórico de Múzquiz,Historia,1984-11-20,Ayuntamiento de Múzquiz,5,Coahuila de Zaragoza,20,Múzquiz,1,Ciudad Melchor Múzquiz,Hidalgo 205,Centro,26340,861 616 69 68,,,,museomuzquiz@hotmail.com,https://www.facebook.com/people/Museo-Historico-de-M%C3%BAzquiz/100057312794912/,,,-101.51498,27.87655,-1,-1,http://sic.gob.mx/ficha.php?table=museo&table_id=57,1682419239,Coahuila,NA,1984-11,1984
1882,Museo de Ganadería,,NA,Ayuntamiento de Múzquiz,5,Coahuila de Zaragoza,20,Múzquiz,1,Ciudad Melchor Múzquiz,Oasis LB,Col. Infonavit,26342,864 116 39 23,https://escapadas.mexicodesconocido.com.mx/atractivos/museo-de-la-ganaderia/,,,,,,,-101.49795,27.8771,0,0,http://sic.gob.mx/ficha.php?table=museo&table_id=1882,1709819783,Coahuila,NA,NA,NA
2140,Museo Cultural de Nadadores Dr. Américo de la Cruz,,2016-12-12,Sistema Estatal de Museos de Coahuila,5,Coahuila de Zaragoza,21,Nadadores,1,Nadadores,Vicente Guerrero 129 esq. Manuel Acuña,Centro,27550,"(866) 638 38 11, 732 44 76",https://www.facebook.com/museoculturaldenadadores/,,,americo_de_lacruz@yahoo.com.mx; jvillarrealc@hotmail.com,,,,-101.59111,27.02608,7,1,http://sic.gob.mx/ficha.php?table=museo&table_id=2140,1626258543,Coahuila,NA,2016-12,2016
1702,Museo de Ocampo,Historia,1997-06-22,Municipio de Ocampo,5,Coahuila de Zaragoza,23,Ocampo,1,Ocampo,Zaragoza s/n,Centro,27500,869 695 00 80,,,,ram_saldana@hotmail.com,,,,-102.39673,27.31351,4,0,http://sic.gob.mx/ficha.php?table=museo&table_id=1702,1618925593,Coahuila,NA,1997-06,1997
1822,Museo del Vino. Casa Madero,Especializado,1970-01-01,"Casa Madero, S.A. de C.V.",5,Coahuila de Zaragoza,24,Parras,1,Parras de la Fuente,Carretera Paila-Parras km. 18.5,Hacieda San Lorenzo,27980,(842) 422 0100 ext. 108,,,,tienda@madero.com.mx,,,,0,0,0,0,http://sic.gob.mx/ficha.php?table=museo&table_id=1822,1529603880,Coahuila,NA,1970-01,1970
2065,Museo del Centro Cultural Nancy Cárdenas,,1903-01-01,Secretaría de Cultura del Estado de Coahuila,5,Coahuila de Zaragoza,24,Parras,1,Parras de la Fuente,Allende 202 Pte.,Centro,27980,(842) 422 24 67,https://coahuila.gob.mx/#,,,segurateniente@hotmail.com,,,,-102.18313,25.44049,3,2,http://sic.gob.mx/ficha.php?table=museo&table_id=2065,1542714305,Coahuila,NA,1903-01,1903
1836,Museo de la Frontera Norte,Historia,2016-06-20,Ayuntamiento de Piedras Negras,5,Coahuila de Zaragoza,25,Piedras Negras,1,Piedras Negras,Abasolo 508,Centro,26000,(878) 782 83 60,,https://www.facebook.com/museofronteranorte/?fref=ts,,mfronteranorte@gmail.com,,https://x.com/MFronteraNorte,,-100.51452,28.70627,2,0,http://sic.gob.mx/ficha.php?table=museo&table_id=1836,1537872566,Coahuila,NA,2016-06,2016
1837,Museo del Niño El Chapulín,TND,2015-09-01,Gobierno Municipal,5,Coahuila de Zaragoza,25,Piedras Negras,1,Piedras Negras,Zaragoza s/n,Centro,26000,878 108 7936,,,,,,https://x.com/MuseoChapulin,,-100.51377,28.70482,0,0,http://sic.gob.mx/ficha.php?table=museo&table_id=1837,1684937684,Coahuila,NA,2015-09,2015
1881,Museo de Historia de Ramos Arizpe,,NA,Ayuntamiento de Ramos Arizpe/Dirección de Cultura,5,Coahuila de Zaragoza,27,Ramos Arizpe,1,Ramos Arizpe,Gral. Charles s/n esq. Allende,Centro,56050,844 113 67 60,,,,aaron-lopez@hotmail.com; pamemfv30@outlook.es,,,,-100.95078,25.54323,0,0,http://sic.gob.mx/ficha.php?table=museo&table_id=1881,1695723025,Coahuila,NA,NA,NA
1685,Museo de Francisco Villa,Historia,2010-11-12,Secretaría de Cultura de Coahuila,5,Coahuila de Zaragoza,28,Sabinas,1,Sabinas,Emilio Carranza esq. Gómez Farías,Centro,26700,861 612 91 34,,,,cultura_sabinas@hotmail.com,,,,-101.11845,27.84927,7,-1,http://sic.gob.mx/ficha.php?table=museo&table_id=1685,1682421599,Coahuila,NA,2010-11,2010
1703,Museo Nacional del Carbón,Ciencia y tecnología,1985-01-01,"Patronato del Museo Nacional del Carbón, A.C.",5,Coahuila de Zaragoza,28,Sabinas,1,Sabinas,Blvd. Doctor José Armando Dávila Moncada s/n,Centro,26700,861 613 41 43,https://www.facebook.com/pages/Museo-Nacional-del-Carb%C3%B3n/1464347150464643,https://www.mexicoescultura.com/recinto/68080/museo-nacional-del-carbon.html#prettyPhoto,,museodelcarbonagujita@gmail.com,,,,-101.16114,27.89608,-1,-1,http://sic.gob.mx/ficha.php?table=museo&table_id=1703,1682686607,Coahuila,NA,1985-01,1985
890,Museo Rubén Herrera,Arte,2002-04-05,Gobierno Municipal de Saltillo,5,Coahuila de Zaragoza,30,Saltillo,1,Saltillo,General Victoriano Cepeda 105,Centro,25000,(844) 420 98 23,,,,ciudadmagdala@gmail.com; m.rubenherrera@gmail.com,,,,-100.99802,25.42059,6,1,http://sic.gob.mx/ficha.php?table=museo&table_id=890,1533295372,Coahuila,NA,2002-04,2002
1423,Museo del Sarape y Trajes Mexicanos,Arte,2008-06-23,Secretaría de Cultura de Coahuila,5,Coahuila de Zaragoza,30,Saltillo,1,Saltillo,Ignacio Allende Sur 160,Centro,25000,844 481 69 00,,,,museodelsarapeytrajesmexicanos@gmail.com,https://es-la.facebook.com/people/Museo-del-Sarape-y-Trajes-Mexicanos/100057154253827/,,https://www.instagram.com/museodelsarapeytrajesmexicanos,-101.00172,25.42099,3,1,http://sic.gob.mx/ficha.php?table=museo&table_id=1423,1698751546,Coahuila,NA,2008-06,2008
1466,Museo de la Revolución Mexicana,Historia,2010-10-25,Secretaría de Cultura de Coahuila,5,Coahuila de Zaragoza,30,Saltillo,1,Saltillo,Hidalgo Sur 167,Centro,25000,(844) 410 47 94,,,,patrimoniocultural2013@hotmail.com,https://www.facebook.com/museo.mexicana/,,,-101.00053,25.42039,3,-1,http://sic.gob.mx/ficha.php?table=museo&table_id=1466,1574248817,Coahuila,NA,2010-10,2010
954,Museo de Historia Natural Profr. Rafael Bernardo Narro Rodriguez,Ciencia y tecnología,1867-10-25,Universidad Autónoma de Coahuila/Ateneo Fuente,5,Coahuila de Zaragoza,30,Saltillo,1,Saltillo,Blvd. Venustiano Carranza s/n esq. Av. Universidad,Col. República Ote.,25280,844 415 75 72 ext. 112,,,,direccion.ateneo@uadec.edu.mx,https://www.facebook.com/AteneoFuenteOficial,,,-100.99131,25.44041,-1,-1,http://sic.gob.mx/ficha.php?table=museo&table_id=954,1719535285,Coahuila,NA,1867-10,1867
1643,Museo de Paleontología de la Benemérita Escuela Normal de Coahuila,Ciencia y tecnología,1909-02-01,Gobierno del Estado de Coahuila/Sistema Estatal de Información Educativa,5,Coahuila de Zaragoza,30,Saltillo,1,Saltillo,Calz. de los Maestros 858,Centro Histórico,25000,(844) 412 82 73,http://www.benc.sepc.edu.mx/museos/index_museos_benc.html,,,museosbenc@gmail.com,,,,-101.00824,25.42714,1,0,http://sic.gob.mx/ficha.php?table=museo&table_id=1643,1551970363,Coahuila,NA,1909-02,1909
1632,Museo de los Presidentes Coahuilenses,Historia,2010-10-28,Gobierno del Estado de Coahuila,5,Coahuila de Zaragoza,30,Saltillo,1,Saltillo,Nicolás Bravo Sur 264  esq. Juan Antonio de la Fuente,Centro Histórico,25000,844 410 72 51,http://www.museopresidentes.mx,,,visitasguiadas@museopresidentes.org.mx,https://www.facebook.com/MuseoPresidentesCoah/,https://x.com/MuseoPresidente,,-100.99991,25.41985,5,0,http://sic.gob.mx/ficha.php?table=museo&table_id=1632,1732824532,Coahuila,NA,2010-10,2010
896,Museo del Desierto,Ciencia y tecnología,1999-11-25,"Amigos del Desierto de Coahuila, A.C.",5,Coahuila de Zaragoza,30,Saltillo,1,Saltillo,Carlos Abedrop Dávila 3745,"Parque las Maravillas, Centro Metropolitano",25022,844 986 9000,http://www.museodeldesierto.org,,,contacto@museodeldesierto.org,https://www.facebook.com/museodeldesierto,https://x.com/museodeldesiert,,-100.96367,25.41365,6,2,http://sic.gob.mx/ficha.php?table=museo&table_id=896,1706792011,Coahuila,NA,1999-11,1999
1424,Museo del Normalismo,Historia,2008-05-03,Secretaría de Cultura de Coahuila,5,Coahuila de Zaragoza,30,Saltillo,1,Saltillo,Paseo de los Maestros 836,Centro,25000,(844) 481 68 90,,https://es-la.facebook.com/museo.delnormalismo/,,museodelnormalismo@hotmail.com,,,,-101.0074,25.4266,-1,-1,http://sic.gob.mx/ficha.php?table=museo&table_id=1424,1555929997,Coahuila,NA,2008-05,2008
894,Museo de las Aves de México,Ciencia y tecnología,1993-11-15,,5,Coahuila de Zaragoza,30,Saltillo,1,Saltillo,Miguel Hidalgo 151,Centro,25000,844 414 01 67,https://musave.org/,,,informes@museodelasaves.org; audiovisualmusave@gmail.com,https://www.facebook.com/museodelasavesdemexico/timeline,,,-101.00249,25.41646,5,1,http://sic.gob.mx/ficha.php?table=museo&table_id=894,1729188401,Coahuila,NA,1993-11,1993
2060,Salas Carranza,,2013-01-01,Secretaría de Cultura de Coahuila,5,Coahuila de Zaragoza,30,Saltillo,1,Saltillo,Juárez y Zaragoza s/n,Zona Centro,NA,(844) 411 8500,,,,,,,,-101.00098,25.42182,0,0,http://sic.gob.mx/ficha.php?table=museo&table_id=2060,1540987916,Coahuila,NA,2013-01,2013
1539,Museo de Artes Gráficas (MAG),Arte,2012-03-29,Secretaría de Cultura de Coahuila,5,Coahuila de Zaragoza,30,Saltillo,1,Saltillo,Xicoténcatl 264,Centro,25000,844 414 17 81,,,,museodeartesgraficassaltillo@gmail.com,https://www.facebook.com/MagSaltillo/,https://x.com/MuseoAGraficas,,-101.00656,25.42232,2,1,http://sic.gob.mx/ficha.php?table=museo&table_id=1539,1684932458,Coahuila,NA,2012-03,2012
1628,Recinto del Patrimonio Cultural Universitario,Arte,2007-10-26,Universidad Autónoma de Coahuila,5,Coahuila de Zaragoza,30,Saltillo,1,Saltillo,Hidalgo Norte 211,Centro Histórico,25000,844 410 97 05,https://viveloensaltillo.com/museos/recinto-del-patrimonio-cultural-universitario/,,,recintouadec@hotmail.com,,,,-101.00009,25.42225,5,2,http://sic.gob.mx/ficha.php?table=museo&table_id=1628,1660216538,Coahuila,NA,2007-10,2007
2307,Museo Maleficis Caza de Brujas,,NA,"Complejo Museográfico Cultura y Tradiciones en Movimiento/Amigos del Museo de las Catrinas, A.C.",5,Coahuila de Zaragoza,30,Saltillo,1,Saltillo,Allende Sur 548,Centro,25000,844 100 9546,,,,museodelacatrina@hotmail.com; maleficiscazadebrujas@outlook.com,https://www.facebook.com/profile.php?id=100083109591953,,,-101.00252,25.41757,10,0,http://sic.gob.mx/ficha.php?table=museo&table_id=2307,1674218845,Coahuila,NA,NA,NA
1458,Museo de la Katrina,Arte,2009-11-02,"Complejo Museográfico Cultura y Tradiciones en Movimiento/Amigos del Museo de las Catrinas, A.C.",5,Coahuila de Zaragoza,30,Saltillo,1,Saltillo,Allende Sur 720,Centro,25000,844 414 31 48,,https://www.facebook.com/MuseolaKatrina/,,museodelacatrina@hotmail.com,,,,-101.00322,25.41658,10,-1,http://sic.gob.mx/ficha.php?table=museo&table_id=1458,1672166721,Coahuila,NA,2009-11,2009
1640,Museo Madero Espiritista,TND,2013-03-12,"Complejo Museográfico Cultura y Tradiciones en Movimiento, A.C.",5,Coahuila de Zaragoza,30,Saltillo,1,Saltillo,Ignacio Allende Sur 720,Centro,25000,(844) 414 31 48,,,,museodelacatrina@hotmail.com,,,,-101.00385,25.41657,-1,-1,http://sic.gob.mx/ficha.php?table=museo&table_id=1640,1535541369,Coahuila,NA,2013-03,2013
1636,Museo de la  Batalla de la Angostura,Historia,2008-01-14,"Patronato del Museo Batalla de la Angostura, A.C.",5,Coahuila de Zaragoza,30,Saltillo,1,Saltillo,Nicolás Bravo 120,Centro Histórico,25000,(844) 410 82 05,,https://www.facebook.com/pages/MUSEO-DE-LA-BATALLA-DE-LA-ANGOSTURA/343073852316,,museoangostura.47@gmail.com,,,,-100.99957,25.42105,3,0,http://sic.gob.mx/ficha.php?table=museo&table_id=1636,1537871179,Coahuila,NA,2008-01,2008
1644,Sala de Arqueología Profr. Carlos Cárdenas Villarreal,Arqueología,2012-08-01,Benemérita Escuela Normal de Coahuila,5,Coahuila de Zaragoza,30,Saltillo,1,Saltillo,Calz. de los Maestros 858,Centro Histórico,25000,844 412 82 73,,,,benc.enlinea@gmail.com,https://www.facebook.com/p/BENC-Benem%C3%A9rita-Escuela-Normal-de-Coahuila-100083229297421/?_rdr,,,-101.00803,25.42722,1,0,http://sic.gob.mx/ficha.php?table=museo&table_id=1644,1695730415,Coahuila,NA,2012-08,2012
891,Sala Museográfica del Recinto de Juárez,Historia,1977-03-21,Secretaría de Educación del Estado de Coahuila,5,Coahuila de Zaragoza,30,Saltillo,1,Saltillo,Juárez 186,Centro,25000,(844) 412 54 12,,,,berza36@hotmail.com; recintodejuarez.saltillo@hotmail.com,,,,-100.99959,25.4211,0,0,http://sic.gob.mx/ficha.php?table=museo&table_id=891,1489175480,Coahuila,NA,1977-03,1977
1635,Sala de Arte Colonial Artemio del Valle Arizpe,Arte,1933-09-01,Universidad Autónoma de Coahuila/Escuela de Bachilleres Ateneo Fuente,5,Coahuila de Zaragoza,30,Saltillo,1,Saltillo,Blvd. Venustiano Carranza s/n esq. Av. Universidad,Col. República Oriente,25280,(844) 415 75 72,,,,erikafloresp@gmail.com,,,,-100.9913,25.44043,-1,-1,http://sic.gob.mx/ficha.php?table=museo&table_id=1635,1533294680,Coahuila,NA,1933-09,1933
1642,Museo de Catón,Historia,1997-02-27,Particular,5,Coahuila de Zaragoza,30,Saltillo,1,Saltillo,Gral. Cepeda Sur 443,Centro Histórico,25000,844 412 82 12,,http://radioconcierto.org.mx/museo/,,luzmariafuentes@radioconcierto.org.mx,,,,-100.99962,25.4177,7,0,http://sic.gob.mx/ficha.php?table=museo&table_id=1642,1695891412,Coahuila,NA,1997-02,1997
1634,Pinacoteca  Artemio de Valle Arizpe,Arte,1918-01-01,Universidad Autónoma de Coahuila/Ateneo Fuente,5,Coahuila de Zaragoza,30,Saltillo,1,Saltillo,Venustiano Carranza esq. Av. Universidad s/n,Col. República Oriente,25280,(844) 415 75 72,,,,,,,,-100.99127,25.44046,-1,-1,http://sic.gob.mx/ficha.php?table=museo&table_id=1634,1544705930,Coahuila,NA,1918-01,1918
1422,Museo del Palacio,Historia,2009-07-24,Secretaría de Cultura de Coahuila,5,Coahuila de Zaragoza,30,Saltillo,1,Saltillo,"Juárez e Hidalgo s/n, planta baja",Centro,25000,844 411 85 00 ext. 1170,,,,museodepalacio@coahuila.gob.mx,https://www.facebook.com/museo-del-palacio-237035379999460,,,-101.0009,25.42205,-9,-1,http://sic.gob.mx/ficha.php?table=museo&table_id=1422,1739926533,Coahuila,NA,2009-07,2009
1304,Museo de la Cultura Taurina,Especializado,2009-07-25,Secretaría de Cultura de Coahuila,5,Coahuila de Zaragoza,30,Saltillo,1,Saltillo,Xicoténcatl 283,Centro,25000,(844) 410 20 21,,http://www.sedeturcoahuila.gob.mx/inicio/?p=154,,museodelaculturataurina283@gmail.com,https://www.facebook.com/museodelacultura.taurina.1/,,,-101.00625,25.42199,7,2,http://sic.gob.mx/ficha.php?table=museo&table_id=1304,1568803166,Coahuila,NA,2009-07,2009
1641,Museo de la Muñeca,Especializado,2013-04-30,"Complejo Museográfico Cultura y Tradiciones en Movimiento, A.C.",5,Coahuila de Zaragoza,30,Saltillo,1,Saltillo,Ignacio Allende Sur 720 altos,Centro,25000,(844) 427 62 32,,https://es-la.facebook.com/mumusalt/,,museodelacatrina@hotmail.com,,,,-101.00316,25.41643,10,-1,http://sic.gob.mx/ficha.php?table=museo&table_id=1641,1546854226,Coahuila,NA,2013-04,2013
1639,Sala Museográfica de las Leyendas,Arte,2013-03-12,"Complejo Museográfico Cultura y Tradiciones en Movimiento, A.C.",5,Coahuila de Zaragoza,30,Saltillo,1,Saltillo,Ignacio Allende Sur 720,Centro,25000,(844) 414 31 48,,,,museodelacatrina@hotmail.com,,,,-101.00316,25.41642,-1,-1,http://sic.gob.mx/ficha.php?table=museo&table_id=1639,1544706237,Coahuila,NA,2013-03,2013
1235,Museo Madero. Centenario de la Revolución,Historia,2008-09-08,Secretaría de Cultura de Coahuila,5,Coahuila de Zaragoza,33,San Pedro,1,San Pedro,Av. Hidalgo s/n,Centro,27800,872 772 83 52,https://www.sanpedrodelascolonias.com/museomadero,,,museomadero@hotmail.com,,,,-102.98129,25.75876,-1,-1,http://sic.gob.mx/ficha.php?table=museo&table_id=1235,1660216052,Coahuila,NA,2008-09,2008
188,Museo de la Moneda,Historia,2005-11-11,Ayuntamiento de Torreón,5,Coahuila de Zaragoza,35,Torreón,1,Torreón,Av. Morelos 1217 Pte.,Centro,27000,871 500 7111,,,,museodelamoneda.imce@gmail.com,https://www.facebook.com/MuseoDeLaMonedaTRC/,,https://www.instagram.com/museodelamonedatrc,-103.46222,25.5393,0,3,http://sic.gob.mx/ficha.php?table=museo&table_id=188,1738769960,Coahuila,NA,2005-11,2005
955,Museo del Ferrocarril,Historia,1998-11-07,Ayuntamiento de Torreón,5,Coahuila de Zaragoza,35,Torreón,1,Torreón,Blvd. Revolución 1275 Pte.,Antigua Aceitera,27000,871 712 23 12,,http://www.mexicodesconocido.com.mx/museo-del-ferrocarril-en-la-ciudad-de-torreon-coahuila.html,,museoferrocarriltorreon@gmail.com,https://es-la.facebook.com/MuseoDelFerrocarrilTRC/,,,-103.46166,25.53521,10,1,http://sic.gob.mx/ficha.php?table=museo&table_id=955,1600947240,Coahuila,NA,1998-11,1998
1156,Museo de los Metales,Ciencia y tecnología,2007-09-25,Grupo Industrial Peñoles,5,Coahuila de Zaragoza,35,Torreón,1,Torreón,Blvd. Laguna 3200 Pte.,Col. Metalúrgica,27370,871 729 55 00 ext. 7030,,,,museo_metales@penoles.com.mx,https://www.facebook.com/MuseoDeLosMetales,,,-103.4445,25.52265,7,1,http://sic.gob.mx/ficha.php?table=museo&table_id=1156,1680116708,Coahuila,NA,2007-09,2007
1322,Museo del Algodón,Ciencia y tecnología,2008-10-23,Ayuntamiento de Torreón,5,Coahuila de Zaragoza,35,Torreón,1,Torreón,Av. Juárez 1760,Centro,27000,871 716 3679,,https://www.facebook.com/MuseoDelAlgodon/,,museodelalgodon@hotmail.com,,,,-103.46818,25.53688,5,0,http://sic.gob.mx/ficha.php?table=museo&table_id=1322,1600948656,Coahuila,NA,2008-10,2008
1277,Museo de la Revolución de Torreón,Historia,2007-10-02,Secretaría de Cultura de Coahuila,5,Coahuila de Zaragoza,35,Torreón,1,Torreón,Av. Lerdo de Tejada 1029,Centro,27000,(871) 722 69 22,,http://www.sedeturcoahuila.gob.mx/inicio/?p=241,,mdrvisitas@gmail.com,https://www.facebook.com/MuseoRev/,,,-103.43698,25.555,8,1,http://sic.gob.mx/ficha.php?table=museo&table_id=1277,1568803246,Coahuila,NA,2007-10,2007
956,Museo Paleontológico de la Laguna,Ciencia y tecnología,1995-12-01,"Península de Coahuila, A.C.",5,Coahuila de Zaragoza,35,Torreón,1,Torreón,Av. Juárez 580 Pte.,Centro,27000,871  240 86 26,https://www.museopal.org.mx/,,,gquiroz@museopal.org.mx,,,,-103.45545,25.53812,4,0,http://sic.gob.mx/ficha.php?table=museo&table_id=956,1689849942,Coahuila,NA,1995-12,1995
189,Museo Arocena,Arte,2006-08-27,"Centro Cultural Arocena Laguna, A.C.",5,Coahuila de Zaragoza,35,Torreón,1,Torreón,Av. Juárez 1249,Centro,27000,871  712 02 33,http://www.museoarocena.com/,,,info@museoarocena.com,https://www.facebook.com/museoarocena/,https://x.com/museoarocena,https://www.instagram.com/museoarocena,-103.4621,25.53781,13,6,http://sic.gob.mx/ficha.php?table=museo&table_id=189,1684930432,Coahuila,NA,2006-08,2006
1671,Planetarium Torreón,Ciencia y tecnología,2014-02-01,"Planetario Torreón, A.C.",5,Coahuila de Zaragoza,35,Torreón,1,Torreón,"Blvd. Juan Pablo II s/n, Bosque Urbano (Antiguo Parque Las Etnias)",Las Etnias,27058,871 732 29 66,http://www.planetariumtorreon.com,https://www.facebook.com/pages/Planetarium-Torre%C3%B3n/301042529952343?fref=nf,,carmen@planetariumtorreon.com,,,,-103.39067,25.55047,-1,1,http://sic.gob.mx/ficha.php?table=museo&table_id=1671,1684334510,Coahuila,NA,2014-02,2014
824,Museo Regional de la Laguna,Arqueología,1976-11-22,Secretaría de Cultura/INAH,5,Coahuila de Zaragoza,35,Torreón,1,Torreón,"Int. Bosque Venustiano Carranza, Av. Juárez s/n",Centro,27000,871 713 95 45,,,https://lugares.inah.gob.mx/lugar-92-es,miguel_cipres@inah.gob.mx,https://www.facebook.com/MuseoRegionaldelaLaguna/?locale=es_LA,,,-103.43262,25.53897,6,2,http://sic.gob.mx/ficha.php?table=museo&table_id=824,1737484230,Coahuila,NA,1976-11,1976
959,Museo Histórico de la Ciudad. Casa del Cerro,Historia,1994-02-11,Ayuntamiento de Torreón,5,Coahuila de Zaragoza,35,Torreón,1,Torreón,Calz. Industria s/n,Col. Durangueña,27000,871 716 50 72,,,,museocasadelcerro.direccion@gmail.com,https://www.facebook.com/MuseoCasadelCerro/,,,-103.46814,25.53422,10,1,http://sic.gob.mx/ficha.php?table=museo&table_id=959,1665396631,Coahuila,NA,1994-02,1994
1835,Museo de Arte Sacro de la parroquia de Santiago Apostol,Arte,NA,,5,Coahuila de Zaragoza,36,Viesca,1,Viesca,Venustiano Carranza s/n,Centro,27480,(671) 764 0221,,,,,,,,0,0,0,0,http://sic.gob.mx/ficha.php?table=museo&table_id=1835,1489171625,Coahuila,NA,NA,NA
1827,Fuerte de San Pedro de Gigedo,Historia,2007-01-01,Particular,5,Coahuila de Zaragoza,37,Villa Unión,1,Villa Unión,Jiménez Norte 1202 Nte.,Centro,26600,(662) 100 81 95,,https://www.facebook.com/FuerteDeSanPedroDeGigedo/,,casafuerte1749@hotmail.com,,,,-100.73398,28.23153,3,0,http://sic.gob.mx/ficha.php?table=museo&table_id=1827,1542284909,Coahuila,NA,2007-01,2007
1678,Museo del Centro Cultural Ernesto Julio Teissier Flores,Historia,2005-11-24,Ayuntamiento de Zaragoza,5,Coahuila de Zaragoza,38,Zaragoza,1,Zaragoza,Venustiano Carranza 304,Centro,26450,(862) 626 10 39,,,,ccejulioteissier@hotmail.com,,,,-100.92317,28.49421,6,-1,http://sic.gob.mx/ficha.php?table=museo&table_id=1678,1610468594,Coahuila,NA,2005-11,2005
534,Museo de la Sal,Ciencia y tecnología,2022-11-01,"Sociedad Cooperativa de Salineros de Colima, S.C.L.",6,Colima,1,Armería,9,Cuyutlán,Benito Juárez s/n,Centro,28350,313 326 40 08,,,,salinerosdecolima@hotmail.com,https://m.facebook.com/media/set/?vanity=tierra.v.expeditions&set=a.1459311357450283,,,-104.06908,18.92104,1,0,http://sic.gob.mx/ficha.php?table=museo&table_id=534,1683795343,Colima,NA,2022-11,2022
81,Museo Universitario de Artes Populares María Teresa Pomar,Arte,1981-09-19,Universidad de Colima,6,Colima,2,Colima,1,Colima,Manuel Gallardo Zamora 99,Centro,28000,312 312 22 28,https://portal.ucol.mx/dgpc//Artes-Populares.htm,,,muap@ucol.mx,,,,-103.72209,19.24862,-1,-1,http://sic.gob.mx/ficha.php?table=museo&table_id=81,1660217738,Colima,NA,1981-09,1981
1492,Museo Fernando del Paso,Arte,2011-05-28,Universidad de Colima,6,Colima,2,Colima,1,Colima,Calle 27 de Septiembre 119,Centro,28000,312 316 10 00,https://www.facebook.com/FernandoDelPasoMUSEO?fref=ts,http://www.ucol.mx/alumnos/museos.htm,,karminabenavides@hotmail.com,,,,-103.72332,19.24264,5,2,http://sic.gob.mx/ficha.php?table=museo&table_id=1492,1591891457,Colima,NA,2011-05,2011
2456,Museo de la Casa del Archivo,,NA,Archivo Histórico del Municipio de Colima,6,Colima,2,Colima,1,Colima,Independencia 79,Centro,28000,312 312 28 57,https://casadelarchivo.colima.gob.mx/?museo,,,archivodecolima@gmail.com,https://www.facebook.com/casadelarchivo/,,https://www.instagram.com/casadelarchivo,-103.73001,19.24306,0,0,http://sic.gob.mx/ficha.php?table=museo&table_id=2456,1726088241,Colima,NA,NA,NA
962,Museo Regional de Historia de Colima,Historia,1988-11-01,Secretaría de Cultura/INAH,6,Colima,2,Colima,1,Colima,Reforma y Calle 16 de Septiembre,Centro,28000,312 312 92 28,,,https://lugares.inah.gob.mx/lugar-93-es,museocolima@hotmail.com; fernando_rodriguez@inah.gob.mx,,,,-103.72868,19.24279,14,2,http://sic.gob.mx/ficha.php?table=museo&table_id=962,1702549010,Colima,NA,1988-11,1988
961,Pinacoteca Universitaria,Arte,1996-01-01,Universidad de Colima/Dirección General de Patrimonio Cultural,6,Colima,2,Colima,1,Colima,Vicente Guerrero 35,Centro,28000,312 314 33 06,https://portal.ucol.mx/dgpc/Pinacoteca-Universitaria.htm,,,pinacoteca@ucol.mx,,,,-103.72624,19.24491,12,11,http://sic.gob.mx/ficha.php?table=museo&table_id=961,1660217923,Colima,NA,1996-01,1996
1542,Museo Palacio de Colima,Historia,2020-11-06,Secretaría de Cultura del Gobierno del Estado de Colima,6,Colima,2,Colima,1,Colima,Reforma s/n,Centro,28970,312 308 05 20,,http://culturacolima.gob.mx/v2/palacio-de-gobierno/,,lauraorozco2001@yahoo.com.mx,,,,-103.72871,19.24267,4,-1,http://sic.gob.mx/ficha.php?table=museo&table_id=1542,1682518206,Colima,NA,2020-11,2020
404,Museo Nacional de la Escultura Sebastián,Arte,2005-08-01,Secretaría de Cultura del Gobierno del Estado de Colima/Centro Estatal de las Artes,6,Colima,3,Comala,1,Comala,Km 5.5 de la Carr. Villa de Álvarez-Comala,,28450,(312) 313 99 68,,http://culturacolima.gob.mx/v2/sebastian/,,info@culturacolima.gob.mx,,,,-103.75967,19.31624,2,-1,http://sic.gob.mx/ficha.php?table=museo&table_id=404,1542715889,Colima,NA,2005-08,2005
1065,Museo Tecnológico de Sitio El Remate,Ciencia y tecnología,NA,"Secretaría de Cultura del Gobierno del Estado de Colima, Ayuntamiento de Comala",6,Colima,3,Comala,1,Comala,Domicilio conocido,Rancho El Remate,28450,312 315 55 47,comalaculturaofficial@gmail.com,,,comalaculturaofficial@gmail.com,,,,-103.79784,19.42003,3,0,http://sic.gob.mx/ficha.php?table=museo&table_id=1065,1732214817,Colima,NA,NA,NA
25,Sala de la Gráfica de Occidente José Luis Cuevas,Arte,2001-01-01,Secretaría de Cultura del Gobierno del Estado de Colima/Taller de Formación y Producción de Artes La Parota,6,Colima,3,Comala,1,Comala,km 5.5 Carr. Villa de Álvarez-Comala,Centro,28450,312 313 99 68,https://programadestinosmexico.com/sala-de-la-grafica-de-occidente-jose-luis-cuevas-colima/,https://www.101museos.com/index.php/museos/colima/225/sala-de-la-grafica-de-occidente-jose-luis-cuevas,,patricia_mi@hotmail.com,,,,-103.75981,19.31562,-1,-1,http://sic.gob.mx/ficha.php?table=museo&table_id=25,1726260753,Colima,NA,2001-01,2001
1066,Museo Comunitario Memorias de mi Ejido,TND,NA,"Ayuntamiento de Comala/Dirección de Educación, Cultura y Deporte",6,Colima,3,Comala,7,La Caja,Casa Ejidal,Centro,NA,312 315 55 47,http://comala.gob.mx,,,comalaculturaofficial@gmail.com,,,,0,0,-1,-1,http://sic.gob.mx/ficha.php?table=museo&table_id=1066,1732214786,Colima,NA,NA,NA
1067,Museo Universitario Alejandro Rangel (MUARH),Arqueología,1996-10-16,Universidad de Colima,6,Colima,3,Comala,23,Nogueras,Ex Hacienda de Nogueras s/n,Col. Nogueras,28454,(312) 315 60 28,,,,museoalejandrorangelhidalgo@gmail.com,https://www.facebook.com/museo.alejandrorangelhidalgo?fref=ts,,,-103.73995,19.32344,6,-1,http://sic.gob.mx/ficha.php?table=museo&table_id=1067,1602504922,Colima,NA,1996-10,1996
1064,Museo Comunitario Huehuetlatolli de Suchitlán,TND,NA,"Ayuntamiento de Comala/Dirección de Educación, Cultura y Deporte",6,Colima,3,Comala,35,Suchitlán,Mirto 2,Centro,28450,"312 315 55 47, 312 315 41 78",http://comala.gob.mx,,,comalaculturaofficial@gmail.com,,,,-103.7089,19.37471,-1,-1,http://sic.gob.mx/ficha.php?table=museo&table_id=1064,1732214741,Colima,NA,NA,NA
1545,Museo Comunitario de Coquimatlán Ramón Navarro Osorio,Arte,NA,Secretaría de Cultura del Gobierno del Estado de Colima,6,Colima,4,Coquimatlán,1,Coquimatlán,Independencia 74,Centro,28400,(312) 323 04 75,,http://culturacolima.gob.mx/v2/ramon-navarro-osorio/,,yadira_nokia@hotmail.com,,,,-103.81122,19.2023,-1,-1,http://sic.gob.mx/ficha.php?table=museo&table_id=1545,1489170551,Colima,NA,NA,NA
1940,Sala Museográfica del Petroglifo Profr. Antonio Magaña Tejeda,,NA,Ayuntamiento de Cuauhtémoc/Dirección de Cultura y Deporte de Cuauhtémoc,6,Colima,5,Cuauhtémoc,1,Cuauhtémoc,Libertad 9,Centro,28500,312 328 08 08,,,,culturaydeporte@cuauhtemoc-col.gob.mx,,,,-103.6011,19.32884,0,0,http://sic.gob.mx/ficha.php?table=museo&table_id=1940,1721765244,Colima,NA,NA,NA
1456,Museo de la Caña y del Azúcar,Historia,NA,Secretaría de Cultura del Gobierno del Estado de Colima,6,Colima,5,Cuauhtémoc,18,Quesería,Av. 20 de Noviembre s/n,Centro,28510,(312) 395 20 67,,http://culturacolima.gob.mx/v2/museo-de-la-cana-y-el-azucar/,,,,,,-103.57496,19.38449,-1,-1,http://sic.gob.mx/ficha.php?table=museo&table_id=1456,1517511557,Colima,NA,NA,NA
1062,Museo Comunitario de Ixtlahuacán,Arqueología,1995-05-17,Ayuntamiento de Ixtlahucán,6,Colima,6,Ixtlahuacán,1,Ixtlahuacán,México 2 esq. Niño Artillero,Centro,28700,"313 324 90 72, 313 324 90 32",,http://www.ixtlahuacan.com/museo.htm,,dmec_ixtlahuacan@outlook.com,,,,-103.73583000000001,18.99778,-1,-1,http://sic.gob.mx/ficha.php?table=museo&table_id=1062,1620221284,Colima,NA,1995-05,1995
1063,Museo Comunitario de Minatitlán Porfirio Gaitán Núñez,Historia,1999-10-17,Dirección de Cultura del Ayuntamiento de Minatitlán,6,Colima,8,Minatitlán,1,Minatitlán,Portal Zaragoza 3,Centro,28750,314 336 08 26,,,,archivo.municipal@minatitlan.gob.mx,https://www.facebook.com/alfonso.ibarra.549/,,,-104.05008,19.38647,-1,-1,http://sic.gob.mx/ficha.php?table=museo&table_id=1063,1723485843,Colima,NA,1999-10,1999
861,Museo Arqueológico Caxitlán,Arqueología,2003-07-25,Secretaría de Cultura del Gobierno del Estado de Colima,6,Colima,9,Tecomán,1,Tecomán,Av. Insurgentes 1000,Col. Tepeyac,28110,(313) 324 28 47,,http://culturacolima.gob.mx/v2/caxitlan/,,bomborucha1@gmail.com; bomborucha_17@hotmail.com,,,,-103.88423,18.9262,-1,-1,http://sic.gob.mx/ficha.php?table=museo&table_id=861,1489170040,Colima,NA,2003-07,2003
1553,Museo Charro Taurino,Especializado,2003-03-01,"Secretaría de Cultura de Colima, Casa de la Cultura de Villa de Álvarez",6,Colima,10,Villa de Álvarez,1,Ciudad de Villa de Álvarez,Av. Enrique Corona Morfín s/n,,28970,(312) 316 33 08,,,,culturavdea@hotmail.com,,,,0,0,-1,-1,http://sic.gob.mx/ficha.php?table=museo&table_id=1553,1489170416,Colima,NA,2003-03,2003
1501,Museo del Ferrocarril,Historia,2005-01-01,Ayuntamiento de Arriaga,7,Chiapas,9,Arriaga,1,Arriaga,2a. Av. Oriente,Centro,30450,966 662 27 78,https://visitchiapas.com/v1/Museo-del-ferrocarril-arriaga,,,acuario_8570@hotmail.com; casamuseo@live.com.mx,,,,-93.89906,16.23509,-1,-1,http://sic.gob.mx/ficha.php?table=museo&table_id=1501,1715195621,Chiapas,NA,2005-01,2005
2034,Museo Rosario Castellanos,,2017-11-01,,7,Chiapas,19,Comitán de Domínguez,1,Comitán de Domínguez,3a. Calle Sur Oriente núm. 8,Centro Histórico,30000,(963)  632 80 51,,,,,https://www.facebook.com/Museo-Rosario-Castellanos-Comit%C3%A1n-2147150705524590/,,,-92.13357,16.25127,0,0,http://sic.gob.mx/ficha.php?table=museo&table_id=2034,1566475379,Chiapas,NA,2017-11,2017
130,Museo de Arte Hermila Domínguez de Castellanos,Arte,1988-08-28,Consejo Estatal para la Cultura y las Artes de Chiapas,7,Chiapas,19,Comitán de Domínguez,1,Comitán de Domínguez,Av. Central Sur 35,Centro,30000,963 632 20 82,,,,museohermila@conecultachiapas.gob.mx,https://www.facebook.com/museodeartehermiladominguez/?locale=es_LA,https://x.com/MuseoHermila,,-92.13229,16.25201,4,1,http://sic.gob.mx/ficha.php?table=museo&table_id=130,1684322472,Chiapas,NA,1988-08,1988
1750,Sala Introductoria de la Zona Arqueológica de Tenam Puente,Arqueología,1997-11-01,Secretaría de Cultura/INAH,7,Chiapas,19,Comitán de Domínguez,1,Comitán de Domínguez,Carr. Comitán Trinitaria,Col. Francisco Sarabia,30001,963 632 5760,,,https://lugares.inah.gob.mx/lugar-378-es,natividad_figueroa@inah.gob.mx,,,,-92.13583,16.25246,2,0,http://sic.gob.mx/ficha.php?table=museo&table_id=1750,1720460735,Chiapas,NA,1997-11,1997
940,Museo Arqueológico de Comitán,Arqueología,1993-08-28,Secretaría de Cultura/INAH,7,Chiapas,19,Comitán de Domínguez,1,Comitán de Domínguez,1a. Calle Sur Ote. esq. 2a. Av. Oriente Sur s/n,Centro,30000,963  632 57 60,https://www.inah.gob.mx/museos/museo-arqueologico-de-comitan,,https://lugares.inah.gob.mx/es/museos-inah/museo/391-museo-arqueol%C3%B3gico-de-comit%C3%A1n.html?lugar_id=391&lugar_tipo=museos,natividad_figueroa@inah.gob.mx; jalejandro_perez@inah.gob.mx,https://www.facebook.com/people/INAH-Chiapas/100064249227073/,https://x.com/INAH_CHIAPAS,,-92.13447,16.25276,2,1,http://sic.gob.mx/ficha.php?table=museo&table_id=940,1702381992,Chiapas,NA,1993-08,1993
132,Casa Museo Dr. Belisario Domínguez Palencia,Historia,1985-04-25,Consejo Estatal para las Culturas y las Artes de Chiapas,7,Chiapas,19,Comitán de Domínguez,1,Comitán de Domínguez,Av. Dr. Belisario Domínguez Sur núm. 35,Centro,30000,963 632 13 00,,,,casamuseobelisario@conecultachiapas.gob.mx,https://ms-my.facebook.com/people/Casa-Museo-Dr-Belisario-Dom%C3%ADnguez/100057085944311/,,,-92.13543,16.25118,9,1,http://sic.gob.mx/ficha.php?table=museo&table_id=132,1702381830,Chiapas,NA,1985-04,1985
655,Museo Comunitario Raíces de mi Pueblo,Antropología,1996-02-25,"Raíces de mi Pueblo Chyks Kungny, A.C.",7,Chiapas,21,Copainalá,1,Copainalá,1a Poniente Sur s/n,Centro,29620,968 661 02 89,,https://alfaronoticias.com.mx/museo-comunitario-raices-de-mi-pueblo-espacio-para-la-identidad-zoque/,,elbambu50@gmail.com,,,,0,0,-1,-1,http://sic.gob.mx/ficha.php?table=museo&table_id=655,1738268917,Chiapas,NA,1996-02,1996
859,Museo Franco Lázaro Gómez,Arte,1994-11-01,Consejo Estatal para la Cultura y las Artes de Chiapas/Centro Cultural Ex Convento de Santo Domingo,7,Chiapas,27,Chiapa de Corzo,1,Chiapa de Corzo,Av. Mexicanidad Chiapaneca 10,Centro,29160,(961) 616 00 55,,,,exconvento@conecultachiapas.gob.mx,https://www.facebook.com/CentroculturalExconvento/,,,-93.01561,16.70877,1,0,http://sic.gob.mx/ficha.php?table=museo&table_id=859,1566474049,Chiapas,NA,1994-11,1994
80,Casa Museo de la Marimba Nandayapa,Arte,1917-01-01,Particular,7,Chiapas,27,Chiapa de Corzo,1,Chiapa de Corzo,Av. Independencia 36,Barrio de San Miguel,29160,(961) 616 0012,,,,cnandayapa@yahoo.com,,,,-93.01582,16.7046,-1,-1,http://sic.gob.mx/ficha.php?table=museo&table_id=80,1572528366,Chiapas,NA,1917-01,1917
69,Casa Museo Ángel Albino Corzo,Historia,2001-09-01,Patronato de la Casa Museo Ángel Albino Corzo,7,Chiapas,27,Chiapa de Corzo,1,Chiapa de Corzo,Av. Ignacio Zaragoza s/n,Centro,29160,961 616 00 12,,,,casamuseoangelalbinocorzo2023@gmail.com,https://www.facebook.com/people/Casa-Museo-%C3%81ngel-Albino-Corzo/100083192475672/,,,-93.01724,16.70935,-1,-1,http://sic.gob.mx/ficha.php?table=museo&table_id=69,1702381796,Chiapas,NA,2001-09,2001
860,Museo de la Laca Armando Duvalier,Arte,1952-01-01,Consejo Estatal para la Cultura y las Artes de Chiapas /Centro Cultural ex Convento Santo Domingo,7,Chiapas,27,Chiapa de Corzo,1,Chiapa de Corzo,Av. Mexicanidad Chiapaneca 10,Centro,29160,961 616 00 55,,,,exconvento@coneculta.gob.mx,,,,-93.01827,16.70696,5,1,http://sic.gob.mx/ficha.php?table=museo&table_id=860,1665572370,Chiapas,NA,1952-01,1952
888,Museo Comunitario Frontera Corozal,TND,1976-12-31,Consejo Estatal para las Culturas y las Artes de Chiapas,7,Chiapas,59,Ocosingo,1,Ocosingo,Domicilio conocido s/n,Centro,29950,,,,,informacion@conecultachiapas.gob.mx,,,,-92.09611,16.90722,3,0,http://sic.gob.mx/ficha.php?table=museo&table_id=888,1511896653,Chiapas,NA,1976-12,1976
938,Museo de Sitio de Toniná,Arqueología,2000-07-01,Secretaría de Cultura/INAH,7,Chiapas,59,Ocosingo,1,Ocosingo,Carr. Ocosingo-Toniná km 10,,29950,919 110 34 77,https://www.inah.gob.mx/museos/museo-de-sitio-de-tonina,,https://lugares.inah.gob.mx/lugar-144-es,museodesitiotonia@hotmail.com; juan_santiz@inah.gob.mx,,,,-91.9649,16.91688,2,-1,http://sic.gob.mx/ficha.php?table=museo&table_id=938,1702382491,Chiapas,NA,2000-07,2000
641,Museo Zoque Regional Javepacuay,Historia,2001-12-28,Gobierno de Chiapas/Ayuntamiento de Ocozocoautla de Espinosa,7,Chiapas,61,Ocozocoautla de Espinosa,1,Ocozocoautla de Espinosa,7ª Poniente,Barrio San Juan,29140,(968) 688 30 58,,https://www.turismoenchiapas.com/portal/art3428_Museo_Zoque_Regional_Javepacuay.html,,museozoque@gmail.com; museo_zoque@hotmail.com,,,,-93.38051,16.76103,2,-1,http://sic.gob.mx/ficha.php?table=museo&table_id=641,1570790485,Chiapas,NA,2001-12,2001
939,Museo de Sitio de Palenque Alberto Ruz L´Huillier,Arqueología,1994-12-01,Secretaría de Cultura/INAH,7,Chiapas,65,Palenque,1,Palenque,Carr. Ramal Palenque-Zona Arqueológica Km 6.5,,29960,916 668 01 41,https://lugares.inah.gob.mx/es/museos-inah/museo/440-museo-de-sitio-de-palenque-alberto-ruz-l-huillier.html,,https://lugares.inah.gob.mx/es/zonas-arqueologicas/zonas/1685-palenque.html,museodesitiopalenque@inah.gob.mx; musipa.alberto.ruz@gmail.com,https://www.facebook.com/Museo-de-Sitio-de-Palenque-Musipa-105570918545300,,,-92.04196,17.48837,6,3,http://sic.gob.mx/ficha.php?table=museo&table_id=939,1721170866,Chiapas,NA,1994-12,1994
575,Museo Arqueológico e Histórico Arq. Arturo Sibaja Carbott,TND,2003-01-01,Ayuntamiento de Pijijiapan,7,Chiapas,69,Pijijiapan,1,Pijijiapan,3a. Av. Norte esq. 5a. Calle Poniente,Centro,30540,918 123 4132,,,,,,,,-93.2111,15.69062,-1,-1,http://sic.gob.mx/ficha.php?table=museo&table_id=575,1722012748,Chiapas,NA,2003-01,2003
1960,Museo Nacional de Metalistería. Las formas y los colores del hierro,,NA,Particular,7,Chiapas,78,San Cristóbal de las Casas,1,San Cristóbal de las Casas,Av. La Jardinería 12,Col. Jardines del Valle,29286,967 678 66 31,,,,museodemetalisteria@hotmail.com,https://www.facebook.com/MuseoHermosillo/?locale=es_LA,,,-92.64541,16.72103,0,0,http://sic.gob.mx/ficha.php?table=museo&table_id=1960,1721327359,Chiapas,NA,NA,NA
41,Museo YokChij de Sergio Castro,Antropología,1970-01-01,"Yokchij Sergio Arturo Castro Martínez, A.C.",7,Chiapas,78,San Cristóbal de las Casas,1,San Cristóbal de las Casas,Guadalupe Victoria 38,Barrio de la Merced,29240,967 678 42 89,http://yokchij.org,,,sergiocastrosc@gmail.com,https://www.facebook.com/sergiocastro.museo,,,-92.64157,16.73691,-1,-1,http://sic.gob.mx/ficha.php?table=museo&table_id=41,1708612487,Chiapas,NA,1970-01,1970
117,Museo de Culturas Populares de Chiapas,Arte,2000-02-07,Secretaría de Cultura/Dirección  General de Culturas Populares,7,Chiapas,78,San Cristóbal de las Casas,1,San Cristóbal de las Casas,Av. Diego de Mazariegos 37,Barrio de La Merced,29240,967 131 70 78,,,,museocpch@hotmail.com,https://www.facebook.com/museodeculturas.chiapas/,,,-92.64127,16.7365,1,1,http://sic.gob.mx/ficha.php?table=museo&table_id=117,1721333842,Chiapas,NA,2000-02,2000
108,Museo del Ámbar de Chiapas,Arte,2000-12-04,"Patronato Pro-Reconstrucción del Ex-Convento de La Merced, A.C.",7,Chiapas,78,San Cristóbal de las Casas,1,San Cristóbal de las Casas,Diego de Mazariegos s/n,Barrio de la Merced,29240,967 678 97 16,museodelambardechiapas.org.mx,,,info@museodelambar.org.mx,https://www.facebook.com/MuseodelAmbarChiapas/,https://x.com/MuseoDelAmbar,,-92.6422,16.73576,1,-1,http://sic.gob.mx/ficha.php?table=museo&table_id=108,1721320327,Chiapas,NA,2000-12,2000
1758,Centro de Textiles del Mundo Maya,Arte,2012-10-31,"Centro de Textiles del Mundo Maya, A.C.",7,Chiapas,78,San Cristóbal de las Casas,1,San Cristóbal de las Casas,Av. 20 de Noviembre s/n,Barrio El Cerrillo,29220,967 631 30 94,https://centrotextilesmayas.org/,,,administracion@centrotextilesmayas.org; educativos@centrotextilesmayas.org,https://www.facebook.com/centrotextilesmm,,,-92.63747,16.74164,2,1,http://sic.gob.mx/ficha.php?table=museo&table_id=1758,1738944472,Chiapas,NA,2012-10,2012
123,Museo del Café,Especializado,1998-04-01,"Café Museo Café, A.C.",7,Chiapas,78,San Cristóbal de las Casas,1,San Cristóbal de las Casas,María Adelina Flores 10,Centro,29220,967 678 78 76,,,,cafemuseoadmon@gmail.com,https://www.facebook.com/cafemuseo,,,-92.63601,16.73825,2,1,http://sic.gob.mx/ficha.php?table=museo&table_id=123,1721412901,Chiapas,NA,1998-04,1998
1097,Museo Mesoamericano del Jade,Arte,2001-10-14,Casa del Jade de México,7,Chiapas,78,San Cristóbal de las Casas,1,San Cristóbal de las Casas,C. Comitan 43C,Barrio del Cerrillo San Cristóbal de las Casas,29220,967 678 1121,http://www.eljade.com/,,,ventasmuseodeljade@gmail.com; info@eljade.com,https://www.facebook.com/museodeljade/,,,-92.6321,16.74121,4,-1,http://sic.gob.mx/ficha.php?table=museo&table_id=1097,1722975151,Chiapas,NA,2001-10,2001
2056,Museo de San Cristóbal  (MUSAC),,2016-01-06,Consejo Estatal para las Culturas y las Artes de Chiapas,7,Chiapas,78,San Cristóbal de las Casas,1,San Cristóbal de las Casas,Plaza 31 de Marzo s/n,Centro Histórico,29200,967 688 00 34,,,,direccionmusacconeculta@gmail.com,https://www.facebook.com/profile.php?id=100069817188729,,https://www.instagram.com/musac_coneculta,-92.63826,16.73667,0,3,http://sic.gob.mx/ficha.php?table=museo&table_id=2056,1722970865,Chiapas,NA,2016-01,2016
1815,Museo Jtatik Samuel,Antropología,2015-01-27,"Centro Comunitario El Caminante, A.C.",7,Chiapas,78,San Cristóbal de las Casas,1,San Cristóbal de las Casas,Carret. a Chamula km. 1.5,Barrio San Martin,29247,967 112 53 53,https://www.jtatik.org/museo,,,museo@jtatik.org,https://www.facebook.com/profile.php?id=100064616127317,,,-92.66543,16.75123,6,0,http://sic.gob.mx/ficha.php?table=museo&table_id=1815,1722966002,Chiapas,NA,2015-01,2015
112,Museo Na Bolom,Antropología,1950-04-16,"Asociación Cultural Na Bolom, A.C.",7,Chiapas,78,San Cristóbal de las Casas,1,San Cristóbal de las Casas,Av. Vicente Guerrero 33,Barrio El Cerrillo,29220,967 678 14 18,http://www.nabolom.org/,,,administracion@nabolom.org,https://www.facebook.com/na.bolom/,,,-92.62995,16.74167,6,1,http://sic.gob.mx/ficha.php?table=museo&table_id=112,1721422768,Chiapas,NA,1950-04,1950
1541,Kakaw Museo del Cacao y Chocolatería Cultural,Especializado,2010-12-23,,7,Chiapas,78,San Cristóbal de las Casas,1,San Cristóbal de las Casas,Calle Tapachula 14,Barrio de cerillo,29220,967 631 7995,https://www.kakawmuseo.com/,,,kakawmcc@gmail.com,https://www.facebook.com/museodelkakaw/,,,-92.63263,16.74091,-1,-1,http://sic.gob.mx/ficha.php?table=museo&table_id=1541,1721328334,Chiapas,NA,2010-12,2010
933,Museo de los Altos de Chiapas Ex Convento de Santo Domingo de Guzmán,Arqueología,1984-07-01,Secretaría de Cultura/INAH,7,Chiapas,78,San Cristóbal de las Casas,1,San Cristóbal de las Casas,Calz. Lázaro Cárdenas del Río s/n,Barrio del Cerrillo,29900,967 678 28 06,https://lugares.inah.gob.mx/es/museos-inah/museo/418-centro-cultural-de-los-altos-de-chiapas.html?lugar_id=418,,"https://lugares.inah.gob.mx/es/museos-inah/museo/418-museo-de-los-altos-de-chiapas,-ex-convento-de-santo-domingo-de-guzm%C3%A1n.html?lugar_id=418&lugar_tipo=museos",raulduron@hotmail.com; edgar_duron@inah.gob.mx,,,,-92.63747,16.74187,4,1,http://sic.gob.mx/ficha.php?table=museo&table_id=933,1721329901,Chiapas,NA,1984-07,1984
67,Museo de la Medicina Maya,Antropología,1997-12-31,"Organización de Médicos Indígenas de Chiapas, A.C. (OMIECH)",7,Chiapas,78,San Cristóbal de las Casas,1,San Cristóbal de las Casas,Av. Salomón González Blanco 10,Col. Morelos,29215,967 678 54 38,,,,omiech010@gmail.com,,,,-92.63864,16.74984,0,-1,http://sic.gob.mx/ficha.php?table=museo&table_id=67,1722368830,Chiapas,NA,1997-12,1997
1482,Museo de Historia y Curiosidades de San Cristóbal,Historia,2010-03-31,Fundación Miguel Muñoz,7,Chiapas,78,San Cristóbal de las Casas,1,San Cristóbal de las Casas,Diego de Mazariegos 43,Barrio de la Merced,29240,967 678 87 28,,,,contacto@miguelmunoz.org,https://www.facebook.com/HotelNuestrasRaices/?rf=152087235427825,,,-92.64206,16.73641,-1,-1,http://sic.gob.mx/ficha.php?table=museo&table_id=1482,1722359576,Chiapas,NA,2010-03,2010
941,Museo Arqueológico del Soconusco (Cerrado por remodelación),Arqueología,1988-02-01,Secretaría de Cultura/INAH,7,Chiapas,89,Tapachula,1,Tapachula de Córdova y Ordóñez,Octava Av. Norte 24,Centro,30700,962  626 41 73,,,https://lugares.inah.gob.mx/lugar-116-es,museosoconusco@hotmail.com,,,,-92.26539,14.91022,-1,-1,http://sic.gob.mx/ficha.php?table=museo&table_id=941,1702475616,Chiapas,NA,1988-02,1988
2071,Museo de Tapachula (MUTAP),,2019-08-06,Ayuntamiento de Tapachula,7,Chiapas,89,Tapachula,806,Tapachula [Algodonera],8va Avenida Nte. 22,Centro,30830,,,,,,,,,-92.26543,14.91021,4,0,http://sic.gob.mx/ficha.php?table=museo&table_id=2071,1685105210,Chiapas,NA,2019-08,2019
587,Museo Comunitario Tøs Ngumguy (Nuestro pueblo),Antropología,2002-04-01,,7,Chiapas,92,Tecpatán,1,Tecpatán,Carr. Rudales-Malpaso s/n,Barrio Costa de Oro,29610,968 653 31 11,http://www.chiapas.gob.mx/funcionarios/estatal/ejecutivo/coneculta,,,cctecpatan@conecultachiapas.gob.mx; carmenmarquez1828@gmail.com,,,,-93.60408,17.19048,-1,-1,http://sic.gob.mx/ficha.php?table=museo&table_id=587,1719850068,Chiapas,NA,2002-04,2002
2094,Sala Introductoria al Sitio de Camino Iglesia Vieja,,2012-11-29,Secretaría de Cutura/INAH,7,Chiapas,97,Tonalá,158,Iglesia Vieja,Carr. Tonalá-Arriaga km. 10,Iglesia Vieja,30514,"966 1151530,",,,https://lugares.inah.gob.mx/es/zonas-arqueologicas/zonas/1682-iglesia-vieja.html,franciscoroger_lopez@inah.gob.mx,,,,-93.74518,16.12977,1,0,http://sic.gob.mx/ficha.php?table=museo&table_id=2094,1720479431,Chiapas,NA,2012-11,2012
1452,Museo Tziscao,Historia,2010-07-20,Parque Natural Ecoturístico Mame de Tziscao S.C. de R.L. de C.V.,7,Chiapas,99,La Trinitaria,1,La Trinitaria,"Carret. La Trinitaria-Palenque Km. 414,","Lago Tziscao, Ejido Tziscao",30160,50257802775,https://ecotziscao.com/2020/08/19/museo-cultural/,,,ecotziscaochiapas@hotmail.com,,,,-91.66655,16.08756,-1,-1,http://sic.gob.mx/ficha.php?table=museo&table_id=1452,1613985263,Chiapas,50257802775,2010-07,2010
2077,Museo de sitio de la Zona Arqueológica de Lagartero,,NA,Secretaría de Cultura/INAH,7,Chiapas,99,La Trinitaria,51,Cristóbal Colón (Lagos de Colón),"Ejido Cristóbal Colón km 11 + 400 (aprox. al ejido), Municipio de La Trinitaria, Chiapas. Acceso al camino desde el Km. 56.7 (aprox.) de la Carr. Panamericana de Comitán-Cd. Cuauhtémoc",,NA,963 6325760,,,,natividad_figueroa@inah.gob.mx,,,,-91.88391,15.82694,0,0,http://sic.gob.mx/ficha.php?table=museo&table_id=2077,1712766576,Chiapas,NA,NA,NA
1508,Museo del Café,Especializado,2009-08-01,Consejo Estatal para las Culturas y las Artes de Chiapas,7,Chiapas,101,Tuxtla Gutiérrez,1,Tuxtla Gutiérrez,2ª Oriente Norte 236,Centro,29000,961  611 14 78,,,,museocafe@conecultachiapas.gob.mx,https://www.facebook.com/museodelcafedechiapas/,,,-93.11392,16.75618,3,1,http://sic.gob.mx/ficha.php?table=museo&table_id=1508,1684325168,Chiapas,NA,2009-08,2009
1147,Museo Chiapas de Ciencia y Tecnología,Ciencia y tecnología,2006-10-22,Consejo de Ciencia y Tecnología del Estado de Chiapas,7,Chiapas,101,Tuxtla Gutiérrez,1,Tuxtla Gutiérrez,Calz. Cerro Hueco 3000,Col. Cerro Hueco,29094,961 691 23 28,https://icti.chiapas.gob.mx/espacios/museo/,,,much@icti.chiapas.gob.mx,https://www.facebook.com/ictich,,,-93.09212,16.72246,3,1,http://sic.gob.mx/ficha.php?table=museo&table_id=1147,1684321884,Chiapas,NA,2006-10,2006
61,Museo Jardín Botánico Faustino Miranda,Ciencia y tecnología,1949-11-20,Secretaría de Medio Ambiente e Historia Natural,7,Chiapas,101,Tuxtla Gutiérrez,1,Tuxtla Gutiérrez,Calz. de los Hombres Ilustres s/n,Fracc. Parque Madero,29000,961  612 36 22 ext. 218 y 219,https://www.semahn.chiapas.gob.mx/portal/desarrollo_forestal/botanico,,,Jardinbotanico@semahn.chiapas.gob.mx,,,,-93.10779,16.75839,4,1,http://sic.gob.mx/ficha.php?table=museo&table_id=61,1660214965,Chiapas,NA,1949-11,1949
66,Museo de la Ciudad Tuxtla Gutiérrez,Historia,1999-08-16,"Fundación Fernando Castañón Gamboa<br>Pro-Museo de la Ciudad de Tuxtla Gutiérrez, A.C.",7,Chiapas,101,Tuxtla Gutiérrez,1,Tuxtla Gutiérrez,Av. Central 288,Centro,29000,961 600 01 16,,,,direccion@museodetuxtla.org; info@museodetuxtla.org,https://www.facebook.com/MuseoDeLaCiudadDeTuxtla,,,-93.16182,16.75231,5,1,http://sic.gob.mx/ficha.php?table=museo&table_id=66,1702382108,Chiapas,NA,1999-08,1999
942,Museo Regional de Chiapas,Historia,1984-09-14,Secretaría de Cultura/INAH,7,Chiapas,101,Tuxtla Gutiérrez,1,Tuxtla Gutiérrez,Hombres Ilustres de la Revolución Mexicana s/n,Centro,29000,961 613 44 79,,,https://lugares.inah.gob.mx/lugar-94-es,museoregionaldechiapas@hotmail.com; valente_molina@inah.gob.mx,,,,-93.10662,16.75964,2,-1,http://sic.gob.mx/ficha.php?table=museo&table_id=942,1702383940,Chiapas,NA,1984-09,1984
2219,Museo de las Artesanías de Chiapas,,2018-09-25,Instituto Casa de las Artesanías de Chiapas,7,Chiapas,101,Tuxtla Gutiérrez,1,Tuxtla Gutiérrez,Blvd.  Belisario Domínguez 2035,Col. Xamaipak,29067,961 602 65 65 exts. 126 y 131,,,,musart.chiapas@gmail.com; camachodyl@gmail.com,https://www.facebook.com/musartdechiapas/,,https://www.instagram.com/musartchiapas,-93.13785,16.75436,3,2,http://sic.gob.mx/ficha.php?table=museo&table_id=2219,1698418662,Chiapas,NA,2018-09,2018
27,Museo de Paleontología Eliseo Palacios Aguilera,Ciencia y tecnología,2002-10-21,Secretaría de Medio Ambiente e Historia Natural/Dirección de Paleontología,7,Chiapas,101,Tuxtla Gutiérrez,1,Tuxtla Gutiérrez,"Calz. de los Hombres Ilustres s/n, Antiguo Parque Madero",Centro,29000,961 600 02 54,,,,paleochis@hotmail.com,https://es-la.facebook.com/Museo-de-Paleontolog%C3%ADa-Eliseo-Palacios-Aguilera-681125888579197/,,,-93.10584,16.75925,0,-1,http://sic.gob.mx/ficha.php?table=museo&table_id=27,1665577974,Chiapas,NA,2002-10,2002
1315,Museo de la Marimba Zeferino Nandayapa Ralda,Arte,2006-03-14,Ayuntamiento de Tuxtla Gutiérrez/Instituto Tuxtleco de Arte y Cultura,7,Chiapas,101,Tuxtla Gutiérrez,1,Tuxtla Gutiérrez,Av. Central s/n esq. 9a. Poniente Nte.,Centro,29000,961 600 01 74,https://tuxtla.gob.mx,,,museodelamarimba@outlook.com; juansuareztenor@gmail.com,https://www.facebook.com/museodelamarimba/,,,-93.12404,16.75501,1,0,http://sic.gob.mx/ficha.php?table=museo&table_id=1315,1736357393,Chiapas,NA,2006-03,2006
45,Museo del Cocodrilo,Ciencia y tecnología,2004-08-03,Gobierno del Estado de Chiapas/Instituto de Historia Natural y Ecología,7,Chiapas,101,Tuxtla Gutiérrez,1,Tuxtla Gutiérrez,Calz. Cerro Hueco s/n,Col. El Zapotal,29000,"961 614 47 01, 614 47 00 ext. 51047",,,,museococodrilo@yahoo.com.mx,https://www.facebook.com/216914951839093/posts/1280711185459459/?locale=mk_MK,,,-93.09654,16.72544,-1,3,http://sic.gob.mx/ficha.php?table=museo&table_id=45,1702383733,Chiapas,NA,2004-08,2004
2027,Museo de la Niñez,Ciencia y tecnología,2018-04-09,Gobierno del Estado de Chiapas,7,Chiapas,101,Tuxtla Gutiérrez,1,Tuxtla Gutiérrez,Blvd. Salomón Gonzalez Blanco esq. con Paso limón,Ampliación Las Palmas,29045,961 688 21 11,,,,informacion@museodelninotgz.org.mx,https://www.facebook.com/museotgz/,,,-93.08135,16.75624,16,0,http://sic.gob.mx/ficha.php?table=museo&table_id=2027,1697534220,Chiapas,NA,2018-04,2018
4,Museo Zoológico César Domínguez Flores,Ciencia y tecnología,1942-10-01,Secretaría de Medio Ambiente e Historia Natural/Gobierno de Chiapas,7,Chiapas,101,Tuxtla Gutiérrez,1,Tuxtla Gutiérrez,Calz. Cerro Hueco s/n,Col.  El Zapotal,29094,(961) 614 47 01,,,,museo_zool@hotmail.com,https://www.facebook.com/ZoologicoCesarDominguezFlores/,,,-93.09453,16.72547,2,1,http://sic.gob.mx/ficha.php?table=museo&table_id=4,1566553349,Chiapas,NA,1942-10,1942
1777,Planetario Tuxtla Jaime Sabines Gutiérrez,Ciencia y tecnología,2012-12-06,Consejo de Ciencia y Tecnología del Estado de Chiapas (COCYTECH),7,Chiapas,101,Tuxtla Gutiérrez,1,Tuxtla Gutiérrez,Av. Quinta Norte Oriente s/n,Parque Madero,29043,961 611 06 62,https://www.icti.chiapas.gob.mx/,,,planetario@cocytech.gob.mx; planetariotuxtlajaime@gmail.com,https://www.facebook.com/planetariotuxtla/,,,-93.10219,16.76017,0,0,http://sic.gob.mx/ficha.php?table=museo&table_id=1777,1661418340,Chiapas,NA,2012-12,2012
138,Museo del Café,Especializado,1997-12-16,"Sociedad Cooperativa Centro Turístico Santo Domingo, S.C.L.",7,Chiapas,105,Unión Juárez,24,Santo Domingo,Palmeras s/n,Barrio Lázaro Cárdenas,30885,(962) 627 00 55,http://www.turismochiapas.gob.mx/sectur/centro-eco-turstico-santo-domingo,,,rosemberg@centroecoturisticosantodomingo.com,,,,-92.1063,15.03018,-1,-1,http://sic.gob.mx/ficha.php?table=museo&table_id=138,1613733644,Chiapas,NA,1997-12,1997
411,Museo Municipal Comunitario Yashlum,Antropología,1997-06-14,Ayuntamiento de Yajalón,7,Chiapas,109,Yajalón,1,Yajalón,Av. Central s/n,Centro,29930,919 674 01 19,,,,hayuntamientoyajalon@gmail.com,,,,-92.33399,17.17393,-1,-1,http://sic.gob.mx/ficha.php?table=museo&table_id=411,1722554705,Chiapas,NA,1997-06,1997
1333,Museo Benito Juárez,Historia,1996-01-01,Ayuntamiento de Ahumada,8,Chihuahua,1,Ahumada,20,Carrizal,Domicilio conocido s/n,Centro,32800,656 664 21 60,,,,mpioahumada0710@hotmail.com,,,,-106.65292,30.56153,-1,-1,http://sic.gob.mx/ficha.php?table=museo&table_id=1333,1725644841,Chihuahua,NA,1996-01,1996
2319,Museo Regional y Centro Cultural Meteorito de Allende,,2012-06-13,"Meteorito de Allende, A.C.",8,Chihuahua,3,Allende,1,Valle de Ignacio Allende,2 de Abril esq. Benito Juárez,Col. Nicolás Fernández,33920,636 144 28 45,,,,museometeoritodeallende@gmail.com,https://www.facebook.com/pages/category/community-services/Asociaci%C3%B3n-Civil-Meteorito-de-Allende-296328264578118/,,,-105.39394,26.93402,4,1,http://sic.gob.mx/ficha.php?table=museo&table_id=2319,1729616792,Chihuahua,NA,2012-06,2012
944,Museo Comunitario de Santa Eulalia,Historia,1985-01-28,"Museos Comunitarios de Chihuahua, A.C.",8,Chihuahua,4,Aquiles Serdán,1,Santa Eulalia,Zaragoza s/n,Centro,31650,(614) 451 51 77,,,,aquileserdan@live.com.mx,,,,-105.88778,28.59389,-1,-1,http://sic.gob.mx/ficha.php?table=museo&table_id=944,1489170723,Chihuahua,NA,1985-01,1985
863,Museo Tarahumara de Arte Popular,Arte,1998-06-13,Gobierno del Estado de Chihuahua,8,Chihuahua,9,Bocoyna,1,Bocoyna,Av. Ferrocarril 178,La Estación Creel,33200,635 456 00 80,,,,casaartesanias@prodigy.net.mx,,,https://www.instagram.com/museo.tarahumara,-107.63491,27.7531,5,1,http://sic.gob.mx/ficha.php?table=museo&table_id=863,1676644554,Chihuahua,NA,1998-06,1998
2404,Museo Casa Camargo,,2009-01-01,,8,Chihuahua,11,Camargo,1,Santa Rosalía de Camargo,Comonfort 104,Centro,33700,648 462 12 38,,,,,,,,-105.16973,27.69498,0,0,http://sic.gob.mx/ficha.php?table=museo&table_id=2404,1697459679,Chihuahua,NA,2009-01,2009
947,Museo de las Culturas del Norte,Arqueología,1996-02-26,Secretaría de Cultura/INAH,8,Chihuahua,13,Casas Grandes,1,Casas Grandes,Av. Zona arqueológica Paquimé s/n,Centro,31850,636 692 41 40,,https://inahchihuahua.wordpress.com/museo-de-las-culturas-del-norte/,https://lugares.inah.gob.mx/lugar-145-es,mauriciosalgado_@inah.gob.mx,https://www.facebook.com/museodelasculturasdelnorteyzonaarqueologicapaquime,,,-107.94986,30.36784,3,0,http://sic.gob.mx/ficha.php?table=museo&table_id=947,1702548611,Chihuahua,NA,1996-02,1996
506,Museo del General Toribio Ortega,Historia,1999-11-14,"Museos Comunitarios de Chihuahua, A.C.",8,Chihuahua,15,Coyame del Sotol,1,Santiago de Coyame,Domicilio conocido s/n,Centro,32850,(626) 454 20 01,,,,,,,,-105.09722,29.46139,-1,-1,http://sic.gob.mx/ficha.php?table=museo&table_id=506,1489173350,Chihuahua,NA,1999-11,1999
1298,Museo Casa de Juárez,Historia,1996-01-01,Asociación Rescate Histórico,8,Chihuahua,16,La Cruz,1,La Cruz,Nigromante y Lerdo de Tejada,Centro,33670,648 475 1579,,,,mpiolacruz12@hotmail.com,,,,-105.19857,27.86255,-1,-1,http://sic.gob.mx/ficha.php?table=museo&table_id=1298,1736874614,Chihuahua,NA,1996-01,1996
2196,Museo de la Ciudad de Cuauhtémoc,,2021-07-19,Instituto de Cultura del Municipio de Cuauhtémoc,8,Chihuahua,17,Cuauhtémoc,1,Cuauhtémoc,Calle Santos Degollado s/n,Col. Progreso. Parque Mirador Cuauhtémoc,31500,625 110 3312,,,,icm.cuauhtemoc@gmail.com,https://www.facebook.com/people/MUSEO-de-la-Ciudad-de-Cuauht%C3%A9moc/100069945107514/,,,-106.86604,28.40631,3,1,http://sic.gob.mx/ficha.php?table=museo&table_id=2196,1672167693,Chihuahua,NA,2021-07,2021
1654,Museo Favela,Antropología,2008-12-06,"Museo Ejido Favela, A.C.",8,Chihuahua,17,Cuauhtémoc,88,Favela,Carr. Libre Cuauhtémoc-Chihuahua,Centro,31600,"Cels. (625) 156 57 95, 114 52 81",,,,museofaveladelmamut@gmail.com,https://www.facebook.com/Museo-del-Mamut-Favela-101812644522039/,,,-106.69693,28.51484,1,1,http://sic.gob.mx/ficha.php?table=museo&table_id=1654,1613992057,Chihuahua,NA,2008-12,2008
1297,Museo y Centro Cultural Menonita,Historia,2001-12-15,"Museo y Centro Cultural Menonita, A.C.",8,Chihuahua,17,Cuauhtémoc,743,Kilómetro 10 Corredor Comercial Manitoba,Carr. Cuauhtémoc-Álvaro Obregón km 10+200 núm. 1024,Col. Manitoba,31500,625 156 56 13,https://www.museomenonita.org,https://www.facebook.com/MuseoMenonita,,info@museomenonita.com; reservaciones@museomenonita.com,,,,-106.9113,28.49188,-1,-1,http://sic.gob.mx/ficha.php?table=museo&table_id=1297,1686664447,Chihuahua,NA,2001-12,2001
1299,Museo Histórico de Cusihuiriachi,Historia,2000-08-10,Ayuntamiento de Cusihuiriachi,8,Chihuahua,18,Cusihuiriachi,1,Cusihuiriachi,Domicilio conocido,Centro,33240,625 590 42 50,https://chihuahuagrande.com/018-cusihuiriachi/,,,cusihuiriachi2124@gmail.com,https://www.facebook.com/261868034234175/posts/521327074954935/,,,-106.83217,28.23762,2,1,http://sic.gob.mx/ficha.php?table=museo&table_id=1299,1714681084,Chihuahua,NA,2000-08,2000
921,Museo de la Lealtad Republicana Casa de Juárez,Historia,1972-10-12,Secretaría de Cultura de Gobierno del Estado de Chihuahua,8,Chihuahua,19,Chihuahua,1,Chihuahua,Av. Juárez 321,Centro,31000,(614) 410 42 58,,,,museocasadejuarez@hotmail.com; agendacasajuarez@gmail.com,https://www.facebook.com/museocasadejuarezoficial,,https://www.instagram.com/museo_casa_de_juarez,-106.07566,28.63868,8,1,http://sic.gob.mx/ficha.php?table=museo&table_id=921,1734622861,Chihuahua,NA,1972-10,1972
927,Museo de Hidalgo,Historia,2004-07-30,Instituto Chihuahuense de la Cultura/Palacio de Gobierno de Chihuahua,8,Chihuahua,19,Chihuahua,1,Chihuahua,Venustiano Carranza y Libertad,Centro,31000,(614) 410 42 58,,,,mlrcasadejuarez@hotmail.com,,,,-106.07386,28.63948,-1,-1,http://sic.gob.mx/ficha.php?table=museo&table_id=927,1539339952,Chihuahua,NA,2004-07,2004
2047,Museo de Sitio del General Toribio Ortega,,2016-12-01,Quinta Touche/Gobierno Municipal de Chihuahua,8,Chihuahua,19,Chihuahua,1,Chihuahua,Av. Independencia y Paseo Bolívar 101,Centro,31000,(614)  200 48 00,,,,,,,,-106.07238,28.63403,0,0,http://sic.gob.mx/ficha.php?table=museo&table_id=2047,1629453155,Chihuahua,NA,2016-12,2016
1302,"Casa Chihuahua, Centro de Patrimonio Cultural/Museo de Sitio Calabozo de Hidalgo",Historia,1972-10-12,"Secretaría de Educación, Cultura y Deporte del Estado de Chihuahua",8,Chihuahua,19,Chihuahua,1,Chihuahua,Libertad 901,Centro,31000,"614 429 33 00 exts. 11724, 11700, 1720, 11701, 11702",http://casachihuahua.org.mx/,,,casachihuahua@gmail.com,https://www.facebook.com/casachihuahua,https://x.com/casachihuahua,,-106.07402,28.63956,-1,1,http://sic.gob.mx/ficha.php?table=museo&table_id=1302,1702385377,Chihuahua,NA,1972-10,1972
1290,Museo Semilla,Ciencia y tecnología,2004-08-12,DIF Estatal,8,Chihuahua,19,Chihuahua,1,Chihuahua,Progreso 1201,Centro,31000,(614) 412 39 12,,,,museosemilla@hotmail.com,https://www.facebook.com/SemillaMuseoInteractivo/?rf=193809283987602,,,-106.08417,28.637,2,-1,http://sic.gob.mx/ficha.php?table=museo&table_id=1290,1614081831,Chihuahua,NA,2004-08,2004
900,Casa Redonda Museo Chihuahuense de Arte Contemporáneo,Arte,2000-09-20,Instituto Chihuahuense de la Cultura,8,Chihuahua,19,Chihuahua,1,Chihuahua,Av. Colón y Escudero s/n,Col. Santo Niño,31320,(614) 414 90 61,,,,museocasaredonda@gmail.com,https://www.facebook.com/museocasaredonda/timeline?ref=page_internal,,,-106.0728,28.65225,3,1,http://sic.gob.mx/ficha.php?table=museo&table_id=900,1614162822,Chihuahua,NA,2000-09,2000
918,Museo Sebastián,Arte,1995-12-03,Ayuntamiento de Chihuahua/Instituto de Cultura del Municipio de Chihuahua,8,Chihuahua,19,Chihuahua,1,Chihuahua,"Parque Rotario, Av. Juárez   601",Centro,31000,(614) 200 48 00 ext. 2424,https://www.icm.gob.mx/directorio/14-museo-sebastian,,,museosicm@gmail.com,https://www.facebook.com/MuseoSebastianCDC/,,https://www.instagram.com/museosebastian,-106.07904,28.63579,1,1,http://sic.gob.mx/ficha.php?table=museo&table_id=918,1727897983,Chihuahua,NA,1995-12,1995
928,Museo Galería de Armas,Historia,2004-07-30,Secretaría de Cultura de Chihuahua,8,Chihuahua,19,Chihuahua,1,Chihuahua,Venustiano Carranza esq. Libertad s/n,Centro,31000,614 410 42 58,,,,mlrcasadejuarez@hotmail.com; mlrcasadejuarez@gmail.com; museocasadejuarez@hotmail.com,,,,-106.07328,28.63898,3,-1,http://sic.gob.mx/ficha.php?table=museo&table_id=928,1663767480,Chihuahua,NA,2004-07,2004
1288,Museo del Mamut,Ciencia y tecnología,2004-10-04,Asociación Civil del Museo de Paleontología,8,Chihuahua,19,Chihuahua,1,Chihuahua,Av. Juárez 2506,Centro,31000,614 437 30 30,,,,carmen.fierro@itesm.mx,https://es-la.facebook.com/Museo-del-Mamut-255092047854810/,,,-106.07046,28.6431,14,1,http://sic.gob.mx/ficha.php?table=museo&table_id=1288,1721678456,Chihuahua,NA,2004-10,2004
1399,Museo Interactivo de Finanzas La Bóveda,TND,2020-01-06,Ayuntamiento de Chihuahua,8,Chihuahua,19,Chihuahua,1,Chihuahua,"Independencia y Victoria, Edif. Regidores  Eloy S. Vallina Lagüera",Centro,31000,614 200 48 00 ext. 2410,,,,,,,,-106.0762,28.63623,-1,-1,http://sic.gob.mx/ficha.php?table=museo&table_id=1399,1698754633,Chihuahua,NA,2020-01,2020
1570,Poliforum Cultural Universitario,Arte,2008-04-01,Universidad Autónoma de Chihuahua,8,Chihuahua,19,Chihuahua,1,Chihuahua,Escorza 900,Centro,31000,(614) 439 15 00 ext. 2026,https://uach.mx/visitantes/poliforum-cultural-universitario/,,,,https://www.facebook.com/PoliforumMuseoUniversitarioUach/,,,-106.07226,28.63818,4,2,http://sic.gob.mx/ficha.php?table=museo&table_id=1570,1647251614,Chihuahua,NA,2008-04,2008
922,Museo del Centro Cultural Universitario Quinta Gameros,Historia,1961-11-22,Universidad Autónoma de Chihuahua,8,Chihuahua,19,Chihuahua,1,Chihuahua,Av. Paseo Simón Bolívar 401,Centro,31000,(614) 416 66 84,,,,ccuquintagameros@gmail.com,https://www.facebook.com/ccuquintagameros/,,,-106.0738,28.63225,-1,-1,http://sic.gob.mx/ficha.php?table=museo&table_id=922,1566555785,Chihuahua,NA,1961-11,1961
926,Museo Histórico de la Revolución,Historia,1982-11-17,Secretaría de la Defensa Nacional (SEDENA)/Dirección General de Archivo e Historia,8,Chihuahua,19,Chihuahua,1,Chihuahua,Décima 3010,Col. Santa Rosa,31050,614 416 2958,http://www.gob.mx/sedena/acciones-y-programas/museo-historico-de-la-revolucion,https://www.cultura.cdmx.gob.mx/recintos/mnr,,mus_histrevol@mail.sedena.gob.mx,,,,-106.06862,28.62643,-1,-1,http://sic.gob.mx/ficha.php?table=museo&table_id=926,1725912554,Chihuahua,NA,1982-11,1982
946,Museo Comunitario Tarike,Historia,1982-10-12,"Fundación Cultural Tarike, A.C.",8,Chihuahua,19,Chihuahua,1,Chihuahua,Calle Cuarta 2610,Centro,31000,614 410 2870,,,,museotarike@gmail.com,https://www.facebook.com/TarikeMuseo/,,,-106.06952,28.62972,4,1,http://sic.gob.mx/ficha.php?table=museo&table_id=946,1695824388,Chihuahua,NA,1982-10,1982
1926,Museo Ex-Hacienda El Sauz,Historia,2017-04-01,Ex Hacienda El Sauz/Dirección de Desarrollo Económico y Turístico del Municipio de Chihuahua,8,Chihuahua,19,Chihuahua,300,El Sauz,Av. Juárez esq. Argentina,Col. El Sauz,31630,614 174 7615,,,,museoelsauz@gmail.com; elsauzchihuahua@yahoo.com.mx,https://www.facebook.com/elsauzmuseoexhacienda/,,,-106.25349,29.05033,2,0,http://sic.gob.mx/ficha.php?table=museo&table_id=1926,1682702597,Chihuahua,NA,2017-04,2017
1455,Museo del Desierto Chihuahuense (MUDECH),Ciencia y tecnología,2010-03-20,Gobierno del Estado de Chihuahua/Instituto Chihuahuense de la Cultura,8,Chihuahua,21,Delicias,1,Delicias,Septima Sur esq. Av. Gente s/n,Fracc. Valle Verde,33093,639 125 04 52,,,,museodeldesiertochihuahuense@hotmail.com,https://www.facebook.com/MUDECHOficial/,,,-105.48974,28.16693,4,1,http://sic.gob.mx/ficha.php?table=museo&table_id=1455,1686665148,Chihuahua,NA,2010-03,2010
761,Museo de Paleontología de Delicias,Ciencia y tecnología,1982-05-08,Ayuntamiento de Delicias,8,Chihuahua,21,Delicias,1,Delicias,Av. Río Chuviscar Norte 2,Centro,33000,(639) 474 40 68,http://www.museodepaleontologia.com,https://www.facebook.com/museopaleontologia,,sistemas@museodepaleontologia.com,,,,-105.46927,28.19562,2,1,http://sic.gob.mx/ficha.php?table=museo&table_id=761,1539343527,Chihuahua,NA,1982-05,1982
1896,Museo de Sitio Huellas de Nuestros Pasos,Historia,2015-04-01,Ayuntamiento de Delicias/Coordinación de Cultura,8,Chihuahua,21,Delicias,1,Delicias,Av. del Parque Nte. 2 esq. Círculo del Reloj Público,Centro,33000,(639) 472 38 80,,,,msitio.hdnp@gmail.com,https://www.facebook.com/Museo-de-Sitio-Huellas-de-Nuestros-Pasos-605418899593435/,,,-105.47764,28.19854,0,0,http://sic.gob.mx/ficha.php?table=museo&table_id=1896,1566555663,Chihuahua,NA,2015-04,2015
1292,Museo Regional de Cultura Galeana,Historia,NA,Ayuntamiento de Galeana,8,Chihuahua,23,Galeana,1,Hermenegildo Galeana,Av. Progreso 301,Centro,31870,(636) 661 11 23 ext. 112,,,,educacionyculturag@hotmail.com,,,,-107.61606,30.1122,-1,-1,http://sic.gob.mx/ficha.php?table=museo&table_id=1292,1489174667,Chihuahua,NA,NA,NA
550,Museo Comunitario Norawa,Antropología,1998-06-29,Ayuntamiento de Guachochi/Departamento de Fomento Económico y Turismo,8,Chihuahua,27,Guachochi,1,Guachochi,Paseo de las Garzas s/n,Col. La Hacienda,33180,649 543 01 51 ext.  117,,,,turismo@guachochi.mx,https://www.facebook.com/photo/?fbid=1075678580651219&set=a.632478958304519,,,-107.07849,26.8344,4,0,http://sic.gob.mx/ficha.php?table=museo&table_id=550,1720567917,Chihuahua,NA,1998-06,1998
2327,Museo de San Ignacio de Loyola de Arte Sacro,,NA,,8,Chihuahua,27,Guachochi,31,Cusárare,Domicilio conocido,Centro de Cusárare,33195,635 456 01 50,,,,,,,,-107.53908,27.60171,0,0,http://sic.gob.mx/ficha.php?table=museo&table_id=2327,1676641420,Chihuahua,NA,NA,NA
874,Museo Towi (en proceso de remodelación),Antropología,1994-05-01,"Museos Comunitarios de Chihuahua, A.C.",8,Chihuahua,27,Guachochi,70,Rocheachi,Domicilio conocido,,33180,627 120 84 93,,,,marcosbus05@hotmail.com,,,,-107.22914,26.89565,2,0,http://sic.gob.mx/ficha.php?table=museo&table_id=874,1628786134,Chihuahua,NA,1994-05,1994
398,Museo Comunitario Tomochic,Historia,1992-10-19,Ayuntamiento de Guerrero,8,Chihuahua,31,Guerrero,1,Vicente Guerrero,Domicilio conocido,Centro,31691,635 456 01 70,,,,,,,,-107.04679,29.0918,-1,-1,http://sic.gob.mx/ficha.php?table=museo&table_id=398,1676027630,Chihuahua,NA,1992-10,1992
943,Museo Comunitario Abraham González,Historia,1984-11-20,"Museos Comunitarios de Chihuahua, A.C.",8,Chihuahua,31,Guerrero,1,Vicente Guerrero,Victoria 300,Centro,31680,625 101 3601,,,,,,,,-107.48496,28.54694,6,-1,http://sic.gob.mx/ficha.php?table=museo&table_id=943,1675955827,Chihuahua,NA,1984-11,1984
1400,Museo Comunitario Ferrocarrilero,Historia,2007-01-01,Presidencia Seccional La Junta,8,Chihuahua,31,Guerrero,3,La Junta,20 de Noviembre s/n esq. Segunda,Centro,31690,635 583 01 32,,,,lajunta.desasocial@gmail.com,,,,-107.33167,28.47778,1,0,http://sic.gob.mx/ficha.php?table=museo&table_id=1400,1659976939,Chihuahua,NA,2007-01,2007
1963,Casa Museo Palacio Alvarado,Historia,2003-05-30,Secretaría de Cultura del Estado de Chihuahua/Centro Cultural Palacio Alvarado,8,Chihuahua,32,Hidalgo del Parral,1,Hidalgo del Parral,Riva Palacio y Lic. Francisco Primo de Verdad 2,Centro,33800,627  522 02 90,,,,palacioalvarado@hotmail.com,https://www.facebook.com/PalacioAlvaradoOficial/,,,-105.67077,26.93263,0,0,http://sic.gob.mx/ficha.php?table=museo&table_id=1963,1702385429,Chihuahua,NA,2003-05,2003
1377,Museo Mina la Prieta,Ciencia y tecnología,NA,Ayuntamiento de Hidalgo del Parral,8,Chihuahua,32,Hidalgo del Parral,1,Hidalgo del Parral,Estaño s/n,Col. Fátima,33800,627 525 4400,,https://www.mexicoescultura.com/recinto/66546/museo-mina-la-prieta.html,,tyc.parral@gmail.com,,,,-105.66554,26.93836,-1,-1,http://sic.gob.mx/ficha.php?table=museo&table_id=1377,1713287038,Chihuahua,NA,NA,NA
672,Museo Francisco Villa,Historia,2000-07-20,,8,Chihuahua,32,Hidalgo del Parral,1,Hidalgo del Parral,Gabino Barreda s/n,Centro,33800,627 525 4400,https://www.elsoldeparral.com.mx/local/parral/museo-de-francisco-villa-el-primer-recinto-historico-inaugurado-en-parral-como-una-biblioteca-11350264.html,,,tyc.parral@gmail.com,,,,-105.67273,26.93289,-1,-1,http://sic.gob.mx/ficha.php?table=museo&table_id=672,1713285150,Chihuahua,NA,2000-07,2000
1296,Museo de Arte Sacro,Arte,2000-12-20,Diósesis de Parral,8,Chihuahua,32,Hidalgo del Parral,1,Hidalgo del Parral,Maclovio Herrera 58,Centro,33800,(627) 522 20 52,,,,malach_rdz@hotmail.es,,,,-105.67072,26.93325,-1,-1,http://sic.gob.mx/ficha.php?table=museo&table_id=1296,1539265889,Chihuahua,NA,2000-12,2000
1922,Museo de Sitio Centauro del Norte,Historia,2016-03-19,Gobierno del Estado de Chihuahua,8,Chihuahua,32,Hidalgo del Parral,1,Hidalgo del Parral,Pedro Teódulo Gómez 2,Centro,33800,(627) 522 02 90,,,,centaurodelnorte_1923@hotmail.com,https://es-la.facebook.com/pages/biz/Museo-De-Sitio-Centauro-del-Norte-1316660858381785/,,,-105.669,26.93327,6,0,http://sic.gob.mx/ficha.php?table=museo&table_id=1922,1614088206,Chihuahua,NA,2016-03,2016
2058,Museo de Historia Regional de Parral Casa Griensen,Historia,2017-07-17,Secretaría de Cultura de Chihuahua,8,Chihuahua,32,Hidalgo del Parral,1,Hidalgo del Parral,Gral. Maclovio Herrera 139,Centro,33800,(627) 522 02 90,http://secretariadecultura.chihuahua.gob.mx/precinct-detail.php?id=15,,,email@scultura.com,,,,-105.67099,26.93309,14,3,http://sic.gob.mx/ficha.php?table=museo&table_id=2058,1613997961,Chihuahua,NA,2017-07,2017
1465,Museo de la Revolución en la Frontera  (MUREF),Historia,2010-11-18,Secretaría de Cultura/INAH,8,Chihuahua,37,Juárez,1,Juárez,Av. Benito Juárez s/n esq. Av. 16 de Septiembre,Centro,32000,656 612 47 07 ext. 178156,https://inahchihuahua.wordpress.com/museo-de-la-revolucion-en-la-frontera-muref/,,https://www.inah.gob.mx/museos/museo-de-la-revolucion-en-la-frontera-ex-aduana-de-ciudad-juarez,info@muref.org; muref.dinamizacion@gmail.com,https://www.facebook.com/Museodelarevolucionenlafrontera/,,,-106.4841,31.7386,9,-1,http://sic.gob.mx/ficha.php?table=museo&table_id=1465,1709640422,Chihuahua,NA,2010-11,2010
1626,La Rodadora Espacio Interactivo,Ciencia y tecnología,2013-08-08,"Patronato del Museo del Niño de Ciudad Juárez, A.C.",8,Chihuahua,37,Juárez,1,Juárez,"Blvd. Teófilo Borunda 6632, Int. del Parque Central Poniente Hermanos Escobar",Col. Jarudo del Norte,32652,656 257 09 09,http://larodadora.org,,,info@larodadora.org; direccion@larodadora.org,https://www.facebook.com/LaRodadora,https://x.com/La_Rodadora,,-106.42819,31.69001,4,1,http://sic.gob.mx/ficha.php?table=museo&table_id=1626,1725478924,Chihuahua,NA,2013-08,2013
292,Museo de Arqueología  e Historia de El Chamizal,Arqueología,1976-01-01,Ayuntamiento de Juárez-Instituto para la Cultura del Municipio de Juárez,8,Chihuahua,37,Juárez,1,Juárez,C. C 51,Parque Público de El Chamizal,32030,(656) 737 09 47,mahch@ipacult.org,,,museodeelchamizal@gmail.com,https://www.facebook.com/MuseoElChamizal/,,,-106.45832,31.7585,2,1,http://sic.gob.mx/ficha.php?table=museo&table_id=292,1711411541,Chihuahua,NA,1976-01,1976
2138,Museo Galería Laberinto del Quinto Sol,,2021-05-27,,8,Chihuahua,37,Juárez,1,Juárez,Calle de los Portales,Campestre San Marcos,32450,,,,,,https://www.facebook.com/people/Laberinto-del-Quinto-Sol/100063570566275/,,https://www.instagram.com/museo_laberinto_quinto_sol,-106.41344,31.72828,3,0,http://sic.gob.mx/ficha.php?table=museo&table_id=2138,1692906670,Chihuahua,NA,2021-05,2021
176,Museo Regional del Valle de Juárez,Ciencia y tecnología,1979-04-30,"Ayuntamiento de Juárez, Dirección General de Educación y Cultura",8,Chihuahua,37,Juárez,1,Juárez,Carr. Juárez-Porvenir km 29,Ejido San Agustín,33721,656 205 07 13,,,,museovallejrz@gmail.com,https://www.facebook.com/MuseoDelValleJrz/,,,-106.26045,31.51826,7,2,http://sic.gob.mx/ficha.php?table=museo&table_id=176,1686669456,Chihuahua,NA,1979-04,1979
2073,Sala de Arte Germán Valdés Tin Tan,,2018-08-08,Instituto para la Cultura del Municipio de Juárez/Ayuntamiento de Cd. Juárez,8,Chihuahua,37,Juárez,1,Juárez,Begonias 620 esq. Ignacio Mariscal,Col. Bellavista,32000,(656) 446 88 82,,,,saladeartetintan@gmail.com,https://www.facebook.com/SalaDeArteTinTan/,,,-106.48602,31.74277,0,0,http://sic.gob.mx/ficha.php?table=museo&table_id=2073,1610463214,Chihuahua,NA,2018-08,2018
468,Museo de Arte de Ciudad Juárez,Arte,1964-09-01,Secretaría de Cultura/INBA,8,Chihuahua,37,Juárez,1,Juárez,Av. Abraham Lincoln y Coyoacán s/n,Col. Zona PRONAF,32310,(656) 146 16 30,http://www.museodeartejuarez.bellasartes.gob.mx/,,,museodearte.cdjuarez@gmail.com,https://www.facebook.com/museodeartedeciudadjuarez/,,,-106.45445,31.74112,-1,3,http://sic.gob.mx/ficha.php?table=museo&table_id=468,1614165791,Chihuahua,NA,1964-09,1964
1300,Museo de Paleontología,Ciencia y tecnología,2002-06-15,Ayuntamiento de Julimes,8,Chihuahua,38,Julimes,1,Julimes,Hidalgo y Ocampo núm. 1,Centro,32950,(621) 478 00 01,,,,florcig@live.com,,,,-105.43056,28.42306,2,1,http://sic.gob.mx/ficha.php?table=museo&table_id=1300,1614180673,Chihuahua,NA,2002-06,2002
2088,Sala introductoria a la Zona Arqueológica de las Cuarenta Casas,,NA,Secretaría de Cultura/INAH,8,Chihuahua,40,Madera,1,Madera,Carr. Ciudad Madera - Mesa del Huracán Km. 42.5,,NA,(614) 410 39 48 ext. 178040,https://lugares.inah.gob.mx/es/zonas-arqueologicas/zonas/1689-cuarenta-casas.html?lugar_id=1689,,,francisco_zuniga@inah.gob.mx,,,,-108.1688,29.55458,0,0,http://sic.gob.mx/ficha.php?table=museo&table_id=2088,1716579648,Chihuahua,NA,NA,NA
463,Museo Ciénega de San Pedro,Historia,1992-04-26,"Museos Comunitarios de Chihuahua, A.C.",8,Chihuahua,40,Madera,1,Madera,Domicilio Coocido,Centro,31940,(652) 572 10 11,,,,,,,,-108.14148,29.19,-1,-1,http://sic.gob.mx/ficha.php?table=museo&table_id=463,1570791382,Chihuahua,NA,1992-04,1992
474,Museo Comunitario Cuarenta Casas,Arqueología,1983-06-06,"Museos Comunitarios de Chihuahua, A.C.",8,Chihuahua,40,Madera,26,Nicolás Bravo,Socorro Rivera s/n,,31900,(652) 572 10 11,,,,,,,,-108.16749,29.5536,-1,-1,http://sic.gob.mx/ficha.php?table=museo&table_id=474,1580836784,Chihuahua,NA,1983-06,1983
1376,Museo N'nee Apache,TND,2021-03-05,Municipal,8,Chihuahua,50,Nuevo Casas Grandes,1,Nuevo Casas Grandes,Revolución,Centro,31750,614 464 22 57,,,,,https://www.facebook.com/museonneeapache/,,,-107.94848,30.37862,-1,-1,http://sic.gob.mx/ficha.php?table=museo&table_id=1376,1682536427,Chihuahua,NA,2021-03,2021
795,Museo Regional Ojinaga,Ciencia y tecnología,2018-10-20,"Patronato Cultural Amigos de Ojinaga, A.C.",8,Chihuahua,52,Ojinaga,1,Manuel Ojinaga,Blvd. Libre Comercio y Av. J.M. Morelos s/n,Col. Constitución,32882,626  453 12 59,,,,museoojinaga@gmail.com,https://www.facebook.com/museoojinaga/,,,-104.4034,29.55857,5,-1,http://sic.gob.mx/ficha.php?table=museo&table_id=795,1695296252,Chihuahua,NA,2018-10,2018
1301,Museo Casa Habitación de Doña Luz Corral de Villa,Historia,1982-11-17,Ayuntamiento de Riva Palacio,8,Chihuahua,54,Riva Palacio,1,San Andrés,Domicilio conocido s/n,Centro,31640,614 455 7034,,,,presidenciaderivapalacio@hotmail.com,,,,-106.50323,28.54654,-1,-1,http://sic.gob.mx/ficha.php?table=museo&table_id=1301,1726250714,Chihuahua,NA,1982-11,1982
945,Museo Comunitario El Minero,Historia,1985-01-01,"Museos Comunitarios de Chihuahua, A.C.",8,Chihuahua,60,Santa Bárbara,1,Santa Bárbara,Allende 26,Centro,33580,,http://museocomunitarioelminero.blogspot.com/,,,,,,,-105.81761,26.802,-1,-1,http://sic.gob.mx/ficha.php?table=museo&table_id=945,1489425353,Chihuahua,NA,1985-01,1985
510,Museo Raíces de Satevó,Historia,1991-08-25,Ayuntamiento de Satevó,8,Chihuahua,61,Satevó,1,San Francisco Javier de Satevó,Domicilio Conocido,Centro,33150,(614) 455 30 17 Pcia. Municipal,,,,satevods@hotmail.com,,,,-106.10647,27.95565,5,-1,http://sic.gob.mx/ficha.php?table=museo&table_id=510,1613990055,Chihuahua,NA,1991-08,1991
1233,Museo Tezozómoc,Ciencia y tecnología,1999-08-09,IPN/Direccion de Difusión de Ciencia y Tecnología,9,Ciudad de México,2,Azcapotzalco,1,Azcapotzalco,Av. Zempoaltecas s/n esq. Av. Manuel Salazar,Col. Ex Hacienda El Rosario,2420,"55 5729 6000 exts. 64801, 64817",https://www.ipn.mx/ddicyt/museo-tezozomoc.html,,,museotezozomoc@ipn.mx,https://www.facebook.com/MuseoTezozomocIPN,https://x.com/MuseoTezozomoc,,-99.20693,19.49674,3,1,http://sic.gob.mx/ficha.php?table=museo&table_id=1233,1678366785,Ciudad de México,NA,1999-08,1999
727,Museo de  Azcapotzalco,Arte,2018-08-30,Alcaldía  Azcapotzalco,9,Ciudad de México,2,Azcapotzalco,1,Azcapotzalco,Hacienda del Rosario s/n,Col. Prados del Rosario,2420,55 5318 5334,https://www.mexicoescultura.com/recinto/68039/museo-de-azcapotzalco.html,https://www.101museos.com/museos/ciudad_de_mexico/318/museo-de-azcapotzalco,,,https://www.facebook.com/pages/Museo%20De%20Azcapotzalco/1984626054922960/,,,-99.20966,19.50138,2,0,http://sic.gob.mx/ficha.php?table=museo&table_id=727,1697550529,Ciudad de México,NA,2018-08,2018
1476,Museo del Ejército y Fuerza Aérea,Historia,2010-09-13,Dirección General de Archivo e Historia de la Secretaría de la Defensa Nacional (SEDENA),9,Ciudad de México,3,Coyoacán,1,Coyoacán,Calz. de Tlalpan 1836,Col. Country Club,4220,55 5336 5727,https://www.gob.mx/sedena/acciones-y-programas/museo-del-ejercito-y-fuerza-aerea-cd-de-mex,https://www.gob.mx/defensa/acciones-y-programas/museo-del-ejercito-y-fuerza-aerea-cd-de-mex,,muefa.2010@gmail.com,,,,-99.14518,19.35111,2,-1,http://sic.gob.mx/ficha.php?table=museo&table_id=1476,1738182691,Ciudad de México,NA,2010-09,2010
1224,Museo Universitario de Arte Contemporáneo (MUAC),Arte,2008-11-26,UNAM,9,Ciudad de México,3,Coyoacán,1,Coyoacán,"Av. Insurgentes Sur 3000, Centro Cultural Universitario",Cd. Universitaria,4510,55 5622 6972,https://muac.unam.mx/,,,informes@muac.unam.mx,,https://x.com/muac_unam,,-99.18538,19.31442,9,-1,http://sic.gob.mx/ficha.php?table=museo&table_id=1224,1707303435,Ciudad de México,NA,2008-11,2008
287,Museo Frida Kahlo,Arte,1958-07-12,Fideicomiso Museos Diego Rivera y Frida Kahlo,9,Ciudad de México,3,Coyoacán,1,Coyoacán,Londres 247,Col. Del Carmen Coyoacán,4100,55 5554 5999,http://www.museofridakahlo.org.mx,https://www.museofridakahlo.org.mx/virtual/,,relacionespublicas@museofridakahlo.org.mx,https://www.facebook.com/museofridakahlo,,,-99.16221,19.35501,0,5,http://sic.gob.mx/ficha.php?table=museo&table_id=287,1724695462,Ciudad de México,NA,1958-07,1958
978,Museo Nacional de las Intervenciones,Historia,1981-09-13,Secretaría de Cultura/INAH,9,Ciudad de México,3,Coyoacán,1,Coyoacán,General Anaya s/n esq. Calle 20 de Agosto s/n,Col. San Diego Churubusco,4120,55 5604 0699,https://www.intervenciones.inah.gob.mx/sitio/index.php,,https://lugares.inah.gob.mx/lugar-74-es,cecilia_genel@inah.gob.mx; leslie_cabriada@inah.gob.mx,https://es-la.facebook.com/museodelasintervenciones,https://x.com/MIntervenciones,,-99.14879,19.35464,11,2,http://sic.gob.mx/ficha.php?table=museo&table_id=978,1697534509,Ciudad de México,NA,1981-09,1981
507,Museo Universitario de Ciencias y Artes (MUCA),Arte,1960-02-01,UNAM,9,Ciudad de México,3,Coyoacán,1,Coyoacán,Circuito Interior Universitario s/n,Ciudad Universitaria,4510,55 5622 0212,https://muca.unam.mx/,,,muca@unam.mx,https://www.facebook.com/MUCA.CAMPUS/,,,-99.18772,19.33096,-1,-1,http://sic.gob.mx/ficha.php?table=museo&table_id=507,1697552633,Ciudad de México,NA,1960-02,1960
2205,Pabellón Nacional de la Biodiversidad. Museo interactivo y espacio de investigación,Ciencia y tecnología,2021-10-05,UNAM/Instituto de Biología/Fundación SLIM,9,Ciudad de México,3,Coyoacán,1,Coyoacán,Circuito Centro Cultural Universitario,Ciudad Universitaria,4510,55 5622 8222 ext. 82579,https://www.ib.unam.mx/ib/pabio/,https://pabio.pruebat.org/,,pabio@ib.unam.mx,https://www.facebook.com/PaBioUNAM,https://x.com/PaBioUNAM,https://www.instagram.com/pabiounam,-99.18343,19.31179,6,1,http://sic.gob.mx/ficha.php?table=museo&table_id=2205,1719595996,Ciudad de México,NA,2021-10,2021
2384,Casa Fuerte del Indio Fernández,,NA,,9,Ciudad de México,3,Coyoacán,1,Coyoacán,Ignacio Zaragoza 51,Santa Catarina,4010,55 6475 2670,,,,,https://www.facebook.com/MonumentalCasaIndioFdez/?locale=es_LA,https://x.com/CasaFuerteIndio,,-99.17395,19.34791,0,0,http://sic.gob.mx/ficha.php?table=museo&table_id=2384,1687275716,Ciudad de México,NA,NA,NA
442,Museo Anahuacalli,Arqueología,1964-09-18,Fideicomiso Museos Diego Rivera y Frida Kahlo,9,Ciudad de México,3,Coyoacán,1,Coyoacán,Museo 150,Col. San Pablo Tepetlapa,4620,55 5617 4310,http://www.museoanahuacalli.org.mx,,,actividadesculturales@museoanahuacalli.org.mx,https://www.facebook.com/museoanahuacalli/,https://x.com/anahuacalli,,-99.14451,19.3227,24,1,http://sic.gob.mx/ficha.php?table=museo&table_id=442,1678963471,Ciudad de México,NA,1964-09,1964
396,Museo de Anatomopatología Veterinaria Manuel H. Sarvide,Ciencia y tecnología,1938-01-01,UNAM/Facultad de Medicina Veterinaria y Zootecnia,9,Ciudad de México,3,Coyoacán,1,Coyoacán,Av. Universidad 3000,Cd. Universitaria,4510,55 5622 5888 ext. 112,http://www.fmvz.unam.mx/fmvz/departamentos/patologia/museo.html,,,museopatologia.fmvzunam@gmail.com; comunicacion.fmvz@hotmail.com,https://www.facebook.com/FMVZ.UNAM.Oficial/,,,-99.17774,19.329,1,0,http://sic.gob.mx/ficha.php?table=museo&table_id=396,1678969586,Ciudad de México,NA,1938-01,1938
449,Universum Museo de las Ciencias,Ciencia y tecnología,1992-12-12,UNAM/Dirección General de Divulgación de la Ciencia,9,Ciudad de México,3,Coyoacán,1,Coyoacán,Circuito Cultural s/n,Cd. Universitaria,4510,55 5424 0694,http://www.universum.unam.mx,,,atencionv@dgdc.unam.mx; mariaemi@unam.mx,,https://x.com/UniversumMuseo,https://www.instagram.com/museouniversum,-99.18057,19.31136,13,0,http://sic.gob.mx/ficha.php?table=museo&table_id=449,1714410185,Ciudad de México,NA,1992-12,1992
852,Museo del Retrato Hablado (Cerrado por remodelación),Especializado,2002-01-01,"Instituto de Investigaciones Humanas, A.C.",9,Ciudad de México,3,Coyoacán,1,Coyoacán,Av. Universidad 1330,Col. Del Carmen,4100,55 5659 6015,,https://www.turismoencdmx.com/portal/art4179_Museo_del_Retrato_Hablado.html,,gabrielajaubert@hotmail.com,,,,-99.17173,19.35895,-1,-1,http://sic.gob.mx/ficha.php?table=museo&table_id=852,1678980254,Ciudad de México,NA,2002-01,2002
789,Museo Nacional de la Acuarela Alfredo Guati Rojo,Arte,1967-12-21,"Museo Nacional de la Acuarela Alfredo Guati Rojo, A.C.",9,Ciudad de México,3,Coyoacán,1,Coyoacán,Salvador Novo 88,Barrio de Santa Catarina,4010,55 5554 8359,https://acuarela.org.mx/,,,avisos@acuarela.org.mx; scarlet.galindo@acuarela.org.mx,https://www.facebook.com/MuseoDeLaAcuarela,https://x.com/i,https://www.instagram.com/munacua,-99.17709,19.34858,8,1,http://sic.gob.mx/ficha.php?table=museo&table_id=789,1709632859,Ciudad de México,NA,1967-12,1967
966,Instituto del Derecho de Asilo Museo Casa de León Trotsky,Historia,1990-08-21,Instituto del Derecho de Asilo Museo casa de León Trotsky A.C.,9,Ciudad de México,3,Coyoacán,1,Coyoacán,Av. Río Churubusco 410,Col. Del Carmen Coyoacán,4100,55 5658 8732,http://museotrotsky.org.mx/,,,museotrotsky@outlook.com; leontrotskymuseo@gmail.com,https://www.facebook.com/museocasadeleontrotsky/,https://x.com/museo_trotsky,https://www.instagram.com/museocasadeleontrotsky,-99.15933,19.35766,2,1,http://sic.gob.mx/ficha.php?table=museo&table_id=966,1734639052,Ciudad de México,NA,1990-08,1990
976,Museo Nacional de Culturas Populares,Arte,1982-09-24,"Secretaría de Cultura/Dirección General de Culturas Populares, Indígenas y Urbanas",9,Ciudad de México,3,Coyoacán,1,Coyoacán,Av. Hidalgo 289,Col. Del Carmen,4100,"55 4155 0920 exts. 7900, 7901",https://mncp.cultura.gob.mx,,,cpmncp@cultura.gob.mx,https://www.facebook.com/MuseoNacionaldeCulturasPopulares,https://x.com/MNCP_DGCP,https://www.instagram.com/museoculturaspopulares,-99.16102,19.34995,4,0,http://sic.gob.mx/ficha.php?table=museo&table_id=976,1732894325,Ciudad de México,NA,1982-09,1982
906,Museo Bicentenario del Ex Convento del Desierto de los Leones,Arte,2004-06-01,Alcaldía Cuajimalpa/Dirección General de Desarrollo Social,9,Ciudad de México,4,Cuajimalpa de Morelos,1,Cuajimalpa de Morelos,Carr. México-Toluca s/n,Col. La Venta,5020,55 5814 1172,https://cartelera.cdmx.gob.mx/10100/12-01-2023/museo-bicentenario-del-ex-convento-del-desierto-de-los-leones,,,jojiga2010@hotmail.com,https://es-la.facebook.com/Ex-Convento-del-Desierto-de-los-Leones-1250356448337029/,,,-99.31043,19.31303,-1,-1,http://sic.gob.mx/ficha.php?table=museo&table_id=906,1729800065,Ciudad de México,NA,2004-06,2004
1821,Museo Miguel Hidalgo,Historia,2000-09-01,Alaldía Cuajimalpa de Morelos/Dirección Ejecutiva de  Promoción Deportiva y Turismo Social,9,Ciudad de México,4,Cuajimalpa de Morelos,1,Cuajimalpa de Morelos,Av. Juárez s/n esq. Veracruz,Centro,5000,55 7090 4482,,,,,,,,-99.29896,19.35664,1,0,http://sic.gob.mx/ficha.php?table=museo&table_id=1821,1614950953,Ciudad de México,NA,2000-09,2000
1820,Museo Centro Cultural Nacional Pedro Infante,Historia,2015-03-01,Cuajimalpa/Dirección General de Desarrollo Social/Dirección de Cultura Cívica,9,Ciudad de México,4,Cuajimalpa de Morelos,1,Cuajimalpa de Morelos,Av. Juárez s/n esq. Veracruz,Centro,5000,55 5814 1100 ext. 2212,,,,recumex@yahoo.com.mx,https://www.facebook.com/profile.php?id=100057558335921,,,-99.29932,19.35727,2,0,http://sic.gob.mx/ficha.php?table=museo&table_id=1820,1684843423,Ciudad de México,NA,2015-03,2015
1285,Museo de los Ferrocarrileros,Historia,2006-05-01,Secretaría de Cultura de la Ciudad de México,9,Ciudad de México,5,Gustavo A. Madero,1,Gustavo A. Madero,Alberto Herrera s/n esq. Hidalgo y Aquiles Serdán,Col. Aragón La Villa,7000,55 5118 6407,http://www.cultura.cdmx.gob.mx/recintos/mf,,,museodelosferrocarrileros@gmail.com,https://www.facebook.com/museodelosferrocarrilerosoficial,,,-99.11704,19.48142,-1,-1,http://sic.gob.mx/ficha.php?table=museo&table_id=1285,1685026607,Ciudad de México,NA,2006-05,2006
732,Museo de Figuras de Cera de la Villa,Especializado,1957-12-12,Particular,9,Ciudad de México,5,Gustavo A. Madero,1,Gustavo A. Madero,Calz. de los Misterios 880,Col. Tepeyac Insurgentes,7020,55 5781 9455,,http://www.chilango.com/ciudad/nota/2012/12/12/el-museo-de-cera-mas-antiguo-del-pais,,,,,,-99.11735,19.48566,-1,-1,http://sic.gob.mx/ficha.php?table=museo&table_id=732,1662729797,Ciudad de México,NA,1957-12,1957
537,Planetario Luis Enrique Erro,Ciencia y tecnología,1967-01-02,Instituto Politécnico Nacional (IPN),9,Ciudad de México,5,Gustavo A. Madero,1,Gustavo A. Madero,Av. Wilfrido Massieu s/n,Col. Zacatenco,7738,55 5729 6000 ext. 53925,https://www.ipn.mx/ddicyt/planetario.html,,,jjrodriguez@ipn.mx,https://www.facebook.com/PlanetarioLuisEnriqueErroIPNoficial,,,-99.13982,19.49687,0,0,http://sic.gob.mx/ficha.php?table=museo&table_id=537,1690192102,Ciudad de México,NA,1967-01,1967
1706,El Museo de Historia del Mormonismo en México,Historia,1991-10-01,"El Museo de Historia del Mormonismo en México, A.C.",9,Ciudad de México,5,Gustavo A. Madero,1,Gustavo A. Madero,Av. 510 núm. 79,"Col. San Juan de Aragón, 1a. sección",7950,,https://www.saladeprensamormona.org.mx/articulo/museo-del-mormonismo-en-m-xico,https://www.facebook.com/mmmh.mx,,frgmuseo1@gmail.com,,,,-99.08759,19.4649,-1,-1,http://sic.gob.mx/ficha.php?table=museo&table_id=1706,1587644283,Ciudad de México,NA,1991-10,1991
728,Museo de la Basílica de Guadalupe,Arte,1941-10-12,Insigne y Nacional Basílica de Santa María de Guadalupe,9,Ciudad de México,5,Gustavo A. Madero,1,Gustavo A. Madero,Plaza de las Américas 1,Col. Villa de Guadalupe,7050,"55 5577 6022 exts. 175, 189, 137, 206",,http://www.virgendeguadalupe.mx/patrimonio-cultural/museo#pieza-del-mes,,museobasilica@gmail.com,https://www.facebook.com/museodelabasilica/,,,-99.11667,19.4855,-1,-1,http://sic.gob.mx/ficha.php?table=museo&table_id=728,1657531508,Ciudad de México,NA,1941-10,1941
908,Museo de Geología y Paleontología,Ciencia y tecnología,1982-11-01,Instituto Politécnico Nacional/Escuela Superior de Ingeniería y Arquitectura Unidad Ticomán,9,Ciudad de México,5,Gustavo A. Madero,1,Gustavo A. Madero,Av. Ticomán 600,Col. San José Ticomán,7340,55 5729 6000 ext. 56043,https://www.esiatic.ipn.mx/,,,frodriguez@ipn.mx,,,,-99.13176,19.5085,-1,-1,http://sic.gob.mx/ficha.php?table=museo&table_id=908,1650275700,Ciudad de México,NA,1982-11,1982
2234,Museo Diablos: Una Historia Incomparable,,2022-04-26,"Salón de la Fama Diablos Rojos, A. C.",9,Ciudad de México,6,Iztacalco,1,Iztacalco,"Av. Viaducto Río de la Piedad Ciudad Deportiva de la Magdalena Mixihuca, puerta 8",Col. Granjas México,8400,55 9128 7200,https://fahho.mx/el-museo-diablos-una-historia-incomparable/,,,info_oficialeahh@adelm.com; contacto@diablos-rojos.com,https://www.facebook.com/DiablosRojosMX,,,-99.08416,19.40424,17,2,http://sic.gob.mx/ficha.php?table=museo&table_id=2234,1705677886,Ciudad de México,NA,2022-04,2022
2284,Museo-Observatorio Interactivo de Hundimiento y Fracturamiento (OIHFRA),,2022-11-18,Alcaldía Iztapalapa/Centro de Geociencias de la UNAM,9,Ciudad de México,7,Iztapalapa,1,Iztapalapa,Colima s/n,San Sebastián Tecoloxtitlán,9520,55 54 45 10 77,https://oihfra.org/,https://www.utopiasiztapalapa.com/utopia-tecoloxtitlan-iztapalapa-cdmx-mexico.php,,correo@oihfra.org; oihfra@gmail.com,https://www.facebook.com/oihfraoficial,,,-99.02043,19.36202,0,0,http://sic.gob.mx/ficha.php?table=museo&table_id=2284,1728676273,Ciudad de México,NA,2022-11,2022
910,Museo Fuego Nuevo,Arqueología,1998-01-10,Alcaldía Iztapalapa/Dirección Ejecutiva de Cultura,9,Ciudad de México,7,Iztapalapa,1,Iztapalapa,Parque Nacional Cerro de la Estrella s/n,Col. Ampl. Veracruzana,9856,55 5686 9443,,,,museofuegonuevo24@gmail.com,https://www.facebook.com/museofuegonuevo/?locale=es_LA,,,-99.09101,19.34799,-1,-1,http://sic.gob.mx/ficha.php?table=museo&table_id=910,1728588835,Ciudad de México,NA,1998-01,1998
547,Museo Cabeza de Juárez,Arte,1976-03-21,Alcaldía Iztapalapa/Dirección Ejecutiva de Cultura,9,Ciudad de México,7,Iztapalapa,1,Iztapalapa,Av. Guelatao s/n,U.H. Cabeza de Juárez III,9227,55 1883 6897,,,,comunicacion.culturaiztapalapa@gmail.com,https://www.facebook.com/people/Museo-Cabeza-de-Ju%C3%A1rez/100063481095845/,,,-99.039,19.38271,1,0,http://sic.gob.mx/ficha.php?table=museo&table_id=547,1673952166,Ciudad de México,NA,1976-03,1976
971,Antiguo Convento de San Juan Evangelista sede del Centro Comunitario Culhuacán,Arte,1984-02-01,Secretaría de Cultura/INAH,9,Ciudad de México,7,Iztapalapa,1,Iztapalapa,Morelos 10,Col. Culhuacán,9800,"55 4166 0780 al 84 exts. 413506, 413512",,,https://lugares.inah.gob.mx/lugar-176-es,carmen_mendoza@inah.gob.mx,,,,-99.10839,19.33997,0,-1,http://sic.gob.mx/ficha.php?table=museo&table_id=971,1703160839,Ciudad de México,NA,1984-02,1984
1877,Museo del Servicio de Transportes Eléctricos,,2006-11-01,,9,Ciudad de México,7,Iztapalapa,1,Iztapalapa,"Av. Municipio Libre 402, piso 3",Col. San Andrés Tetepilco,9440,55 2595 0000 ext. 286,,,,gchavez@ste.cdmx.gob.mx,https://www.facebook.com/museotecdmx/,,,-99.13383,19.36678,0,0,http://sic.gob.mx/ficha.php?table=museo&table_id=1877,1660225015,Ciudad de México,NA,2006-11,2006
2386,Planetario Katya Echazarreta,,2023-03-17,Alcaldía Iztapalapa,9,Ciudad de México,7,Iztapalapa,1,Iztapalapa,Río Nilo esq. Av. Reforma,Col. Lomas de San Lorenzo,9780,,https://www.culturaiztapalapa.com/planetario,https://www.culturaiztapalapa.com/planetario,,iztapalapadifusioncultural@gmail.com,https://www.facebook.com/Cultura.AlcaldiaIztapalapa/,https://x.com/Alc_Iztapalapa,https://www.instagram.com/cultura_iztapalapa,-99.06595,19.32511,0,0,http://sic.gob.mx/ficha.php?table=museo&table_id=2386,1702555315,Ciudad de México,NA,2023-03,2023
1535,Museo de las Culturas Pasión por Iztapalapa,Arte,2012-04-12,Alcaldía Iztapalapa,9,Ciudad de México,7,Iztapalapa,1,Iztapalapa,Calz. Ermita  Iztapalapa 100,Barrio San Pablo,9000,"55 5445 1068, 55 5445 1114",,,,museoculturas100@gmail.com; muciz100@yahoo.com,https://www.facebook.com/p/Museo-De-Las-Culturas-Iztapalapa-MUCIZ-100063639843360/,https://x.com/muciz100,,-99.0877,19.35752,13,2,http://sic.gob.mx/ficha.php?table=museo&table_id=1535,1699354550,Ciudad de México,NA,2012-04,2012
2385,Museo Yancuic,,2024-02-24,Gobierno de la Ciudad de México/Secretaría de Cultura de la CDMX /Alcaldía de Iztapalapa,9,Ciudad de México,7,Iztapalapa,1,Iztapalapa,Av. Ermita Iztapalapa,Col. Los Ángeles,9830,55 1719 3000 ext. 1314,https://www.cultura.cdmx.gob.mx/recintos/museos/yancuic,,,museoyancuic@cdmx.org.mx; direccion.yancuic@gmail.com,,,https://www.instagram.com/museo.yancuic,-99.06566,19.34665,4,0,http://sic.gob.mx/ficha.php?table=museo&table_id=2385,1738770003,Ciudad de México,NA,2024-02,2024
2256,Museo Barco Utopía,,2023-04-13,Alcaldía Iztapalapa,9,Ciudad de México,7,Iztapalapa,1,Iztapalapa,"Parque Lineal Periférico Oriente y Eje 6 Sur,",Unidad Habitacional Vicente Guerrero,9200,55 2924 8932,https://www.culturaiztapalapa.com/barcoutopia,,,,https://www.facebook.com/BarcoUtopiaCDMX,,,-99.05763,19.36644,2,0,http://sic.gob.mx/ficha.php?table=museo&table_id=2256,1737062411,Ciudad de México,NA,2023-04,2023
531,Museo Comunitario de San Miguel Teotongo,Arqueología,1994-10-31,Alcaldía Iztapalapa/Dirección Ejecutiva de Cultura,9,Ciudad de México,7,Iztapalapa,1,Iztapalapa,Amillita s/n entre Curro Rivera y Américas,Col. San Miguel Teotongo,9630,55 5445 1191,,,,mimuseo.smt@gmail.com,https://es-la.facebook.com/MuseoComunitarioDeSanMiguelTeotongo/,,,-98.98766,19.34358,2,0,http://sic.gob.mx/ficha.php?table=museo&table_id=531,1635260621,Ciudad de México,NA,1994-10,1994
535,Museo Regional Altepepialcalli,TND,1996-05-04,Alcaldía Milpa Alta,9,Ciudad de México,9,Milpa Alta,1,Villa Milpa Alta,Av. Yucatán Nte. s/n,Col. Villa Milpa Alta,12000,55 5862 3150 ext. 1505,https://www.milpa-alta.cdmx.gob.mx/cultura.html,,,museoaltepepialcalli@gmail.com,,,,-99.02159,19.19214,2,1,http://sic.gob.mx/ficha.php?table=museo&table_id=535,1685095714,Ciudad de México,NA,1996-05,1996
805,Museo Casa Estudio Diego Rivera y Frida Kahlo,Arte,1986-12-08,Secretaría de Cultura/INBA,9,Ciudad de México,10,Álvaro Obregón,1,Álvaro Obregón,Av. Altavista esq. Diego Rivera,Col. San Ángel Inn,1060,55 8647 5470,https://estudiodiegorivera.inba.gob.mx/,,,medr.coordinacionacademica@inba.gob.mx,,https://x.com/museoestudioDR,,-99.19733,19.34956,7,5,http://sic.gob.mx/ficha.php?table=museo&table_id=805,1677762934,Ciudad de México,NA,1986-12,1986
2237,Museo del Axolote,,2021-10-01,"Axolotitlán Museo del Ajolote, A.C.",9,Ciudad de México,10,Álvaro Obregón,1,Álvaro Obregón,Prol. 5 de Mayo 521,2do Parque las Águilas,1750,55 7898 7876,https://museodelaxolote.org.mx/,,www.tiktok.com/@museodelaxolote,contacto@museodelaxolote.org.mx,https://www.facebook.com/MuseoNacionalDelAxolote/,https://x.com/Axolotitlan,https://www.instagram.com/axolotitlan,-99.21711,19.35935,3,4,http://sic.gob.mx/ficha.php?table=museo&table_id=2237,1681917638,Ciudad de México,NA,2021-10,2021
730,"Museo Soumaya, Plaza Loreto",Arte,1994-08-12,"Fundación Carlos Slim, A.C.",9,Ciudad de México,10,Álvaro Obregón,1,Álvaro Obregón,Altamirano 46 entre Revolución y Río Magdalena,Col. Tizapán San Ángel,1090,55 5616 3731,http://www.museosoumaya.org/,,,museo@soumaya.org.mx,https://www.facebook.com/elmuseosoumaya/,https://x.com/ElMuseoSoumaya,https://www.instagram.com/elmuseosoumaya,-99.19264,19.33934,5,2,http://sic.gob.mx/ficha.php?table=museo&table_id=730,1709051369,Ciudad de México,NA,1994-08,1994
2423,Ermita Vasco de Quiroga,,2021-10-22,Gobierno de la Ciudad de México,9,Ciudad de México,10,Álvaro Obregón,1,Álvaro Obregón,Industrias Militares de Sedena,Col. Lomas de Santa Fe,1210,,https://mexicocity.cdmx.gob.mx/venues/quiroga-hermitage/?lang=es,,,,https://www.facebook.com/LaCuartaCDMX,https://x.com/ChapultepecCDMX,,-99.24183,19.38558,0,0,http://sic.gob.mx/ficha.php?table=museo&table_id=2423,1728416486,Ciudad de México,NA,2021-10,2021
1578,Museo Interactivo de la Guardia Nacional (Cerrado temporalmente),Especializado,2012-02-17,Guardia Nacional,9,Ciudad de México,10,Álvaro Obregón,1,Álvaro Obregón,Belén de las Flores 138,Col. Belén de las Flores,1110,55 1103 6000 ext. 29301 o 29295,,,,museogn@gn.gob.mx,,,,-99.21801,19.39295,0,0,http://sic.gob.mx/ficha.php?table=museo&table_id=1578,1681991534,Ciudad de México,NA,2012-02,2012
794,Museo de Arte Alvar y Carmen T. de Carrillo Gil,Arte,1974-08-30,Secretaría de Cultura/INBA,9,Ciudad de México,10,Álvaro Obregón,1,Álvaro Obregón,Av. Revolución 1608 esq. Altavista,Col. San Ángel,1000,55 8647 5450,http://www.museodeartecarrillogil.com,,,macg.socialmedia@inba.gob.mx,https://www.facebook.com/museocarrillogil,https://x.com/Carrillo_Gil,https://www.instagram.com/museocarrillogil,-99.19033,19.34926,3,2,http://sic.gob.mx/ficha.php?table=museo&table_id=794,1677764713,Ciudad de México,NA,1974-08,1974
963,Museo de El Carmen,Arte,1929-10-09,Secretaría de Cultura/INAH,9,Ciudad de México,10,Álvaro Obregón,1,Álvaro Obregón,Av. Revolución 4 y 6,Col. San Ángel,1000,,,https://lugares.inah.gob.mx/lugar-91-es,,,https://es-la.facebook.com/turismocdmx/posts/1739025659541923/,,,-99.18971,19.34504,21,5,http://sic.gob.mx/ficha.php?table=museo&table_id=963,1720479854,Ciudad de México,NA,1929-10,1929
2322,Museo Nacional de la Vivienda (Munavi),,2023-02-14,Fondo Nacional de la Vivienda para los Trabajadores (INFONAVIT),9,Ciudad de México,10,Álvaro Obregón,1,Álvaro Obregón,"Gustavo E. Campa 60, 1er piso",Col. Guadalupe Inn,1020,800 008 39 00,https://munavi.mx/,,,,,,https://www.instagram.com/infonavitoficial,-99.18619,19.36066,6,1,http://sic.gob.mx/ficha.php?table=museo&table_id=2322,1678108730,Ciudad de México,NA,2023-02,2023
855,Centro Cultural Isidro Fabela-Museo Casa del Risco,Arte,1958-10-08,Fideicomiso Isidro Fabela/Banco de México/Gobierno del Estado de México,9,Ciudad de México,10,Álvaro Obregón,1,Álvaro Obregón,Plaza de San Jacinto 5 y 15,Col. San Ángel,1000,55 5616 2711,https://www.museocasadelrisco.org.mx/,,,comunicacion@isidrofabela.org.mx,https://www.facebook.com/casadelrisco/,https://x.com/CasadelRisco,https://www.instagram.com/museocasadelrisco,-99.19225,19.34504,8,1,http://sic.gob.mx/ficha.php?table=museo&table_id=855,1685027580,Ciudad de México,NA,1958-10,1958
738,Museo Regional Comunitario Cuitláhuac,Arqueología,2002-08-03,"Alianza de los Barrios Tizic, Tecpancalco, Atenchincalca y Teopancalco, A. C.",9,Ciudad de México,11,Tláhuac,1,Tláhuac,Calz. Tláhuac-Chalco 63,Barrio La Magdalena,13070,55 5842 5355,,https://mxcity.mx/2019/04/el-museo-regional-comunitario-cuitlahuac-la-cultura-e-historia-de-tlahuac/,,jgomuseocuitlahuac@gmail.com,https://es-la.facebook.com/museocuitlahuac/,,,-99.0035,19.26681,3,-1,http://sic.gob.mx/ficha.php?table=museo&table_id=738,1738870448,Ciudad de México,NA,2002-08,2002
1078,Museo Andrés Quintana Roo,Arqueología,1992-01-01,Alcaldía Tláhuac,9,Ciudad de México,11,Tláhuac,11,San Andrés Mixquic,Av. Independencia s/n,Col. San Andrés Míxquic,13630,55 2594 6800,,http://www.tlahuac.cdmx.gob.mx/museo-andres-quintana-roo/,,benito_tmtz@outlook.com,,,,-98.96455,19.22528,-1,-1,http://sic.gob.mx/ficha.php?table=museo&table_id=1078,1635442700,Ciudad de México,NA,1992-01,1992
1045,Museo Tomás Medina Villarruel,Arqueología,1980-01-01,Alcaldía  Tláhuac,9,Ciudad de México,11,Tláhuac,21,San Juan Ixtayopan,Av. Sur del Comercio s/n,Pueblo de San Juan Ixtayopan,13500,"55  5862 3250 exts. 1315, 1316",http://www.tlahuac.cdmx.gob.mx/museo-tomas-medina-villaruel/,,,,,,,-98.99513,19.23645,-1,-1,http://sic.gob.mx/ficha.php?table=museo&table_id=1045,1615198872,Ciudad de México,NA,1980-01,1980
2452,Museo Regional Tláhuac,,NA,Alcaldía Tláhuac,9,Ciudad de México,11,Tláhuac,69,San Miguel,Severino Ceniceros S/N,Barrio San Miguel,13070,55 5862 3250 ext. 1315 y 1316,tlahuac.cdmx.gob.mx/museo-regional-tlahuac/,,,judproyectosmuseograficos@gmail.com,,,,-99.00388,19.26857,0,0,http://sic.gob.mx/ficha.php?table=museo&table_id=2452,1738870644,Ciudad de México,NA,NA,NA
1627,Museo del Tiempo Tlalpan (Cerrado temporalmente),Ciencia y tecnología,2009-01-01,"Museo del Tiempo Tlalpan, A.C.",9,Ciudad de México,12,Tlalpan,1,Tlalpan,Plaza de la Constitución 7,Col. Tlalpan Centro,14000,"55 4219 4082, 55 5513 2175",http://museodeltiempo.com.mx,,,museodeltiempo@gmail.com,https://www.facebook.com/museodeltiempotlalpan,,,-99.16753,19.28835,5,-1,http://sic.gob.mx/ficha.php?table=museo&table_id=1627,1654158134,Ciudad de México,NA,2009-01,2009
1811,Museo del Heroico Colegio Militar,Historia,2016-04-06,Secretaría de la Defensa Nacional (SEDENA),9,Ciudad de México,12,Tlalpan,1,Tlalpan,Carr. México-Cuernavaca km. 22,Col. San Pedro Mártir,14640,"55 5676 5044 exts. 317, 318",,,,,,,,-99.15019,19.25456,5,0,http://sic.gob.mx/ficha.php?table=museo&table_id=1811,1622626373,Ciudad de México,NA,2016-04,2016
721,Museo de Sitio de Cuicuilco,Arqueología,1970-01-01,Secretaría de Cultura/INAH,9,Ciudad de México,12,Tlalpan,1,Tlalpan,Periférico Sur e Insurgentes s/n,Col. Isidro Fabela,14030,55 5606 9758,http://www.inah.gob.mx/es/red-de-museos/290-museo-de-sitio-de-cuicuilco,,https://lugares.inah.gob.mx/lugar-146-es,cuicuilcozonaarqueologica@yahoo.com.mx; zacuicuilco_inah@inah.gob.mx,,,,-99.18175,19.30076,3,1,http://sic.gob.mx/ficha.php?table=museo&table_id=721,1649334766,Ciudad de México,NA,1970-01,1970
1547,Museo de la Casa de Cultura de la UAEMéx,Historia,1984-03-03,Universidad Autónoma del Estado de México/Secretaría de Difusión Cultural,9,Ciudad de México,12,Tlalpan,1,Tlalpan,Av. Triunfo de la Libertad 9 Bis,Col. Tlalpan,14000,55 5513 5802,https://www.uaemex.mx/oferta-educativa/espacios-universitarios.html,,,ctlalpan@uaemex.mx,https://es-la.facebook.com/CCTUAEMex/,,,-99.168,19.28642,7,-1,http://sic.gob.mx/ficha.php?table=museo&table_id=1547,1723225146,Ciudad de México,NA,1984-03,1984
1991,Museo Casa Estudio Federico & Elsa,Arte,2013-10-15,Fideicomiso Museo Casa Estudio F. Cantú F. & Elsa E. de Cantú,9,Ciudad de México,12,Tlalpan,1,Tlalpan,5 de Mayo 44,Col. Isla de los Sacrificios,14000,55 5573 2228,https://casamuseofedericoyelsa.blogspot.mx,,,cantuart@hotmail.com,,,,-99.1742,19.28589,2,1,http://sic.gob.mx/ficha.php?table=museo&table_id=1991,1587464507,Ciudad de México,NA,2013-10,2013
916,"Museo Dolores Olmedo (cerrado temporalmente, próxima apertura)",Arte,1994-09-17,Fideicomiso Museo Dolores Olmedo Patiño,9,Ciudad de México,13,Xochimilco,1,Xochimilco,Av. México 5843,Col. La Noria,16030,"55 5555 1221, 5555 1016",http://www.elolmedo.mx,,,difusion@mdop.org.mx,https://www.facebook.com/ElOlmedoMx/,https://x.com/elolmedo_mx,,-99.12606,19.26569,0,-1,http://sic.gob.mx/ficha.php?table=museo&table_id=916,1697030727,Ciudad de México,NA,1994-09,1994
917,Museo Arqueológico de Xochimilco,Arqueología,1985-11-21,Alcaldía  Xochimilco,9,Ciudad de México,13,Xochimilco,1,Xochimilco,Av. Tenochtitlan s/n,La Planta Santa Cruz Acalpixca,16500,55 2157 1757,,http://cdmxtravel.com/es/lugares/museo-arqueologico-de-xochimilco.html,,comsoc@xochimilco.df.gob.mx,https://www.facebook.com/arqueologico.xochimilco/,,,-99.07917,19.24707,2,-1,http://sic.gob.mx/ficha.php?table=museo&table_id=917,1616079972,Ciudad de México,NA,1985-11,1985
2402,Museo Cielito Lindo,,2023-05-12,Alcaldía Xochimilco/Parroquia de Santiago Apostol Tulyehualco,9,Ciudad de México,13,Xochimilco,1,Xochimilco,Belisario Domínguez s/n,Col. Santiago Tulyehualco,16750,,,,,parroquia_santiagoapostol_tulye@hotmail.com,https://www.facebook.com/parroquiaTulyehualco/?locale=es_LA,,,-99.01185,19.25405,0,0,http://sic.gob.mx/ficha.php?table=museo&table_id=2402,1737997327,Ciudad de México,NA,2023-05,2023
2192,Museo Flor de Chinampas (Chinampaxochitl),,2022-08-10,Gobierno de la Ciudad de México/Secretaría de Cultura,9,Ciudad de México,13,Xochimilco,1,Xochimilco,Periférico Oriente 1,Col. Ciénega Grande,16070,,,,,,,,,-99.10472,19.26346,3,0,http://sic.gob.mx/ficha.php?table=museo&table_id=2192,1670333517,Ciudad de México,NA,2022-08,2022
2156,Museo de Sitio de la Zona Arqueológica de Mixcoac,Arqueología,NA,Secretaría de Cultura/INAH,9,Ciudad de México,14,Benito Juárez,1,Benito Juárez,Pirámide 7,Col. San Pedro de los Pinos,3800,55 5271 4919,https://www.inah.gob.mx/zonas/zona-arqueologica-de-mixcoac,,https://cartelera.cdmx.gob.mx/10336/20-01-2023/museo-de-sitio-de-la-zona-arqueologica-de-mixcoac,contacto@inah.gob.mx,,,,-99.18986,19.38631,0,0,http://sic.gob.mx/ficha.php?table=museo&table_id=2156,1731433021,Ciudad de México,NA,NA,NA
2161,Museo Estelar,,2019-11-01,"Museo Estelar, A.C.",9,Ciudad de México,14,Benito Juárez,1,Benito Juárez,Santa Margarita 519,Col. Insurgentes San Borja,3100,,https://museoestelar.com/,,,contacto@museoestelar.com,https://www.facebook.com/MUSEOESTELAR/,,https://www.instagram.com/museo_estelar,-99.17578,19.38186,2,0,http://sic.gob.mx/ficha.php?table=museo&table_id=2161,1719597561,Ciudad de México,NA,2019-11,2019
1245,Fundación María y Héctor García,Arte,2008-10-28,Fundación María y Héctor García,9,Ciudad de México,14,Benito Juárez,1,Benito Juárez,Cumbres de Maltrata 581,Col. 2da. del Periodista,3620,55 5532 6270,https://www.fundacionmariayhectorgarcia.com/,,,fundacion.hg@gmail.com,https://www.facebook.com/fundacion.garcia,,https://www.instagram.com/fundacionmariayhectorgarcia,-99.14471,19.38265,-1,-1,http://sic.gob.mx/ficha.php?table=museo&table_id=1245,1719594529,Ciudad de México,NA,2008-10,2008
2475,Museo de la Radio del STC Metro,,2018-10-01,Cámara Nacional de la Industria de Radio y Televisión (CIRT),9,Ciudad de México,14,Benito Juárez,1,Benito Juárez,Uxmal 857 (estación del metro Parque de los Venados en la línea 12),Col. Sta Cruz Atoyac,3310,,https://cirt.mx/,,,,,,,-99.15874,19.37092,2,0,http://sic.gob.mx/ficha.php?table=museo&table_id=2475,1739485408,Ciudad de México,NA,2018-10,2018
1905,Museo del Metro,Arqueología,2017-01-28,Sistema de Transporte Colectivo Metro,9,Ciudad de México,14,Benito Juárez,1,Benito Juárez,Av. Revolución esq. Extremadura,Col. Insurgentes Mixcoac,3920,55 5627 4549,https://www.metro.cdmx.gob.mx/museo-del-metro,,,cultura.metro.cdmx@gmail.com,,,,-99.18728,19.37611,8,1,http://sic.gob.mx/ficha.php?table=museo&table_id=1905,1678800907,Ciudad de México,NA,2017-01,2017
532,Museo Polyforum Siqueiros (Cerrado por remodelación),Arte,1971-12-15,"Polyforum Siqueiros, A.C.",9,Ciudad de México,14,Benito Juárez,1,Benito Juárez,Insurgentes Sur 701,Col. Nápoles,3810,55 5536 4520 al 24 ext. 117,http://www.polyforumsiqueiros.com,,,info@polyforumsiqueiros.com.mx,,https://x.com/Polyforum,,-99.17332,19.393,2,1,http://sic.gob.mx/ficha.php?table=museo&table_id=532,1678803375,Ciudad de México,NA,1971-12,1971
1653,Museo de Arte en Azúcar México,Arte,2012-04-01,,9,Ciudad de México,14,Benito Juárez,1,Benito Juárez,Av. Cuauhtémoc 950,Col. Narvarte,3020,55 5523 8434,,,https://www.101museos.com/museos/ciudad_de_mexico/320/museo-arte-en-azucar,artemexicanodelazucar@hotmail.com,https://www.facebook.com/InstitutoDelArteMexicanoDelAzucar,,,-99.15733,19.38436,5,-1,http://sic.gob.mx/ficha.php?table=museo&table_id=1653,1678797488,Ciudad de México,NA,2012-04,2012
1335,Casa Museo Benita Galeana,Historia,2000-06-08,Alcaldía  Benito Juárez/Coordinación de Cultura/Subdirección de Derechos Culturales Recreativos y Educativos,9,Ciudad de México,14,Benito Juárez,1,Benito Juárez,Cda. Zutano 11,Col. Periodista,3620,"55 5609 1687, 55 5243 5732",https://benitagaleanacmuse.wixsite.com/casamuseobenita,https://www.mexicoescultura.com/recinto/56883/casa-museo-benita-galeana.html,,museo_benita@hotmail.com; benitagaleanacmuseo@gmail.com; abj.cultura@gmail.com,https://es-la.facebook.com/CasaMuseoBenitaGaleana/,,,-99.14548,19.38281,2,1,http://sic.gob.mx/ficha.php?table=museo&table_id=1335,1717604556,Ciudad de México,NA,2000-06,2000
1776,Planetario Joaquín Gallo,Ciencia y tecnología,NA,Sociedad Astronómica de México (SAM),9,Ciudad de México,14,Benito Juárez,1,Benito Juárez,Av. División del Norte s/n esq. Miguel Laurent. Parque Francisco Villa (Parque de los Venados),Col. Santa Cruz Atoyac,3310,,,https://cartelera.cdmx.gob.mx/10356/21-01-2023/planetario-joaquin-gallo,,info@sam.org.mx,https://www.facebook.com/pages/Planetario-Joaquin-Gallo/291785930875683,,,-99.15724,19.37362,0,0,http://sic.gob.mx/ficha.php?table=museo&table_id=1776,1678806941,Ciudad de México,NA,NA,NA
1096,Museo Interactivo de Economía (MIDE),Ciencia y tecnología,2006-07-12,Fideicomiso del Espacio Cultural y Educativo Betlemitas,9,Ciudad de México,15,Cuauhtémoc,1,Cuauhtémoc,Tacuba 17,Centro,6000,55 5130 4600 ext. 2900,http://www.mide.org.mx/,,,atencion.publico@mide.org.mx; direccion.general@mide.org.mx; relaciones.publicas@mide.org.mx,https://www.facebook.com/museo.mide,https://x.com/MuseoMIDE,,-99.13842,19.43516,-1,-1,http://sic.gob.mx/ficha.php?table=museo&table_id=1096,1614946440,Ciudad de México,NA,2006-07,2006
1464,Galerías de la Antigua Academia de San Carlos,Arte,2010-11-03,UNAM/Facultad de Artes y Diseño,9,Ciudad de México,15,Cuauhtémoc,1,Cuauhtémoc,"Academia 22, piso 1","Antiguo Barrio Universitario, Centro Histórico",6060,55 5522 3387 ext. 214,http://academiasancarlos.unam.mx/,,,difusion.cultural.aasc@fad.unam.mx,https://www.facebook.com/AcademiaDeSanCarlos/,,,-99.12878,19.43302,9,8,http://sic.gob.mx/ficha.php?table=museo&table_id=1464,1614853760,Ciudad de México,NA,2010-11,2010
1560,"Museo Indígena, Antigua Aduana de Peralvillo",Antropología,2012-08-08,Instituto Nacional de los Pueblos Indígenas (INPI),9,Ciudad de México,15,Cuauhtémoc,1,Cuauhtémoc,Paseo de la Reforma Nte. 707,Col. Morelos,6200,55 5529 4699,http://www.inpi.gob.mx/museoindigena/,,,rlopezb@inpi.gob.mx,https://es-la.facebook.com/MiMuseoIndigena/,https://x.com/MiMuseoIndigena,,-99.13146,19.45157,3,-1,http://sic.gob.mx/ficha.php?table=museo&table_id=1560,1650282217,Ciudad de México,NA,2012-08,2012
2239,Museo de la Inquisición,,2009-09-18,,9,Ciudad de México,15,Cuauhtémoc,1,Cuauhtémoc,"Tacuba 76, segundo piso",Centro,6000,55 55 12 46 20,https://www.facebook.com/InquisicionCDMX,,,minquisicioncdmx@gmail.com,,,,-99.13515,19.43561,2,0,http://sic.gob.mx/ficha.php?table=museo&table_id=2239,1714771236,Ciudad de México,NA,2009-09,2009
707,Museo de Sitio del Centro Cultural Casa Talavera,Arqueología,1988-11-20,UACM/Centro Cultural Casa Talavera,9,Ciudad de México,15,Cuauhtémoc,1,Cuauhtémoc,Talavera 20,Centro,6090,(55) 5542 9963,https://cultura.uacm.edu.mx/centrosculturales,,,casa.talavera.merced@uacm.edu.mx,,,,-99.12747,19.42819,2,2,http://sic.gob.mx/ficha.php?table=museo&table_id=707,1685016861,Ciudad de México,NA,1988-11,1988
1176,Museo Panteón de San Fernando,Historia,2006-07-18,Secretaría de Cultura de la Ciudad de México,9,Ciudad de México,15,Cuauhtémoc,1,Cuauhtémoc,Plaza San Fernando 17,Col. Guerrero,6300,55 5518 4736,https://www.cultura.cdmx.gob.mx/recintos/mpsf,,,museopanteon.sf@gmail.com,,,,-99.14787,19.439,-1,-1,http://sic.gob.mx/ficha.php?table=museo&table_id=1176,1690191855,Ciudad de México,NA,2006-07,2006
771,Ex Teresa Arte Actual,Arte Alternativo,1993-05-26,Secretaría de Cultura/INBAL,9,Ciudad de México,15,Cuauhtémoc,1,Cuauhtémoc,Licenciado Primo Verdad 8,Centro,6060,55 4122 8020,https://inba.gob.mx/recinto/55/ex-teresa-arte-actual,,,exteresa.difusion@inba.gob.mx,https://www.facebook.com/EXTAA/,https://x.com/exteresa,,-99.13075,19.43403,-1,-1,http://sic.gob.mx/ficha.php?table=museo&table_id=771,1684328907,Ciudad de México,NA,1993-05,1993
2067,Museo Salón de Cabildos del Antiguo Palacio del Ayuntamiento,,2018-12-05,Secretaría de Cultura de la Ciudad de México/Museo de la Ciudad de México,9,Ciudad de México,15,Cuauhtémoc,1,Cuauhtémoc,Antiguo Palacio del Ayuntamiento<br>Plaza de la Constitución 2,Centro Histórico,6000,55 5345 8000,https://www.cultura.cdmx.gob.mx/recintos/museos/salon-de-cabildos,,,salondecabildos1@gmail.com,,,,-99.13404,19.43162,3,0,http://sic.gob.mx/ficha.php?table=museo&table_id=2067,1587996477,Ciudad de México,NA,2018-12,2018
1600,"M68, Memorial de 1968 y Movimientos sociales",Historia,2007-10-22,UNAM/Centro Cultural Universitario Tlatelolco,9,Ciudad de México,15,Cuauhtémoc,1,Cuauhtémoc,Ricardo Flores Magón s/n,Col. Nonoalco Tlatelolco,6900,55 5583 4092,https://tlatelolco.unam.mx/cm68/,,,dg_ccut@unam.mx; medios.ccut@gmail.com,https://www.facebook.com/CCUTlatelolco/,https://x.com/ccutlatelolco,https://www.instagram.com/m68_ccut,-99.13712,19.44988,1,1,http://sic.gob.mx/ficha.php?table=museo&table_id=1600,1707300825,Ciudad de México,NA,2007-10,2007
1532,Mundo Chocolate Museo (MUCHO),Especializado,2010-05-24,"Fundación MUCHO, A.C.",9,Ciudad de México,15,Cuauhtémoc,1,Cuauhtémoc,Milán 45 esq. Roma,Col. Juárez,6600,55 5535 0410,https://www.mucho.org.mx/,,,contacto@mucho.org.mx,https://es-la.facebook.com/muchomuseochocolate/,,,-99.15718,19.42938,9,-1,http://sic.gob.mx/ficha.php?table=museo&table_id=1532,1721151585,Ciudad de México,NA,2010-05,2010
2168,Museo Foro Valparaíso,,2019-11-15,"Banco Nacional de México, S.A.",9,Ciudad de México,15,Cuauhtémoc,1,Cuauhtémoc,Venustiano Carranza 60,Centro Histórico,6000,55 1226 4290,https://www.banamex.com/valparaiso/index.html,https://es.wikipedia.org/wiki/Palacio_de_los_Condes_de_San_Mateo_de_Valparaiso,,valparaiso@citi.com,https://www.facebook.com/forovalparaisomx,,https://www.instagram.com/forovalparaisomx,-99.13628,19.43142,22,1,http://sic.gob.mx/ficha.php?table=museo&table_id=2168,1721154394,Ciudad de México,NA,2019-11,2019
2190,Museo del Perfume MUPE,,2019-07-01,,9,Ciudad de México,15,Cuauhtémoc,1,Cuauhtémoc,Tacuba 12,Centro Histórico,6010,55 5086 4633,https://museodelperfume.com.mx/,,,contacto@museodelperfume.com.mx,https://www.facebook.com/mxmupe,https://x.com/mupe_mx,,-99.13852,19.43595,6,0,http://sic.gob.mx/ficha.php?table=museo&table_id=2190,1729874921,Ciudad de México,NA,2019-07,2019
965,Museo Casa de Carranza,Historia,1961-02-01,Secretaría de Cultura/INAH,9,Ciudad de México,15,Cuauhtémoc,1,Cuauhtémoc,Río Lerma 35 esq. Río Amazonas,Col. Cuauhtémoc dir_casacarranza@inah.gob.mx,6500,55 5535 2920,,,https://lugares.inah.gob.mx/lugar-69-es,dir_casacarranza@inah.gob.mx; casa_carranza.museo@inah.gob.mx,https://www.facebook.com/MCCINAH/,https://x.com/mcasacarranza,,-99.16348,19.43118,13,-1,http://sic.gob.mx/ficha.php?table=museo&table_id=965,1702549408,Ciudad de México,NA,1961-02,1961
2236,Museo Art Toys,,2017-12-01,,9,Ciudad de México,15,Cuauhtémoc,1,Cuauhtémoc,Av. 5 de Mayo  23,Centro,6010,55 67 11 51 13,http://museoarttoys.com/#sobrenosotros,https://www.igcomics.mx/,,museoarttoys@gmail.com,https://es-la.facebook.com/MuseoArtToys/,,,-99.13854,19.43425,0,0,http://sic.gob.mx/ficha.php?table=museo&table_id=2236,1706272107,Ciudad de México,NA,2017-12,2017
1992,Museo La Ciudad y la Torre a través de los siglos,,2006-03-17,"Miralto, S.A. de C.V.",9,Ciudad de México,15,Cuauhtémoc,1,Cuauhtémoc,"Eje Central Lázaro Cárdenas 2, piso 38",Centro,6000,55 5518 7423,http://torrelatinoamericana.com.mx/museo-ciudad-de-mexico/,https://www.miradorlatino.com/,,rhernandez@torrelatino.com,,,,-99.1407,19.43397,0,0,http://sic.gob.mx/ficha.php?table=museo&table_id=1992,1676458335,Ciudad de México,NA,2006-03,2006
1516,Museo de las Constituciones,Historia,2011-08-10,UNAM/Coordinación de Humanidades,9,Ciudad de México,15,Cuauhtémoc,1,Cuauhtémoc,Calle Del Carmen s/n esq. San Ildefonso,Centro Histórico,6010,"55 5702 6956, Whatsapp: 55 2959 8609",https://museodelasconstituciones.unam.mx/,,,museoconstituciones@gmail.com,https://www.facebook.com/museodelasconstitucionesunam/,https://x.com/MConstituciones,https://www.instagram.com/museodelasconstitucionesunam,-99.12912,19.43649,3,1,http://sic.gob.mx/ficha.php?table=museo&table_id=1516,1730320494,Ciudad de México,NA,2011-08,2011
2069,Casa Museo Guillermo Tovar de Teresa,Arte,2018-12-20,"Fundación Carlos Slim, AC",9,Ciudad de México,15,Cuauhtémoc,1,Cuauhtémoc,Calle Valladolid 52,Col. Roma,6700,55 1103 9800,http://www.museosoumaya.org/inicio/exposiciones/casa-guillermo-tovar-de-teresa/,,,,https://www.facebook.com/elmuseosoumaya/,https://x.com/ElMuseoSoumaya,,-99.16816,19.42005,0,0,http://sic.gob.mx/ficha.php?table=museo&table_id=2069,1709055000,Ciudad de México,NA,2018-12,2018
1538,Museo Casa de la Memoria Indómita,Historia,2012-06-14,Comité ¡Eureka!/,9,Ciudad de México,15,Cuauhtémoc,1,Cuauhtémoc,Regina 66,Centro,6000,55 5709 1512,https://museocasadelamemoriaindomita.mx/,https://es-la.facebook.com/pages/category/Cause/Museo-Casa-de-la-Memoria-Indomita-386806111517120/,,comunicacion@museocasadelamemoriaindomita.com,,,,-99.13481,19.42769,8,1,http://sic.gob.mx/ficha.php?table=museo&table_id=1538,1627893142,Ciudad de México,NA,2012-06,2012
1105,Museo del Estanquillo,Antropología,2006-11-23,Fideicomiso Museo del Estanquillo,9,Ciudad de México,15,Cuauhtémoc,1,Cuauhtémoc,Isabel la Católica 26,Centro,6000,55 5521 3052 ext. 101,http://www.museodelestanquillo.cdmx.gob.mx/elmuseo/museo-del-estanquillo,,,estanquillo.museo@gmail.com,https://es-la.facebook.com/MuseodelEstanquillo/,https://x.com/m_estanquillo,,-99.13613,19.43331,-1,-1,http://sic.gob.mx/ficha.php?table=museo&table_id=1105,1614942467,Ciudad de México,NA,2006-11,2006
974,Recinto de Homenaje a Don Benito Juárez,Historia,1957-07-18,SHCP/Dirección General de la Conservaduría de Palacio Nacional y Patrimonio Cultural,9,Ciudad de México,15,Cuauhtémoc,1,Cuauhtémoc,Plaza de la Constitución s/n,Centro Histórico,6066,"55 3688 1100 exts. 81666, 81656",https://www.gob.mx/palacionacional,https://www.gob.mx/cms/uploads/attachment/file/803379/Visita_PalNal1-comprimido.pdf,,visitas_guiadas@hacienda.gob.mx,,,,-99.13156,19.43257,0,0,http://sic.gob.mx/ficha.php?table=museo&table_id=974,1689682109,Ciudad de México,NA,1957-07,1957
1523,Museo de Sitio CCEMX-INAH,Arqueología,2012-01-29,Centro Cultural de España,9,Ciudad de México,15,Cuauhtémoc,1,Cuauhtémoc,Donceles 97,Centro,6010,55 5521 1925 al 28,http://ccemx.org/museo-del-sitio/,,,info.mx@aecid.es,https://www.facebook.com/ccemx.org/,,,-99.13262,19.43525,-1,-1,http://sic.gob.mx/ficha.php?table=museo&table_id=1523,1721174042,Ciudad de México,NA,2012-01,2012
403,Museo de la Luz,Ciencia y tecnología,1996-11-18,UNAM/Dirección General de Divulgación de la Ciencia,9,Ciudad de México,15,Cuauhtémoc,1,Cuauhtémoc,San Ildefonso 43,Centro Histórico,6020,"55 5702 4129, 55 5702 3195 ext. 101 y 102",http://www.luz.unam.mx,,,museoluz@unam.mx,,https://x.com/MuseodelaLuz,,-99.13002,19.43627,6,1,http://sic.gob.mx/ficha.php?table=museo&table_id=403,1593520905,Ciudad de México,NA,1996-11,1996
883,Museo de la Charrería,Historia,1973-01-01,"Federación Mexicana de Charrería, A.C.",9,Ciudad de México,15,Cuauhtémoc,1,Cuauhtémoc,Isabel la Católica 108 esq. Izazaga,Centro Histórico,6080,"55 5709 4823, 55 5709 5032",https://museodelacharreria.org.mx/,,,fedmexch@prodigy.net.mx,https://www.facebook.com/museodelacharreria,,,-99.13716,19.42602,-1,-1,http://sic.gob.mx/ficha.php?table=museo&table_id=883,1701771867,Ciudad de México,NA,1973-01,1973
2428,Galería José María Velasco,,1962-09-07,Secretaría de Cultura/INBA,9,Ciudad de México,15,Cuauhtémoc,1,Cuauhtémoc,Peralvillo 55,Col. Morelos,6200,55 5772 0542,https://inba.gob.mx/recinto/28,,,galeria.velasco@gmail.com,https://www.facebook.com/profile.php?id=100057869910759,https://x.com/GJMVmx,https://www.instagram.com/galeriajmvelasco,-99.13257,19.4485,3,0,http://sic.gob.mx/ficha.php?table=museo&table_id=2428,1713297758,Ciudad de México,NA,1962-09,1962
1867,Museo del Padre Pro,Historia,1995-01-01,Parroquia de la Sagrada Familia,9,Ciudad de México,15,Cuauhtémoc,1,Cuauhtémoc,Puebla 144 entre Jalapa y Orizaba,Col. Roma,6700,55 5511 9035,,,,padre.pro@hotmail.com,https://es-la.facebook.com/PadrePro/,,,-99.16116,19.42246,0,0,http://sic.gob.mx/ficha.php?table=museo&table_id=1867,1660225549,Ciudad de México,NA,1995-01,1995
2202,Museo Banco de México,,2021-09-27,Banco de México,9,Ciudad de México,15,Cuauhtémoc,1,Cuauhtémoc,"Av. 5 de Mayo, núm. 2",Centro Histórico,6000,55 5237 2000,https://museobancodemexico.mx/,,,contacto.museo@banxico.org.mx,https://www.facebook.com/museobancodemexico,https://x.com/MuseoBdM,,-99.14041,19.43491,4,1,http://sic.gob.mx/ficha.php?table=museo&table_id=2202,1641908507,Ciudad de México,NA,2021-09,2021
2391,Museo de Sitio San Sebastián Atzacoalco,,2023-07-16,Parroquia de San Sebastián Atzacoalco,9,Ciudad de México,15,Cuauhtémoc,1,Cuauhtémoc,"República de Bolívar 46, esq. Rodríguez",Centro,6000,55 3450 9471,,,,,,,,-99.1387,19.43193,5,0,http://sic.gob.mx/ficha.php?table=museo&table_id=2391,1701440923,Ciudad de México,NA,2023-07,2023
2173,Museo Vivo del Muralismo,,2024-09-25,Secretaría de Educación Pública,9,Ciudad de México,15,Cuauhtémoc,1,Cuauhtémoc,República de Argentina 28,Centro,6000,"55 3601 1000 exts. 1009, 1048",https://museovivodelmuralismo.sep.gob.mx/,,,,https://www.facebook.com/profile.php?id=61566841586633,https://x.com/mvm_oficialsep,https://www.instagram.com/mvm_oficialsep,-99.1317,19.43694,12,2,http://sic.gob.mx/ficha.php?table=museo&table_id=2173,1739375995,Ciudad de México,NA,2024-09,2024
969,Museo del Calzado El Borceguí,Especializado,1991-03-01,"Museo y Centro Cultural de El Borcegui, A.C.",9,Ciudad de México,15,Cuauhtémoc,1,Cuauhtémoc,"Bolívar 27,  piso 1",Centro Histórico,6000,55 5521 8380 ext. 110,,,,museodelcalzadoborcegui@hotmail.com,https://es-la.facebook.com/museodelcalzadoborceguioficial/,https://x.com/MuseodelCalzado,,-99.13856,19.43282,-1,-1,http://sic.gob.mx/ficha.php?table=museo&table_id=969,1614942165,Ciudad de México,NA,1991-03,1991
1435,Museo de la Mujer,Historia,2011-03-08,"Federación Mexicana de Universitarias, A.C.",9,Ciudad de México,15,Cuauhtémoc,1,Cuauhtémoc,República de Bolivia 17,Centro,6020,55 5795 9596,http://www.museodelamujer.org.mx,,,museomujer@gmail.com,https://www.facebook.com/MuseodelaMujerMexico/,https://x.com/museodelamujer,,-99.13269,19.43943,8,-1,http://sic.gob.mx/ficha.php?table=museo&table_id=1435,1707214008,Ciudad de México,NA,2011-03,2011
705,Museo Nacional de la Revolución,Historia,1986-11-20,Secretaría de Cultura de la Ciudad de México,9,Ciudad de México,15,Cuauhtémoc,1,Cuauhtémoc,Plaza de la República s/n,Col. Tabacalera,6030,55 5546 2115,http://www.cultura.cdmx.gob.mx/recintos/mnr,https://www.facebook.com/museorevolucion,,mnr.difusion@gmail.com,,https://x.com/museorevolucion,,-99.15445,19.43615,9,1,http://sic.gob.mx/ficha.php?table=museo&table_id=705,1587586809,Ciudad de México,NA,1986-11,1986
1080,Museo del Palacio de Bellas Artes,Arte,1934-09-29,Secretaría de Cultura/INBA,9,Ciudad de México,15,Cuauhtémoc,1,Cuauhtémoc,Av. Juárez s/n esq. Eje Central Lázaro Cárdenas,Centro Histórico,6050,"55 1000 4622 ext. 2132, 2155",http://museopalaciodebellasartes.gob.mx/,,,gpba.palaciodebellasrtes@inba.gob.mx; mpba.informes@inba.gob.mx,,https://x.com/mbellasartes,,-99.14121,19.43565,8,-1,http://sic.gob.mx/ficha.php?table=museo&table_id=1080,1707230421,Ciudad de México,NA,1934-09,1934
733,Museo Recinto Homenaje a Cuauhtémoc,Arte,1999-01-01,Secretaría de Cultura/INAH,9,Ciudad de México,15,Cuauhtémoc,1,Cuauhtémoc,Av. Paseo de la Reforma Nte. 630,"U.H. Nonoalco-Tlaltelolco, 3ra. Sección",6300,55 5782 7290,,,,za.tlatelolco@inah.gob.mx,,,,-99.13416,19.44997,-1,-1,http://sic.gob.mx/ficha.php?table=museo&table_id=733,1587663917,Ciudad de México,NA,1999-01,1999
2352,Salón de la Plástica Mexicana,,NA,INBA,9,Ciudad de México,15,Cuauhtémoc,1,Cuauhtémoc,Colima 196,Roma Norte,6700,55 8647 5260,https://inba.gob.mx/recinto/27,https://salondelaplasticamexicana.inba.gob.mx/,,,,,,-99.16115,19.4197,0,0,http://sic.gob.mx/ficha.php?table=museo&table_id=2352,1683032216,Ciudad de México,NA,NA,NA
711,Sala de la Odontología Mexicana Dr. Samuel Fastlicht,Ciencia y tecnología,2004-10-23,UNAM/Facultad de Odontología,9,Ciudad de México,15,Cuauhtémoc,1,Cuauhtémoc,Primo Verdad 2,Centro Histórico,6020,55 5522 7128,,,,dephistfo@yahoo.com.mx,,,,-99.13074,19.43435,-1,-1,http://sic.gob.mx/ficha.php?table=museo&table_id=711,1587674815,Ciudad de México,NA,2004-10,2004
1893,Museo UNAM Hoy,Historia,2015-11-05,UNAM/Instituto de Investigaciones sobre la Universidad y la Educación (IISUE),9,Ciudad de México,15,Cuauhtémoc,1,Cuauhtémoc,Moneda 2,Centro Histórico,6010,55 5665 1661,http://www.iisue.unam.mx/museo/,,,museounamhoy@gmail.com,,https://x.com/IISUE_UNAM,,-99.13173,19.43367,6,1,http://sic.gob.mx/ficha.php?table=museo&table_id=1893,1615198472,Ciudad de México,NA,2015-11,2015
1337,Museo Numismático Nacional,Ciencia y tecnología,2016-01-01,SHCP/Casa de Moneda de México,9,Ciudad de México,15,Cuauhtémoc,1,Cuauhtémoc,"Apartado 13, entrada por República de Bolivia 40",Centro,6000,55 5080 9850 ext. 4551,https://www.gob.mx/cmm/acciones-y-programas/museo-numismatico-nacional-251871,,,atencionydifusion@cmm.gob.mx,https://www.facebook.com/profile.php?id=100078775180418,https://x.com/MNN_mexico,https://www.instagram.com/museo_numismatico_nacional_mx,-99.1302,19.43931,7,3,http://sic.gob.mx/ficha.php?table=museo&table_id=1337,1717084525,Ciudad de México,NA,2016-01,2016
1212,Museo Mexicano del Diseño (MUMEDI),Arte,2002-01-01,"Fundación Mumedi, A.C.",9,Ciudad de México,15,Cuauhtémoc,1,Cuauhtémoc,Francisco I. Madero 74,Centro Histórico,6000,55 5510 8609,https://www.mumedi.mx/,,,info@mumedi.org,https://www.facebook.com/Mumedi/,https://x.com/MUMEDIAmigos,,-99.1346,19.43333,-1,-1,http://sic.gob.mx/ficha.php?table=museo&table_id=1212,1709552872,Ciudad de México,NA,2002-01,2002
2217,Galería de Arte de la SHCP,,1982-01-01,SHCP/Dirección General de la Conservaduría de Palacio Nacional y Patrimonio Cultural,9,Ciudad de México,15,Cuauhtémoc,1,Cuauhtémoc,República de Guatemala 8,Centro,6000,"55 3688 1100 exts. 81666, 81656",https://www.gob.mx/palacionacional,,,difusioncultural@hacienda.gob.mx,,,,-99.13374,19.43519,0,0,http://sic.gob.mx/ficha.php?table=museo&table_id=2217,1689599874,Ciudad de México,NA,1982-01,1982
804,Museo Nacional de San Carlos,Arte,1968-06-12,Secretaría de Cultura/INBA,9,Ciudad de México,15,Cuauhtémoc,1,Cuauhtémoc,Puente de Alvarado 50,Col. Tabacalera,6030,55 8647 5800 al 03,http://www.mnsancarlos.com/,,,mnsc.info@inba.gob.mx; difusion.mnsc@gmail.com,https://es-la.facebook.com/museosancarlos/,https://x.com/MNacSanCarlos,https://www.instagram.com/museo_sancarlos,-99.1519,19.43804,10,4,http://sic.gob.mx/ficha.php?table=museo&table_id=804,1695990281,Ciudad de México,NA,1968-06,1968
796,Museo de la Caricatura,Arte,1987-03-19,"Sociedad Mexicana de Caricaturistas, A.C.",9,Ciudad de México,15,Cuauhtémoc,1,Cuauhtémoc,Donceles 99,Centro Histórico,6020,55 5704 0459,,,,museodelacaricatura2014@gmail.com,https://www.facebook.com/museodelacaricatura,https://x.com/CaricaturaMuseo,,-99.13267,19.43559,3,2,http://sic.gob.mx/ficha.php?table=museo&table_id=796,1684152496,Ciudad de México,NA,1987-03,1987
1469,Museo del Objeto del Objeto (MODO),Arte,2010-10-21,"Museo del Objeto del Objeto, A.C.",9,Ciudad de México,15,Cuauhtémoc,1,Cuauhtémoc,Colima 145,Col.  Roma Norte,6700,55 5533 9637,http://elmodo.mx,,,contacto@elmodo.mx,https://www.facebook.com/museomodo/,https://x.com/MUSEOMODO,,-99.15904,19.42009,-1,-1,http://sic.gob.mx/ficha.php?table=museo&table_id=1469,1707218637,Ciudad de México,NA,2010-10,2010
2029,Museo Interactivo de la Bolsa Mexicana de Valores,,2019-04-08,Grupo BMV,9,Ciudad de México,15,Cuauhtémoc,1,Cuauhtémoc,Paseo de la Reforma 255 Mezzanine,Col. Cuauhtémoc,6500,5553 4290 00,http://www.bmv.com.mx/es/Grupo_BMV/Experiencia_Bolsa,https://www.mubo.com.mx/pages/default,,mubo@grupobmv.com.mx,https://www.facebook.com/BolsaMexicanaValores,,,-99.16448,19.42919,0,0,http://sic.gob.mx/ficha.php?table=museo&table_id=2029,1706625531,Ciudad de México,NA,2019-04,2019
706,Museo de Sitio de la SEP,Arqueología,1994-08-19,SEP,9,Ciudad de México,15,Cuauhtémoc,1,Cuauhtémoc,Repúbica de Argentina 28,Centro,6020,55 3601 1000 exts. 51238,,http://www.travelbymexico.com/ciudaddemexico/atractivos/index.php?nom=edfemussep,,buzon.escolar@nube.sep.gob.mx,https://www.facebook.com/SEPmx?rf=325037368363543,,,-99.13177,19.43694,3,0,http://sic.gob.mx/ficha.php?table=museo&table_id=706,1675326255,Ciudad de México,NA,1994-08,1994
759,Museo de la Policía de la Ciudad de México,Historia,1991-07-15,Secretaría de Seguridad Pública de la Ciudad de México,9,Ciudad de México,15,Cuauhtémoc,1,Cuauhtémoc,Victoria 82,Centro Histórico,6050,55 8957 3360,,,,museodelpolicia@gmail.com,https://www.facebook.com/pages/Museo-del-Policia/184758268237546?fref=ts,,,-99.14657,19.43207,-1,-1,http://sic.gob.mx/ficha.php?table=museo&table_id=759,1696861305,Ciudad de México,NA,1991-07,1991
462,Museo Franz Mayer,Arte,1986-07-15,Banco de México Fideicomiso Cultural Franz Mayer,9,Ciudad de México,15,Cuauhtémoc,1,Cuauhtémoc,Av. Hidalgo 45,Centro,6300,55 5518 2265,https://franzmayer.org.mx/,,,museo@franzmayer.org.mx,https://www.facebook.com/MuseoFranzMayerMexico/,https://x.com/el_mayer,https://www.instagram.com/museofranzmayer,-99.14321,19.43726,3,-1,http://sic.gob.mx/ficha.php?table=museo&table_id=462,1722526326,Ciudad de México,NA,1986-07,1986
2238,Museo de Patología Hospital General de México Eduardo Liceaga,,NA,,9,Ciudad de México,15,Cuauhtémoc,1,Cuauhtémoc,Dr. Balmis 148,Col. Doctores,6720,,,,,,,,,-99.15186,19.41297,0,0,http://sic.gob.mx/ficha.php?table=museo&table_id=2238,1654684045,Ciudad de México,NA,NA,NA
2216,Casa Rivas Mercado,,2017-05-10,Fundación Rivas Mercado/Secretaría de Cultura de la Ciudad de México,9,Ciudad de México,15,Cuauhtémoc,1,Cuauhtémoc,Héroes 53,Col. Guerrero,6300,55 8320 9195,https://casarivasmercado.com/,,,visitas@casarivasmercado.com,https://www.facebook.com/casarivasmercado/,,https://www.instagram.com/casarivasmercado,-99.1468,19.44039,0,0,http://sic.gob.mx/ficha.php?table=museo&table_id=2216,1683117766,Ciudad de México,NA,2017-05,2017
1519,Museo de la Cancillería,Arte,2011-11-15,Secretaría de Relaciones Exteriores/Instituto Matías Romero,9,Ciudad de México,15,Cuauhtémoc,1,Cuauhtémoc,República de El Salvador 47,Centro,6000,55 3686 5100 ext. 8327,,,,museodelacancilleria@sre.gob.mx,https://www.facebook.com/pg/museodelacancilleriamx/posts/,,,-99.13838,19.42969,0,3,http://sic.gob.mx/ficha.php?table=museo&table_id=1519,1650276186,Ciudad de México,NA,2011-11,2011
2188,Casa-Estudio Leonora Carrington (Cerrada Temporalmente),,2021-03-01,Universidad Autónoma Metropolitana (UAM),9,Ciudad de México,15,Cuauhtémoc,1,Cuauhtémoc,Chihuahua 194,Col. Roma,6700,,https://casaleonoracarrington.uam.mx/,,,casaleonoracarringtonuam@gmail.com,https://www.facebook.com/casacarrington.uam,https://x.com/casacarrington,https://www.instagram.com/casacarrington.uam,-99.15638,19.41801,0,0,http://sic.gob.mx/ficha.php?table=museo&table_id=2188,1707221302,Ciudad de México,NA,2021-03,2021
2000,Museo del Juguete Arte-Objeto Frida,,2006-01-01,Gobierno de la Ciudad de México/Centro Cultural Estación Indianilla,9,Ciudad de México,15,Cuauhtémoc,1,Cuauhtémoc,Dr. Claudio Bernard 111 esq. Niños Héroes,Col. Doctores,6720,55 5761 9058,,,,estacionindianillacc@gmail.com,https://www.facebook.com/EstacionIndianilla,,https://www.instagram.com/estacionindianilla,-99.1505,19.42306,0,0,http://sic.gob.mx/ficha.php?table=museo&table_id=2000,1724782311,Ciudad de México,NA,2006-01,2006
1780,Museo del Bicentenario,Historia,2010-10-12,Torre Latinoamericana,9,Ciudad de México,15,Cuauhtémoc,1,Cuauhtémoc,Eje Central Lázaro Cárdenas 2 piso 36,Centro,6000,(55) 5518 7423 ext. 416302,http://torrelatinoamericana.com.mx/museo-bicentenario/,,,rhernandez@torrelatino.com,,,,-99.14075,19.43377,4,0,http://sic.gob.mx/ficha.php?table=museo&table_id=1780,1587661576,Ciudad de México,NA,2010-10,2010
708,Museo del Instituto Cultural México Israel,Historia,1993-10-19,"Instituto Cultural México Israel, A.C.",9,Ciudad de México,15,Cuauhtémoc,1,Cuauhtémoc,República de El Salvador 41,Centro Histórico,6080,55 5709 8853,http://www.mexico-israel.org/index.php?id=3,,,contacto@mexico-israel.org,https://www.facebook.com/pages/category/Nonprofit-Organization/Instituto-Cultural-Mexico-Israel-442992865712509/,,,-99.1384,19.42964,5,-1,http://sic.gob.mx/ficha.php?table=museo&table_id=708,1686043625,Ciudad de México,NA,1993-10,1993
15,Museo de lo Increíble Ripley,Especializado,1992-12-09,"Atracciones Culturales de México, S.A. de C.V.",9,Ciudad de México,15,Cuauhtémoc,1,Cuauhtémoc,Londres 4,Juárez,6600,555 546 37 84,http://www.museodecera.com.mx/,,,mucera@grupomuseodecera.com; coordinacion@grupomuseodecera.com,https://www.facebook.com/MuseodeCeraOficial/,https://x.com/museoripley,,-99.15671,19.42847,-1,-1,http://sic.gob.mx/ficha.php?table=museo&table_id=15,1711386946,Ciudad de México,NA,1992-12,1992
1114,Museo Ferrocarrilero Víctor Flores Morales,Historia,2001-07-17,Sindicato de Trabajadores Ferrocarrileros de la República Mexicana,9,Ciudad de México,15,Cuauhtémoc,1,Cuauhtémoc,Av. Ricardo Flores Magón 206,Col. Guerrero,6300,(55) 5597 1009,,,,museoferrovm@gmail.com; marquezgonzalez@hotmail.com,https://www.facebook.com/Museo-Ferrocarrilero-Victor-Flores-1145575075547310/?ref=page_internal,,,-99.15125,19.45383,-1,-1,http://sic.gob.mx/ficha.php?table=museo&table_id=1114,1588890663,Ciudad de México,NA,2001-07,2001
2066,Museo Kaluz,,2020-10-23,Fundación Cultural Kalux,9,Ciudad de México,15,Cuauhtémoc,1,Cuauhtémoc,Av. Hidalgo 85,Col. Guerrero,6300,55 2345 3168,https://museokaluz.org/,,,info@museokaluz.org; maregalado@kaluz.com,https://www.facebook.com/MuseoKaluz,,,-99.14589,19.43746,18,18,http://sic.gob.mx/ficha.php?table=museo&table_id=2066,1649419710,Ciudad de México,NA,2020-10,2020
797,Museo de la Ciudad de México,Arte,1964-10-31,Secretaría de Cultura de la Ciudad de México,9,Ciudad de México,15,Cuauhtémoc,1,Cuauhtémoc,José María Pino Suárez 30,Centro Histórico,6060,55 5522 9936,https://www.cultura.cdmx.gob.mx/recintos/mcm,,,museodelaciudaddemexico@gmail.com,,https://x.com/museomexico,,-99.13212,19.42916,0,-1,http://sic.gob.mx/ficha.php?table=museo&table_id=797,1727109158,Ciudad de México,NA,1964-10,1964
382,Museo Universitario del Chopo,Arte,1975-11-25,UNAM/Coordinación de Difusión Cultural,9,Ciudad de México,15,Cuauhtémoc,1,Cuauhtémoc,Dr. Enrique González Martínez 10,Col. Santa María la Ribera,6400,"55 5546 8490, 55 5546 3471",http://www.chopo.unam.mx,,,info.chopo@unam.mx; chopo@unam.mx,https://www.facebook.com/MuseodelChopo/,https://x.com/museodelchopo,,-99.15677,19.44191,-1,7,http://sic.gob.mx/ficha.php?table=museo&table_id=382,1587744788,Ciudad de México,NA,1975-11,1975
2110,Museo del Pulque y las pulquerías,,2019-02-08,"Asociación Nacional de Pulquerías Tradicionales, A.C.",9,Ciudad de México,15,Cuauhtémoc,1,Cuauhtémoc,"Av. Hidalgo 107, Ex Convento de San Hipólito",Col. Guerrero,6300,55 7160 45 02,https://www.mupyp.mx/es/,,,museo@mupyp.mx,https://www.facebook.com/mupyp/,https://x.com/mupyp_mx,,-99.1474,19.43777,2,0,http://sic.gob.mx/ficha.php?table=museo&table_id=2110,1680638737,Ciudad de México,NA,2019-02,2019
1907,Museo de Sitio del Antiguo Hospital Concepción Béistegui,Ciencia y tecnología,2015-08-15,"Fundación para Ancianos Concepción Béistegui,  I.A.P.",9,Ciudad de México,15,Cuauhtémoc,1,Cuauhtémoc,Regina 7 Planta Alta,Centro Histórico,6010,(55) 5709 3124,https://www.gob.mx/agn/articulos/archivo-historico-en-un-museo-de-sitio,,,museodsitioconcepcionbesitegui@gmail.com,https://www.facebook.com/museoconcepcionbeistegui/?fref=ts,https://x.com/BeisteguiMuseo,,-99.13836,19.42791,1,0,http://sic.gob.mx/ficha.php?table=museo&table_id=1907,1589232692,Ciudad de México,NA,2015-08,2015
1079,Recinto Parlamentario,Historia,1972-01-31,SHCP/Dirección General de la Conservaduría de Palacio Nacional y Patrimonio Cultural,9,Ciudad de México,15,Cuauhtémoc,1,Cuauhtémoc,Plaza de la Constitución s/n,Centro,6000,"55 3688 1100 exts. 81666, 81656",https://www.gob.mx/palacionacional,,,visitas_guiadas@hacienda.gob.mx,,,,-99.13151,19.43248,-1,-1,http://sic.gob.mx/ficha.php?table=museo&table_id=1079,1689603773,Ciudad de México,NA,1972-01,1972
692,Museo de Geología,Ciencia y tecnología,1904-09-06,UNAM/Instituto de Geología,9,Ciudad de México,15,Cuauhtémoc,1,Cuauhtémoc,Jaime Torres Bodet 176,Col. Santa María La Ribera,6400,55 5547 3900 ext. 106,http://www.geologia.unam.mx/igl/museo/index.html,,,mgeologia.unam@gmail.com,https://www.facebook.com/MuseoDeGeologiaUNAM/,,,-99.15774,19.45018,3,1,http://sic.gob.mx/ficha.php?table=museo&table_id=692,1696860269,Ciudad de México,NA,1904-09,1904
757,Pinacoteca del Templo La Profesa (cerrada hasta nuevo aviso),Arte,1988-03-26,Congregación del Oratorio de San Felipe Neri de México,9,Ciudad de México,15,Cuauhtémoc,1,Cuauhtémoc,Isabel la Católica 21,Centro Histórico,6000,(55) 5521 8362,,,,pinacotecadelaprofesa@outlook.com,,,,-99.13633,19.43367,4,0,http://sic.gob.mx/ficha.php?table=museo&table_id=757,1588087149,Ciudad de México,NA,1988-03,1988
2360,Palacio Nacional,,1951-01-01,SHCP/Dirección General de la Conservaduría de Palacio Nacional y Patrimonio Cultural,9,Ciudad de México,15,Cuauhtémoc,1,Cuauhtémoc,Plaza de la Constitución s/n,Centro,6000,"55 3688 1100 exts. 81666, 81656",https://www.gob.mx/palacionacional,,,visitas_guiadas@hacienda.gob.mx,,,,-99.13148,19.43251,0,0,http://sic.gob.mx/ficha.php?table=museo&table_id=2360,1729281190,Ciudad de México,NA,1951-01,1951
691,Palacio de la Escuela de Medicina,Antropología,1980-12-22,UNAM/Facultad de Medicina,9,Ciudad de México,15,Cuauhtémoc,1,Cuauhtémoc,"Rep. de Brasil 33, Plaza Santo Domingo",Centro Histórico,6000,"55 5623 3123, 55 5623 3151",,http://pem.facmed.unam.mx,,coordinacion.pmed@gmail.com; cejecutivapem@hotmail.com; nuria.diaz@unam.mx,https://www.facebook.com/PalacioDeMedicinaUnam/,https://x.com/palaciomedicina,,-99.13332,19.43789,23,4,http://sic.gob.mx/ficha.php?table=museo&table_id=691,1588088752,Ciudad de México,NA,1980-12,1980
907,Museo del Telégrafo,Ciencia y tecnología,2006-11-22,Telecomunicaciones de México (Telecom),9,Ciudad de México,15,Cuauhtémoc,1,Cuauhtémoc,Tacuba 8,Centro,6620,55 5521 9351,https://www.gob.mx/telecomm/articulos/museo-del-telegrafo-desde-casa?idiom=es,,,museotelegrafo@telecomm.gob.mx,https://www.facebook.com/Museodeltelegrafo/,https://x.com/museotelegrafo,,-99.13902,19.43613,-1,-1,http://sic.gob.mx/ficha.php?table=museo&table_id=907,1587665271,Ciudad de México,NA,2006-11,2006
1617,Museo Galería Nuestra Cocina Duque de Herdez,Especializado,2000-01-01,"Fundación Herdez, A.C.",9,Ciudad de México,15,Cuauhtémoc,1,Cuauhtémoc,Seminario 18,Centro Histórico,6060,55 5522 8860,http://fundacionherdez.com/,,,fundacion@herdez.com,https://www.facebook.com/FundacionHerdezAC/,,,-99.1318,19.43366,4,-1,http://sic.gob.mx/ficha.php?table=museo&table_id=1617,1587747483,Ciudad de México,NA,2000-01,2000
710,Museo Ramón López Velarde,Historia,1991-11-28,"Fundación Casa del Poeta, I.A.P.",9,Ciudad de México,15,Cuauhtémoc,1,Cuauhtémoc,Av. Álvaro Obregón 73,Col. Roma,6700,55 5533 5456,,https://www.facebook.com/casadelpoetaiap,,casadelpoeta@prodigy.net.mx,,https://x.com/casadelpoetarlv,,-99.15824,19.41883,1,0,http://sic.gob.mx/ficha.php?table=museo&table_id=710,1706612100,Ciudad de México,NA,1991-11,1991
811,Museo Manuel Tolsá,Arte,1999-02-08,UNAM/Facultad de Ingeniería,9,Ciudad de México,15,Cuauhtémoc,1,Cuauhtémoc,Tacuba 5,Centro,6000,55 5623 2981,http://museomanueltolsa.unam.mx/,,,teresa.martinez@mineria.unam.mx,https://www.facebook.com/PalacioDeMineria/?ref=hl,https://x.com/PalacioMineria,,-99.13926,19.43573,-1,-1,http://sic.gob.mx/ficha.php?table=museo&table_id=811,1587664462,Ciudad de México,NA,1999-02,1999
1491,Museo de Sitio de Tlatelolco Caja de Agua,Arqueología,2011-12-15,Secretaría de Cultura/INAH,9,Ciudad de México,15,Cuauhtémoc,1,Cuauhtémoc,Eje Central Lázaro Cárdenas s/n,"Unidad Habitacional Nonoalco-Tlatelolco, Tercera Sección",6900,55 5782 2240,https://lugares.inah.gob.mx/lugar-456-es,,,za.tlatelolco@inah.gob.mx; edwina_villegas@inah.gob.mx,,,,-99.13731,19.45108,1,-1,http://sic.gob.mx/ficha.php?table=museo&table_id=1491,1703160710,Ciudad de México,NA,2011-12,2011
1092,Museo de Arte Popular,Arte,2006-02-28,Fideicomiso Museo de Arte  Popular Mexicano,9,Ciudad de México,15,Cuauhtémoc,1,Cuauhtémoc,Revillagigedo 11 esq. Independencia,Centro,6050,55 5510 2201 ext. 102,https://www.map.cdmx.gob.mx/servicios,,,infomap@cdmx.gob.mx,https://es-la.facebook.com/MuseoArtePopular/,https://x.com/map_mexico,,-99.1463,19.43378,7,3,http://sic.gob.mx/ficha.php?table=museo&table_id=1092,1685027063,Ciudad de México,NA,2006-02,2006
1473,Museo del Tequila y el Mezcal (MUTEM),Especializado,2010-12-11,"Integradora de Culturas y Raíces Mexicanas, S.A. de C.V.",9,Ciudad de México,15,Cuauhtémoc,1,Cuauhtémoc,Eje Central Lázaro Cárdenas s/n,Centro,6010,55 5526 6540,http://www.mutemgaribaldi.mx,,,info@mutemgaribaldi.mx,,https://x.com/mutemgaribaldi,,-99.13946,19.44057,-1,-1,http://sic.gob.mx/ficha.php?table=museo&table_id=1473,1614943796,Ciudad de México,NA,2010-12,2010
1550,Museo del Tecpan,Historia,1960-01-01,Secretaría de Cultura/INAH,9,Ciudad de México,15,Cuauhtémoc,1,Cuauhtémoc,Av. Reforma Norte 630,"U.H. Tlatelolco, 3ra. sección",6300,55 5583 0295,,https://www.contlatelolco.xyz/2023/10/18/museo-del-tecpan/,https://lugares.inah.gob.mx/en/museos-inah/exposiciones/exposicion/24106-2254-exposici%C3%B3n-permanente-del-museo-del-tecpan.html?expo_id=24106&lugar_id=24104,za.tlatelolco@inah.gob.mx,https://www.facebook.com/ZATlatelolcoINAH,,,-99.13421,19.44997,-1,-1,http://sic.gob.mx/ficha.php?table=museo&table_id=1550,1728584252,Ciudad de México,NA,1960-01,1960
768,Antiguo Colegio de San Ildefonso,Arte,1994-03-14,UNAM/Secretaría de Cultura/Gobierno de la Ciudad de México,9,Ciudad de México,15,Cuauhtémoc,1,Cuauhtémoc,Justo Sierra 16,Centro Histórico,6020,55 3602 0029,http://www.sanildefonso.org.mx/,,,informes@sanildefonso.org.mx,https://www.facebook.com/ColegioSanIldefonso/,https://x.com/SanIldefonsoMx,,-99.13058,19.43585,-1,-1,http://sic.gob.mx/ficha.php?table=museo&table_id=768,1707305334,Ciudad de México,NA,1994-03,1994
439,Museo Nacional de Arte (MUNAL),Arte,1982-07-23,Secretaría de Cultura/INBA,9,Ciudad de México,15,Cuauhtémoc,1,Cuauhtémoc,Tacuba 8,Centro Histórico,6010,55 8647 5430 ext. 5035,http://www.munal.mx/en,,,elias.pina@munal.inba.gob.mx,https://www.facebook.com/munal.inba,https://x.com/MUNALmx,,-99.13906,19.43638,-1,-1,http://sic.gob.mx/ficha.php?table=museo&table_id=439,1676543690,Ciudad de México,NA,1982-07,1982
476,Museo del Templo Mayor,Arqueología,1987-10-12,Secretaría de Cultura/INAH,9,Ciudad de México,15,Cuauhtémoc,1,Cuauhtémoc,Seminario 8,Centro Histórico,6060,"55 4166 0780 al 84 exts. 412901, 412902",http://www.inah.gob.mx/red-de-museos/292-museo-de-sitio-del-templo-mayor,https://www.templomayor.inah.gob.mx/,https://lugares.inah.gob.mx/lugar-75-es,difusion.mntm@inah.gob.mx; direccion.mtm@inah.gob.mx,,https://x.com/mustemplomayor,,-99.13116,19.43494,8,-1,http://sic.gob.mx/ficha.php?table=museo&table_id=476,1722868025,Ciudad de México,NA,1987-10,1987
854,Palacio de Cultura Banamex (Palacio de Iturbide),Arte,1971-11-15,"Fomento Cultural Banamex, A.C.",9,Ciudad de México,15,Cuauhtémoc,1,Cuauhtémoc,Francisco I. Madero 17,Centro Histórico,6000,55 1226 0004,http://fomentoculturalbanamex.org/,,,contacto@fomentoculturalbanamex.org; fernando.gomezgoyzueta@citibanamex.com,https://www.facebook.com/fomentoculturalbanamex,https://x.com/FomentoCulturAC,,-99.13906,19.43352,-1,-1,http://sic.gob.mx/ficha.php?table=museo&table_id=854,1665391220,Ciudad de México,NA,1971-11,1971
1109,Museo Archivo de la Fotografía (MAF),Arte,2006-12-12,Secretaría de Cultura de la Ciudad de México,9,Ciudad de México,15,Cuauhtémoc,1,Cuauhtémoc,República de Guatemala 34-38,Centro Histórico,6010,55 2616 7057,https://www.cultura.cdmx.gob.mx/recintos/maf,,,museoarchivofotografia@gmail.com,https://es-la.facebook.com/pg/mafmuseo/about/?ref=page_internal,https://x.com/mafcultura,https://www.instagram.com/mafmuseo,-99.13214,19.43486,3,3,http://sic.gob.mx/ficha.php?table=museo&table_id=1109,1719596938,Ciudad de México,NA,2006-12,2006
427,Laboratorio Arte Alameda,Arte,2000-01-01,Secretaría de Cultura/INBA,9,Ciudad de México,15,Cuauhtémoc,1,Cuauhtémoc,Calle Dr. Mora 7,Centro Histórico,6050,55 8647 5660,http://www.artealameda.bellasartes.gob.mx/,https://linktr.ee/artealameda,,info.artealameda@gmail.com,https://www.facebook.com/artealameda/?ref=br_rs,https://x.com/ArteAlameda,,-99.14677,19.4364,7,7,http://sic.gob.mx/ficha.php?table=museo&table_id=427,1707307245,Ciudad de México,NA,2000-01,2000
802,Museo Nacional de las Culturas del Mundo,Historia,1965-12-04,Secretaría de Cultura/INAH,9,Ciudad de México,15,Cuauhtémoc,1,Cuauhtémoc,Moneda 13,Centro Histórico,6060,55 5510 9922,https://lugares.inah.gob.mx/lugar-88-es,https://lugares.inah.gob.mx/lugar-88-en,,direccion.mncm@inah.gob.mx; difusion.mnc@inah.gob.mx,https://www.facebook.com/MuseoCulturasdelMundo?mibextid=ZbWKwL,https://x.com/MuseoCulturas,https://www.instagram.com/mnculturasdelmundo,-99.13013,19.433,14,10,http://sic.gob.mx/ficha.php?table=museo&table_id=802,1737656464,Ciudad de México,NA,1965-12,1965
2008,Museo Vizcaínas,Historia,1996-04-25,Colegio de San Ignacio de Loyola Vizcaínas IAP,9,Ciudad de México,15,Cuauhtémoc,1,Cuauhtémoc,Vizcaínas 21,Centro Histórico,6080,55 5130 7123,http://colegiovizcainas.edu.mx/museo,,,comunicacion@vizcainas.mx,https://www.facebook.com/MuseoVizcainas,https://x.com/MuseoVizcainas,,-99.14072,19.42831,14,0,http://sic.gob.mx/ficha.php?table=museo&table_id=2008,1661417963,Ciudad de México,NA,1996-04,1996
503,Herbario Medicinal del IMSS,Antropología,1978-06-01,Instituto Mexicano del Seguro Social,9,Ciudad de México,15,Cuauhtémoc,1,Cuauhtémoc,Av. Cuauhtémoc 330,Col. Doctores,6720,55 5588 5607,https://www.imss.gob.mx/prensa/archivo/202406/286,,,herbarioimss@yahoo.com.mx,,,,-99.15325,19.40772,-1,-1,http://sic.gob.mx/ficha.php?table=museo&table_id=503,1719944587,Ciudad de México,NA,1978-06,1978
2075,Museo Centro de la Imagen,,1994-05-04,Secretaría de Cultura,9,Ciudad de México,15,Cuauhtémoc,1,Cuauhtémoc,Plaza de la Ciudadela 2,Centro Histórico,6040,55 4155 0850,https://centrodelaimagen.cultura.gob.mx,https://pics-ci.com.mx/,,direccion_ci@cultura.gob.mx; comunicacion_ci@cultura.gob.mx,https://www.facebook.com/centrodelaimagen.mx/,https://x.com/cimagen,,-99.14886,19.42902,14,14,http://sic.gob.mx/ficha.php?table=museo&table_id=2075,1620131994,Ciudad de México,NA,1994-05,1994
459,Museo José Luis Cuevas,Arte,1992-07-08,"Fundación Maestro José Luis Cuevas Novelo, A.C.",9,Ciudad de México,15,Cuauhtémoc,1,Cuauhtémoc,Academia 13,Centro Histórico,6060,55 5542 8959,http://www.museojoseluiscuevas.com.mx/inicio.html,,,bccuevas@museojoseluiscuevas.com.mx; fundacionjlcuevas@museojoseluiscuevas.com.mx,https://www.facebook.com/museojoseluiscuevasoficial?ref=hl,https://x.com/MuseoCuevas,,-99.12912,19.43363,7,6,http://sic.gob.mx/ficha.php?table=museo&table_id=459,1614946673,Ciudad de México,NA,1992-07,1992
2417,Museo Casa de las Mil Muñecas,,2024-02-09,Particular,9,Ciudad de México,15,Cuauhtémoc,1,Cuauhtémoc,Av. Chapultepec 420,Col. Roma Norte,6700,55 5922 8451,https://xn--museodelasmilmuecas-93b.com/,,,contacto@casamilmunecas.com,https://www.facebook.com/p/Casa-de-las-mil-mu%C3%B1ecas-100057371534612/?locale=es_LA,,https://www.instagram.com/casadelasmilmunecascdmx,-99.16857,19.42201,4,1,http://sic.gob.mx/ficha.php?table=museo&table_id=2417,1719253023,Ciudad de México,NA,2024-02,2024
1518,Centro de Interpretación Xaltilolli,Arqueología,2021-11-30,UNAM/Centro Cultural Universitario Tlatelolco,9,Ciudad de México,15,Cuauhtémoc,1,Cuauhtémoc,Av. Ricardo Flores Magón s/n,Col. Nonoalco Tlatelolco,6900,55 5517 2818,,https://cix.unam.mx/,,dg_ccut@unam.mx,https://www.facebook.com/CCUTXaltilolli,https://x.com/ccutlatelolco,,-99.13712,19.44988,1,1,http://sic.gob.mx/ficha.php?table=museo&table_id=1518,1719515051,Ciudad de México,NA,2021-11,2021
1313,Museo Memoria y Tolerancia,Historia,2010-10-18,"Memoria y Tolerancia, A.C.",9,Ciudad de México,15,Cuauhtémoc,1,Cuauhtémoc,Av. Juárez 8,Centro,6010,55 5130 5555 Ext. 1045,https://www.myt.org.mx/,,,info@myt.org.mx,https://www.facebook.com/MuseoMemoriayTolerancia/,https://x.com/museomyt,,-99.14467,19.43415,1,1,http://sic.gob.mx/ficha.php?table=museo&table_id=1313,1719334593,Ciudad de México,NA,2010-10,2010
812,Museo Nacional de la Estampa (MUNAE),Arte,1986-12-17,Secretaría de Cultura/INBA,9,Ciudad de México,15,Cuauhtémoc,1,Cuauhtémoc,"Av. Hidalgo 39, Plaza de la Santa Veracruz",Centro,6050,"55 8647 5220 exts. 5440, 5443",http://www.museonacionaldelaestampa.bellasartes.gob.mx/,,,munae.informes@inba.gob.mx,https://www.facebook.com/MuseoNacionaldelaEstampa/,https://x.com/MUNAE,,-99.1427,19.43687,4,1,http://sic.gob.mx/ficha.php?table=museo&table_id=812,1676543202,Ciudad de México,NA,1986-12,1986
689,Museo Postal y Filatélico,Historia,1920-02-25,Servicio Postal Mexicano,9,Ciudad de México,15,Cuauhtémoc,1,Cuauhtémoc,Tacuba 1,Centro,6000,"55 5130 4100 exts. 15560, 15586",https://www.portal.correosdemexico.com.mx/museopostal/,https://instagram.com/palacio.postal.museo,,qrosas@correosdemexico.gob.mx,,,,-99.14024,19.43573,4,2,http://sic.gob.mx/ficha.php?table=museo&table_id=689,1697554645,Ciudad de México,NA,1920-02,1920
716,Museo Nacional de Arquitectura,Arte,1984-01-26,Secretaría de Cultura/INBA/Dirección de Arquitectura y Conservación del Patrimonio Artístico Inmueble,9,Ciudad de México,15,Cuauhtémoc,1,Cuauhtémoc,Av. Juárez 1,Centro Histórico,6050,"55 8647 5360 exts. 6311, 6312",https://munarq.inba.gob.mx/,,,difusiondacpai@inba.gob.mx,https://www.facebook.com/MUNARQINBA/,,,-99.14129,19.43538,-1,-1,http://sic.gob.mx/ficha.php?table=museo&table_id=716,1697552262,Ciudad de México,NA,1984-01,1984
43,Museo de Cera de la Ciudad de México,Especializado,1979-08-01,"Museo de Cera de la Ciudad de México, S.A. de C.V.",9,Ciudad de México,15,Cuauhtémoc,1,Cuauhtémoc,Londres 6,Col. Juárez,6600,55 5546 7670,http://www.museodecera.com.mx/,,,coordinacion@grupomuseodecera.com,https://www.facebook.com/MuseodeCeraOficial/,https://x.com/museodecera,,-99.15703,19.42838,14,-1,http://sic.gob.mx/ficha.php?table=museo&table_id=43,1697551922,Ciudad de México,NA,1979-08,1979
1106,Museo del Juguete Antiguo México (MUJAM),Especializado,2008-04-29,"Conservación y Rescate de la Cultura Popular de México, S.A. de C.V.",9,Ciudad de México,15,Cuauhtémoc,1,Cuauhtémoc,Dr. Olvera 15,Col. Doctores,6720,55 5588 2100,,,,hellomujam@museodeljuguete.com.mx,https://www.facebook.com/museodeljuguete/,https://x.com/MuseodelJuguete,,-99.14406,19.41531,9,3,http://sic.gob.mx/ficha.php?table=museo&table_id=1106,1724783135,Ciudad de México,NA,2008-04,2008
968,Museo de Arte de la Secretaria de Hacienda y Crédito Público (SHCP),Arte,1994-11-01,SHCP/Dirección General de la Conservaduría de Palacio Nacional y Patrimonio Cultural,9,Ciudad de México,15,Cuauhtémoc,1,Cuauhtémoc,Moneda 4,Centro,6000,"55 3688 1100 exts. 81666, 81656",https://www.gob.mx/palacionacional,,,difusioncultural@hacienda.gob.mx,,,,-99.13135,19.43366,2,-1,http://sic.gob.mx/ficha.php?table=museo&table_id=968,1721416766,Ciudad de México,NA,1994-11,1994
972,Museo del Ejército y Fuerza Aérea Mexicanos de Bethlemitas (Cerrado Temporalmente),Historia,1991-09-15,Secretaría de la Defensa Nacional (SEDENA),9,Ciudad de México,15,Cuauhtémoc,1,Cuauhtémoc,Filomeno Mata 6,Centro,6060,(55) 5512 3215,,http://www.gob.mx/sedena/acciones-y-programas/atencion-al-publico-del-ejercito-y-fuerza-aerea-mexicanos-capilla-del-ex-convento-de-bethlemitas,,bethlemitas14@gmail.com,,,,-99.13895,19.43558,10,-1,http://sic.gob.mx/ficha.php?table=museo&table_id=972,1588081478,Ciudad de México,NA,1991-09,1991
661,Museo Mural Diego Rivera,Arte,1988-02-19,Secretaría de Cultura/INBA,9,Ciudad de México,15,Cuauhtémoc,1,Cuauhtémoc,Balderas s/n esq. Colón,Centro Histórico,6040,55  1555 1900,https://museomuraldiegorivera.bellasartes.gob.mx/,,,mmdr.informes@inba.gob.mx,https://www.facebook.com/pg/museomural.diegorivera/about/,https://x.com/MuseoMural,,-99.14685,19.43604,1,-1,http://sic.gob.mx/ficha.php?table=museo&table_id=661,1614951166,Ciudad de México,NA,1988-02,1988
344,Museo Experimental El Eco,Arte,2005-09-07,UNAM/Dirección General de Artes Visuales,9,Ciudad de México,15,Cuauhtémoc,1,Cuauhtémoc,Sullivan 43,Col. San Rafael,6470,55 5535 5186,http://www.eleco.unam.mx,,,contacto@eleco.unam.mx,,https://x.com/museo_el_eco,,-99.16126,19.43339,-1,-1,http://sic.gob.mx/ficha.php?table=museo&table_id=344,1721151834,Ciudad de México,NA,2005-09,2005
335,Museo de Arte Contemporáneo Internacional Rufino Tamayo,Arte,1981-05-30,Secretaría de Cultura/INBA,9,Ciudad de México,16,Miguel Hidalgo,1,Miguel Hidalgo,Paseo de la Reforma 51 esq. Gandhi,Col. Bosque de Chapultepec,11580,55 4122 8200,http://www.museotamayo.org,,,info@museotamayo.org,https://www.facebook.com/museotamayo/,https://x.com/museotamayo,,-99.18173,19.42552,17,8,http://sic.gob.mx/ficha.php?table=museo&table_id=335,1734115987,Ciudad de México,NA,1981-05,1981
911,Mapoteca Manuel Orozco y Berra (MOB),Especializado,1977-01-01,"Servicio de Información Agroalimentaria y Pesquera, Secretaría de Agricultura Ganadería Desarrollo Rural Pesca y Alimentación",9,Ciudad de México,16,Miguel Hidalgo,1,Miguel Hidalgo,Av. Observatorio 192,Col. Observatorio,11860,"55 3871 8500 exts. 48147, 48205, 48206",http://mapoteca.siap.gob.mx/,,,mmoyb@siap.gob.mx,,,,-99.19625,19.40351,-1,-1,http://sic.gob.mx/ficha.php?table=museo&table_id=911,1695723156,Ciudad de México,NA,1977-01,1977
2166,Museo de la Brigada de Fusileros Paracaidistas,,2015-10-03,Secretaría de la Defensa Nacional,9,Ciudad de México,16,Miguel Hidalgo,1,Miguel Hidalgo,"Av. Conscripto s/n, P-3 Campo Militar 1-A",Col. Lomas de Sotelo,11619,55 2122 8800 SEDENA,https://www.gob.mx/sedena/acciones-y-programas/museos-y-bibliotecas-9853,,,cmte.bfp@sedena.gob.mx,,,,-99.2264,19.44185,15,0,http://sic.gob.mx/ficha.php?table=museo&table_id=2166,1673954031,Ciudad de México,NA,2015-10,2015
673,Museo Nacional de Historia Castillo de Chapultepec,Historia,1944-09-27,Secretaría de Cultura/INAH,9,Ciudad de México,16,Miguel Hidalgo,1,Miguel Hidalgo,"Bosque de Chapultepec, primera sección",Col. Polanco V sección,11560,"55 4040 5214, 55 4040 5200",https://mnh.inah.gob.mx/,https://www.mexicoescultura.com/recinto/53752/museo-nacional-de-historia-castillo-de-chapultepec.html,https://lugares.inah.gob.mx/lugar-72-es,difusion.mnh@inah.gob.mx; salvador_rueda@inah.gob.mx,,https://x.com/Museodehistoria,,-99.18204,19.42036,8,-1,http://sic.gob.mx/ficha.php?table=museo&table_id=673,1714759173,Ciudad de México,NA,1944-09,1944
807,Museo Nacional de Antropología (MNA),Antropología,1964-09-17,Secretaría de Cultura/INAH,9,Ciudad de México,16,Miguel Hidalgo,1,Miguel Hidalgo,Av. Paseo de la Reforma esq. Calz. Gandhi s/n,Col. Chapultepec Polanco,11560,55 5553 6266,https://www.mna.inah.gob.mx/,https://twitter.com/mna_inah?lang=es,https://lugares.inah.gob.mx/lugar-87-es,atencion.mna@inah.gob.mx,https://www.facebook.com/MNAinah/,,,-99.18661,19.4261,22,2,http://sic.gob.mx/ficha.php?table=museo&table_id=807,1715639782,Ciudad de México,NA,1964-09,1964
970,"Galería de Historia, Museo del Caracol",Historia,1960-11-21,Secretaría de Cultura/INAH,9,Ciudad de México,16,Miguel Hidalgo,1,Miguel Hidalgo,Rampa de acceso al Castillo de Chapultepec s/n,"Col. San Miguel Chapultepec,  1a. sección",11580,55 5211 5239.,https://www.caracol.inah.gob.mx/,"https://lugares.inah.gob.mx/es/museos-inah/museo/454-galer%C3%ADa-de-historia,-museo-del-caracol.html?lugar_id=454&lugar_tipo=museos",https://lugares.inah.gob.mx/lugar-90-es,ignacio_luna@inah.gob.mx,https://www.facebook.com/museo.delcaracol,,,-99.1833,19.41895,13,1,http://sic.gob.mx/ficha.php?table=museo&table_id=970,1715965722,Ciudad de México,NA,1960-11,1960
2194,Cencalli: Casa del Maíz y la Cultura Alimentaria,,2021-09-29,Secretaría de Cultura/Gobierno de la Ciudad de México,9,Ciudad de México,16,Miguel Hidalgo,1,Miguel Hidalgo,Av. Parque Lira  s/n,"Col. Bosque de Chapultepec, 1a. Sección.",11850,55 4155 0200 ext. 2412,https://chapultepec.cultura.gob.mx/oferta-cultural/los-pinos/cencalli/,,,contactolospinos@cutura.gob.mx,,,,-99.192,19.41717,8,1,http://sic.gob.mx/ficha.php?table=museo&table_id=2194,1709235419,Ciudad de México,NA,2021-09,2021
238,Museo de Historia Natural y Cultura Ambiental,Ciencia y tecnología,1964-10-24,Gobierno de la Ciudad de México/Secretaría del Medio Ambiente,9,Ciudad de México,16,Miguel Hidalgo,1,Miguel Hidalgo,Av. de los Compositores s/n,Col. Bosque de Chapultepec II sección,11800,"55 5515 0739 ext. 112, 113",http://data.sedema.cdmx.gob.mx/museodehistorianatural/?view=featured,,,eventosmhnca@sedema.cdmx.gob.mx,https://www.facebook.com/museodehistorianaturalcdmx/,,,-99.20154,19.41,4,1,http://sic.gob.mx/ficha.php?table=museo&table_id=238,1683541456,Ciudad de México,NA,1964-10,1964
2181,Museo Casa Presidencial Lázaro Cárdenas,,2020-10-19,Secretaría de Cultura del Gobierno de México,9,Ciudad de México,16,Miguel Hidalgo,1,Miguel Hidalgo,Complejo Cultural Los Pinos,"Col. San Miguel Chapultepec, 1ra sección",11850,55 41550200 ext. 2412,https://lospinos.cultura.gob.mx/espacios/detalle/casa-presidencial-lazaro-cardenas,,,contactolospinos@cultura.gob.mx,https://www.facebook.com/LosPinos.Cultura,,,-99.19182,19.41485,14,0,http://sic.gob.mx/ficha.php?table=museo&table_id=2181,1709235379,Ciudad de México,NA,2020-10,2020
375,Papalote Museo del Niño Chapultepec,Ciencia y tecnología,1993-11-05,"Museo Interactivo Infantil, A.C.",9,Ciudad de México,16,Miguel Hidalgo,1,Miguel Hidalgo,Av. Constituyentes 268,"Col. Daniel Garza, 2da. Sección del Bosque de Chapultepec",11830,55 5237 1700,https://www.papalote.org.mx/,,,,https://www.facebook.com/PapaloteMuseo,https://x.com/Papalote_Museo,,-99.19455,19.41152,5,-1,http://sic.gob.mx/ficha.php?table=museo&table_id=375,1670509580,Ciudad de México,NA,1993-11,1993
786,Sala de Arte Público Siqueiros,Arte,1969-01-29,Secretaría de Cultura/INBA,9,Ciudad de México,16,Miguel Hidalgo,1,Miguel Hidalgo,Tres Picos 29,Col. Polanco,11560,55 8647 5340 y 43,http://saps-latallera.org/,,,saps.difusion@inba.gob.mx,https://www.facebook.com/saladeartepublicosiqueiros/,,,-99.18736,19.42875,6,1,http://sic.gob.mx/ficha.php?table=museo&table_id=786,1615196635,Ciudad de México,NA,1969-01,1969
2474,Archivo Diseño y Arquitectura,,2012-01-01,Fundación Fernando Romero,9,Ciudad de México,16,Miguel Hidalgo,1,Miguel Hidalgo,"Gral. Francisco Ramírez 4,  Ciudad de México, CDMX",Col. Ampliación Daniel Garza,11840,+52 55 2614 1063,https://archivonline.org/,,,info@archivonline.org,,,https://www.instagram.com/archivo.design,-99.19239,19.41166,0,0,http://sic.gob.mx/ficha.php?table=museo&table_id=2474,1739234575,Ciudad de México,NA,2012-01,2012
1478,"Museo Soumaya, Plaza Carso",Arte,2011-03-28,"Fundación Carlos Slim, A.C.",9,Ciudad de México,16,Miguel Hidalgo,1,Miguel Hidalgo,Blvd. Miguel de Cervantes Saavedra 303,Col. Ampl. Granada,11529,55 1103 9801 al 03,http://www.museosoumaya.org/,,,museo@soumaya.org.mx,https://www.facebook.com/elmuseosoumaya,https://x.com/ElMuseoSoumaya,https://www.instagram.com/elmuseosoumaya,-99.20462,19.44066,6,1,http://sic.gob.mx/ficha.php?table=museo&table_id=1478,1709051096,Ciudad de México,NA,2011-03,2011
548,Museo Casa de la Bola,Arte,1991-05-27,"Fundación Cultural Antonio Haghenbeck de la Lama, I.A.P.",9,Ciudad de México,16,Miguel Hidalgo,1,Miguel Hidalgo,Av. Parque Lira 136,Col. Tacubaya,11860,55 2614 0164,http://www.museoshaghenbeck.mx/,https://www.museoshaghenbeck.mx/museo-casa-de-la-bola/,,newsletter@museoshaghenbeck.mx,https://www.facebook.com/museoshaghenbeck/,https://x.com/mhaghenbeck,,-99.18867,19.4046,-1,-1,http://sic.gob.mx/ficha.php?table=museo&table_id=548,1731425587,Ciudad de México,NA,1991-05,1991
478,La Casa Luis Barragán,Arte,1998-10-20,"Fundación de Arquitectura Tapatía Luis Barragán, A.C.",9,Ciudad de México,16,Miguel Hidalgo,1,Miguel Hidalgo,Gral. Francisco Ramírez 14-16,Col. Ampliación Daniel Garza,11840,55 5272 4945,http://www.casaluisbarragan.org,,,casaluisbarragan@gmail.com,,https://x.com/Casa_Barragan,,-99.19241,19.4111,-1,-1,http://sic.gob.mx/ficha.php?table=museo&table_id=478,1650271959,Ciudad de México,NA,1998-10,1998
2064,Museo de Sitio y Centro de Visitantes del Bosque de Chapultepec,,2018-11-14,SEDEMA/Dirección de Gestión del Bosque de Chapultepec,9,Ciudad de México,16,Miguel Hidalgo,1,Miguel Hidalgo,General Miguel Hidalgo s/n,1a. Sección del Bosque de Chapultepec,11850,55 5925 4372,https://chapultepec.org.mx/actividad/museo-de-sitio-y-centro-de-visitantes/,,,museodesitiobch@gmail.com,https://www.facebook.com/ProChapultepec/posts/10160295582676038/,,,-99.17926,19.42095,2,0,http://sic.gob.mx/ficha.php?table=museo&table_id=2064,1674652237,Ciudad de México,NA,2018-11,2018
502,"Maná, Museo de la Biblia",Historia,2000-07-30,"Maná, Museo de las Sagradas Escrituras, A.C.",9,Ciudad de México,16,Miguel Hidalgo,1,Miguel Hidalgo,Tonantzin 31,Col. Tlaxpana,11370,55 5591 0139,https://mana.museum/,,,informes@mana.museum,https://www.facebook.com/ManaMuseo,,,-99.16908,19.44315,-1,-1,http://sic.gob.mx/ficha.php?table=museo&table_id=502,1692608554,Ciudad de México,NA,2000-07,2000
658,Museo de Arte Moderno (MAM),Arte,1964-09-20,Secretaría de Cultura/INBA,9,Ciudad de México,16,Miguel Hidalgo,1,Miguel Hidalgo,Paseo de la Reforma y Gandhi s/n,Bosque de Chapultepec,11560,55 8647 5530,https://mam.inba.gob.mx/,,,info@mam.org.mx,https://www.facebook.com/MuseodeArteModernoMX/,https://x.com/museoAmodernoMX,,-99.17954,19.42274,5,-1,http://sic.gob.mx/ficha.php?table=museo&table_id=658,1676541507,Ciudad de México,NA,1964-09,1964
2311,Anfibium: Museo del Axolote y Centro de Conservación de Anfibios,,2023-01-21,Gobierno de la Ciudad de México / SEDEMA,9,Ciudad de México,16,Miguel Hidalgo,1,Miguel Hidalgo,"Calz. Chivatito s/n, ( entrada por Zoológico de Chapultepec)",Bosque de Chapultepec 1a. Sección,11850,,https://gobierno.cdmx.gob.mx/noticias/museo-del-axolote/,,,,,,https://www.instagram.com/chapultepeccdmx,-99.18957,19.4241,0,0,http://sic.gob.mx/ficha.php?table=museo&table_id=2311,1677755294,Ciudad de México,NA,2023-01,2023
1874,Museo del Centenario del Ejército Mexicano,Historia,2013-11-19,Secretaría de la Defensa Nacional (SEDENA),9,Ciudad de México,16,Miguel Hidalgo,1,Miguel Hidalgo,Blvd. Manuel Ávila Camacho esq. Av. Industria Militar,Col. Lomas de Sotelo,11200,55 2122 8800 ext. 8808,http://www.gob.mx/sedena/acciones-y-programas/museo-del-centenario-del-ejercito-mexicano,,,,,,,-99.21577,19.44041,10,0,http://sic.gob.mx/ficha.php?table=museo&table_id=1874,1587481004,Ciudad de México,NA,2013-11,2013
1232,Museo de Caballería,Historia,2006-04-16,Secretaría de la Defensa Nacional (SEDENA)/Dirección General de Archivo e Historia,9,Ciudad de México,16,Miguel Hidalgo,1,Miguel Hidalgo,"Av. México Tacuba, Campo Militar 1-B",Col. Popotla,11411,(55) 5396 5975,http://www.gob.mx/sedena/acciones-y-programas/museo-de-caballeria,,,mus_cab@mail.sedena.gob.mx,,,,-99.17576,19.45087,10,0,http://sic.gob.mx/ficha.php?table=museo&table_id=1232,1552575617,Ciudad de México,NA,2006-04,2006
1614,Museo de Geofísica,Ciencia y tecnología,2010-09-10,UNAM/Instituto de Geofísica,9,Ciudad de México,16,Miguel Hidalgo,1,Miguel Hidalgo,Victoriano Zepeda 53,Col. Observatorio,11860,55 5271 1068,https://www.geofisica.unam.mx/museos.html,,,museo@geofisica.unam.mx,,,,-99.19543,19.40487,3,-1,http://sic.gob.mx/ficha.php?table=museo&table_id=1614,1614861267,Ciudad de México,NA,2010-09,2010
977,Museo Nacional de la Cartografía,Historia,2000-02-19,Secretaría de la Defensa Nacional (SEDENA)/Dirección General de Archivo e Historia,9,Ciudad de México,16,Miguel Hidalgo,1,Miguel Hidalgo,Av. Observatorio 94,Col. Tacubaya,11870,55 5272 6686,http://www.gob.mx/sedena/acciones-y-programas/museo-nacional-de-la-cartografia,,,mus_carto@mail.sedena.gob.mx,,,,-99.19171,19.40433,-1,-1,http://sic.gob.mx/ficha.php?table=museo&table_id=977,1645699804,Ciudad de México,NA,2000-02,2000
1484,Museo Jumex,Arte,2013-11-19,"Fundación Jumex Arte Contemporáneo, A.C.",9,Ciudad de México,16,Miguel Hidalgo,1,Miguel Hidalgo,Blvd. Miguel de Cervantes Saavedra 303,Col. Granada,11520,55 5395 2618,https://www.fundacionjumex.org/es,,,info@fundacionjumex.org,,https://x.com/Coleccion_Jumex,,-99.20367,19.44041,-1,-1,http://sic.gob.mx/ficha.php?table=museo&table_id=1484,1587403639,Ciudad de México,NA,2013-11,2013
975,Museo Legislativo Sentimientos de la Nación,Historia,1994-10-24,"H. Cámara de Diputados/Dirección General de Servicios de Documentación , Información y Análisis",9,Ciudad de México,17,Venustiano Carranza,1,Venustiano Carranza,"Emiliano Zapata 66, edificio C, planta baja",Col. El Parque,15960,55 5036 0000 ext. 67051,http://museolegislativo.diputados.gob.mx/,,,visitas.guiadas@diputados.gob.mx,https://www.facebook.com/profile.php?id=100068557234914,https://x.com/muslegislativo,https://www.instagram.com/muslegislativodiputados,-99.1179,19.42967,6,2,http://sic.gob.mx/ficha.php?table=museo&table_id=975,1721765414,Ciudad de México,NA,1994-10,1994
1227,Sala de Exposiciones de la Terminal 2 del Aeropuerto Internacional de la Ciudad de México Benito Juárez,Arqueología,2008-04-08,Secretaría de Cultura/INAH,9,Ciudad de México,17,Venustiano Carranza,1,Venustiano Carranza,Av. Capitán Carlos León s/n entre las puertas 5 y 6,Col. Peñón de los Baños,15620,"55 2482 2550, 55 2598 7000",,,,vcolins@aicm.com.mx,,,,-99.07831,19.42202,1,1,http://sic.gob.mx/ficha.php?table=museo&table_id=1227,1660046764,Ciudad de México,NA,2008-04,2008
224,Museo Profr. Enrique W. Sánchez García,Arqueología,2000-02-17,"Unión de Museos Comunitarios del Estado de Durango, A.C.",10,Durango,1,Canatlán,1,Canatlán,Av. Soledad Álvarez s/n,Col. San Diego,34456,,https://eclipsesolar.durango.gob.mx/Canatlan.html,,,,,,,-104.7782,24.52353,1,0,http://sic.gob.mx/ficha.php?table=museo&table_id=224,1700147210,Durango,NA,2000-02,2000
406,Museo Comunitario Kokopelli,Arqueología,2008-06-21,"Unión de Museos Comunitarios del Estado de Durango, A.C.",10,Durango,1,Canatlán,52,Gomelia,Domicilio conocido,Centro,34448,(618) 139 32 51,,,,felixporras55@live.com.mx,,,,-105.23114,24.55189,1,0,http://sic.gob.mx/ficha.php?table=museo&table_id=406,1488565715,Durango,NA,2008-06,2008
400,Museo Comunitario Concuemitl,Historia,1994-08-04,Ayuntamiento de Cuencamé,10,Durango,4,Cuencamé,1,Cuencamé de Ceniceros,"Constitución 109, Quiosco de la Plaza de Armas",Centro,35800,671 763 01 37,,,,,,,,-103.69833,24.87049,-1,-1,http://sic.gob.mx/ficha.php?table=museo&table_id=400,1735667080,Durango,NA,1994-08,1994
1911,Museo Comunitario Gral. Calixto Contreras,Historia,2015-01-01,"Unión de Museos Comunitarios del Estado de Durango, A.C.",10,Durango,4,Cuencamé,64,San Pedro de Ocuila,Domicilio conocido,,35805,Cel. (671) 107 32 47,,,,anacleto_hdez65@hotmail.com,,,,0,0,0,0,http://sic.gob.mx/ficha.php?table=museo&table_id=1911,1488471261,Durango,NA,2015-01,2015
983,Museo Comunitario de Velardeña,Historia,1996-10-14,"Unión de Museos Comunitarios del Estado de Durango, A.C.",10,Durango,4,Cuencamé,74,Velardeña,Ferrocarril 8,Col. El Ocho,35816,671 763 11 57,http://remunomex.uas.edu.mx/index.php/museo-la-velardena/,,,maayraldaba@hotmail.com,,,,-103.73833,25.06472,-1,-1,http://sic.gob.mx/ficha.php?table=museo&table_id=983,1719004564,Durango,NA,1996-10,1996
1548,Museo Francisco Villa,Historia,2013-02-14,Instituto de Cultura del Estado de Durango,10,Durango,5,Durango,1,Victoria de Durango,5 de Febrero 800 Pte.,Centro,34000,618 811 47 93,,https://www.facebook.com/Museo-Francisco-Villa-135378419978231/?rf=486692268062537,,mfranciscovilladurango@gmail.com,,,,-104.6716,24.0232,3,1,http://sic.gob.mx/ficha.php?table=museo&table_id=1548,1738872975,Durango,NA,2013-02,2013
897,Museo de las Culturas Populares de Durango,Arte,1995-10-04,Instituto de Cultura del Estado de Durango,10,Durango,5,Durango,1,Victoria de Durango,5 de Febrero 1107 Pte.,Centro Histórico,34000,(618) 825 88 27,,,,museoculturapop@hotmail.com,,,,-104.67455,24.02242,8,-1,http://sic.gob.mx/ficha.php?table=museo&table_id=897,1549456564,Durango,NA,1995-10,1995
1346,Museo de Arte Funerario Benigno Montoya,Arte,2002-12-27,"Ayuntamiento de Durango, Instituto Municipal del Arte y la Cultura",10,Durango,5,Durango,1,Victoria de Durango,"Prol. Pino Suárez s/n, Panteón Municipal de Oriente",Col. del Maestro,34270,618 137 8755,https://museodeartefunerariodurango.com/,,,imacdgo.comunicacion@gmail.com,,,,-104.64151,24.02701,-1,-1,http://sic.gob.mx/ficha.php?table=museo&table_id=1346,1721410520,Durango,NA,2002-12,2002
1622,Salas de Exposiciones del Centro INAH Durango,Arqueología,1999-05-06,Secretaría de Cultura/INAH,10,Durango,5,Durango,1,Victoria de Durango,Av. 16 de Septiembre 130,Col. Silvestre Dorador,34070,618 128 6004,,,https://lugares.inah.gob.mx/lugar-0-es,inah_durango@inah.gob.mx,,,,-104.68166,24.03387,2,1,http://sic.gob.mx/ficha.php?table=museo&table_id=1622,1702549847,Durango,NA,1999-05,1999
1528,Casa de Cultura Citibanamex Palacio del Conde del Valle de Súchil,Arte,2011-01-28,"Fomento Cultural Banamex, A.C.",10,Durango,5,Durango,1,Victoria de Durango,Av. 5 de Febrero s/n esq. Francisco I. Madero,Centro,34000,618 193 54 87,https://fomentoculturalbanamex.org/condeValleSuchil.html,https://www.facebook.com/fomentoculturalcitibanamex,,maria.fernanda.rangelchavira@banamex.com,,https://x.com/CCulturaBanamex,,-104.66853,24.0231,1,1,http://sic.gob.mx/ficha.php?table=museo&table_id=1528,1739304510,Durango,NA,2011-01,2011
1489,Museo Túnel de Minería,Historia,2011-07-07,Gobierno del Estado de Durango,10,Durango,5,Durango,1,Victoria de Durango,"Juárez y 20 de Noviembre, Plaza de Armas y Estación Arzobispado",Centro,34000,618 137 84 30 (Turismo),,,,,,,,-104.67006,24.02393,-1,-1,http://sic.gob.mx/ficha.php?table=museo&table_id=1489,1677757544,Durango,NA,2011-07,2011
989,Museo de Arte Guillermo Ceniceros,Arte,1998-08-03,Instituto de Cultura del Estado de Durango,10,Durango,5,Durango,1,Victoria de Durango,Calle Aquiles Serdán 1225,Centro Histórico,34000,618 825 54 69,http://www.guillermoceniceros.com/museo/,,,museo.guillermoceniceros@hotmail.com,https://www.facebook.com/MuseoCenicerosDgo/,,,-104.67728,24.02667,6,-1,http://sic.gob.mx/ficha.php?table=museo&table_id=989,1697108286,Durango,NA,1998-08,1998
297,Museo de Arqueología Ganot-Peschard,Arqueología,1998-03-03,Instituto de Cultura del Estado de Durango,10,Durango,5,Durango,1,Victoria de Durango,Zaragoza 315 Sur,Centro Histórico,34000,(618) 813 10 47,http://museoganotpeschard.iced.durango.gob.mx/,,,museo.arqueologiagp@gmail.com,https://www.facebook.com/museodearqueologia/?fref=ts,,,-104.67192,24.02378,6,1,http://sic.gob.mx/ficha.php?table=museo&table_id=297,1611220555,Durango,NA,1998-03,1998
1645,Museo de la Ciudad 450,Historia,2013-02-22,Instituto Municipal del  Arte y la Cultura de Durango,10,Durango,5,Durango,1,Victoria de Durango,Av. 20 de noviembre s/n,Centro,34000,618 137 87 56,,,,museo450dgo@gmail.com,https://www.facebook.com/MuseodelaciudadDgo/?locale=es_LA,,,-104.66899,24.0244,15,2,http://sic.gob.mx/ficha.php?table=museo&table_id=1645,1685703024,Durango,NA,2013-02,2013
1485,Museo de Historia y Arte Contemporáneo El Palacio de los Gurza,Arte,2010-09-15,Instituto de Cultura del Estado de Durango,10,Durango,5,Durango,1,Victoria de Durango,Negrete 901 Pte.,Centro,34000,618 811 1720,,,,museopalaciodelosgurza@gmail.com,https://www.facebook.com/palacio.delosgurza/,,https://www.instagram.com/museopalaciodelosgurza,-104.67235,24.02517,6,1,http://sic.gob.mx/ficha.php?table=museo&table_id=1485,1716938860,Durango,NA,2010-09,2010
1339,"Bebeleche, Museo Interactivo de Durango",Ciencia y tecnología,2009-12-18,Gobierno del Estado de Durango,10,Durango,5,Durango,1,Victoria de Durango,Blvd. Armando del Castillo Franco km. 1.5,Fracc. Lomas del Parque,34100,(618) 827 25 25,http://www.bebeleche.org.mx/,,,info@bebeleche.org.mx,https://www.facebook.com/BebelecheMuseo/,https://x.com/Bebeleche,,-104.69132,24.0211,5,-1,http://sic.gob.mx/ficha.php?table=museo&table_id=1339,1627298382,Durango,NA,2009-12,2009
1486,Galería Episcopal de Catedral. Museo de Arte Sacro,Arte,2008-03-03,"Asociación Amigos de la Catedral, A.C.",10,Durango,5,Durango,1,Victoria de Durango,Negrete 601 Pte.,Centro,34000,(618) 119 62 35,https://museo.catedraldedurango.com/,,,galeriaepiscopaldecatedral@hotmail.com,,,,-104.67038,24.0252,8,-1,http://sic.gob.mx/ficha.php?table=museo&table_id=1486,1625562227,Durango,NA,2008-03,2008
994,Museo Regional de Durango Ángel Rodríguez Solórzano,Historia,1988-11-26,Universidad Juárez del Estado de Durango,10,Durango,5,Durango,1,Victoria de Durango,Calle Victoria 100 Sur s/n esq. Aquiles Serdán,Centro,34000,618 813 10 94,http://www.museo.ujed.mx,,,museoregional@hotmail.com,https://www.facebook.com/Museoaguacate/?locale=es_LA,,,-104.66982,24.02648,17,2,http://sic.gob.mx/ficha.php?table=museo&table_id=994,1699616688,Durango,NA,1988-11,1988
1159,Museo Comunitario Tepeyolotl,Arqueología,2004-08-29,"Unión de Museos Comunitarios del Estado de Durango, A.C.",10,Durango,5,Durango,219,El Nayar,Calle 16 de septiembre 205,Centro,34303,618 102 75 41,,,,museo.tepeyolotl@gmail.com; juntamunicipaldeelnayardgo@gmail.com,https://www.facebook.com/profile.php?id=100057521406269,,,-104.69645,23.96286,2,0,http://sic.gob.mx/ficha.php?table=museo&table_id=1159,1731679931,Durango,NA,2004-08,2004
1117,Museo de Sitio de La Ferrería,Arqueología,NA,Secretaría de Cultura/INAH,10,Durango,5,Durango,279,Sebastián Lerdo de Tejada,"Km 1.5, Camino a Sebastián Lerdo de Tejada",Col. La Ferrería,34330,618 128 60 04,https://mediateca.inah.gob.mx/islandora_74/islandora/object/museo%3A1464,,https://lugares.inah.gob.mx/lugar-147-es,inah_durango@inah.gob.mx,,,,-104.64648,23.96125,2,-1,http://sic.gob.mx/ficha.php?table=museo&table_id=1117,1689850662,Durango,NA,NA,NA
2350,Museo de la Ex Hacienda la Ferrería,,NA,Gobierno del Estado de Durango/Centro Cultural y de Convenciones del Estado de Durango,10,Durango,5,Durango,340,La Ferrería (Cuatro de Octubre),Domicilio conocido de la Ferrería,,34330,618 137 78 21,https://www.turimexico.com/ex-hacienda-la-ferreria-en-durango/,,,centro.convenciones@durango.gob.mx,,,,-104.66105,23.96043,0,0,http://sic.gob.mx/ficha.php?table=museo&table_id=2350,1686826646,Durango,NA,NA,NA
1345,Museo Comunitario Nuestra Historia de Ayer y Hoy,Historia,2009-10-15,"Promotores de la Cultura Simón Bolivar, A.C./Unión de Museos Comunitarios del Estado de Durango, A.C.",10,Durango,6,General Simón Bolívar,1,General Simón Bolívar,Simón Bolívar s/n,Centro,35950,"(671) 763 41 41, cels. (671) 101 42 10",,,,koolchado_18@hotmail.com; koolchadoo1823@gmail.com,,,,-103.22589,24.68822,3,0,http://sic.gob.mx/ficha.php?table=museo&table_id=1345,1666874326,Durango,NA,2009-10,2009
1831,Museo de Artesanías Regionales (MUSAR),Arte,2015-11-17,Universidad La Salle Laguna,10,Durango,7,Gómez Palacio,1,Gómez Palacio,Canatlán 150,Parque Industrial Lagunero,35078,(871) 750 24 90,,https://www.facebook.com/musar.laguna/timeline,,fotografia@ulsalaguna.edu.mx,,,,-103.46864,25.54909,1,0,http://sic.gob.mx/ficha.php?table=museo&table_id=1831,1537957398,Durango,NA,2015-11,2015
1833,Acertijo Museo Interactivo Laguna,Especializado,2016-04-30,,10,Durango,7,Gómez Palacio,1,Gómez Palacio,Blvd. Forjadores y Jesus Garcia,Col. Brittingham,35030,871 456 59 30,,,,,https://es-la.facebook.com/MuseoAcertijo/,https://x.com/MuseoAcertijo,,-103.49433,25.5737,7,1,http://sic.gob.mx/ficha.php?table=museo&table_id=1833,1679048638,Durango,NA,2016-04,2016
782,Museo de Arte Moderno,Arte,1976-12-10,Casa de la Cultura Gómez Farías /Gobierno del Estado de Durango,10,Durango,7,Gómez Palacio,1,Gómez Palacio,Lisboa s/n esq. Londres,Col. El Campestre,35080,871 714 07 11,,,,mamgomezpalacio@gmail.com,https://www.facebook.com/Museo-de-Arte-Moderno-400579747405749/,,,-103.50085,25.5506,5,2,http://sic.gob.mx/ficha.php?table=museo&table_id=782,1721762929,Durango,NA,1976-12,1976
1522,Museo Histórico de la Ciudad Chalet  Gorosave,Historia,2006-09-18,Ayuntamiento de Lerdo,10,Durango,12,Lerdo,1,Lerdo,Av. Francisco I. Madero 386 Nte.,Centro,35150,(871) 725 11 37,,https://es-la.facebook.com/chalet.gorosave,,yola_museo@yahoo.com; museo.historicodelaciudad@gmail.com,,,,-103.52485,25.53655,-1,-1,http://sic.gob.mx/ficha.php?table=museo&table_id=1522,1551878188,Durango,NA,2006-09,2006
365,Museo Capitán Piloto Aviador Francisco Sarabia Tinoco,Historia,2013-02-08,Ayuntamiento de Lerdo,10,Durango,12,Lerdo,1,Lerdo,Blvd. Miguel Alemán s/n,Centro,35150,(871) 725 11 37,,,,ma_ross_gr@hotmail.com,,,,-103.52097,25.54289,1,-1,http://sic.gob.mx/ficha.php?table=museo&table_id=365,1533554365,Durango,NA,2013-02,2013
992,Museo Comunitario Francisco Villa y la División del Norte,Historia,1994-09-01,Gobierno del Estado de Durango,10,Durango,12,Lerdo,23,La Loma,Ex Hacienda de la Santísima Trinidad,Col. Villa La Loma,35190,871 792 01 74,,https://ilamdir.org/recurso/1210/museo-comunitario-francisco-villa-y-la-division-del-norte,,abogcgm@yagoo.com,,,,-103.67629,25.46383,7,-1,http://sic.gob.mx/ficha.php?table=museo&table_id=992,1707737623,Durango,NA,1994-09,1994
980,Museo Comunitario Avilés,Historia,1997-11-17,"Unión de Museos Comunitarios del Estado de Durango, A.C.",10,Durango,12,Lerdo,57,Ciudad Juárez,Juárez 110 Ote.,Centro,35180,(871) 774 01 42,,,,liku2292@hotmail.com,,,,-103.59277,25.49668,1,0,http://sic.gob.mx/ficha.php?table=museo&table_id=980,1666874276,Durango,NA,1997-11,1997
1577,Museo Recinto Hidalgo,Historia,1985-08-01,Ayuntamiento de Mapimí,10,Durango,13,Mapimí,1,Mapimí,Av. Zaragoza 1,Centro,35200,(872) 762 21 09,,,,alonso9blancas@gmail.com,,,,-103.84872,25.83293,-1,-1,http://sic.gob.mx/ficha.php?table=museo&table_id=1577,1625564363,Durango,NA,1985-08,1985
993,Museo Benito Juárez,Arqueología,1978-02-05,Ayuntamiento de Mapimí,10,Durango,13,Mapimí,1,Mapimí,Av. Zaragoza 1,Centro,35200,(872) 762 21 11,,https://www.facebook.com/pages/Museo-Benito-Juarez-Mapimi/223771871064864,,oalonso_3030@hotmail.com,,,,-103.84826,25.83345,-1,-1,http://sic.gob.mx/ficha.php?table=museo&table_id=993,1533553695,Durango,NA,1978-02,1978
981,Museo Comunitario Contalpa,Antropología,1987-05-30,"Unión de Museos Comunitarios del Estado de Durango, A.C.",10,Durango,16,Nombre de Dios,1,Nombre de Dios,Francisco Zarco 303,Centro,34840,Cel. (675) 102 70 51,,,,rudiaz1@hotmail.com,,,,-104.24083,23.84361,6,0,http://sic.gob.mx/ficha.php?table=museo&table_id=981,1488383805,Durango,NA,1987-05,1987
393,Museo de Sitio Francisco Villa,Historia,1978-07-01,Instituto de Cultura del Estado de Durango,10,Durango,17,Ocampo,1,Villa Ocampo,Gral. Francisco Villa s/n,Barrio de la Soledad,35383,(649) 532 00 10,,,,ocampo_1013@hotmail.com,,,,-105.50725,26.44147,-1,-1,http://sic.gob.mx/ficha.php?table=museo&table_id=393,1537958835,Durango,NA,1978-07,1978
368,Museo Comunitario Peñón Blanco,Antropología,1998-06-23,Ayuntamiento de Peñon Blanco,10,Durango,21,Peñón Blanco,1,Peñón Blanco,Alberto M. Alvarado 100,Centro,34740,(676) 881 01 37,,,,culturapb85@hotmail.com,,,,-104.02679,24.79234,-1,-1,http://sic.gob.mx/ficha.php?table=museo&table_id=368,1464892225,Durango,NA,1998-06,1998
377,Museo Comunitario Maika,Arqueología,1998-12-06,"Amigos de Poanas, A.C.",10,Durango,22,Poanas,1,Villa Unión,Blvd. Don Miguel Hidalgo s/n,Zona Centro,34800,(618) 158 61 20,https://www.facebook.com/Museo-Comunitario-Maika-360020697469275/?fref=ts,,,gerardo_riga_09@hotmail.com; fanny_anitua_vu@hotmail.com,,,,-104.04538,23.97123,20,1,http://sic.gob.mx/ficha.php?table=museo&table_id=377,1488817639,Durango,NA,1998-12,1998
1163,Museo Comunitario Alhí de El Salto,Historia,2003-08-01,"Unión de Museos Comunitarios del Estado de Durango, A.C.",10,Durango,23,Pueblo Nuevo,1,El Salto,Ferrocarril 118,Col. Morelos,34950,675 876 26 30,http://remunomex.uas.edu.mx/index.php/museo-alhi/,,,miho_1991@hotmail.com; museoalhi_elsalto@hotmail.com,,,,-105.36163,23.77352,-1,-1,http://sic.gob.mx/ficha.php?table=museo&table_id=1163,1683642293,Durango,NA,2003-08,2003
982,Museo Comunitario de la Minería,Historia,1996-01-01,"Unión de Museos Comunitarios del Estado de Durango, A.C.",10,Durango,27,San Juan de Guadalupe,1,San Juan de Guadalupe,San Pedro 33,Centro,35900,,,,,letypadflo@gmail.com,,,,-102.78242,24.63108,3,3,http://sic.gob.mx/ficha.php?table=museo&table_id=982,1543326444,Durango,NA,1996-01,1996
987,Museo Comunitario San Juan del Río en la Historia,Historia,1988-01-01,Ayuntamiento de San Juan de Río,10,Durango,28,San Juan del Río,1,San Juan del Río del Centauro del Norte,Hidalgo 25,Centro,34490,Cel. (677) 100 60 37,,,,bernardinommm@hotmail.com,,,,-104.4591,24.7775,9,8,http://sic.gob.mx/ficha.php?table=museo&table_id=987,1731508195,Durango,NA,1988-01,1988
984,Museo de Sitio La Coyotada General Francisco Villa,Historia,1978-06-05,Instituto de Cultura del Estado de Durango/Museo Francisco Villa,10,Durango,28,San Juan del Río,1,San Juan del Río del Centauro del Norte,Domicilio conocido,Ejido La Coyotada,34490,677 100 60 37,,,,carlosmeraz21x@hotmail.com,,,,-104.46299,24.77421,-1,-1,http://sic.gob.mx/ficha.php?table=museo&table_id=984,1722018745,Durango,NA,1978-06,1978
1160,Museo Comunitario Papantón,Arqueología,1992-04-01,Ayuntamiento de Papasquiaro/Instituto Municipal de Arte y Cultura (IMAC),10,Durango,32,Santiago Papasquiaro,1,Santiago Papasquiaro,Blvd. Los Arcos s/n,Fracc. Las Hacienditas,34636,674 862 09 46,,,,imacsantiagopapasquiaro1619@hotmail.com,,,,-105.42033,25.04869,-1,-1,http://sic.gob.mx/ficha.php?table=museo&table_id=1160,1661343737,Durango,NA,1992-04,1992
1325,Museo de Antropología e Historia de Santiago Papasquiaro,Arqueología,1991-04-03,"Amigos del Museo de Antropolgía e Historia de Santiago Papasquiaro, A.C.",10,Durango,32,Santiago Papasquiaro,1,Santiago Papasquiaro,Antigua Estación del Ferrocarril s/n,Col. Altamira,34600,(674) 862 07 34,,,,,,,,-105.41756,25.04273,-1,-1,http://sic.gob.mx/ficha.php?table=museo&table_id=1325,1552058536,Durango,NA,1991-04,1991
1342,Museo Comunitario Valle de Súchil,TND,2007-08-10,"Unión de Museos Comunitarios del Estado de Durango, A.C.",10,Durango,33,Súchil,1,Súchil,Av. Ferrocarril s/n,Centro,34900,675 106 53 49,,,,elisa91.ga@gmail.com,,,,-103.92202,23.62152,-1,-1,http://sic.gob.mx/ficha.php?table=museo&table_id=1342,1676041970,Durango,NA,2007-08,2007
1594,Museo de Sitio de San José de la Boca,Antropología,2010-03-18,"Amigos de la Cultura, A.C./Unión de Museos Comunitarios del Estado de Durango, A.C.",10,Durango,35,Tepehuanes,80,San José de la Boca,Domicilio conocido,Centro,35630,(674) 102 00 96,,,,esima_snjose@hotmail.com; grisi_0710@hotmail.com,,,,0,0,-1,-1,http://sic.gob.mx/ficha.php?table=museo&table_id=1594,1487786744,Durango,NA,2010-03,2010
986,Museo Comunitario Laguna del Caimán,Ciencia y tecnología,1995-09-29,Ayuntamiento de Tlahualilo,10,Durango,36,Tlahualilo,1,Tlahualilo de Zaragoza,Emiliano Zapata s/n,Centro,35290,871 114 95 43,https://ilamdir.org/recurso/4034/museo-comunitario-laguna-del-caiman,,,,https://www.facebook.com/media/set/?set=a.1778018565586312&type=3&paipv=0&eav=AfbxJOMoeaz91DFIF49Gf_NyjjsLpEzVbZva8xvtAadwhfvVQqVOYaXPl-nvlUxX33g&_rdr,,,-103.43924,26.10947,-1,-1,http://sic.gob.mx/ficha.php?table=museo&table_id=986,1714158256,Durango,NA,1995-09,1995
1341,Museo Comunitario Estación de Horizonte,Antropología,2005-11-20,"Unión de Museos Comunitarios del Estado de Durango, A.C.",10,Durango,36,Tlahualilo,63,San Julio,Domicilio conocido,Centro,34298,Cel. (618) 127 74 13,,,,javaldez@live.com.mx,,,,-103.41827,25.93578,-1,-1,http://sic.gob.mx/ficha.php?table=museo&table_id=1341,1497973811,Durango,NA,2005-11,2005
381,Museo Comunitario Tohue,Arqueología,1998-03-31,"Huellas del Pasado, A.C.",10,Durango,38,Vicente Guerrero,1,Vicente Guerrero,5 de Febrero s/n,Ejido José Guadalupe Rodríguez,34890,(675) 865 08 43,,,,museotohue99@hotmail.com,,,,-103.98798,23.7314,-1,-1,http://sic.gob.mx/ficha.php?table=museo&table_id=381,1551873162,Durango,NA,1998-03,1998
1162,"Museo Comunitario Nuevo Ideal, ayer y hoy",Historia,NA,"Ayuntamiento de Nuevo Ideal, Dgo",10,Durango,39,Nuevo Ideal,1,Nuevo Ideal,Av. Ferrocarril 900,,34422,(677) 100 5595 Celular,,,,edgmsolni@gmail.com,,,,-105.0697,24.89181,-1,-1,http://sic.gob.mx/ficha.php?table=museo&table_id=1162,1547555078,Durango,NA,NA,NA
1258,Museo Miguel Hidalgo,Historia,2002-05-08,Ayuntamiento de Abasolo/Instituto Estatal de Cultura,11,Guanajuato,1,Abasolo,1,Abasolo,Juárez 305,Centro,36970,429  693 18 34,,,,museomhabasolo@hotmail.com,https://www.facebook.com/pages/Museo-Miguel-Hidalgo-Abasolo-Gto/1489381434643700,https://x.com/MiguelMuseo,,-101.52889,20.45111,2,0,http://sic.gob.mx/ficha.php?table=museo&table_id=1258,1714501559,Guanajuato,NA,2002-05,2002
1273,Museo Ferrocarrilero José Cardozo Téllez,Historia,2001-01-06,"Amigos del Ferrocarril de Acámbaro, A.C.",11,Guanajuato,2,Acámbaro,1,Acámbaro,Av. 1° de Mayo 3,Centro,38600,(417) 172 53 28,,,,museofcacambaro@hotmail.com,https://www.facebook.com/MuseodelFerrocarrilAcambaro/?rf=306828582694085,,,-100.71949,20.03493,-1,-1,http://sic.gob.mx/ficha.php?table=museo&table_id=1273,1569324911,Guanajuato,NA,2001-01,2001
576,Museo Waldemar Julsrud,Arqueología,2000-10-09,"Museo Waldemar Julsrud, A.C.",11,Guanajuato,2,Acámbaro,1,Acámbaro,Av. 5 de Febrero 180,Centro,38600,417  172 56 59,,,,waldemarjulsrudmuseo@hotmail.com,https://es-la.facebook.com/pages/biz/non_profit/MUSEO-Waldemar-Julsrud-AC-1138283056304622/,,,-100.72756,20.03144,-1,-1,http://sic.gob.mx/ficha.php?table=museo&table_id=576,1682504913,Guanajuato,NA,2000-10,2000
1056,Museo Local de Acámbaro Dr. Luis Mota Maciel,Arqueología,1973-10-22,Ayuntamiento de Acámbaro/Instituto Municipal de Cultura Acámbaro (IMCA),11,Guanajuato,2,Acámbaro,1,Acámbaro,Abasolo 72 esq. Morelos,Centro,38600,417 172 28 02,https://gobiernoacambaro.gob.mx/,,,museo_local@yahoo.com.mx,https://www.facebook.com/pg/MuseoMotaMacielAcambaro/posts/,,https://www.instagram.com/museo_local_acambaro,-100.72237,20.0332,3,2,http://sic.gob.mx/ficha.php?table=museo&table_id=1056,1732295717,Guanajuato,NA,1973-10,1973
1055,Museo Comunitario Fray Bernardo Padilla,Historia,1993-02-24,Comunitario independiente,11,Guanajuato,2,Acámbaro,17,Chupícuaro (Nuevo Chupícuaro),Juárez Sur 215,Centro,38750,(417) 477 00 50,,,,cibercielo2004@hotmail.com,,,,-100.69133,20.06692,3,0,http://sic.gob.mx/ficha.php?table=museo&table_id=1055,1511899434,Guanajuato,NA,1993-02,1993
1505,Museo La Esquina. Museo del Juguete Popular Mexicano,Arte,2010-09-11,"Fundación para la Conservación del Juguete Popular Mexicano, A.C.",11,Guanajuato,3,San Miguel de Allende,1,San Miguel de Allende,Núñez 40,Centro,37700,415 152 26 02,https://museolaesquina.mx/,,,contacto@museolaesquina.org.mx,https://www.facebook.com/museo.laesquina,,,-100.74012,20.91469,5,1,http://sic.gob.mx/ficha.php?table=museo&table_id=1505,1682508029,Guanajuato,NA,2010-09,2010
756,Museo Histórico Casa de Allende,Historia,1990-02-01,Secretaría de Cultura/INAH,11,Guanajuato,3,San Miguel de Allende,1,San Miguel de Allende,Cuna de Allende 1,Centro,37700,415 152 24 99,https://www.inah.gob.mx/museos/historico-casa-de-allende,,https://lugares.inah.gob.mx/lugar-372-es,martha_guerra@inah.gob.mx,,,,-100.7441,20.91387,17,0,http://sic.gob.mx/ficha.php?table=museo&table_id=756,1716842465,Guanajuato,NA,1990-02,1990
1839,Museo de la Máscara La Otra Cara de México,TND,2006-03-18,,11,Guanajuato,3,San Miguel de Allende,1,San Miguel de Allende,Cuesta de San José 32,Col. Azteca,37700,415 154 43 24 (previa cita),https://www.maskmuseumsma.com/index_esp.html,,,info@casadelacuesta.com,,,https://www.instagram.com/casadelacuesta,-100.73816,20.91687,0,0,http://sic.gob.mx/ficha.php?table=museo&table_id=1839,1683829571,Guanajuato,NA,2006-03,2006
2100,Museo de sitio de la Zona Arqueológica de Cañada de la Virgen,,2018-03-18,Instituto Estatal de Cultura del Estado de Guanajauto,11,Guanajuato,3,San Miguel de Allende,1,San Miguel de Allende,Carretera San Miguel de Allende - Guanuajuto,,37896,(415) 109 24 66,https://www.inah.gob.mx/zonas/79-zona-arqueologica-canada-de-la-virgen,,,delegacion_gto@inah.gob.mx,,,,-100.71338,20.90401,0,0,http://sic.gob.mx/ficha.php?table=museo&table_id=2100,1561720832,Guanajuato,NA,2018-03,2018
192,Museo Casa del Mayorazgo de la Canal,Arte,2010-09-04,"Fomento Cultural Banamex, A.C.",11,Guanajuato,3,San Miguel de Allende,1,San Miguel de Allende,Canal 4,Centro,37700,415 152 75 84,http://fomentoculturalbanamex.org/casasdeculturabanamex/casadelacanal/,,,contacto@fomentoculturalbanamex.org,https://www.facebook.com/fomentoculturalbanamex,https://x.com/CCulturaBanamex,,-100.74432,20.91434,1,1,http://sic.gob.mx/ficha.php?table=museo&table_id=192,1673613171,Guanajuato,NA,2010-09,2010
2396,Museo de Arte Popular Rancho Jaguar,,NA,,11,Guanajuato,3,San Miguel de Allende,172,Montecillo de la Milpa,"Juárez 14, esq. Antigua vía del tren",,37885,+52 415 181 16 60,https://museodeartepopular.com/,https://ranchitocascabel.com.mx/,,,https://www.facebook.com/profile.php?id=100087153122016,,https://www.instagram.com/ranchitocascabel,-100.80899,21.02777,0,0,http://sic.gob.mx/ficha.php?table=museo&table_id=2396,1710175585,Guanajuato,NA,NA,NA
249,Museo de Momias Celaya,Especializado,1999-10-01,"Gobierno Municipal de Celaya, Consejo de Turismo de Celaya",11,Guanajuato,7,Celaya,1,Celaya,Av. Tecnológico s/n,Col. Bajío de las Américas,38014,461 215 45 58,,https://programadestinosmexico.com/panteon-y-museo-de-momias-de-celaya/,,museodemomias@turismocelaya.com,https://www.facebook.com/momiascelaya/?locale=es_LA,,,-100.81965,20.53337,2,-1,http://sic.gob.mx/ficha.php?table=museo&table_id=249,1731005487,Guanajuato,NA,1999-10,1999
1564,"Centro de Interpretación Histórica. Las Batallas de Celaya, 1915",Historia,2012-02-21,Instituto de Arte y Cultura de Celaya/Casa del Diezmo,11,Guanajuato,7,Celaya,1,Celaya,Benito Juárez 204,Centro,38000,461 613 27 65,https://www.insmacc.gob.mx/blog/,,,comunica.arteycultura@gmail.com,https://www.facebook.com/culturacelaya,,,-100.81562,20.52101,1,-1,http://sic.gob.mx/ficha.php?table=museo&table_id=1564,1730395212,Guanajuato,NA,2012-02,2012
1562,"Museo de Celaya, Historia Regional",Historia,2010-04-15,Ayuntamiento de Celaya/Instituto Municipal de Arte y Cultura,11,Guanajuato,7,Celaya,1,Celaya,Av. Independencia 104-A,Centro,36000,461 613 90 95,https://www.insmacc.gob.mx/,,,museodecelaya.arteycultura@gmail.com,https://www.facebook.com/museos.celaya/?locale=es_LA,,,-100.81272,20.52155,8,-1,http://sic.gob.mx/ficha.php?table=museo&table_id=1562,1730827652,Guanajuato,NA,2010-04,2010
1872,Museo de Arte de Celaya Octavio Ocampo,Arte,2018-04-10,Instituto de Arte y Cultura de Celaya,11,Guanajuato,7,Celaya,1,Celaya,Francisco I. Madero 102,Centro,38020,461 159 03 65,https://cultura-celaya.gob.mx/sedes/,,,museodearte.cultura@gmail.com,https://www.facebook.com/museos.celaya/,https://x.com/Culturacelaya,,-100.81342,20.5233,10,6,http://sic.gob.mx/ficha.php?table=museo&table_id=1872,1730476533,Guanajuato,NA,2018-04,2018
2353,Centro Interactivo del Conocimiento XIMHAI,,NA,Instituto de Arte y Cultura de Celaya,11,Guanajuato,7,Celaya,1,Celaya,Av. Juan José Torres Landa,Bajío de las Américas,38014,461 215 3606,,https://www.youtube.com/@ximhai_celaya,,proximhai1.arteycultura@gmail.com,https://www.facebook.com/XIMHAICentroInteractivoCelaya?locale=es_LA,,https://www.instagram.com/ximhai_celaya,-100.82273,20.53524,0,0,http://sic.gob.mx/ficha.php?table=museo&table_id=2353,1730333019,Guanajuato,NA,NA,NA
346,Museo Casa del Dr. José María Luis Mora,Historia,1989-12-01,Secretaría de Cultura/INAH,11,Guanajuato,9,Comonfort,1,Comonfort,Mariano Arista 8,Centro,38200,473 733 10 69 ext. 208010,,,,dario_manriquez@inah.gob.mx,,,,-100.76258,20.7196,-1,-1,http://sic.gob.mx/ficha.php?table=museo&table_id=346,1732301932,Guanajuato,NA,1989-12,1989
1525,Museo del Bicentenario,Historia,2010-09-14,Ayuntamiento de Dolores Hidalgo Cuna de la Independencia Nacional,11,Guanajuato,14,Dolores Hidalgo Cuna de la Independencia Nacional,1,Dolores Hidalgo Cuna de la Independencia Nacional,Calle Zacatecas s/n,Centro,37800,(418)  182 08 01 ext. 101,,,,educacioncunadelaindependencia@gmail.com,https://www.facebook.com/Museos-Bicentenario-y-de-la-Independencia-Nacional-489250194443176/,,,-100.93466,21.15818,5,-1,http://sic.gob.mx/ficha.php?table=museo&table_id=1525,1571309737,Guanajuato,NA,2010-09,2010
197,Museo de la Independencia Nacional,Historia,1985-09-15,Ayuntamiento de Dolores Hidalgo Cuna de la Independencia Nacional,11,Guanajuato,14,Dolores Hidalgo Cuna de la Independencia Nacional,1,Dolores Hidalgo Cuna de la Independencia Nacional,Zacatecas 6,Centro,37800,418 182 82 77,,,,,https://www.facebook.com/pages/Museo-De-La-Independencia-Antigua-Carcel/1117809355044504,,,-100.93537,21.15844,7,-1,http://sic.gob.mx/ficha.php?table=museo&table_id=197,1682520887,Guanajuato,NA,1985-09,1985
1373,Casa Museo José Alfredo Jiménez,Historia,2008-09-06,"Casa Museo José Alfredo Jiménez, A.C.",11,Guanajuato,14,Dolores Hidalgo Cuna de la Independencia Nacional,1,Dolores Hidalgo Cuna de la Independencia Nacional,Guanajuato 13,Centro,37800,418 154 40 70,https://museojosealfredojimenez.com.mx/jose-alfredo-jimenez/,https://www.101museos.com/museos/guanajuato/729/casa-museo-jose-alfredo-jimenez,,museojosealfredojimenez@hotmail.com,https://www.facebook.com/museojosealfredojimenez/?locale=es_LA,,,-100.93263,21.15702,9,-1,http://sic.gob.mx/ficha.php?table=museo&table_id=1373,1698144965,Guanajuato,NA,2008-09,2008
195,Museo de Sitio Casa de Hidalgo (Excurato de Dolores),Historia,1863-06-06,Secretaría de Cultura/INAH,11,Guanajuato,14,Dolores Hidalgo Cuna de la Independencia Nacional,1,Dolores Hidalgo Cuna de la Independencia Nacional,Morelos 1 esq. Hidalgo,Centro,37800,418 182 01 71,https://www.inah.gob.mx/museos/museo-historico-curato-de-dolores,,https://lugares.inah.gob.mx/lugar-373-es,jluis_hernandez@inah.gob.mx; joluheju@gmail.com,,,,-100.93616,21.15646,10,0,http://sic.gob.mx/ficha.php?table=museo&table_id=195,1719536556,Guanajuato,NA,1863-06,1863
630,Museo del Pueblo de Guanajuato,Arte,1979-09-21,Instituto Estatal de la Cultura de Guanajuato,11,Guanajuato,15,Guanajuato,1,Guanajuato,Positos 7,Zona Centro,36000,(473) 732 29 90,,,,contacto@guanajuato.gob.mx,http://www.facebook.com/pages/Museo-del-Pueblo-de-Guanajuato/127110077355372,,,-101.25383,21.0172,6,4,http://sic.gob.mx/ficha.php?table=museo&table_id=630,1658865254,Guanajuato,NA,1979-09,1979
228,Museo Casa de las Leyendas de Guanajuato,Historia,1981-07-04,Particular,11,Guanajuato,15,Guanajuato,1,Guanajuato,Cda. de la Cruz 117 y Km. 7 de la Carr. Panorámica tramo Presa Escuela Normal,Col. Cerro de los Leones,36090,(473) 731 02 13,,,,museoleyendas@hotmail.com,https://www.facebook.com/casadelasleyendasgto/,,,-101.2465,21.0072,-1,-1,http://sic.gob.mx/ficha.php?table=museo&table_id=228,1571222644,Guanajuato,NA,1981-07,1981
259,Museo de Historia Natural Alfredo Dugés,Ciencia y tecnología,1999-01-01,Universidad de Guanajuato,11,Guanajuato,15,Guanajuato,1,Guanajuato,Lascurain de Retana 5,Centro,36000,473 732 00 06,https://www.cultura.ugto.mx/museosygalerias/museo-duges,,,culturaug@ugto.mx; cstorres@ugto.mx,https://www.facebook.com/MuseoADuges/,,,-101.25333,21.01734,5,1,http://sic.gob.mx/ficha.php?table=museo&table_id=259,1719601487,Guanajuato,NA,1999-01,1999
231,Museo de Mineralogía Eduardo Villaseñor Söhle,Ciencia y tecnología,1870-01-01,Universidad de Guanajuato/Facultad de Minas,11,Guanajuato,15,Guanajuato,1,Guanajuato,Ex-Hacienda de San Matías s/n,Col. San Javier,36025,"473 732 22 91 exts. 3211, 3210",https://www.cultura.ugto.mx/museosygalerias/museo-de-mineralogia-eduardo-villasenor-sohle,https://www3.ugto.mx/mug/museos-ug/museo-de-mineralogia-eduardo-villasenor-soehle,,mug@ugto.mx,,,,-101.26118,21.02694,-1,-1,http://sic.gob.mx/ficha.php?table=museo&table_id=231,1719526524,Guanajuato,NA,1870-01,1870
2028,Museo de la Universidad de Guanajuato,,2019-11-19,Universidad de Guanajuato,11,Guanajuato,15,Guanajuato,1,Guanajuato,Cantarranas/Hidalgo  13,Centro,36000,473 73  537 00 ext 1061 y 1062,https://www.ugto.mx/mug/,,,mug@ugto.mx,https://www.facebook.com/profile.php?id=100093355632194,,,-101.25196,21.01613,14,3,http://sic.gob.mx/ficha.php?table=museo&table_id=2028,1709211108,Guanajuato,NA,2019-11,2019
628,Museo Iconográfico del Quijote,Arte,1987-11-06,Gobierno del Estado de Guanajuato,11,Guanajuato,15,Guanajuato,1,Guanajuato,Manuel Doblado 1,Centro Histórico,36000,473 732 33 76,http://museoiconografico.guanajuato.gob.mx,,,,https://www.facebook.com/Museo.IconograficodelQuijote,,,-101.25223,21.01452,18,-1,http://sic.gob.mx/ficha.php?table=museo&table_id=628,1717098584,Guanajuato,NA,1987-11,1987
1004,Museo Regional de Guanajuato Alhóndiga de Granaditas,Historia,1958-06-26,Secretaría de Cultura/INAH,11,Guanajuato,15,Guanajuato,1,Guanajuato,Mendizábal 6,Centro,36000,473 690 65 07,,,https://lugares.inah.gob.mx/lugar-95-es,comunicacion_ealhondiga@inah.gob.mx,https://www.facebook.com/MuseoRegionaldeGuanajuatoAlhondigadeGranaditas/,,,-101.25755,21.01886,18,4,http://sic.gob.mx/ficha.php?table=museo&table_id=1004,1737662289,Guanajuato,NA,1958-06,1958
621,Museo Casa Diego Rivera,Arte,1975-09-08,Instituto Estatal de la Cultura de Guanajuato,11,Guanajuato,15,Guanajuato,1,Guanajuato,Positos 47,Centro,36000,473  732 11 97,,,,contacto@guanajuato.gob.mx,https://www.facebook.com/pages/category/Art-Museum/Museo-Casa-Diego-Rivera-145700792182659/,https://x.com/IECGuanajuato,,-101.25527,21.0183,8,5,http://sic.gob.mx/ficha.php?table=museo&table_id=621,1682332187,Guanajuato,NA,1975-09,1975
2118,Museo  Palacio de los Poderes,,2017-01-01,Instituto Estatal de la Cultura de Guanajuato/Dirección de Museos,11,Guanajuato,15,Guanajuato,1,Guanajuato,Av. Benito Juárez 75,Centro,36000,473 732 23 80,https://cultura.guanajuato.gob.mx/,,https://guanajuato.mx/palacio-de-los-poderes/,cultura.guanajuato@gmail.com,https://www.facebook.com/InstitutoEstataldelaCulturadeGuanajuato/,,,-101.25464,21.01721,0,3,http://sic.gob.mx/ficha.php?table=museo&table_id=2118,1673608620,Guanajuato,NA,2017-01,2017
1417,Museo de Cera de Guanajuato,Especializado,2006-06-30,Gobierno del Estado de Guanajuato,11,Guanajuato,15,Guanajuato,1,Guanajuato,Calle 28 de Septiembre 82,Centro,36000,55 5300 1134,http://www.museodeceradeguanajuato.com.mx/,,,museodecera18@gmail.com,https://www.facebook.com/pages/category/Museum/Museo-de-Cera-Guanajuato-602457533266948/,,,-101.25781,21.01921,7,-1,http://sic.gob.mx/ficha.php?table=museo&table_id=1417,1682339668,Guanajuato,NA,2006-06,2006
243,Museo Ex-Hacienda San Gabriel de Barrera,Arte,1977-03-08,Gobierno del Estado de Guanajuato,11,Guanajuato,15,Guanajuato,1,Guanajuato,Carr. Guanajuato-Marfil Km 2.5,Centro,36050,473 732 06 19,https://museoexhaciendasangabrieldebarrera.com.mx/,,,exhaciendasangabrieldebarrera@gmail.com; cquezadag@guanajuato.gob.mx,https://www.facebook.com/HaciendaSanGabrieldeBarrera/,,,-101.27191,21.01104,-1,-1,http://sic.gob.mx/ficha.php?table=museo&table_id=243,1691583215,Guanajuato,NA,1977-03,1977
244,Pinacoteca del Templo de La Compañía,Arte,NA,Congregación del Oratorio de San Felipe Neri,11,Guanajuato,15,Guanajuato,1,Guanajuato,Plazuela de la Compañía 1,Centro,36000,"473 733 97 82, 473 732 18 27",https://guanajuato.oratorio.mx/compania/pinacoteca/,,,oratorio.guanajuato@gmail.com,,,,-101.25254,21.0172,-1,-1,http://sic.gob.mx/ficha.php?table=museo&table_id=244,1682504788,Guanajuato,NA,NA,NA
1801,Museo de Arte Contemporáneo Primer Depósito,Arte,2012-06-01,Particular,11,Guanajuato,15,Guanajuato,1,Guanajuato,Positos 25,Centro,36000,473 732 11 25,,,,primerdepositogto@gmail.com,https://www.facebook.com/1erdeposito/timeline,,,-101.25462,21.01796,0,0,http://sic.gob.mx/ficha.php?table=museo&table_id=1801,1682514191,Guanajuato,NA,2012-06,2012
571,Museo de las Momias de Guanajuato,Especializado,1971-02-01,Ayuntamiento de Guanajuato,11,Guanajuato,15,Guanajuato,1,Guanajuato,Explanada del Panteón Municipal s/n,Centro,36000,473 732 06 39,,,,momias@guanajuatocapital.gob.mx,https://www.facebook.com/Museodelasmomiasdeguanajuatooficial/?locale=es_LA,,,-101.2662,21.0199,-1,-1,http://sic.gob.mx/ficha.php?table=museo&table_id=571,1699615457,Guanajuato,NA,1971-02,1971
1418,Museo Casa de Tía Aura,Historia,1999-04-02,,11,Guanajuato,15,Guanajuato,1,Guanajuato,Paseo de la Presa 62,Centro,36090,(473) 731 18 24,http://www.casadetiaaura.com,,,casadetiaarua@gmail.com,https://www.facebook.com/museocasadetiaaura/,,,-101.24729,21.00463,8,0,http://sic.gob.mx/ficha.php?table=museo&table_id=1418,1637844379,Guanajuato,NA,1999-04,1999
2010,Museo Conde Rul,Arte,2018-03-23,Instituto Estatal de la Cultura de Guanajuato/Dirección de Museos,11,Guanajuato,15,Guanajuato,1,Guanajuato,Plaza de la Paz 75,Centro,36000,473 732 23 80,https://guanajuato.mx/museo-del-conde-rul/,,,contacto@guanajuato.gob.mx,https://www.facebook.com/MuseoCondeRul/,,,-101.25433,21.0172,10,0,http://sic.gob.mx/ficha.php?table=museo&table_id=2010,1725387168,Guanajuato,NA,2018-03,2018
629,Museo Casa de Arte Olga Costa - José Chávez Morado,Arte,1993-04-02,Instituto Estatal de la Cultura de Guanajuato,11,Guanajuato,15,Guanajuato,1,Guanajuato,Pastita 158 Torre del Arco,Pastita,36090,473 731 09 77,,,,contacto@guanajuato.gob.mx,https://es-la.facebook.com/MuseodeArteOlgaCostayJoseChavez/,,,-101.24089,21.01045,1,1,http://sic.gob.mx/ficha.php?table=museo&table_id=629,1673609862,Guanajuato,NA,1993-04,1993
1414,Museo de Sitio Ex Convento Dieguino,Arte,1999-05-01,Ayuntamiento de Guanajuato/Dirección General de Cultura y Educación,11,Guanajuato,15,Guanajuato,1,Guanajuato,Domicilio conocido,Zona Centro,36000,473 732 52 96,,,,exconvento.dieguinogto@gmail.com; jesus.borja@guanajuatocapital.gob.mx,,,,-101.25321,21.01535,-1,-1,http://sic.gob.mx/ficha.php?table=museo&table_id=1414,1583918998,Guanajuato,NA,1999-05,1999
1054,Casa Museo Gene Byron,Arte,1998-05-20,Particular,11,Guanajuato,15,Guanajuato,67,Marfil,"Ex Hacienda de Santa Ana, Real de Marfil s/n",Col. Marfil,36251,473 733 10 29,http://www.museogenebyron.org/,,,genebyron_museo@yahoo.com.mx; info@museogenebyron.org,https://www.facebook.com/people/Casa-Museo-Gene-Byron/100029060724905/,,,-101.28366,21.00266,-1,-1,http://sic.gob.mx/ficha.php?table=museo&table_id=1054,1712681102,Guanajuato,NA,1998-05,1998
2023,Museo de la Cultura Legislativa,,2017-09-12,Congreso del Estado de Guanajuato,11,Guanajuato,15,Guanajuato,67,Marfil,Paseo del Congreso 60,Col. Marfil,36250,"473 102 00 00 exts. 2018, 6079",https://sitios.congresogto.gob.mx/museo/,,,ernesto.camarillo@congresogpo.gob.mx,https://www.facebook.com/CongresoGto,,,-101.27891,20.99705,0,1,http://sic.gob.mx/ficha.php?table=museo&table_id=2023,1672916092,Guanajuato,NA,2017-09,2017
1419,Museo Arqueológico Huanímaro,Arqueología,2015-10-05,Ayuntamiento de Huanímaro/Casa de Cultura,11,Guanajuato,16,Huanímaro,1,Huanímaro,Portal Morelos s/n,Centro,36990,(429) 691 00 50,,,,cultura.huanimaro@gmail.com,,,,-101.49659,20.36809,1,-1,http://sic.gob.mx/ficha.php?table=museo&table_id=1419,1673608801,Guanajuato,NA,2015-10,2015
203,Museo de la Ciudad Salvador Almaraz,Arqueología,1989-03-16,"Instituto Municipal de Cultura, Arte y Recreación",11,Guanajuato,17,Irapuato,1,Irapuato,Calle Ignacio Allende 276,Barrio de la piedra lisa,36510,462 626 00 53,http://salvadoralmaraz.com.mx/museo-salvador-almaraz/,,,imcarirapuato@gmail.com,https://www.facebook.com/MuseoAlmaraz/,,,-101.35009,20.67421,3,1,http://sic.gob.mx/ficha.php?table=museo&table_id=203,1672915506,Guanajuato,NA,1989-03,1989
2139,Museo Pacha Moma,,2019-04-08,"Fundación Fernando Barba Amezcua, AC",11,Guanajuato,17,Irapuato,1,Irapuato,Paseo del Atardecer 149,Villas de Irapuato,36670,462 114 55 73,http://www.fbac.mx,,,contact@fbac.mx,https://www.facebook.com/fernandobarbaamezcuaac/,,https://www.instagram.com/pacha_moma,-101.41118,20.67909,0,0,http://sic.gob.mx/ficha.php?table=museo&table_id=2139,1709038502,Guanajuato,NA,2019-04,2019
1619,Museo de Arte Sacro de León,Arte,2001-05-03,Arquidiócesis de León,11,Guanajuato,20,León,1,León de los Aldama,Hidalgo 202,Centro,37000,477 717 27 39,,,,,https://www.facebook.com/Museo-de-Arte-Sacro-Leon-273212333590856/,,,-101.68278,21.12241,15,-1,http://sic.gob.mx/ficha.php?table=museo&table_id=1619,1730394651,Guanajuato,NA,2001-05,2001
2344,Acuario Ventura,,2017-08-01,Acuario Ventura León,11,Guanajuato,20,León,1,León de los Aldama,"Centro Comercial Altacia, Blvd. Aeropuerto 104",Col. Cerrito de Jerez Nte.,37545,477 688 23 55,https://www.sealand.com.mx/,,,contacto.leon@sealand.com.mx,,,,-101.62504,21.09127,0,0,http://sic.gob.mx/ficha.php?table=museo&table_id=2344,1730746049,Guanajuato,NA,2017-08,2017
1584,Mi Museo Universitario de La Salle (MIM),Arte,2012-08-29,Universidad de La Salle Bajío,11,Guanajuato,20,León,1,León de los Aldama,Av. Universidad 602,Col. Lomas del Campestre,37150,477 710 85 00 ext. 3100,https://www.lasallebajio.edu.mx/servicios/mim_mim.php,https://www.lasallebajio.edu.mx/servicios/mim.php,,mim@lasallebajio.edu.mx,https://www.facebook.com/MiMuseoLaSalle/?locale=es_LA,,,-101.71108,21.15158,-1,2,http://sic.gob.mx/ficha.php?table=museo&table_id=1584,1730404571,Guanajuato,NA,2012-08,2012
174,Museo de la Ciudad de León,Arte,1988-12-27,Fideicomiso Museo de la Ciudad de León/Ayuntamiento de León,11,Guanajuato,20,León,1,León de los Aldama,Hermanos Aldama 136,Centro,37000,477 182 69 64,https://www.museodelaciudaddeleon.org.mx/,,,contacto@museodelaciudaddeleon.org.mx,https://www.facebook.com/profile.php?id=100065216692394,,https://www.instagram.com/museodelaciudad_leongto,-101.68002,21.12286,-1,-1,http://sic.gob.mx/ficha.php?table=museo&table_id=174,1730400621,Guanajuato,NA,1988-12,1988
1620,Museo Ilumina Ana María Cetto,Ciencia y tecnología,2007-10-08,"Consejo Nacional de Humanidades, Ciencia y Tecnología (CONAHCYT)/Centro de Investigaciones en Óptica, A.C.",11,Guanajuato,20,León,1,León de los Aldama,Loma del Bosque 115,Col. Lomas del Campestre,37150,477 441 42 00 ext.179,http://www.cio.mx/,,,comunicacion@cio.mx,https://www.facebook.com/CentroInvestigacionesOptica/?fref=ts,,,-101.70478,21.15382,-1,-1,http://sic.gob.mx/ficha.php?table=museo&table_id=1620,1730400028,Guanajuato,NA,2007-10,2007
1274,Museo de Arte e Historia de Guanajuato,Historia,2008-11-27,"Gobierno del Estado de Guanajuato, Fórum Cultural Guanajuato",11,Guanajuato,20,León,1,León de los Aldama,Prol. Calz. de los Héroes 908,Col. La Martinica,37500,477 104 11 00 ext. 201,https://mahgforum.guanajuato.gob.mx/conocenos/,,,informacionmahg@guanajuato.gob.mx,https://es-la.facebook.com/museodearteehistoria/,https://x.com/mahg_mx,https://www.instagram.com/mahg_mx,-101.6598,21.11664,2,1,http://sic.gob.mx/ficha.php?table=museo&table_id=1274,1730394056,Guanajuato,NA,2008-11,2008
851,Museo Centro de Ciencias Explora,Ciencia y tecnología,1994-11-23,Ayuntamiento de León,11,Guanajuato,20,León,1,León de los Aldama,Francisco Villa 202,Col. La Martinica,37500,477 711 67 11,http://www.explora.edu.mx,,,novedades@explora.edu.mx,https://www.facebook.com/CentroDeCienciasExplora/,,https://www.instagram.com/exploraleon,-101.65922,21.10851,6,1,http://sic.gob.mx/ficha.php?table=museo&table_id=851,1730321980,Guanajuato,NA,1994-11,1994
1813,Museo de las Identidades Leonesas (MIL),Antropología,2016-03-03,Instituto Cultural de León,11,Guanajuato,20,León,1,León de los Aldama,Justo Sierra 202,Centro Histórico,37000,477 713 37 26,https://culturaleon.com/?fbclid=IwY2xjawGPor9leHRuA2FlbQIxMAABHYpjhG9sRuN4GGz-xs4QeIggKj9U8T8X1uxaeOCzxTQBl0ITdvOXHCMQNQ_aem_YGgIT67u6-Csg9v_SCo_jA,,,midentidadesleonesas@hotmail.com; museo.identidades@gmail.com,https://www.facebook.com/Museo-de-las-Identidades-Leonesas-194905680844614/timeline,https://x.com/MuseoMIL,,-101.6847,21.12151,9,1,http://sic.gob.mx/ficha.php?table=museo&table_id=1813,1730331913,Guanajuato,NA,2016-03,2016
2095,Museo de Sitio de la Zona Arqueológica de El Cóporo,,2011-01-01,Instituto Estatal de Cultura del Estado de Guanajauto,11,Guanajuato,22,Ocampo,85,San José del Torreón,Camino al Coporo Km 4 (aprox.),,37640,"(473) 102 27 00 exts. 105, 133",http://www.inah.gob.mx/es/zonas/26-zona-arqueologica-el-coporo,,,,,,,-101.47297,21.4762,0,0,http://sic.gob.mx/ficha.php?table=museo&table_id=2095,1561720931,Guanajuato,NA,2011-01,2011
1259,Museo de Sitio San Vicente de Hidalgo,Historia,2005-05-08,Ayuntamiento de Abasolo,11,Guanajuato,23,Pénjamo,1,Pénjamo,Carr. Federal 90 San Vicente del Caño Km. 37,,36970,429 693 18 34,,,,museomhabasolo@hotmail.com,https://fr-ca.facebook.com/people/Museo-de-Sitio-San-Vicente-de-Hidalgo/100069940080884/,,,-101.58055,20.4522,-1,-1,http://sic.gob.mx/ficha.php?table=museo&table_id=1259,1682519508,Guanajuato,NA,2005-05,2005
2083,Museo de Sitio de la Zona Arquelógica de Plazuelas,,NA,Secretaría de Cultura/INAH,11,Guanajuato,23,Pénjamo,258,San Agustín el Alto,Carret.Fed. 110 tramo Irapuato-La Piedad KM 12.5,,NA,(473) 733 10 69,https://www.inah.gob.mx/zonas/74-zona-arqueologica-plazuelas,,,delegacion_gto@inah.gob.mx,,,,-101.60562,20.47551,0,0,http://sic.gob.mx/ficha.php?table=museo&table_id=2083,1560934674,Guanajuato,NA,NA,NA
1933,Museo Hermenegildo Bustos,Arte,2017-08-08,Instituto Estatal de la Cultura de Guanajuato,11,Guanajuato,25,Purísima del Rincón,1,Purísima de Bustos,"Calle 5 de Mayo y Hermenegildo Bustos, Plaza principal",Centro,36400,473 706 08 81,,,,contacto@guanajuato.gob.mx; jrendonr@guanajuato.gob.mx,https://www.facebook.com/MuseoHermenegildoBustos/,,,-101.87801,21.0286,7,2,http://sic.gob.mx/ficha.php?table=museo&table_id=1933,1672844780,Guanajuato,NA,2017-08,2017
1430,Museo Estatal de la Máscara,Arte,2003-09-18,Casa de Cultura Hermenegildo Bustos/Instituto Estatal de la Cultura del Estado de Guanajuato,11,Guanajuato,25,Purísima del Rincón,1,Purísima de Bustos,5 de mayo 107,Centro,36400,(476) 744 51 45,,http://purisimadelrincon.mx/cultura/instalaciones/,,cultura@purisimadelrincon.mx,,,,-101.87844,21.02862,1,-1,http://sic.gob.mx/ficha.php?table=museo&table_id=1430,1530786917,Guanajuato,NA,2003-09,2003
218,Museo Hidalgo,TND,1985-06-27,Dirección de Cultura,11,Guanajuato,27,Salamanca,1,Salamanca,Benito Juárez s/n,Centro,36700,464 641 4500 ext 3000 al 3005,http://www.guanajuato.mx/gtomx/es/top-300-plus/recursos-turisticos/museos/item/galeria-del-bicentenario-museo-hidalgo,,,casacultura421@gmail.com,https://www.facebook.com/cultura.salamanca/,,https://www.instagram.com/casadelacultura.salamancagto,0,0,1,1,http://sic.gob.mx/ficha.php?table=museo&table_id=218,1722268770,Guanajuato,NA,1985-06,1985
1003,Museo Histórico Casa de Hidalgo (La Francia Chiquita),Historia,1969-01-01,Secretaría de Cultura/INAH,11,Guanajuato,30,San Felipe,1,San Felipe,Hidalgo 121,Centro,37600,473 733 0858,https://mediateca.inah.gob.mx/islandora_74/islandora/object/museo%3A1359,,https://lugares.inah.gob.mx/lugar-119-es,ventanillaunica_gto@inah.gob.mx,,,,-101.21705,21.47838,-1,-1,http://sic.gob.mx/ficha.php?table=museo&table_id=1003,1708335630,Guanajuato,NA,1969-01,1969
1970,Museo de la Ciudad Francisco Orozco Muñoz,,1985-05-20,Ayuntamiento de San Francisco del Rincón,11,Guanajuato,31,San Francisco del Rincón,1,San Francisco del Rincón,Tomás Padilla 101,Centro,36300,(476) 744 78 00 ext. 1145,,,,constitu@prodigy.net.mx,,,,-101.85857,21.01868,1,3,http://sic.gob.mx/ficha.php?table=museo&table_id=1970,1571307456,Guanajuato,NA,1985-05,1985
1903,Museo de Historia de Mineral de Pozos,Historia,2016-05-16,Fundación Para el Desarrollo de los Pueblos Mineros (Fundemin),11,Guanajuato,33,San Luis de la Paz,1,San Luis de la Paz,Parador Turístico,La Montañita,36790,472 103 99 00 ext. 217,https://visitamineraldepozos.mx/historia/#,,,,,https://x.com/mineraldepozos,,-100.59419,21.29453,0,0,http://sic.gob.mx/ficha.php?table=museo&table_id=1903,1682342364,Guanajuato,NA,2016-05,2016
2122,Museo de Sitio,,2017-06-01,Fideicomiso de Inversión y Administración de Parque Guanajuato Bicentenario,11,Guanajuato,33,San Luis de la Paz,149,San Pedro de los Pozos (Mineral de Pozos),Cam. a las Minas 102 int. Complejo Escuela Modelo,Col. Centenario,37900,,,,,paradores@guanajuato.gob.mx,,,,-100.50118,21.22419,5,0,http://sic.gob.mx/ficha.php?table=museo&table_id=2122,1683028539,Guanajuato,NA,2017-06,2017
1053,Museo José y Tomás Chávez Morado,Arte,1999-10-22,Instituto Estatal de la Cultura de Guanajuato,11,Guanajuato,37,Silao de la Victoria,1,Silao de la Victoria,Calle Vicente Guerrero 1 esq. calle Domenzain,Centro,36100,472 722 50 38,http://cultura.guanajuato.gob.mx,,,museojoseytomaschavezmoradosilao@hotmail.com,https://www.facebook.com/pages/category/Art-Gallery/Museo-Jos%C3%A9-Y-Tom%C3%A1s-Ch%C3%A1vez-Morado-194256557373062/,,,-101.42858,20.94444,10,4,http://sic.gob.mx/ficha.php?table=museo&table_id=1053,1682508261,Guanajuato,NA,1999-10,1999
2061,Museo del Automóvil,,2018-09-18,Gobierno del Estado/Parque Guanajuato Bicentenario,11,Guanajuato,37,Silao de la Victoria,1,Silao de la Victoria,Carret.de Cuota Silao-Gto. Km 3.8,Los Rodríguez,36270,472 723 80 00,https://pgbicentenario.com/exhibiciones/exposicion/3/kmh-hecho-en-guanajuato,,,eventospgb@guanajuato.gob.mx,,,,-101.3607,20.95613,3,0,http://sic.gob.mx/ficha.php?table=museo&table_id=2061,1677009812,Guanajuato,NA,2018-09,2018
2059,Museo de Sitio de la Zona Arqueológica de Arroyo Seco,Arqueología,2018-03-24,Secretaría de Cultura/INAH,11,Guanajuato,43,Victoria,296,Arroyo Seco,Carretera 110 Tramo Victoria-Tierra Blanca Km 2.7,Comunidad de los Remedios/Cerro Grande,NA,,,,,delegacion_gto@inah.gob.mx,,,,-100.19224,21.20613,0,0,http://sic.gob.mx/ficha.php?table=museo&table_id=2059,1540321177,Guanajuato,NA,2018-03,2018
720,Museo Ex Convento Agustino de San Pedro y San Pablo,Arqueología,1926-02-01,Secretaría de Cultura/INAH,11,Guanajuato,46,Yuriria,1,Yuriria,Plazuela Juárez s/n,Centro,38940,445 168 20 36,https://mediateca.inah.gob.mx/repositorio/islandora/object/museo%3A3146,,https://lugares.inah.gob.mx/lugar-497-es,cesar_avila@inah.gob.mx,,,,-101.13107,20.21349,-1,-1,http://sic.gob.mx/ficha.php?table=museo&table_id=720,1682520246,Guanajuato,NA,1926-02,1926
2097,Museo de Sitio de la Zona Arqueológica de Palma Sola,,NA,Secretaría de Cultura/INAH,12,Guerrero,1,Acapulco de Juárez,1,Acapulco de Juárez,La Mora 17,Col. Palma Sola,39510,744 486 1514,https://www.inah.gob.mx/zonas/zona-arqueologica-de-palma-sola,,,direccion.gro@inah.gob.mx,,https://x.com/inah_guerrero,,-99.90111,16.88658,0,0,http://sic.gob.mx/ficha.php?table=museo&table_id=2097,1710863871,Guerrero,NA,NA,NA
1987,Museo de las Siete Regiones,,2018-01-27,Secretaría de Cultura de Guerrero/Complejo Cultural Siete Regiones,12,Guerrero,1,Acapulco de Juárez,1,Acapulco de Juárez,Calle Hornitos s/n,Centro,39300,744 484 71 68,,,,patrimonio.secultura@guerrero.gob.mx,https://www.facebook.com/pages/Museo-De-las-Siete-Regiones/1780358545602391,,,-99.90313,16.84991,1,0,http://sic.gob.mx/ficha.php?table=museo&table_id=1987,1731005607,Guerrero,NA,2018-01,2018
60,"Museo Histórico de Acapulco, Fuerte de San Diego",Historia,1986-04-24,Secretaría de Cultura/INAH,12,Guerrero,1,Acapulco de Juárez,1,Acapulco de Juárez,Hornitos y Morelos s/n,Centro,39300,744 482 38 28,,,https://lugares.inah.gob.mx/lugar-140-es,fuertedesanjuandeulua@inah.gob.mx,https://www.facebook.com/MHFDSD/?locale=es_LA,,,-99.9024,16.85015,15,1,http://sic.gob.mx/ficha.php?table=museo&table_id=60,1727890303,Guerrero,NA,1986-04,1986
115,Museo Histórico Naval de Acapulco,Historia,2000-06-30,"Museo Histórico Naval de Acapulco, A.C.",12,Guerrero,1,Acapulco de Juárez,1,Acapulco de Juárez,Hornitos s/n,Centro,39300,744 484 03 56,,,,museonavaldeacapulco@hotmail.com,https://www.facebook.com/museonavaldeacapulco/,,,-99.90254,16.84974,-1,-1,http://sic.gob.mx/ficha.php?table=museo&table_id=115,1699615026,Guerrero,NA,2000-06,2000
1989,Museo de la Máscara,,2018-01-30,Gobierno del Estado de Guerrero/Complejo Cultural Siete Regiones,12,Guerrero,1,Acapulco de Juárez,1,Acapulco de Juárez,Calle Hornitos s/n,Centro,39300,(744) 484 7168,,,,,https://www.facebook.com/pages/Museo-Casa-De-La-M%C3%A1scara/599310163418451,,,-99.90352,16.84989,0,0,http://sic.gob.mx/ficha.php?table=museo&table_id=1989,1571316326,Guerrero,NA,2018-01,2018
1613,Museo y Salón de la Fama del Deporte Guerrerense,Especializado,1999-03-20,Casa de la Cultura de Acapulco/Instituto del Deporte de Guerrero,12,Guerrero,1,Acapulco de Juárez,1,Acapulco de Juárez,Costera Miguel Alemán 4834,Fracc. Costa Azul,39850,744 256 85 86,,,,museoaca@gmail.com,https://www.facebook.com/profile.php?id=100091388503232,,,-99.851070000000007,16.84827,1,0,http://sic.gob.mx/ficha.php?table=museo&table_id=1613,1695907396,Guerrero,NA,1999-03,1999
665,Museo Comunitario Irineo Germán,Arqueología,1992-01-01,Secretaría de Educación Pública de Guerrero,12,Guerrero,13,Azoyú,1,Azoyú,5 de Mayo núm. 5,Centro,41900,741 412 0406,,,,,,,,-98.6022,16.73309,-1,-1,http://sic.gob.mx/ficha.php?table=museo&table_id=665,1736959690,Guerrero,NA,1992-01,1992
1878,Museo Arqueológico de la Costa Chica de Azoyú,,2015-10-01,Ayuntamiento de Azoyú,12,Guerrero,13,Azoyú,1,Azoyú,Plaza Principal s/n,Centro,41900,741 116 9885,,,,educulturaazoyu@gmail.com,https://www.facebook.com/Museo-de-la-Costa-Chica-Azoy%C3%BA-264733303858022/,,,-98.60186,16.73296,0,0,http://sic.gob.mx/ficha.php?table=museo&table_id=1878,1683037209,Guerrero,NA,2015-10,2015
1930,Museo Comunitario Afromexicano,Antropología,2017-07-21,"Fundación Afromexicana Petra Morga, AC",12,Guerrero,13,Azoyú,29,Huehuetán,Plaza Central de Huhuetán,Centro,41900,,https://www.museoafromexicano.com/inicio,,,museoafromexicano@gmail.com,,,,-98.6021,16.7331,5,0,http://sic.gob.mx/ficha.php?table=museo&table_id=1930,1681323371,Guerrero,NA,2017-07,2017
2382,Museo Comunitario Kalule,,2000-01-01,Ayuntamiento de Coahuayutla,12,Guerrero,16,Coahuayutla de José María Izazaga,1,Coahuayutla de Guerrero,Galeana y Mariscal de Ávila,Centro,40860,,,,,,,,,-101.73501,18.31558,0,0,http://sic.gob.mx/ficha.php?table=museo&table_id=2382,1697124530,Guerrero,NA,2000-01,2000
669,Museo Regional Carlos Román Celis,Antropología,1993-03-23,Ayuntamiento de Coyuca de Catalán,12,Guerrero,22,Coyuca de Catalán,1,Coyuca de Catalán,Av. Cuauhtémoc 1,Centro,40700,767 675 26 50,,,,presidenciacoyuca2021@gmail.com,,,,-100.6981,18.32588,3,-1,http://sic.gob.mx/ficha.php?table=museo&table_id=669,1697467330,Guerrero,NA,1993-03,1993
835,Museo de las Culturas Afromestizas Vicente Guerrero Saldaña,Antropología,1997-03-17,"Comité Pro-Museo Cuaji, A.C.",12,Guerrero,23,Cuajinicuilapa,1,Cuajinicuilapa,"Manuel Zárate s/n, esq Cuauhtémoc",Centro,41940,741 414 12 31,,https://www.facebook.com/CulturaGuerrerense/videos/746339623007280,http://eltapanqo.blogspot.com/2015/10/el-museo-de-las-culturas-afromestizas.html,museodelasculturasafromestizas_cuaji@hotmail.com,https://www.facebook.com/profile.php?id=100069423567165,,,-98.41629,16.47239,-1,-1,http://sic.gob.mx/ficha.php?table=museo&table_id=835,1681325022,Guerrero,NA,1997-03,1997
2374,Museo Comunitario Afromexicano Cástula González Herrera,,2018-09-29,,12,Guerrero,23,Cuajinicuilapa,11,Comaltepec (Comal),Francisco Añorve s/n,Centro,41950,,,,,,,,,-98.47094,16.58075,0,0,http://sic.gob.mx/ficha.php?table=museo&table_id=2374,1684957978,Guerrero,NA,2018-09,2018
2223,Museo de la Ballena Punta Maldonado,,2018-11-23,Ayuntamiento de Cuajinicuilapa,12,Guerrero,23,Cuajinicuilapa,22,Punta Maldonado (El Faro),Calle Principal 25 (Ex Comisaría Municipal),"Centro, Punta Maldonado",41968,744 181 87 58,http://ayuntamientocuajinicuilapa.gob.mx/museo-de-la-ballena-el-faro/,,,msg_2207@hotmail.com,,,,-98.56562,16.32698,1,0,http://sic.gob.mx/ficha.php?table=museo&table_id=2223,1646241312,Guerrero,NA,2018-11,2018
2372,Museo Comunitario Aztlan,,2018-06-14,Red Estatal de Museos de Guerrero,12,Guerrero,28,Chilapa de Álvarez,73,Tenexatlajco (Tenexatlaco),Domicilio conocido,Escuela Telesecundaria Aztlán,41117,,,,,difusioninahgro@gmail.com,,,,-99.25932,17.55589,4,0,http://sic.gob.mx/ficha.php?table=museo&table_id=2372,1692820669,Guerrero,NA,2018-06,2018
1008,Museo Regional de Guerrero,Arqueología,1987-03-13,Secretaría de Cultura/INAH,12,Guerrero,29,Chilpancingo de los Bravo,1,Chilpancingo de los Bravo,Plaza Cívica Primer Congreso de Anáhuac s/n,Centro,39000,747 472 80 88,,,https://lugares.inah.gob.mx/lugar-96-es,recepcion_inahguerrero@inah.gob.mx,,,,-99.50054,17.55201,5,-1,http://sic.gob.mx/ficha.php?table=museo&table_id=1008,1702556179,Guerrero,NA,1987-03,1987
2048,Museo Universitario de Arte Contemporáneo,,2018-01-01,Universidad Autónoma de Guerrero,12,Guerrero,29,Chilpancingo de los Bravo,1,Chilpancingo de los Bravo,Lic. Arturo Martínez Adame 5ª,Centro,39000,747 472 11 05,https://museodeartecontemporaneo.negocio.site/?hl=es,,,museodearte_cont@uagro.mx,https://www.facebook.com/Museo-De-Arte-Contempor%C3%A1neo-MUAC-UAGro-1454907531282043/,,,-99.50583,17.5545,2,1,http://sic.gob.mx/ficha.php?table=museo&table_id=2048,1646242601,Guerrero,NA,2018-01,2018
1932,Museo José Juárez,,2012-12-07,Universidad Autónoma de Guerrero,12,Guerrero,29,Chilpancingo de los Bravo,1,Chilpancingo de los Bravo,Andador Emiliano Zapata 21,Centro,39000,(747) 471 7046,,,,museojosejuarez@uagro.mx,https://www.facebook.com/MuseoJoseJuarezUAGro/?rf=207686216026489,,,-99.50273,17.55373,1,1,http://sic.gob.mx/ficha.php?table=museo&table_id=1932,1623232227,Guerrero,NA,2012-12,2012
70,La Avispa Museo Interactivo,Ciencia y tecnología,1998-04-13,"Secretaría de Desarrollo Social, Gobierno del Estado de Guerrero",12,Guerrero,29,Chilpancingo de los Bravo,1,Chilpancingo de los Bravo,Carr. Nal. México-Acapulco Km. 270,Col. Villa Moderna,39090,747 102 3443,https://www.guerrero.gob.mx/dependencia/sector-paraestatal/museo-interactivo-la-avispa/,,,laavispa@guerrero.gob.mx,https://www.facebook.com/laavispamuseointeractivo.org,,,-99.49459,17.53096,6,-1,http://sic.gob.mx/ficha.php?table=museo&table_id=70,1698672494,Guerrero,NA,1998-04,1998
1751,Sala Introductoria de Tehuacalco,Arqueología,2008-12-16,Secretaría de Cultura/INAH,12,Guerrero,29,Chilpancingo de los Bravo,30,Carrizal de la Vía,Carr. a Tehuacalco s/n,,39000,747 472 00 35,https://lugares.inah.gob.mx/es/museos-inah/museo/506-sala-introductoria-de-la-zona-arqueol%C3%B3gica-de-tehuacalco.html?lugar_id=506&lugar_tipo=museos,,https://lugares.inah.gob.mx/es/museos-inah/museo/506-sala-introductoria-de-la-zona-arqueol%C3%B3gica-de-tehuacalco.html?lugar_id=506&lugar_tipo=museos,recepcion.inahguerrero@gmail.com; miguel_perez@inah.gob.mx,,,,-99.50356,17.18774,1,0,http://sic.gob.mx/ficha.php?table=museo&table_id=1751,1668811107,Guerrero,NA,2008-12,2008
652,Museo Histórico Cultural Michitecutli,Historia,2010-11-20,Ayuntamiento de General Canuto A. Neri,12,Guerrero,31,General Canuto A. Neri,1,Acapetlahuaya,Plaza Juárez s/n,Centro,40480,736 366 28 22,,,,municipio.gcan@hotmail.com; gaby_81@live.com.mx,,,,-100.07211,18.41846,2,0,http://sic.gob.mx/ficha.php?table=museo&table_id=652,1711549192,Guerrero,NA,2010-11,2010
2373,Museo Comunitario Tetzauhtecutli,,2017-01-01,,12,Guerrero,31,General Canuto A. Neri,20,Ixtepec de San Simón,Domicilio conocido,Centro,40480,,,,,,https://www.facebook.com/samano63?locale=sv_SE,,,-100.09447,18.47663,0,0,http://sic.gob.mx/ficha.php?table=museo&table_id=2373,1684954256,Guerrero,NA,2017-01,2017
650,Museo Comunitario Renacimiento Indígena,Historia,2015-03-04,Ayuntamiento de Huamuxtitlán,12,Guerrero,33,Huamuxtitlán,1,Huamuxtitlán,H. Colegio Militar s/n,Centro,41200,(757) 497 01 46,,,,huamuxtitlan20152018@hotmail.com,,,,-98.56444,17.80149,3,0,http://sic.gob.mx/ficha.php?table=museo&table_id=650,1544704679,Guerrero,NA,2015-03,2015
2233,Museo de Sitio de Cuetlajuchitlán,,NA,Secretaría de Cultura/INAH,12,Guerrero,34,Huitzuco de los Figueroa,29,Paso Morelos (Cuetlajuchi),Carr. Cuernavaca-Acapulco Km. 181,Ranchería Los Querende,40143,747 471 71 21,http://www.inah.gob.mx/es/zonas/188-zona-arqueologica-cuetlajuchitlan-o-los-querende,,https://lugares.inah.gob.mx/lugar-242-es,direccion.gro@inah.gob.mx; hector_torres@inah.gob.mx,,,,-99.20944,18.2215,0,0,http://sic.gob.mx/ficha.php?table=museo&table_id=2233,1699109859,Guerrero,NA,NA,NA
2123,Museo de la Identidad Igualteca Yoallan,,NA,Ayuntamiento de Iguala de la Independencia/Dirección de Cultura,12,Guerrero,35,Iguala de la Independencia,1,Iguala de la Independencia,Av. Vicente Guerrero 1,Centro Histórico,40000,733 147 19 89,,,,direccionculturaiguala2021.2024@gmail.com,,,,-99.53833,18.34455,0,0,http://sic.gob.mx/ficha.php?table=museo&table_id=2123,1663161949,Guerrero,NA,NA,NA
212,Museo de la Bandera y Santuario de la Patria,Historia,1999-02-24,Secretaría de Cultura de Guerrero,12,Guerrero,35,Iguala de la Independencia,1,Iguala de la Independencia,Benito Juárez s/n,Centro,40000,(733) 333 67 65,,,,museobandera@hotmail.com,https://www.facebook.com/museo.santuario?fref=ts,,,-99.54119,18.34507,-1,-1,http://sic.gob.mx/ficha.php?table=museo&table_id=212,1571399935,Guerrero,NA,1999-02,1999
1711,Museo del Ferrocarril y del Telégrafo de Iguala,Historia,2009-11-20,Ayuntamiento de Iguala de la Independencia/Dirección de Cultura,12,Guerrero,35,Iguala de la Independencia,1,Iguala de la Independencia,Av. del Ferrocarril s/n,Barrio del Ferrocarril,40040,733 105 10 71,,,,direccionculturaiguala2021.2024@gmail.com,,,,-99.55166,18.34845,4,1,http://sic.gob.mx/ficha.php?table=museo&table_id=1711,1663162053,Guerrero,NA,2009-11,2009
1005,Museo Histórico de Ixcateopan,Arqueología,1976-03-31,Ayuntamiento de Ixcateopan,12,Guerrero,37,Ixcateopan de Cuauhtémoc,1,Ixcateopan de Cuauhtémoc,Plaza Eulalia Guzmán,Centro,40430,736 366 2376 ext. 7,http://www.ixcateopan.gob.mx/,,,presidenciaixca026@gmail.com; secretariagralixca7@gmail.com,https://www.facebook.com/ixcateopanpueblomagico,,,-99.79396,18.50245,7,0,http://sic.gob.mx/ficha.php?table=museo&table_id=1005,1729733297,Guerrero,NA,1976-03,1976
2121,Museo Altar a la Patria,,NA,Ayuntamiento de Ixcateopan de Cuauhtémoc/INAH,12,Guerrero,37,Ixcateopan de Cuauhtémoc,1,Ixcateopan de Cuauhtémoc,Gral. Vicente Guerrero 6,Centro,40430,736 366 23 76,https://www.cultura.gob.mx/estados/turismo-cultural-detalle.php?id=67167,,,marioguadarramaibarra@gmail.com,,,,-99.79357,18.50232,0,0,http://sic.gob.mx/ficha.php?table=museo&table_id=2121,1683640694,Guerrero,NA,NA,NA
2107,Museo Arqueológico de la Costa Grande,,1993-07-31,Ayuntamiento de Zihuatanejo,12,Guerrero,38,Zihuatanejo de Azueta,1,Zihuatanejo,Paseo del Pescador s/n,Centro,40890,(755) 554 75 52,,,,,,,,-101.55613,17.63874,6,0,http://sic.gob.mx/ficha.php?table=museo&table_id=2107,1625657332,Guerrero,NA,1993-07,1993
800,Museo Comunitario de Cochoapa,Arqueología,1997-12-31,Comunitario independiente,12,Guerrero,46,Ometepec,7,Cochoapa,Comisaria Municipal,Centro,41700,741 412 10 81,https://www.guerreroturistico.com/portal/art4168_Museo_Comunitario_de_Cochoapa.html,,,,,,,0,0,-1,-1,http://sic.gob.mx/ficha.php?table=museo&table_id=800,1681408870,Guerrero,NA,1997-12,1997
2222,Museo Arqueológico de Santa María Asunción,,2018-12-20,Secretaría de Educación Pública del Estado de Guerrero,12,Guerrero,46,Ometepec,29,Santa María (Santa María Asunción),Altamirano s/n,Barrio Arroyo Limón,41701,741 137 82 65,,,,alejandrinoevaristo@yahoo.com.mx,https://www.facebook.com/nicolas.dioniciomontano.96/photos,,,-98.39184,16.77322,1,0,http://sic.gob.mx/ficha.php?table=museo&table_id=2222,1651046774,Guerrero,NA,2018-12,2018
1557,Museo de Sitio Xihuacan,Arqueología,2011-03-20,Secretaría de Cultura/INAH,12,Guerrero,48,Petatlán,1,Petatlán,Domicilio conocido,,NA,747 471 7121,https://www.inah.gob.mx/museos/museo-de-sitio-de-la-zona-arqueologica-de-soledad-maciel-o-museo-de-sitio-xihuacan,,https://lugares.inah.gob.mx/lugar-367-es,difusioninahgro@gmail.com,,,,-101.32972,17.53254,-1,-1,http://sic.gob.mx/ficha.php?table=museo&table_id=1557,1711985160,Guerrero,NA,2011-03,2011
193,Museo de Arte Virreinal de Taxco,Arte,1992-05-08,Secretaría de Turismo del Estado de Guerrero,12,Guerrero,55,Taxco de Alarcón,1,Taxco de Alarcón,Juan Ruiz de Alarcón 12,Centro,40200,762 622 55 01,,,,museooficial@gmail.com,https://www.facebook.com/pages/Museo-De-Arte-Sacro-Virreinal/600211526698842,,,-99.60427,18.55678,10,-1,http://sic.gob.mx/ficha.php?table=museo&table_id=193,1722559116,Guerrero,NA,1992-05,1992
1006,Museo Guillermo Spratling,Arqueología,1975-07-01,Secretaría de Cultura/INAH,12,Guerrero,55,Taxco de Alarcón,1,Taxco de Alarcón,Calle Porfirio A. Delgado 1,Centro,40200,762 622 16 60,https://www.inah.gob.mx/museos/museo-william-spratling,,https://lugares.inah.gob.mx/lugar-120-es,mgspratling@hotmail.com; difusioninahgro@gmail.com,https://es-la.facebook.com/MuseoSpratling,,,-99.60417,18.55643,3,1,http://sic.gob.mx/ficha.php?table=museo&table_id=1006,1695834360,Guerrero,NA,1975-07,1975
2465,Museo Casa de las Lágrimas o Casa Figueroa,,NA,,12,Guerrero,55,Taxco de Alarcón,1,Taxco de Alarcón,Calle de Guadalupe 2,Centro,40200,762 622 00 03,,https://www.youtube.com/watch?v=N_IyD7xAWNg,,,https://www.facebook.com/p/Museo-Casa-de-las-l%C3%A1grimas-100054463630556/?locale=es_LA,,,-99.60579,18.55644,0,0,http://sic.gob.mx/ficha.php?table=museo&table_id=2465,1728336338,Guerrero,NA,NA,NA
1929,Museo Comunitario El Pericón Hipólito Mora Aparicio,,2017-07-20,,12,Guerrero,56,Tecoanapa,26,El Pericón,,,NA,,https://www.facebook.com/Museo-Comunitario-Hip%C3%B3lito-Mora-Aparicio-1414236595547160/,,,alex260884@hotmail.com,,,,-99.32484,16.9802,0,0,http://sic.gob.mx/ficha.php?table=museo&table_id=1929,1684848534,Guerrero,NA,2017-07,2017
626,Museo Municipal Gral. Jesús H. Salgado,TND,1980-09-01,Ayuntamiento de Teloloapan,12,Guerrero,58,Teloloapan,1,Teloloapan,Plazuela 2 de Abril  núm. 16,Centro,40400,(736) 366 21 50,,,,museo_telo@2012hotmail.com; ayuntamiento.teloloapan@gmail.com,,,,-99.8729,18.36787,4,-1,http://sic.gob.mx/ficha.php?table=museo&table_id=626,1487624301,Guerrero,NA,1980-09,1980
2287,Museo Comunitario Macehual Tlalxihuayotl Calli,,2022-11-09,Secretaría de Cultura/INAH,12,Guerrero,59,Tepecoacuilco de Trujano,13,San Agustín Oapan,Domicilio conocido,,40173,"747 471 71 21, 747 472 26 04",,,,gerardo_samano@inah.gob.mx,,,,-99.43889,17.95288,0,0,http://sic.gob.mx/ficha.php?table=museo&table_id=2287,1698751113,Guerrero,NA,2022-11,2022
169,Casa Museo de Ignacio Manuel Altamirano,Historia,1984-11-13,Ayuntamiento de Tixtla de Guerrero,12,Guerrero,61,Tixtla de Guerrero,1,Tixtla de Guerrero,Montaño,Centro,39170,(754) 474 00 95,,,,tixtlagro@live.com.mx,,,,-99.40011,17.56918,-1,-1,http://sic.gob.mx/ficha.php?table=museo&table_id=169,1736274190,Guerrero,NA,1984-11,1984
662,Museo Comunitario Indígena  Tlappan,Antropología,1992-03-28,Dirección General de Educación Indígena/Secretaría de Educación Pública de Guerrero,12,Guerrero,66,Tlapa de Comonfort,1,Tlapa de Comonfort,Vicente Guerrero 260,Col. El Tepeyac,41304,cel. (757) 100 65 97,,,,museotlappan@hotmail.com,,,,-98.56816,17.54649,3,-1,http://sic.gob.mx/ficha.php?table=museo&table_id=662,1700745130,Guerrero,NA,1992-03,1992
1397,Museo Regional Lázaro Cárdenas,TND,1993-02-10,,12,Guerrero,67,Tlapehuala,1,Tlapehuala,Carr. Iguala-Cd. Altamirano Km 151,Col. Juárez,40600,"(732) 673 15 75, 673 0009",http://www.alumnosonline.com/museos/guerrero-12.html,,,,,,,-100.52667,18.24553,-1,-1,http://sic.gob.mx/ficha.php?table=museo&table_id=1397,1487878804,Guerrero,NA,1993-02,1993
674,Museo Comunitario Xipe Totec de San Nicolás Zoyatlán,TND,1997-12-18,Comunitario,12,Guerrero,69,Xalpatláhuac,9,San Nicolás Zoyatlán (Zoyatlán),Domicilio conocido,,41380,,,,,villela_s@hotmail.com,https://www.facebook.com/bryam.sambadaniebla/videos/1292301677874068,,,-98.63995,17.46302,-1,-1,http://sic.gob.mx/ficha.php?table=museo&table_id=674,1689190653,Guerrero,NA,1997-12,1997
2079,Sala Introductoria  de la Zona Arqueológica de La Organera Xochipala,,NA,Secretaría de Cultura/INAH,12,Guerrero,75,Eduardo Neri,23,Xochipala,Av. Principal s/n,Comunidad de Xochipala,40185,747 471 71 21,https://lugares.inah.gob.mx/es/zonas-arqueologicas/zonas/1727-la-organera-xochipala.html,,,direccion.gro@inah.gob.mx,,,,-99.62986,17.77258,0,0,http://sic.gob.mx/ficha.php?table=museo&table_id=2079,1701094298,Guerrero,NA,NA,NA
1497,Museo Arqueológico de Acaxochitlán,Arqueología,2011-05-24,"Patronato de Acaxochitlán para la Conservación del Patrimonio, Cultural e Histórico, A.C.",13,Hidalgo,2,Acaxochitlán,1,Acaxochitlán,"Benito Juárz s/n, Palacio Municipal",Centro Histórico,43720,(776) 752 00 90,http://alvavi.blogspot.mx/2011/05/el-museo-arqueologico-de-acaxochitlan.html,,,elechuga_sosa@hotmail.com,https://www.facebook.com/vigias.acaxochitlan.71/posts/1361424070666708/,,,-98.20349,20.15859,-1,-1,http://sic.gob.mx/ficha.php?table=museo&table_id=1497,1571655869,Hidalgo,NA,2011-05,2011
1010,Museo del Exconvento de San Nicolás de Tolentino,Arte,2011-01-01,Secretaría de Cultura/INAH/Coordinación Nacional de Museos y Exposiciones,13,Hidalgo,3,Actopan,1,Actopan,Lerdo de Tejada s/n,Centro,42050,771 714 35 20 ext. 115,https://www.inah.gob.mx/red-de-museos/273-ex-convento-de-actopan,,https://lugares.inah.gob.mx/lugar-358-es,direccion.hidalgo@inah.gob.mx; difusion.inahhgo@yahoo.com.mx,,,,-98.94311,20.26832,4,-1,http://sic.gob.mx/ficha.php?table=museo&table_id=1010,1651228832,Hidalgo,NA,2011-01,2011
2209,Museo Comunitario Ajacuba,,2019-01-01,Red Estatal de Museos de la Secretaría de Cultura del Estado de Hidalgo,13,Hidalgo,5,Ajacuba,1,Ajacuba,Eustolio Becerra s/n,Centro,42150,778 782 41 45,https://www.municipioajacuba.gob.mx/,,,ajacubacultura@gmail.com; direccioncultura2427@gmail.com,https://www.facebook.com/H.AyuntamientodeAjacuba?locale=ms_MY,,,-99.12347,20.09278,0,0,http://sic.gob.mx/ficha.php?table=museo&table_id=2209,1733248570,Hidalgo,NA,2019-01,2019
2335,Museo Comunitario de  Apan (cerrado por remodelación),,NA,Ayuntamiento de Apan,13,Hidalgo,8,Apan,1,Apan,Av. Juárez s/b,Col. El Siervo,43903,775 125 32 42,,,,garciaorgaz@live.com.mx,,,,-98.45606,19.70346,0,0,http://sic.gob.mx/ficha.php?table=museo&table_id=2335,1706537423,Hidalgo,NA,NA,NA
2210,Museo Comunitario El Jagüey,,2020-09-03,Red Estatal de Museos de la Secretaría de Cultura del Estado de Hidalgo,13,Hidalgo,12,Atotonilco el Grande,1,Atotonilco el Grande,Emiliano Zapata s/n,Centro,43300,771 182 6126,http://cultura.hidalgo.gob.mx/infraestructura/museo-municipal-museo-el-jaguey/,,,contacto.museojaguey@gmail.com; esme236@hotmail.com; museojaguey@gmail.com,https://www.facebook.com/Museo-Comunitario-El-Jag%C3%BCey-109783014279030/?ref=page_internal,,,-98.67084,20.28669,0,0,http://sic.gob.mx/ficha.php?table=museo&table_id=2210,1681731860,Hidalgo,NA,2020-09,2020
2305,Museo Comunitario Atotonilli,,2017-08-13,"Ayuntamiento de Atononilco de Tula, INAH, Ayate, A.C.",13,Hidalgo,13,Atotonilco de Tula,1,Atotonilco de Tula,"Plaza Centro, Jardín municipal entre Rep. del Salvador y Rep. de Nicaragua",Centro,42980,773 130 44 20,,,,cultura-turismo@atotonilcodetula.gob.mx; fcc.elayate@gmail.com,https://www.facebook.com/MuseoComunitarioAtotonilli/,,,-99.22038,20.00758,0,0,http://sic.gob.mx/ficha.php?table=museo&table_id=2305,1714521849,Hidalgo,NA,2017-08,2017
2208,Museo Comunitario de la Cultura Otomí de Huitexcalco,,2019-08-02,Red Estatal de Museos de la Secretaría de Cultura del Estado de Hidalgo,13,Hidalgo,19,Chilcuautla,8,Huitexcalco de Morelos,Niños Héroes esq. Av. Central Nte.,Col. San Nicolás Huitexcalco de Morelos,42750,772 108 87 37,https://culturahidalgo.gob.mx/,http://cultura.hidalgo.gob.mx/wp-content/themes/EspecialesT2/MUSEOS/ver.php/?id=35408&nombre=Museo%20Comunitario%20de%20la%20Cultura%20Otomi&tipo=infografia,,redestatalhgomuseos@gmail.com,https://www.facebook.com/redmuseoshgo,,,-99.2743,20.27626,0,0,http://sic.gob.mx/ficha.php?table=museo&table_id=2208,1708339638,Hidalgo,NA,2019-08,2019
190,Museo Comunitario de Emiliano Zapata,Arqueología,2019-08-03,Secretaría de Cultura del Estado de Hidalgo,13,Hidalgo,21,Emiliano Zapata,1,Emiliano Zapata,Vicente Guerrero 18,Centro,43960,748 915 04 92,http://cultura.hidalgo.gob.mx/infraestructura/museo-comunitario-de-emiliano-zapata/,http://cultura.hidalgo.gob.mx/wp-content/themes/EspecialesT2/MUSEOS/ver.php/?id=35394&nombre=Museo%20Comunitario%20Emiliano%20Zapata&tipo=infografia,,,,,,0,0,-1,-1,http://sic.gob.mx/ficha.php?table=museo&table_id=190,1684852162,Hidalgo,NA,2019-08,2019
1012,Museo  del  Ex Convento de San Andrés Apóstol,Arqueología,1987-11-22,Secretaría de Cultura/INAH,13,Hidalgo,22,Epazoyucan,1,Epazoyucan,Calle Benito Juárez s/n,Centro,43580,771 714 39 89,https://www.inah.gob.mx/red-de-museos/442-ex-convento-de-san-andres-apostol-en-epazoyucan,,https://lugares.inah.gob.mx/es/museos-inah/museo/386-ex-convento-de-san-andr%C3%A9s-ap%C3%B3stol-en-epazoyucan.html?lugar_id=386&lugar_tipo=museos,difusion.hgo@inah.gob.mx,,,,-98.63492,20.01716,2,-1,http://sic.gob.mx/ficha.php?table=museo&table_id=1012,1664975623,Hidalgo,NA,1987-11,1987
185,Museo Comunitario de La Labranza,Arqueología,1998-10-10,Secretaría de Cultura del Estado de Hidalgo,13,Hidalgo,23,Francisco I. Madero,12,El Rosario,Plaza Corregidora 3,Centro,42672,771 201 71 20,pam1323@hotmail.com,,http://cultura.hidalgo.gob.mx/infraestructura/museo-comunitario-la-labranza/,museocomunitariodelalabranza@hotmail.com,https://www.facebook.com/museocomunitario.delalabranza,,,-99.02318,20.24166,5,1,http://sic.gob.mx/ficha.php?table=museo&table_id=185,1686743158,Hidalgo,NA,1998-10,1998
107,Museo de Arqueología e Historia de Huichapan,Arqueología,2003-01-11,Secretaría de Cultura de Hidalgo,13,Hidalgo,29,Huichapan,1,Huichapan,Jardín Ignacio Zaragoza 9,Centro Histórico,42400,761 782 08 45,,,,museo.huichapan@gmail.com; mediadores_museohh@hotmail.com,https://es-la.facebook.com/MuseoHuichapan/,,,-99.65027,20.37493,5,0,http://sic.gob.mx/ficha.php?table=museo&table_id=107,1708599977,Hidalgo,NA,2003-01,2003
1018,Museo de la Cultura Hñähñu,Antropología,1987-01-01,Red Estatal de Museos de la Secretaría de Cultura del Estado de Hidalgo /Centro Cultural Regional del Valle del Mezquital,13,Hidalgo,30,Ixmiquilpan,1,Ixmiquilpan,Av. Insurgentes Pte. 1,Centro,42300,759 723 44 08,http://cultura.hidalgo.gob.mx/museo-de-la-cultura-hnahnu/,,,mchmediadores@hotmail.com; redestatalhgomuseos@gmail.com,,,https://www.instagram.com/redmuseoshgo,-99.22241,20.4782,5,1,http://sic.gob.mx/ficha.php?table=museo&table_id=1018,1681740294,Hidalgo,NA,1987-01,1987
2337,"Museo del Ferrocarril, Tortugas",,NA,,13,Hidalgo,35,Metepec,1,Metepec,,,NA,,,,,,https://www.facebook.com/museodelferrocarriltortugas,,,-98.32194,20.23841,5,0,http://sic.gob.mx/ficha.php?table=museo&table_id=2337,1686740250,Hidalgo,NA,NA,NA
1493,Museo de Sitio Mina de Acosta,Ciencia y tecnología,2001-06-22,"Archivo Histórico y Museo de Minería, A.C.",13,Hidalgo,39,Mineral del Monte,1,Mineral del Monte,Camino Real a Guerrero s/n,Barrio de Acosta,42130,771  715 09 76,,,,ahmm@prodigy.net.mx,https://www.facebook.com/MuseodeSitioMinaAcosta/,,,-98.66778,20.14649,-1,-1,http://sic.gob.mx/ficha.php?table=museo&table_id=1493,1682327063,Hidalgo,NA,2001-06,2001
2177,Museo del Paste,,2012-10-11,,13,Hidalgo,39,Mineral del Monte,1,Mineral del Monte,Av. Juárez 114,El Portezuelo,42130,771 797 15 48,,https://www.instagram.com/museodelpaste_realdelmonte/?hl=es-la,,mdelpaste@gmail.com; museodelpaste.gerencia@gmail.com,https://www.facebook.com/Museo-del-Paste-Real-del-Monte-110162723872975,,,-98.68457,20.13884,4,0,http://sic.gob.mx/ficha.php?table=museo&table_id=2177,1657208826,Hidalgo,NA,2012-10,2012
1495,Museo de Sitio y Centro de Interpretación Mina La Dificultad,Ciencia y tecnología,2011-05-13,"Archivo Histórico y Museo de Minería, A.C.",13,Hidalgo,39,Mineral del Monte,1,Mineral del Monte,Salida de Real del Monte a la carr. Fed. a Tampico s/n,San Ignacio,42130,(771) 715 09 76,,http://www.rutadelaplata.org,,ahmm@prodigy.net.mx,,,,-98.67203,20.14541,-1,-1,http://sic.gob.mx/ficha.php?table=museo&table_id=1495,1520615605,Hidalgo,NA,2011-05,2011
1920,Museo Casa Grande,,NA,Universidad Autónoma del Estado de Hidlago,13,Hidalgo,39,Mineral del Monte,1,Mineral del Monte,Iturbide 6,Centro,42130,(771) 717 20 00  ext. 4481,https://www.uaeh.edu.mx/adminyserv/gesuniv/div_ext/museo_casa_grande/historia.html,,,,,,,-98.67196,20.13979,8,0,http://sic.gob.mx/ficha.php?table=museo&table_id=1920,1551878948,Hidalgo,NA,NA,NA
1494,Museo de Medicina Laboral,Ciencia y tecnología,2004-10-27,"Archivo Histórico y Museo de Minería, A.C.",13,Hidalgo,39,Mineral del Monte,1,Mineral del Monte,Hospital 10,Barrio Hospital,42130,(771) 715 09 76,,,,ahmm@prodigy.net.mx,,,,-98.67383,20.13993,-1,-1,http://sic.gob.mx/ficha.php?table=museo&table_id=1494,1571658810,Hidalgo,NA,2004-10,2004
1255,Museo Comunitario Maravillas,Arqueología,1996-09-14,"Casa de la Cultura de Maravillas, Hidalgo A.C.",13,Hidalgo,44,Nopala de Villagrán,19,Maravillas,Av. de las Maravillas s/n,Centro,42490,761 782 70 10,,,,me_resendiz@hotmail.com,https://www.facebook.com/museomaravillashidalgo/,,,-99.58854,20.20262,-1,-1,http://sic.gob.mx/ficha.php?table=museo&table_id=1255,1681722880,Hidalgo,NA,1996-09,1996
2120,Museo Salón de la Fama,,NA,"Museo Salón de la Fama, A.C.",13,Hidalgo,48,Pachuca de Soto,1,Pachuca de Soto,"Fracción I, Manzana III, Cluster 4, lote 15",Col. Zona Plateada,42083,(771) 18 30 40 ext. 1011,,,,antonio.moreno@salondelafamadelfutbol.com,,,,-98.73694,20.12236,0,0,http://sic.gob.mx/ficha.php?table=museo&table_id=2120,1551797450,Hidalgo,NA,NA,NA
2119,Museo Centro Interactivo Mundo Futbol,,2011-07-09,"Centro Interactivo Mundo Futbol, S.A. de C.V.",13,Hidalgo,48,Pachuca de Soto,1,Pachuca de Soto,"Fracción I, Manzana III, Cluster 4, lote 15",Col. Zona Plateada,42083,771 138 30 40 ext. 1003,https://mundofutbol.com/,,,,https://es-la.facebook.com/CIMundoFutbol/,,,-98.774,20.09477,0,0,http://sic.gob.mx/ficha.php?table=museo&table_id=2119,1627548933,Hidalgo,NA,2011-07,2011
902,Museo de la Fotografía,Arte,1984-11-01,Secretaría de Cultura/INAH/Sistema Nacional de Fototecas,13,Hidalgo,48,Pachuca de Soto,1,Pachuca de Soto,"Casasola s/n, Exconvento de San Francisco de la Plaza Aniceto Ortega",Centro,42000,771 714 3653,https://difusion.inah.gob.mx/sinafo/museo-de-la-fotografia.html,https://mediateca.inah.gob.mx/islandora_74/islandora/object/museo%3A1532,https://www.lugares.inah.gob.mx/es/museos-inah/museo/412-museo-de-la-fotograf%C3%ADa-de-la-fototeca-nacional.html,museodelafotografia@inah.gob.mx; arturo_jaramillo@inah.gob.mx,https://www.facebook.com/SINAFO.FototecaNacional,https://x.com/FototecaINAH,,-98.73182,20.12086,5,0,http://sic.gob.mx/ficha.php?table=museo&table_id=902,1664974045,Hidalgo,NA,1984-11,1984
2050,Museo de Miniaturas,,2018-07-01,"Museo de Miniaturas, A.C.",13,Hidalgo,48,Pachuca de Soto,1,Pachuca de Soto,Av. Álamo 700,Col. El Tezontle,42084,771 567 03 01,,,,museodeminiaturas@gmail.com,https://www.facebook.com/ArteSanssouciMuseoDeMiniaturas/,,,-98.7842,20.0919,0,0,http://sic.gob.mx/ficha.php?table=museo&table_id=2050,1607437125,Hidalgo,NA,2018-07,2018
2320,Ajolotario Miquiztli Xolotl,,NA,,13,Hidalgo,48,Pachuca de Soto,1,Pachuca de Soto,Amado Nervo 524,Col. Morelos,42040,771 143 89 35,,,,nestorgarciafomentolechero@gmail.com,https://www.facebook.com/Ajolotariomiquiztlixolotl/,,https://www.instagram.com/miquiztlixolotl,-98.7481,20.12403,0,0,http://sic.gob.mx/ficha.php?table=museo&table_id=2320,1677517252,Hidalgo,NA,NA,NA
1007,Museo de Minería,Ciencia y tecnología,1993-06-01,"Archivo Histórico y Museo de Minería, A.C.",13,Hidalgo,48,Pachuca de Soto,1,Pachuca de Soto,Francisco Javier Mina 110,Centro,42000,(771) 715 09 76,,,,hdez.marco@gmail.com,https://www.facebook.com/ArchivoHistoricoyMuseodeMineriaAC/,,,-98.73127,20.12543,3,1,http://sic.gob.mx/ficha.php?table=museo&table_id=1007,1602507033,Hidalgo,NA,1993-06,1993
2117,Sala San Francisco Arte e Historia. Un enfoque en el tiempo,,NA,Secretaría de Cultura/INAH,13,Hidalgo,48,Pachuca de Soto,1,Pachuca de Soto,"Casasola s/n, Ex Convento de San Francisco de Asís PB",Centro,42050,771 714 35 20,,,,difusion.inahhgo@gmail.com; difusion.hgo@inah.gob.mx,https://www.facebook.com/Centro-INAH-Hidalgo-117775886263019/,,,-98.73155,20.12088,0,0,http://sic.gob.mx/ficha.php?table=museo&table_id=2117,1698318417,Hidalgo,NA,NA,NA
1015,Museo de Mineralogía de la Universidad Autónoma del Estado de Hidalgo,Ciencia y tecnología,1894-10-23,Universidad Autónoma del Estado de Hidalgo/División de Extensión de la Cultura de la UAEH/Centro de Investigaciones en Ciencias de la Tierra,13,Hidalgo,48,Pachuca de Soto,1,Pachuca de Soto,Mariano Abasolo 600,Centro,42000,"(771) 717 20 00 exts. 1006, 2601",,,,jdelcasto53@gmail.com,,,,-98.73451,20.12824,-1,-1,http://sic.gob.mx/ficha.php?table=museo&table_id=1015,1537264297,Hidalgo,NA,1894-10,1894
409,Museo Interactivo para la Niñez y Juventud Hidalguense El Rehilete,Ciencia y tecnología,1997-02-28,Secretaría de Educación Pública del Estado de Hidalgo,13,Hidalgo,48,Pachuca de Soto,1,Pachuca de Soto,Carr. México-Pachuca Km 84.5,Col. Venta Prieta,42080,"771 711 20 44, 711 47 28",http://www.museoelrehilete.org.mx,,,rehilete@hidalgo.gob.mx,https://www.facebook.com/museointeractivoelrehilete/,,,-98.77714,20.07672,-1,-1,http://sic.gob.mx/ficha.php?table=museo&table_id=409,1654591585,Hidalgo,NA,1997-02,1997
2246,Sala de Exposiciones del Centro INAH Hidalgo,,NA,Secretaría de Cultura/INAH/Coordinación Nacional de Museos y Exposiciones,13,Hidalgo,48,Pachuca de Soto,1,Pachuca de Soto,"Ex-convento de San Francisco, Casasola s/n",Centro,42000,,,,,,,,,-98.73694,20.12236,0,0,http://sic.gob.mx/ficha.php?table=museo&table_id=2246,1655363120,Hidalgo,NA,NA,NA
2214,Museo Municipal Nthenhai,,2020-09-01,Red Estatal de Museos de la Secretaría de Cultura del Estado de Hidalgo,13,Hidalgo,55,Santiago de Anaya,1,Santiago de Anaya,"Reforma Secc. Sur, Manzana 1 s/n",Centro,42620,772 120 47 23,http://cultura.hidalgo.gob.mx/infraestructura/museo-municipal-nthenhai/,,,cultura.santiagodeanaya@gmail.com,,,,-98.96418,20.38266,0,0,http://sic.gob.mx/ficha.php?table=museo&table_id=2214,1681829938,Hidalgo,NA,2020-09,2020
2030,Museo Arqueológico de Zazacuala,Arqueología,2008-04-08,Centro Nacional para la Preservación  del Acervo Cultural Ferrocarrilero,13,Hidalgo,56,Santiago Tulantepec de Lugo Guerrero,1,Santiago Tulantepec,Libramiento La Joya 33,Nuevo Santiago,43760,775 114 2700,http://cultura.hidalgo.gob.mx/infraestructura/museo-arqueologico-de-zazacuala/,,,museodezazacuala@hotmail.com,https://www.facebook.com/museoarqueologico.dezazacuala/,,,-98.35771,20.04142,1,0,http://sic.gob.mx/ficha.php?table=museo&table_id=2030,1681830994,Hidalgo,NA,2008-04,2008
2345,Museo Momias Hñähñus de Caltimacán,,2022-12-15,Secretaría de Cultura del Estado de Hidalgo/Red Estatal de Museos,13,Hidalgo,58,Tasquillo,4,Caltimacán,La Plasita s/n,Centro,42381,772 121 08 04,http://cultura.hidalgo.gob.mx/infraestructura/comunitario-momias-caltimacan/,,,museomomiashnahnuscaltimacan@gmail.com,https://www.facebook.com/momiascaltimacan?mibextid=ZbWKwL,,,-99.36889,20.53679,6,0,http://sic.gob.mx/ficha.php?table=museo&table_id=2345,1723146297,Hidalgo,NA,2022-12,2022
2213,Museo Municipal Mäzofo,,2020-09-02,Red Estatal de Museos de la Secretaría de Cultura del Estado de Hidalgo,13,Hidalgo,59,Tecozautla,1,Tecozautla,Constitución 7 (Plaza de la Constitución),Centro,42441,773 11 77 80,http://cultura.hidalgo.gob.mx/infraestructura/museo-municipal-mazofo/,,,patriciatrejo2909@hotmail.com,,,,-99.63445,20.53426,2,0,http://sic.gob.mx/ficha.php?table=museo&table_id=2213,1681729470,Hidalgo,NA,2020-09,2020
2101,Sala Introductoria de la Zona Arqueológica de Pahñu,,2012-11-20,Secretaría de Cultura/INAH,13,Hidalgo,59,Tecozautla,19,La Mesilla,Domicilio conocido,,42460,771 714 35 20,https://www.inah.gob.mx/zonas/57-zona-arqueologica-panhu,,,direccion.hgo@inah.gob.mx; andrea_aldama@inah.gob.mx,https://www.facebook.com/Centro-INAH-Hidalgo-117775886263019/?_rdr,,,-99.67444,20.48464,1,0,http://sic.gob.mx/ficha.php?table=museo&table_id=2101,1647940638,Hidalgo,NA,2012-11,2012
1016,"Museo Fray Bernardino de Sahagún, ex Convento de San Francisco en Tepeapulco",Arqueología,1959-02-01,Secretaría de Cultura/INAH/Coordinación Nacional de Museos y Exposiciones,13,Hidalgo,61,Tepeapulco,1,Tepeapulco,Hidalgo s/n,Centro,43970,771 714 3520 ext. 228013,http://www.inah.gob.mx/es/red-de-museos/274-ex-convento-de-tepeapulco,,https://lugares.inah.gob.mx/lugar-357-es,difusion.inahhgo@yahoo.com.mx,,,,-98.55402,19.79661,4,1,http://sic.gob.mx/ficha.php?table=museo&table_id=1016,1664918390,Hidalgo,NA,1959-02,1959
1395,Museo del Maguey y el Pulque,Especializado,2016-01-01,"Amigos del Museo Nacional del Maguey y el Pulque, A. C.",13,Hidalgo,61,Tepeapulco,1,Tepeapulco,Antigua Casa de Hernán Cortés<br>Av. Miguel Hidalgo s/n,Centro,43976,775 195 2021,http://cultura.hidalgo.gob.mx/infraestructura/comunitario-museo-de-maguey-y-el-pulque/,,,claudiaim425@gmail.com,,,,-98.55139,19.78534,1,-1,http://sic.gob.mx/ficha.php?table=museo&table_id=1395,1681829658,Hidalgo,NA,2016-01,2016
54,Museo Comunitario y Archivo Histórico de la Casa de Cultura de Tepeapulco,Arqueología,2005-02-18,Ayuntamiento de Tepeapulco,13,Hidalgo,61,Tepeapulco,1,Tepeapulco,Av. Juárez 13,Centro,43976,791 913 73 36,,,,cmc2012_@hotmail.com,,,,-98.5531,19.78573,-1,-1,http://sic.gob.mx/ficha.php?table=museo&table_id=54,1722880482,Hidalgo,NA,2005-02,2005
1011,Museo de Tepeji del Río,Arqueología,1991-01-01,"Secretaría de Cultura del Estado de Hidalgo, Ayuntamiento de Tepeji del Río de Oc",13,Hidalgo,63,Tepeji del Río de Ocampo,1,Tepeji del Río de Ocampo,José Luis Cuevas 8 Interior del Centro Cultural,Col. El Cerrito,42850,773 733 1704,http://cultura.hidalgo.gob.mx/infraestructura/museo-comunitario-de-tepeji-del-rio/,,,cculturatepeji@gmail.com,https://www.facebook.com/MuseoTepeji,,,-99.33792,19.91068,-1,-1,http://sic.gob.mx/ficha.php?table=museo&table_id=1011,1681485964,Hidalgo,NA,1991-01,1991
2329,Museo Textil de La Josefina,,NA,,13,Hidalgo,63,Tepeji del Río de Ocampo,1,Tepeji del Río de Ocampo,Calle Lerdo de Tejada s/n,San Francisco,42850,773 733 0044 ext. 1804,,,,sergio.luna@lajosefina.com.mx,,,,-99.34291,19.90507,0,0,http://sic.gob.mx/ficha.php?table=museo&table_id=2329,1677084472,Hidalgo,NA,NA,NA
1460,Museo Prehispánico Religioso Fe y Cultura,Arte,2007-04-01,Parroquia San Pedro Apóstol,13,Hidalgo,66,Villa de Tezontepec,1,Tezontepec,Plaza Juárez s/n,Centro,43880,(743) 741 00 08,,,,sanpedroapostol_villa@hotmail.com,,,,0,0,-1,-1,http://sic.gob.mx/ficha.php?table=museo&table_id=1460,1465921443,Hidalgo,NA,2007-04,2007
364,Museo Comunitario Tetetzontlilco,Arqueología,1997-03-20,"Unión Estatal de Museos Comunitarios en Hidalgo, A.C.",13,Hidalgo,69,Tizayuca,11,Olmos,Morelos s/n,Col. Olmos,43800,(779) 100 01 79,,,,,,,,-98.9269,19.87878,-1,-1,http://sic.gob.mx/ficha.php?table=museo&table_id=364,1469041542,Hidalgo,NA,1997-03,1997
2302,Museo de la Cultura de Tlaahuilihpan (MUCTLA),,2022-06-18,Ayuntamiento de Tlahuelilpan,13,Hidalgo,70,Tlahuelilpan,2,Munitepec de Madero,Antigua Escuela Primaria Carrillo Puerto,Centro,42789,763 786 00 10,,,,,,,,-99.19893,20.12924,2,0,http://sic.gob.mx/ficha.php?table=museo&table_id=2302,1681738143,Hidalgo,NA,2022-06,2022
181,Museo Comunitario de Tolcayuca,Historia,1991-01-01,"Ayuntamiento de Tolcayuca, Dirección de Cultura",13,Hidalgo,75,Tolcayuca,1,Tolcayuca,Av. Reforma s/n,Col. Independencia,43860,Cel. (771) 702 75 68,,,,centro.culturaltolcayuca@gmail.com,,,,-98.91743,19.95894,1,1,http://sic.gob.mx/ficha.php?table=museo&table_id=181,1485285245,Hidalgo,NA,1991-01,1991
1253,Museo Sala Histórica Quetzalcóatl,Arqueología,1998-09-16,Ayuntamiento de Tula/ Dirección de Educación y Cultura,13,Hidalgo,76,Tula de Allende,1,Tula de Allende,Zaragoza s/n,Centro,42800,773 732 11 83,http://cultura.hidalgo.gob.mx/infraestructura/municipal-sala-historica-quetzalcoatl/,,,culturatula@gmail.com,,,,-99.3427,20.05596,1,1,http://sic.gob.mx/ficha.php?table=museo&table_id=1253,1681479015,Hidalgo,NA,1998-09,1998
1394,Museo de Datos Históricos Gabriel Mancera,Historia,2000-01-01,Ayuntamiento de Tulancingo de Bravo,13,Hidalgo,77,Tulancingo de Bravo,1,Tulancingo,Andrés de Olmos,Col. Mimila,43640,775 753 47 40,,,,museos@tulancingo.gob.mx,,,,-98.37622,20.08448,1,1,http://sic.gob.mx/ficha.php?table=museo&table_id=1394,1655819247,Hidalgo,NA,2000-01,2000
2354,Museo Patrimonial y de Culturas Huapalcalco,,2019-03-30,,13,Hidalgo,77,Tulancingo de Bravo,1,Tulancingo,,Huapalcalco,43629,,,,,,,,,-98.36493,20.11823,0,0,http://sic.gob.mx/ficha.php?table=museo&table_id=2354,1683205912,Hidalgo,NA,2019-03,2019
1552,Museo de El Santo,Historia,2009-09-23,Ayuntamiento de Tulancingo de Bravo,13,Hidalgo,77,Tulancingo de Bravo,1,Tulancingo,Rodolfo Guzmán Huerta s/n,Col. Los Álamos,43640,(775) 755 84 50 ext. 1127,,,,museos@tulancingo.gob.mx; museos.tulancingo@gmail.com,https://www.facebook.com/pages/category/History-Museum/Museo-de-El-Santo-748201041875839/,,,-98.3736,20.08608,-1,-1,http://sic.gob.mx/ficha.php?table=museo&table_id=1552,1625659415,Hidalgo,NA,2009-09,2009
1014,Museo del Ferrocarril de Tulancingo,Historia,1999-08-05,Ayuntamiento de Tulancingo de Bravo,13,Hidalgo,77,Tulancingo de Bravo,1,Tulancingo,Av. Morelos s/n,Centro,43600,775 755 75 73,http://www.tulancingocultural.cc/historico/museoferrocarril/index.htm,,,museos@tulancingo.gob.mx; tulancingocultural@hotmail.com,,,,-98.37373,20.08605,5,3,http://sic.gob.mx/ficha.php?table=museo&table_id=1014,1681478522,Hidalgo,NA,1999-08,1999
2211,Museo de Aeronáutica Hashamayin,,2021-06-25,,13,Hidalgo,77,Tulancingo de Bravo,3,Ahuehuetitla,Av. Ahuehuetitla s/n (Parque La avioneta),Col. Ahuehuetitla,43645,775 128 44 54,,,,museo_hasha10@hotmail.com; tino_2793@hotmail.com,https://www.facebook.com/Museo-de-aviaci%C3%B3n-Hashamayim-102619688748994,,,-98.41722,20.08277,0,0,http://sic.gob.mx/ficha.php?table=museo&table_id=2211,1635179577,Hidalgo,NA,2021-06,2021
857,Museo Comunitario Iljuikajtlachiyalistli (Observador del cielo),Arqueología,1995-01-01,"Unión Estatal de Museos Comunitarios en Hidalgo, A.C.",13,Hidalgo,80,Yahualica,1,Yahualica,Av. Hidalgo 306,Centro,43080,774 974 40 77,http://cultura.hidalgo.gob.mx/infraestructura/museo-comunitario-iljuikajtlachiyalistli-observador-del-cielo-de-yahualica/,,,,,,,-98.38307,20.95128,-1,-1,http://sic.gob.mx/ficha.php?table=museo&table_id=857,1698399787,Hidalgo,NA,1995-01,1995
1265,Museo Regional de la Sierra Alta de Zacualtipán,Historia,2009-01-14,Secretaría de Cultura del Estado de Hidalgo (CECULTAH),13,Hidalgo,81,Zacualtipán de Ángeles,1,Zacualtipán,Cinco de Mayo s/n,Barrio Cosapa,43200,774 742 05 77,http://cultura.hidalgo.gob.mx/infraestructura/museo-regional-de-la-sierra-alta-de-zacualtipan/,,,cecultah@hotmail.com,,,,-98.65218,20.64602,8,-1,http://sic.gob.mx/ficha.php?table=museo&table_id=1265,1681721800,Hidalgo,NA,2009-01,2009
1909,Casa - Museo General Felipe Ángeles,Historia,2016-08-01,Secretaría de Cultura del Estado de Hidalgo,13,Hidalgo,81,Zacualtipán de Ángeles,1,Zacualtipán,Xicohténcatl 2,Barrio Arados,43200,771 715 04 74,http://cultura.hidalgo.gob.mx/,,,mediadores.museofa@gmail.com,https://www.facebook.com/CulturaHidalgo,,,-98.65589,20.64455,3,0,http://sic.gob.mx/ficha.php?table=museo&table_id=1909,1692801230,Hidalgo,NA,2016-08,2016
1013,Museo Comunitario Tonatiuh,Arqueología,1987-07-15,"Unión Estatal de Museos Comunitarios en Hidalgo, A.C.",13,Hidalgo,83,Zempoala,1,Zempoala,Plaza Principal s/n,Centro,43830,(743) 741 50 09,,,,,,,,-98.66859,19.914,-1,-1,http://sic.gob.mx/ficha.php?table=museo&table_id=1013,1465844348,Hidalgo,NA,1987-07,1987
173,Museo Comunitario Tzacualli,Arqueología,2002-01-12,"Unión Estatal de Museos Comunitarios en Hidalgo, A.C.",13,Hidalgo,83,Zempoala,1,Zempoala,Las Águilas s/n,Col. El Cerrito,43830,743 741 50 09; 775 114 58 53,http://cultura.hidalgo.gob.mx/infraestructura/museo-comunitario-tzacualli/,,,educacionycultura@gmail.com,,,,-98.6648,19.91426,2,-1,http://sic.gob.mx/ficha.php?table=museo&table_id=173,1681477809,Hidalgo,NA,2002-01,2002
2427,Estación Tepa,,NA,,13,Hidalgo,83,Zempoala,1,Zempoala,"Calle sin nombre s/n,",Tepa el Chico,NA,,,,,cultura@zempoala.gob.mx,,,,-98.69333,19.91054,0,0,http://sic.gob.mx/ficha.php?table=museo&table_id=2427,1715808908,Hidalgo,NA,NA,NA
2212,Museo de la Minería de Zimapán,,2020-06-01,"Turismo Municipal de Zimapán, Hidalgo",13,Hidalgo,84,Zimapán,1,Zimapán,Cjón. Garrido,Centro,42330,759 728 2961,http://cultura.hidalgo.gob.mx/infraestructura/museo-de-mineria-zimapan/,,,turismo.zim@gmail.com,,,,-99.38339,20.73771,7,0,http://sic.gob.mx/ficha.php?table=museo&table_id=2212,1715619525,Hidalgo,NA,2020-06,2020
1057,Museo Dr. Leonardo Oliva,Arqueología,2007-02-26,Casa de la Cultura/Ayuntamiento de Ahualulco de Mercado,14,Jalisco,3,Ahualulco de Mercado,1,Ahualulco de Mercado,José María Mercado 15,Centro,46730,(386) 752 24 45,,,,culturaahualulco@hotmail.com; ahualulco.turismo@gmail.com,,,,-103.97641,20.70267,5,1,http://sic.gob.mx/ficha.php?table=museo&table_id=1057,1625662024,Jalisco,NA,2007-02,2007
1129,Museo de las Ciencias Naturales de la Cuenca de Sayula,Ciencia y tecnología,2001-11-22,"Casa de la Cultura/UG, Centro Universitario de Ciencias Biológicas y Agropecuarias (CUCBA)",14,Jalisco,4,Amacueca,1,Amacueca,Pedro Moreno 2,Centro,49370,(372) 424 00 17,,,,ayuntamiento_amacueca@hotmail.com,,,,-103.60061,20.01086,3,-1,http://sic.gob.mx/ficha.php?table=museo&table_id=1129,1629454572,Jalisco,NA,2001-11,2001
2021,Museo Interpretativo del Paisaje Agavero y las Antiguas Tabernas de Amatitán (MIPAT),,2016-11-23,Secretaría de Cultura del Gobierno del Estado de Jalisco,14,Jalisco,5,Amatitán,1,Amatitán,Juárez 28,Centro,45380,374 745 04 96,,https://sc.jalisco.gob.mx/noticias-referencias/mipat,,,,,,0,0,6,1,http://sic.gob.mx/ficha.php?table=museo&table_id=2021,1697634866,Jalisco,NA,2016-11,2016
88,Museo Regional de Arqueología y Paleontología Profr. Filemón Gutiérrez Ramírez,Arqueología,1983-12-01,Ayuntamiento de Ameca/Centro Cultural Hilarión Romero Gil,14,Jalisco,6,Ameca,1,Ameca,Alameda 2,Barrio Alto,46600,(375) 755 89 74,,,,cronistaarchivos_amk@hotmail.com,,,,-104.04624,20.54873,1,-1,http://sic.gob.mx/ficha.php?table=museo&table_id=88,1616509666,Jalisco,NA,1983-12,1983
2147,Museo Interpretativo de Paisaje Agavero El Arenal,,2016-11-20,Secretaría de Cultura del Estado de Jalisco,14,Jalisco,9,El Arenal,1,El Arenal,Laura Elena Cortéz s/n,Centro,45350,33 2437 0507,,,,elarenal.jalisco@gmail.com,https://www.facebook.com/MuseoInterpretativodelPaisajeAgavero/,,,-103.69006,20.77045,9,0,http://sic.gob.mx/ficha.php?table=museo&table_id=2147,1610527867,Jalisco,NA,2016-11,2016
484,Museo Comunitario Atenquílitl,Arqueología,1993-08-23,Ayuntamiento de Atenguillo,14,Jalisco,12,Atenguillo,1,Atenguillo,Independencia 18,Centro,44100,388 736 88 78,,http://www.atenguillo.gob.mx/,,juancarlos.derobles@atenguillo.gob.mx; juancpresidente@hotmail.com,,,,-104.49444,20.41497,4,0,http://sic.gob.mx/ficha.php?table=museo&table_id=484,1722538052,Jalisco,NA,1993-08,1993
1576,Museo y Centro Regional de las Artes (Cerrado temporalmente),Historia,2012-05-04,Secretaría de Cultura del Gobierno del Estado de Jalisco,14,Jalisco,15,Autlán de Navarro,1,Autlán de Navarro,Morelos 47,Centro,48900,317  381 26 95,http://www.jalisco.gob.mx/es/prensa/actividades/9489,,,museoautlan@gmail.com,https://www.facebook.com/Museo-y-Centro-Regional-de-las-Artes-1701833233381035/?rf=755691354552884,,,-104.36734,19.77365,10,-1,http://sic.gob.mx/ficha.php?table=museo&table_id=1576,1663938916,Jalisco,NA,2012-05,2012
160,Museo de sitio,Arte,1970-01-01,Centro Cultural La Moreña/Secretaría de Cultura del Gobierno del Estado de Jalisco,14,Jalisco,18,La Barca,1,La Barca,Independencia 46,Centro,47910,393 935 30 17,https://www.jalisco.gob.mx/es/prensa/actividades/9485,,,rmartinez526@hotmail.com,,,,-102.54933,20.27653,7,1,http://sic.gob.mx/ficha.php?table=museo&table_id=160,1672916708,Jalisco,NA,1970-01,1970
1241,Chiconaui Museo Arqueológico de Portezuelo,Arqueología,2008-09-12,Ayuntamiento de La Barca/Dirección de Cultura,14,Jalisco,18,La Barca,27,Portezuelo,Hidalgo 47,Centro,47920,393 110 58 62,,,,dportezuelo@gmail.com,,,,-102.51769,20.41372,7,1,http://sic.gob.mx/ficha.php?table=museo&table_id=1241,1732646455,Jalisco,NA,2008-09,2008
392,Museo Comunitario Tlalchitonatiuh,Arqueología,2004-06-01,"Tlalchitonatiuh, A.C.",14,Jalisco,21,Casimiro Castillo,1,La Resolana,Niños Héroes 49,Centro,48930,(357) 388 09 41,https://www.facebook.com/pages/Museo-Comunitario-Tlalchitonatiuh/401769213247804,,,museotlalchi@gmail.com,https://www.facebook.com/Tlalchitonatiuh/,https://x.com/Tlalchitonatiuh,,-104.43895,19.60535,-1,-1,http://sic.gob.mx/ficha.php?table=museo&table_id=392,1571743637,Jalisco,NA,2004-06,2004
1248,Museo de Sitio Juan José Arreola,Historia,2008-02-25,Secretaría de Cultura del Gobierno del Estado de Jalisco/Casa Taller Literario Juan José Arreola,14,Jalisco,23,Zapotlán el Grande,1,Ciudad Guzmán,Pedro Moreno s/n,Col. Loma de Barro,49000,341 412 97 45,,https://sc.jalisco.gob.mx/patrimonio/casas-de-la-cultura/casa-taller-literario-juan-jose-arreola,,casajjarreola.megj@jalisco.gob.mx,,,,-103.4565,19.7064,-1,2,http://sic.gob.mx/ficha.php?table=museo&table_id=1248,1696508673,Jalisco,NA,2008-02,2008
56,Museo Arqueológico de Ciudad Guzmán (cerrado temporalmente por remodelación),Arqueología,1956-04-16,Secretaría de Cultura/INAH/Coordinación Nacional de Museos y Exposiciones,14,Jalisco,23,Zapotlán el Grande,1,Ciudad Guzmán,Dr. Ángel González 21,Centro,49000,"33 3614 5416, 33 3613 8224",,,https://lugares.inah.gob.mx/lugar-122-es,amalia_mancilla@inah.gob.mx,,,,-103.46552,19.70415,-1,-1,http://sic.gob.mx/ficha.php?table=museo&table_id=56,1672918008,Jalisco,NA,1956-04,1956
10,Museo de Sitio Cocula es el Mariachi,Arte,2001-02-07,Ayuntamiento de Cocula,14,Jalisco,24,Cocula,1,Cocula,Juárez 29,Centro,48500,(377) 773 00 00 ext. 114,,https://sc.jalisco.gob.mx/patrimonio/museos/museo-de-cocula-es-el-mariachi,,cocula@jalisco.gob.mx,,,,-103.82385,20.36421,5,2,http://sic.gob.mx/ficha.php?table=museo&table_id=10,1628865329,Jalisco,NA,2001-02,2001
1081,Museo Hacienda La Sauceda,Historia,1998-12-03,Particular,14,Jalisco,24,Cocula,22,La Sauceda,Revolución 100,Centro,48520,(333) 686 06 72,,,,senenpalomarm@hotmail.com,,,,0,0,-1,-1,http://sic.gob.mx/ficha.php?table=museo&table_id=1081,1446669163,Jalisco,NA,1998-12,1998
1132,Museo Tomás Bobadilla Acosta,Ciencia y tecnología,2005-04-19,"Unión de Pueblos de Manantlán, A.C.",14,Jalisco,27,Cuautitlán de García Barragán,12,Ayotitlán,Carr. Cuautitlán-Telcruz s/n,Barrio Agua Zarca,48962,,,https://ilamdir.org/recurso/5683/museo-tom%C3%A1s-bobadilla-acosta,,magda_coatl@hotmail.com,,,,-104.12541,19.47648,-1,-1,http://sic.gob.mx/ficha.php?table=museo&table_id=1132,1707741776,Jalisco,NA,2005-04,2005
1133,Museo del Centro Cultural González Gallo,Arqueología,2006-03-28,"Secretaría de Cultura del Gobierno del Estado de Jalisco/Organismo Público Descentralizado (OPD) de Museos, Exposiciones y Galerías de Jalisco",14,Jalisco,30,Chapala,1,Chapala,Av. González Gallo 1500,Col. Las Redes,45900,376 765 74 24,https://museosdejalisco.com/espacio-centro-cultural-gonzalez-gallo/,https://sc.jalisco.gob.mx/patrimonio/museos-galerias-y-exposiciones-de-jalisco/centro-cultural-gonzalez-gallo,,gonzalezgallo.sc@jalisco.gob.mx,https://www.facebook.com/antiguaestacionchapala,,https://www.instagram.com/museosdejalisco,-103.18213,20.29435,-1,-1,http://sic.gob.mx/ficha.php?table=museo&table_id=1133,1707302162,Jalisco,NA,2006-03,2006
2245,Ajijic Museo de Arte,,2022-06-01,Particular,14,Jalisco,30,Chapala,2,Ajijic,Priv. Flores Magón 3-A,Barrio de Guadalupe,45920,33 1703 3942,,,,efrengonzalez_art@hotmail.com; ajijicmuseodeartegonzalez@gmail.com,https://www.facebook.com/profile.php?id=100083074794116&mibextid=ZbWKwL,,https://www.instagram.com/museoarteajijic,-103.27243,20.30013,6,0,http://sic.gob.mx/ficha.php?table=museo&table_id=2245,1707725776,Jalisco,NA,2022-06,2022
2414,Museo Comunitario en San Antonio Tlayacapan,,2019-09-21,"Grupo Acalli, A.C.",14,Jalisco,30,Chapala,5,San Antonio Tlayacapan,González Gallo 48,Centro,45922,33 1417 53 58,,,,evaluna155@hotmail.com; vikicorona_vega@hotmail.com,https://www.facebook.com/profile.php?id=100089542250000,,,-103.23806,20.29361,1,0,http://sic.gob.mx/ficha.php?table=museo&table_id=2414,1707298527,Jalisco,NA,2019-09,2019
1383,Museo de la Cantera a cielo abierto,Arte,2009-09-29,"Ayuntamiento de Degollado/Ayuntamiento de Degollado/Dirección de Educación, Cultura y Turismo",14,Jalisco,33,Degollado,1,Degollado,Morelos 150,Centro,47980,345 937 01 01 ext. 1200,,,,educacioncultura@degollado.gob.mx,,,,-102.13493,20.44697,-1,-1,http://sic.gob.mx/ficha.php?table=museo&table_id=1383,1710876260,Jalisco,NA,2009-09,2009
1243,Museo San Rodrigo Aguilar,Historia,2008-03-13,Seminario de Ejutla,14,Jalisco,34,Ejutla,1,Ejutla,San Miguel 3,Centro,48680,(343) 431 51 76,,,,padremiguelarceo@hotmail.com,,,,-104.16116,19.90559,-1,-1,http://sic.gob.mx/ficha.php?table=museo&table_id=1243,1533722538,Jalisco,NA,2008-03,2008
1082,Museo de Las Ánimas,Antropología,2003-08-17,Ayuntamiento de Encarnación de Díaz,14,Jalisco,35,Encarnación de Díaz,1,Encarnación de Díaz,Prol. Concordia 96,Col. Santa Fe,47270,475 953 19 67,,,,joselozanocornejo@hotmail.com,,,,-102.23635,21.53333,4,1,http://sic.gob.mx/ficha.php?table=museo&table_id=1082,1699613983,Jalisco,NA,2003-08,2003
596,Museo Cristero /Centro de Estudios Cristeros Alfredo Hernández Quezada,Historia,2005-05-20,Ayuntamiento de Encarnación de Díaz,14,Jalisco,35,Encarnación de Díaz,1,Encarnación de Díaz,Cjón. Jáuregui 101,Centro,47270,(475) 953 64 53,https://sc.jalisco.gob.mx/patrimonio/museos/museo-cristero-centro-de-estudios-cristeros-alfredo-hernandez-quezada,,,joselozanocornejo@hotmail.com,,,,-102.23982,21.52798,-1,-1,http://sic.gob.mx/ficha.php?table=museo&table_id=596,1616427002,Jalisco,NA,2005-05,2005
1237,Museo Oaxicar,Arqueología,2008-06-16,Ayuntamiento de EtzatlánCasa de la Cultura,14,Jalisco,36,Etzatlán,1,Etzatlán,Escobedo 359,Centro,46500,(386) 753 30 52,,,,ccomunic@jalisco.gob.mx,https://www.facebook.com/pg/JaliscoEsMexico/photos/?tab=album&album_id=10154096430527217,,,-104.07923,20.76344,-1,-1,http://sic.gob.mx/ficha.php?table=museo&table_id=1237,1569331475,Jalisco,NA,2008-06,2008
53,Museo Histórico de Guachinango,Historia,1994-01-30,Ayuntamiento de Guachinango/Casa de la Cultura,14,Jalisco,38,Guachinango,1,Guachinango,"Aldama 4, piso 2",Centro,46800,(388) 736 83 22,,,,farreolas@hotmail.com,,,,-104.38156,20.57727,2,0,http://sic.gob.mx/ficha.php?table=museo&table_id=53,1628866601,Jalisco,NA,1994-01,1994
1019,Casa Museo López Portillo,Arte,1982-05-10,Secretaría de Cultura del Ayuntamiento de Guadalajara,14,Jalisco,39,Guadalajara,1,Guadalajara,Liceo 177,Centro Histórico,44100,33 1201 8720,,,,casamuseolopezportillo1982@gmail.com,https://www.facebook.com/Casa-Museo-L%C3%B3pez-Portillo-329538210502326/,,,-103.34677,20.67928,10,1,http://sic.gob.mx/ficha.php?table=museo&table_id=1019,1680612798,Jalisco,NA,1982-05,1982
1605,Museo de Ciencia y Tecnología Guillermo Santoscoy Gómez,Ciencia y tecnología,2010-03-12,"Laboratorio Unidad de Patología Clínica, S.C.",14,Jalisco,39,Guadalajara,1,Guadalajara,Av. México 2341,Col. Ladrón de Guevara,44650,(33) 3669 0310,http://www.upc.com.mx/pages/laboratorio/museo,,,calidad@upc.com.mx,https://www.facebook.com/Museo-de-Ciencia-y-Tecnolog%C3%ADa-Guillermo-Santoscoy-G%C3%B3mez-102527661491460/,,,-103.37577,20.67894,2,1,http://sic.gob.mx/ficha.php?table=museo&table_id=1605,1620287560,Jalisco,NA,2010-03,2010
394,Museo de Paleontología de Guadalajara Federico A. Solórzano Barreto,Ciencia y tecnología,2000-02-14,Ayuntamiento de Guadalajara / Secretaría de Cultura Municipal,14,Jalisco,39,Guadalajara,1,Guadalajara,Av. Dr. R. Michel 520,Col. San Carlos,44460,"(33) 3610 7043, 3619 5560",https://sc.jalisco.gob.mx/patrimonio/museos/museo-de-paleontologia-de-guadalajara,,,museodepaleontologia@gmail.com,,,,-103.34628,20.6591,7,1,http://sic.gob.mx/ficha.php?table=museo&table_id=394,1627549844,Jalisco,NA,2000-02,2000
1331,Museo de la Historia de la Medicina,Historia,2006-08-31,"Asociación Cultural del Antiguo Hospital Civil de Guadalajara Fray  Antonio Alcalde, A.C.",14,Jalisco,39,Guadalajara,1,Guadalajara,Hospital 320,Col. El Retiro,44280,33 1199 4920 y 21,,,,asociacionculturalhcfaa@hotmail.com,https://es-la.facebook.com/AsociacionCulturalHC,,,-103.3453,20.68556,1,-1,http://sic.gob.mx/ficha.php?table=museo&table_id=1331,1655466011,Jalisco,NA,2006-08,2006
1611,Museo Panteón de Belén,Arte,2010-01-01,Secretaría de Cultura del Ayuntamiento de Guadalajara,14,Jalisco,39,Guadalajara,1,Guadalajara,Belén 684,Centro,44100,33 1001 5299,,,,panteonbelen@gmail.com,https://es-la.facebook.com/MPanteonDeBelen/,,,-103.34535,20.6878,-1,-1,http://sic.gob.mx/ficha.php?table=museo&table_id=1611,1688481305,Jalisco,NA,2010-01,2010
1251,Galería de Juristas y Legisladores Jaliscienses y Museo de Sitio,Historia,2007-09-01,Poder Legislativo del Estado de Jalisco,14,Jalisco,39,Guadalajara,1,Guadalajara,Av. Hidalgo 222,Centro Histórico,44100,33 3679 1563 y 1572,https://sc.jalisco.gob.mx/content/galeria-de-juristas-y-legisladores-jaliscienses-y-museo-de-sitio,,,galemuscongresojalisco@gmail.com; mconniefernandez@hotmail.com,https://es-la.facebook.com/galeriacongresojal/,,,-103.34531,20.67757,-1,-1,http://sic.gob.mx/ficha.php?table=museo&table_id=1251,1658237952,Jalisco,NA,2007-09,2007
444,Museo de las Artes,Arte,1994-10-12,Universidad de Guadalajara,14,Jalisco,39,Guadalajara,1,Guadalajara,Av. Juárez 975,Centro,44100,33 3134 1664,https://www.musaudg.mx/,,,musa.udeg@gmail.com,https://www.facebook.com/museodelasartes,https://x.com/MUSAudg,https://www.instagram.com/musa.museodelasartes,-103.35893,20.67428,17,14,http://sic.gob.mx/ficha.php?table=museo&table_id=444,1686819395,Jalisco,NA,1994-10,1994
1569,Museo de Ripley Aunque Ud. No lo Crea¡¡¡ de Guadalajara,Especializado,1999-09-01,"Atracciones Culturales de Occidente, S.A. de C.V.",14,Jalisco,39,Guadalajara,1,Guadalajara,Morelos 217,Centro,44100,33 3614 8487,https://museodecera.com.mx/museo-de-ripley-gdl,,,dlinares@grupomuseodecera.com,https://www.facebook.com/MuseoDeRipleyGDL,https://x.com/museoripley,,-103.34523,20.67656,12,-1,http://sic.gob.mx/ficha.php?table=museo&table_id=1569,1655466860,Jalisco,NA,1999-09,1999
2290,Museo de la Memoria lgbtiq,,2022-10-29,"Cohesíon de Diversidades para la Sustentabilidad, AC (Codice,AC)",14,Jalisco,39,Guadalajara,1,Guadalajara,8 de Julio núm76,Centro,44100,33 3367 9219,,,,contacto@codise.org.mx,https://www.facebook.com/profile.php?id=100086514127643,,,-103.35262,20.67646,0,0,http://sic.gob.mx/ficha.php?table=museo&table_id=2290,1728333911,Jalisco,NA,2022-10,2022
1027,Museo Cabañas,Arte,1980-11-13,Secretaría de Cultura del Gobierno del Estado de Jalisco,14,Jalisco,39,Guadalajara,1,Guadalajara,"Cabañas 8, Plaza Tapatía",Centro,44360,33 3668 1642 ext. 31014,,,,comunicacion.museocabanas@gmail.com,https://www.facebook.com/museocabanas,https://x.com/museocabanas,https://www.instagram.com/museocabanas,-103.3376,20.67655,20,18,http://sic.gob.mx/ficha.php?table=museo&table_id=1027,1679572822,Jalisco,NA,1980-11,1980
1024,Museo del Periodismo y las Artes Gráficas (MUPAG),Arte,1994-08-11,Ayuntamiento de Guadalajara,14,Jalisco,39,Guadalajara,1,Guadalajara,Av. Fray Antonio Alcalde 225,Centro Histórico,44100,33 3613 9285,,,,museodelperiodismo@hotmail.com,https://www.facebook.com/museodel.periodismo/,https://x.com/MUPAG_GDL,,-103.3478,20.67996,5,-1,http://sic.gob.mx/ficha.php?table=museo&table_id=1024,1650624428,Jalisco,NA,1994-08,1994
306,Museo  Raúl Anguiano (MURA),Arte,2003-06-25,Dirección de Cultura del Ayuntamiento de Guadalajara,14,Jalisco,39,Guadalajara,1,Guadalajara,Av. Mariano Otero 375,Col. Moderna,44190,33 1657 9819,,,,infomuseoanguiano@gmail.com,https://es-la.facebook.com/Museo-de-arte-Ra%C3%BAl-Anguiano-316135068428903/?rc=p,,,-103.37019,20.66583,3,3,http://sic.gob.mx/ficha.php?table=museo&table_id=306,1696861177,Jalisco,NA,2003-06,2003
1996,Museo Palacio Ocampo,,2015-02-23,"Exposiciones Sin Fronteras, A.C.",14,Jalisco,39,Guadalajara,1,Guadalajara,Ocampo 85 esq. Av. Juárez,Centro,44100,33 3613 0004,,https://expovampiros.com/?fbclid=IwAR0fXlbc-Y6F-pA0y_de-nhnzZ3qfk2t9HYcmjaZzVkWNBEVGIrLD6RBWl0,,museopalaciox@gmail.com,https://www.facebook.com/Museo-palacio-ocampo-1712533019030664/,,,-103.34958,20.67539,10,0,http://sic.gob.mx/ficha.php?table=museo&table_id=1996,1698675515,Jalisco,NA,2015-02,2015
1488,Museo de Sitio del Palacio de Gobierno,Historia,2021-05-18,Secretaría de Cultura del Gobierno del Estado de Jalisco,14,Jalisco,39,Guadalajara,1,Guadalajara,Ramón Corona 31,Centro,44100,33 3668 1800 ext. 31006,,,,palaciodegobierno.museo@hotmail.com,,,,-103.34618,20.67608,8,3,http://sic.gob.mx/ficha.php?table=museo&table_id=1488,1682515935,Jalisco,NA,2021-05,2021
1916,"Museo del Radio, Orígenes y Bulbos",,2019-08-07,,14,Jalisco,39,Guadalajara,1,Guadalajara,Mariano de la Bárcena 79,Centro,44100,33 1538 9832,,,,,https://www.facebook.com/MuseoMURADI/,,,-103.35249,20.67782,0,0,http://sic.gob.mx/ficha.php?table=museo&table_id=1916,1610965757,Jalisco,NA,2019-08,2019
2129,Planetario y Centro Interactivo Lunaria,,2018-12-17,Gobierno del Estado de Jalisco,14,Jalisco,39,Guadalajara,1,Guadalajara,Calle Carlos Pereira  790,Col. Miraflores,44270,33 2938 4801,http://www.planetariojalisco.com/,,,contacto@planetariojalisco.com,https://www.facebook.com/PlanetarioLunaria/,,,-103.34524,20.69508,0,0,http://sic.gob.mx/ficha.php?table=museo&table_id=2129,1689858662,Jalisco,NA,2018-12,2018
2357,Museo de la Tortura,,2023-05-05,"Medieval Criminal Museum, A.C.",14,Jalisco,39,Guadalajara,1,Guadalajara,Maestranza 78,Centro,44100,33 3658 2523,,,,silvia_castaneda15@yahoo.com.mx,,,,-103.3458,20.67551,0,0,http://sic.gob.mx/ficha.php?table=museo&table_id=2357,1683807476,Jalisco,NA,2023-05,2023
1022,Museo de las Artes Populares de Jalisco,Arte,2000-05-31,Secretaría de Cultura del Gobierno del Estado de Jalisco,14,Jalisco,39,Guadalajara,1,Guadalajara,San Felipe 211,Centro Histórico,44280,33 3030 9779,https://sc.jalisco.gob.mx/patrimonio/museos/museo-de-las-artes-populares-de-jalisco,,,mapjsc@yahoo.com,https://es-la.facebook.com/MuseodelasArtesPopularesdeJalisco/,,,-103.34619000000001,20.67932,5,1,http://sic.gob.mx/ficha.php?table=museo&table_id=1022,1663932417,Jalisco,NA,2000-05,2000
564,Museo de la Ciudad de Guadalajara,Historia,1992-02-14,Secretaría de Cultura  de Guadalajara,14,Jalisco,39,Guadalajara,1,Guadalajara,Independencia 684,Centro Histórico,44100,33 1201 8712,,,,museodelaciudaddeguadalajara@gmail.com,https://www.facebook.com/MuseoDeLaCiudadGuadalajara/,,https://www.instagram.com/museodelaciudadgdl,-103.35212,20.67808,10,4,http://sic.gob.mx/ficha.php?table=museo&table_id=564,1684155967,Jalisco,NA,1992-02,1992
1020,"Globo, Museo de la Niñez de Guadalajara",Ciencia y tecnología,2000-04-30,Ayuntamiento de Guadalajara/ Secretaría de Cultura del Estado de Jalisco,14,Jalisco,39,Guadalajara,1,Guadalajara,Av. 5 de Febrero s/n (Unidad Administrativa Reforma),Barrio de Analco,44460,33 3669 1390,,,,reservacionesglobomuseo@gmail.com,https://www.facebook.com/GloboMuseoDelNinoDeGuadalajara/,,,-103.34313,20.66153,-1,-1,http://sic.gob.mx/ficha.php?table=museo&table_id=1020,1690198152,Jalisco,NA,2000-04,2000
2262,Museo de Sitio del Puente de las Damas,,2022-03-24,Ayuntamiento de Guadalajara,14,Jalisco,39,Guadalajara,1,Guadalajara,Av. Cristóbal Colón 570,Centro,44180,,,,,,https://www.facebook.com/MuseodeSitiodelPuentedelasDamas/,,,-103.35032,20.66827,5,0,http://sic.gob.mx/ficha.php?table=museo&table_id=2262,1680117527,Jalisco,NA,2022-03,2022
1083,Museo de Cera de Guadalajara,Especializado,1994-10-26,"Atracciones Culturales de Occidente, S.A. de C.V.",14,Jalisco,39,Guadalajara,1,Guadalajara,Morelos 217,Centro,44100,33 3614 8487,http://www.museodecera.com.mx/,,,grupos@grupomuseodecera.com,https://es-la.facebook.com/MuseodeCeraGuadalajara/,https://x.com/museodecera,,-103.34517,20.67656,-1,-1,http://sic.gob.mx/ficha.php?table=museo&table_id=1083,1655992146,Jalisco,NA,1994-10,1994
1023,"Museo del Ejército y Fuerza Aérea, Cuartel Colorado",Historia,1999-06-12,"Secretaría de la Defensa Nacional (SEDENA), Dirección General de Arhivo e Historia",14,Jalisco,39,Guadalajara,1,Guadalajara,"Valentín Gómez Farías 600, Sector Reforma",Col. San Juan de Dios,44101,(33) 3618 3974,http://www.gob.mx/sedena/acciones-y-programas/museo-del-ejercito-y-fuerza-aerea-cuartel-colorado,,,mus_cuarcol@mail.sedena.gob.mx,,,,-103.33247,20.66951,-1,-1,http://sic.gob.mx/ficha.php?table=museo&table_id=1023,1480961173,Jalisco,NA,1999-06,1999
1030,Museo Regional de Guadalajara,Antropología,1918-11-01,Secretaría de Cultura/INAH/Coordinación Nacional de Museos y Exposiciones,14,Jalisco,39,Guadalajara,1,Guadalajara,Liceo 60,Centro,44100,33 3614 5257,http://www.inah.gob.mx/es/red-de-museos/204-museo-regional-de-guadalajara,http://www.facebook.com/pages/Museo-Regional-de-Guadalajara/161815267167494,https://lugares.inah.gob.mx/lugar-97-es,mrguadalajaradireccion@inah.gob.mx,,,,-103.34632,20.67772,-1,-1,http://sic.gob.mx/ficha.php?table=museo&table_id=1030,1664918432,Jalisco,NA,1918-11,1918
1085,Tatuutsima Museo Comunitario de Arqueología e Historia,Antropología,2003-12-21,"Tatuutsima, A.C.",14,Jalisco,42,Huejuquilla el Alto,1,Huejuquilla el Alto,"Palacio Municipal s/n, frente al Jardín Hidalgo",Centro,46000,(331) 326 58 70,http://tatuutsima.blogspot.mx/,,,tatuutsima@hotmail.com,,,,-103.89417,22.62861,4,0,http://sic.gob.mx/ficha.php?table=museo&table_id=1085,1534937779,Jalisco,NA,2003-12,2003
1384,Museo de Historia Local Jalostotitlán,Historia,2009-12-30,Ayuntamiento de Jalostotitlán,14,Jalisco,46,Jalostotitlán,1,Jalostotitlán,Malecón Norte 7,Centro,47120,431 746 29 28,https://www.jalostotitlan.gob.mx/hoy/,,,rodrigo.martinez@jalostotilan.gob.mx; casaculturajalos@gmail.com,https://www.facebook.com/casadelaculturajalos/?locale=es_LA,,,-102.46905,21.16761,-1,-1,http://sic.gob.mx/ficha.php?table=museo&table_id=1384,1706185319,Jalisco,NA,2009-12,2009
1467,Museo Tlatelli,Historia,2009-11-01,Ayuntamiento de Jesús María/Dirección de Cultura y Turismo,14,Jalisco,48,Jesús María,1,Jesús María,Atilano García s/n,Centro,47950,(348) 704 09 40,,,,cultura@jesusmariajalisco.gob.mx,https://www.facebook.com/museotlatellijesusmaria/,,,-102.22701,20.60764,2,1,http://sic.gob.mx/ficha.php?table=museo&table_id=1467,1569331730,Jalisco,NA,2009-11,2009
1244,Museo Municipal Papantzin,Historia,2008-05-12,Ayuntamiento de Juanacatlán,14,Jalisco,51,Juanacatlán,1,Juanacatlán,Herrera y Cairo 84,Centro,45880,33 3732 3067,https://juanacatlan.gob.mx/directorio.html,,,erik.ant92@hotmail.com,,,,-103.17089,20.50579,-1,-1,http://sic.gob.mx/ficha.php?table=museo&table_id=1244,1697104178,Jalisco,NA,2008-05,2008
1462,Museo de Arte Sacro de Lagos de Moreno,Arte,2010-10-20,Secretaría de Cultura del Gobierno del Estado de Jalisco/Ayuntamiento de Lagos de Moreno/ Diósesis de San Juan de Los Lagos,14,Jalisco,53,Lagos de Moreno,1,Lagos de Moreno,José Rosas Moreno s/n,Centro Histórico,47400,474 116 24 90,,,,museoartesacrolagos@gmail.com,,https://x.com/ArteSacroLagos,,-101.93096,21.35617,7,2,http://sic.gob.mx/ficha.php?table=museo&table_id=1462,1663931299,Jalisco,NA,2010-10,2010
713,"Museo Casa Agustín Rivera, Altos de Jalisco (Cerrado temporalmente)",Historia,1962-04-10,Secretaría de Cultura/INAH/Coordinación Nacional de Museos y Exposiciones,14,Jalisco,53,Lagos de Moreno,1,Lagos de Moreno,"Pedro Moreno 449, Rinconada Capuchinas",Centro,47400,33 513 82 24,,https://mediateca.inah.gob.mx/islandora_74/islandora/object/museo%3A1382,,direccion.jal@gmail.com,,,,-101.9292,21.35437,-1,-1,http://sic.gob.mx/ficha.php?table=museo&table_id=713,1672918399,Jalisco,NA,1962-04,1962
1059,Museo de Arte Sacro de San Juan de Amula,Arte,2005-06-24,"Museo de Arte San Juan de Amula, A.C.",14,Jalisco,54,El Limón,6,San Juan de Amula,Hidalgo 46,Centro,48725,"321 373 08 87, 373 09 15",,,,culturaellimon@gmail.com,,,,-104.08287,19.83565,-1,-1,http://sic.gob.mx/ficha.php?table=museo&table_id=1059,1690208229,Jalisco,NA,2005-06,2005
2148,Museo Interpretativo de Paisaje Agavero y la Minería en Magdalena,,2016-07-16,Ayuntamiento de Magdalena,14,Jalisco,55,Magdalena,1,Magdalena,Carr. Guadalajara - Tepic 46,Ojo de Agua,46470,(374) 102 13 48,,,,,,,,-103.98211,20.90797,7,1,http://sic.gob.mx/ficha.php?table=museo&table_id=2148,1610528811,Jalisco,NA,2016-07,2016
1504,Museo de Arte Prehispánico,Arqueología,2000-03-25,Ayuntamiento de Mascota,14,Jalisco,58,Mascota,1,Mascota,Ramón Corona 7,Centro,46900,388 386 00 52,http://www.mascota.jalisco.gob.mx,,,casadelacultura.mascota@gmail.com,,,,-104.78773,20.52391,-1,-1,http://sic.gob.mx/ficha.php?table=museo&table_id=1504,1637850651,Jalisco,NA,2000-03,2000
100,Museo Arqueológico de Mascota,Arqueología,2001-08-11,Ayuntamiento de Mascota/Dirección de Cultura,14,Jalisco,58,Mascota,1,Mascota,Allende 115,Centro,46900,388 386 22 02,https://mascota.gob.mx/secciones/turismo.php,,,casadelacultura.mascota@gmail.com,,,,-104.78701,20.52278,4,1,http://sic.gob.mx/ficha.php?table=museo&table_id=100,1729625685,Jalisco,NA,2001-08,2001
1246,Museo El Molino,Historia,2008-07-05,Particular,14,Jalisco,58,Mascota,117,Navidad,Hidalgo 40,Centro,46930,(388),,,,,,,,0,0,-1,-1,http://sic.gob.mx/ficha.php?table=museo&table_id=1246,1729624506,Jalisco,NA,2008-07,2008
1555,Museo de la Cultura Wixarika,Antropología,2012-03-29,Ayuntamiento de Mezquitic,14,Jalisco,61,Mezquitic,1,Mezquitic,Carr. Mezquitic-Guadalajara km 1.5,Col. Mezquitic,46040,457 981 03 00,http://www.jalisco.gob.mx/es/prensa/actividades/9484,,,museowixarika@mezquitic.gob.mx,https://www.facebook.com/people/Museo-de-la-Cultura-Wixarika-Mezquitic/100069054459566/,,,-103.71939,22.39446,6,1,http://sic.gob.mx/ficha.php?table=museo&table_id=1555,1676290742,Jalisco,NA,2012-03,2012
2331,Museo de Arte Sacro de Ocotlán,,2022-10-03,"Patronato del Museo de Ocotlán, AC",14,Jalisco,63,Ocotlán,1,Ocotlán,"Coronel Guerrero 52 (interior de la parroquia, frente a la plaza)",Centro,47800,392 922 0003,https://prodigiodeocotlan.jimdofree.com/,,,,https://www.facebook.com/MuseoDeOcotlan/,,,-102.7733,20.34619,2,0,http://sic.gob.mx/ficha.php?table=museo&table_id=2331,1678802221,Jalisco,NA,2022-10,2022
1086,Museo de Antropología e Historia de Ocotlán,Arqueología,1975-01-01,"Ayuntamiento de Ocotlán/Patronato de Museo, A.C.",14,Jalisco,63,Ocotlán,1,Ocotlán,Hidalgo 3,Centro,47800,392 922 31 85,,https://www.101museos.com/museos/jalisco/438/museo-de-antropologia-e-historia-de-ocotlan,,arosatirado_59@hotmail.com; imcaocotlan@gmail.com,https://www.facebook.com/MuseosDeOcotlan,,,-102.77457,20.34513,3,1,http://sic.gob.mx/ficha.php?table=museo&table_id=1086,1699276339,Jalisco,NA,1975-01,1975
44,Museo Histórico  Dr. Atl,Arqueología,2000-06-10,Ayuntamiento de Pihuamo,14,Jalisco,65,Pihuamo,1,Pihuamo,"López Cotilla 15, planta alta",Centro,49870,(312) 396 12 27,,http://pihuamo.jalisco.gob.mx/turismo/atractivosCulturales.html,,casaculturapihuamo@hotmail.com,,,,-103.37752,19.25469,4,-1,http://sic.gob.mx/ficha.php?table=museo&table_id=44,1540984743,Jalisco,NA,2000-06,2000
294,Museo Comunitario Ihtollatlán,Arqueología,1997-11-25,Ayuntamiento de Poncitlán,14,Jalisco,66,Poncitlán,19,Mezcala,Santuario 1,Centro,45970,391 921 04 23,,,,,,,,-103.01855,20.33592,-1,-1,http://sic.gob.mx/ficha.php?table=museo&table_id=294,1698334053,Jalisco,NA,1997-11,1997
1256,Museo Histórico Naval de Puerto Vallarta,Historia,2006-11-18,"Secretaría de Marina, Armada de México, Unidad de Historia y Cultura Naval",14,Jalisco,67,Puerto Vallarta,1,Puerto Vallarta,Zaragoza 4,Centro,48300,322 223 53 57,,,,musnavllarta1@hotmail.com,,,,-105.23635,20.60853,14,-1,http://sic.gob.mx/ficha.php?table=museo&table_id=1256,1648555633,Jalisco,NA,2006-11,2006
1131,Museo del Arte en Piel,TND,2020-11-01,Particular,14,Jalisco,67,Puerto Vallarta,1,Puerto Vallarta,Juarez 117,Centro,48300,322 220 52 80,,,,ventanaalmundo_mex@hotmail.com,https://www.facebook.com/Artedelapielenmexico,,,-105.23565,20.60797,-1,-1,http://sic.gob.mx/ficha.php?table=museo&table_id=1131,1680278282,Jalisco,NA,2020-11,2020
1087,Museo Arqueológico de Puerto Vallarta Cuale,Antropología,1973-12-01,Secretaría de Cultura/INAH/Coordinación Nacional de Museos y Exposiciones,14,Jalisco,67,Puerto Vallarta,1,Puerto Vallarta,Isla de los Niños del Río Cuale s/n,Centro,48339,322  135  0762,http://www.inah.gob.mx/es/red-de-museos/206-museo-arqueologico-de-puerto-vallarta-cuale,,https://lugares.inah.gob.mx/lugar-124-es,cristopher_becerra@inah.gob.mx; cijal@prodigy.net.mx,,,,-105.23247,20.60599,-1,-1,http://sic.gob.mx/ficha.php?table=museo&table_id=1087,1664974123,Jalisco,NA,1973-12,1973
1757,Museo Regional Cristero,Historia,2013-11-05,Ayuntamiento de San Julián,14,Jalisco,74,San Julián,1,San Julián,Onofre García Pérez 88,Centro,47170,(347) 718 25 39,,,,museoregionalcristero@outlook.com,https://es-la.facebook.com/Museo-Regional-Cristero-Antiguo-Palacio-Municipal-San-Juli%C3%A1n-738478436255194/,,,-102.18083,21.00972,0,0,http://sic.gob.mx/ficha.php?table=museo&table_id=1757,1569331556,Jalisco,NA,2013-11,2013
1139,Museo Comunitario del Tendido de Cristos,Arqueología,2003-11-06,Ayuntamiento de San Martín Hidalgo,14,Jalisco,77,San Martín Hidalgo,1,San Martín Hidalgo,Auditorio Municipal Benito Juárez; Simon Bolívar s/n,Centro,46770,"385 755 11 02, 385 755 14 31",https://www.sanmartindehidalgo.gob.mx/,https://sc.jalisco.gob.mx/inicio,,cultura@sanmartindehidalgo.gob.mx; patrimonio@sanmartindehidalgo.gob.mx,https://www.facebook.com/san.hidalgo.7/,,,-103.92882,20.4379,-1,-1,http://sic.gob.mx/ficha.php?table=museo&table_id=1139,1706268226,Jalisco,NA,2003-11,2003
518,Casa Museo de Doña Conchita Encarnación,Historia,1998-11-01,Particular,14,Jalisco,80,San Sebastián del Oeste,1,San Sebastián del Oeste,Juárez 2,Centro,46990,(322) 297 28 60,,,,mlupitbe@hotmail.com; lupis_be@yahoo.com.mx,,,,-104.85209,20.76118,-1,-1,http://sic.gob.mx/ficha.php?table=museo&table_id=518,1533034636,Jalisco,NA,1998-11,1998
1141,Museo Sacro Santuario de Nuestra Señora de Guadalupe,Arte,2007-12-12,Orden Franciscana,14,Jalisco,82,Sayula,1,Sayula,Av. Manuel Avila Camacho Pte. 200,Col. Guadalupe,49300,(342) 422 06 22,,,,,https://www.facebook.com/pages/Museo-de-Arte-Sacro-de-Nuestra-Se%C3%B1ora-de-Guadalupe/920942044717745,,,-103.60902,19.88345,-1,-1,http://sic.gob.mx/ficha.php?table=museo&table_id=1141,1610705418,Jalisco,NA,2007-12,2007
83,Museo de Arqueología J. Jesús Figueroa Torres,Arqueología,1945-01-01,Ayuntamiento de Sayula/Casa de Cultura Juan Rulfo,14,Jalisco,82,Sayula,1,Sayula,Portal Galeana 35  esq. 16 de Septiembre,Centro,49300,(342) 422 01 09,,,,cultura@sayula.gob.mx,,,,-103.60157,19.88453,8,3,http://sic.gob.mx/ficha.php?table=museo&table_id=83,1628861169,Jalisco,NA,1945-01,1945
1140,Museo de Metalistería Salvador Ojeda Silva,Arte,2005-11-26,Ayuntamiento de Sayula/Casa de la Cultura Juan Rulfo,14,Jalisco,82,Sayula,1,Sayula,Portal Galena 35,Centro,49300,(342) 422 01 09,https://fotocreativaculturaldejalisco.blogspot.com/2016/04/casa-de-la-cultura-juan-rulfo.html,,,cultura@sayula.gob.mx,,,,-103.60134,19.88444,2,-1,http://sic.gob.mx/ficha.php?table=museo&table_id=1140,1611659719,Jalisco,NA,2005-11,2005
89,Museo Arqueológico Tlallán,Arqueología,1999-08-14,Casa de la Cultura/Ayuntamiento de Tala,14,Jalisco,83,Tala,1,Tala,Nicolás Bravo 91,Centro,45300,(384) 738 42 60,,,,cultura@talajalisco.gob.mx,,,,-103.7025,20.64459,4,-1,http://sic.gob.mx/ficha.php?table=museo&table_id=89,1625661257,Jalisco,NA,1999-08,1999
62,Museo de Nuestra Señora del Rosario de Talpa,Arte,1995-05-12,Parroquia del Señor San José de Talpa,14,Jalisco,84,Talpa de Allende,1,Talpa de Allende,Vicente Guerrero 6,Centro,48200,388 385 04 81,,,,basilicadetalparectoria@hotmail.com,,,,-104.82138,20.38094,-1,-1,http://sic.gob.mx/ficha.php?table=museo&table_id=62,1629992827,Jalisco,NA,1995-05,1995
1386,Museo Hermanos Záizar,Antropología,2009-09-24,Casa de Cultural Julio Barbosa/Ayuntamiento de Tamazula de Gordiano,14,Jalisco,85,Tamazula de Gordiano,1,Tamazula de Gordiano,Hidalgo 238,Centro,49650,(358) 416 34 44,,,,museo@tamazuladegordiano.gob.mx,https://www.facebook.com/Museo-Hermanos-Z%C3%A1izar-537357903096115/,,,-103.25769,19.67743,5,1,http://sic.gob.mx/ficha.php?table=museo&table_id=1386,1611662069,Jalisco,NA,2009-09,2009
448,Museo Silvestre Vargas,Historia,1999-10-18,Ayuntamiento de Tecalitlán,14,Jalisco,87,Tecalitlán,1,Tecalitlán,Victoria 42,Centro,49900,(371) 418 33 07,,,,,https://es-es.facebook.com/MuseoSilvestreVargas,,,-103.30737,19.46993,5,1,http://sic.gob.mx/ficha.php?table=museo&table_id=448,1569331688,Jalisco,NA,1999-10,1999
1432,Museo Regional de Teocuitatlán de Corona,TND,1992-01-01,"Museo Regional de Teocuitatlán de Corona, A.C.",14,Jalisco,92,Teocuitatlán de Corona,1,Teocuitatlán de Corona,Obregón 66,Centro,49250,(372) 428 01 93,,,,,,,,-103.37777,20.09204,-1,-1,http://sic.gob.mx/ficha.php?table=museo&table_id=1432,1533727627,Jalisco,NA,1992-01,1992
74,Museo Municipal de Tepatitlán,Historia,2001-09-20,Ayuntamiento de Tepatitlán de Morelos,14,Jalisco,93,Tepatitlán de Morelos,1,Tepatitlán de Morelos,Hidalgo 197,Centro,47600,378 788 8700  ext. 8862,https://www.tepatitlan.gob.mx/museo/,,,museomunicipaltepa@gmail.com,,,,-102.75814,20.81226,6,1,http://sic.gob.mx/ficha.php?table=museo&table_id=74,1738937964,Jalisco,NA,2001-09,2001
1029,Museo Nacional del Tequila (MUNAT),Ciencia y tecnología,2000-01-29,Ayuntamiento de Tequila,14,Jalisco,94,Tequila,1,Tequila,Ramón Corona 34,Centro,46400,374 742 00 12 ext. 2321,https://www.tripadvisor.com.mx/Attraction_Review-g775272-d8660426-Reviews-Museo_Nacional_del_Tequila_MUNAT-Tequila.html,,,munat@tequilajalisco.gob.mx,https://www.facebook.com/MUNATenTequila/,,,-103.83951,20.88435,6,1,http://sic.gob.mx/ficha.php?table=museo&table_id=1029,1706791066,Jalisco,NA,2000-01,2000
2074,Museo Juan Beckmann Gallardo,Arte,2018-12-01,Centro Cultural Juan Beckmann Gallardo/José Cuervo,14,Jalisco,94,Tequila,1,Tequila,José Cuervo 110,La Villa,46400,374 742 68 40,,https://www.mundocuervo.com/esp/centro-cultural-jbg/exposiciones/,,info@centroculturaljbg.mx,https://www.facebook.com/CentroCulturalJuanBeckmannGallardo/,,,-103.84266,20.8867,6,2,http://sic.gob.mx/ficha.php?table=museo&table_id=2074,1694627875,Jalisco,NA,2018-12,2018
19,Museo Los Abuelos,Especializado,1985-01-01,Particular,14,Jalisco,94,Tequila,1,Tequila,Vicente Albino Rojas 22,Centro,46400,(374) 742 02 47,https://sc.jalisco.gob.mx/patrimonio/museos/museo-de-los-abuelos,,,contacto@museolosabuelos.com,,,,-103.83924,20.88552,5,-1,http://sic.gob.mx/ficha.php?table=museo&table_id=19,1616511446,Jalisco,NA,1985-01,1985
1841,Museo del Centro Interpretativo Guachimontones,,1970-01-01,Secretaría de Cultura del Estado de Jalisco,14,Jalisco,95,Teuchitlán,1,Teuchitlán,Carretera Estatal 604 Guadalajara--San Marcos Gral. Lucio Blanco,,46762,384 109 03 88,https://sc.jalisco.gob.mx/patrimonio/museos/museo-de-arqueologia-guachimontones,,,,,,,-103.83942,20.69226,0,0,http://sic.gob.mx/ficha.php?table=museo&table_id=1841,1616424543,Jalisco,NA,1970-01,1970
1088,Museo de Arqueología,Arqueología,1998-12-06,Casa de Cultura /Ayuntamiento de Teuchitlán,14,Jalisco,95,Teuchitlán,1,Teuchitlán,Calle 16 de Septiembre s/n,Centro,46760,384 733 07 33,,,,teuchitlancultura1821@gmail.com,,,,-103.8483,20.68374,-1,-1,http://sic.gob.mx/ficha.php?table=museo&table_id=1088,1699626710,Jalisco,NA,1998-12,1998
2405,Acuario Ventura,,2023-04-20,Ventura Entertainment,14,Jalisco,97,Tlajomulco de Zúñiga,1,Tlajomulco de Zúñiga,Av. Adolfo López Mateos Sur 9900,Centro Comercial Galerías Santa Anita,45640,33 2713 3368,https://www.sealand.com.mx/guadalajara/,,,contacto@sealand.com.mx,https://www.facebook.com/SealandGuadalajaraMx,,,-103.46355,20.55964,0,0,http://sic.gob.mx/ficha.php?table=museo&table_id=2405,1699637589,Jalisco,NA,2023-04,2023
1392,Museo Arqueológico de San Agustín,Arqueología,2009-12-09,Ayuntamiento de Tlajomulco de Zúñiga,14,Jalisco,97,Tlajomulco de Zúñiga,25,San Agustín,Pedro Loza 127,Centro,45640,(33) 3694 0407,,,,gsarreola@tlajomulco.gob.mx; institutotlajomulco@gmail.com,,,,-103.46764,20.54688,2,-1,http://sic.gob.mx/ficha.php?table=museo&table_id=1392,1616425170,Jalisco,NA,2009-12,2009
202,Museo Pantaleón Panduro del Premio Nacional de la Cerámica,Arte,1997-11-03,Ayuntamiento de San Pedro Tlaquepaque/Centro Cultural El Refugio,14,Jalisco,98,San Pedro Tlaquepaque,1,Tlaquepaque,Prisciliano Sánchez 191,Centro Histórico,45500,33 3639 5646,,,,museo.pantaleonpanduro@hotmail.com,,https://x.com/GobiernoJalisco,,-103.31272,20.64257,-1,-1,http://sic.gob.mx/ficha.php?table=museo&table_id=202,1686052985,Jalisco,NA,1997-11,1997
250,Museo Regional de la Cerámica,Arte,1954-12-06,Instituto de la Artesanía Jalisciense,14,Jalisco,98,San Pedro Tlaquepaque,1,Tlaquepaque,Independencia 237,Centro,45500,(33) 3635 5404,,,,ceramicamuseo@gmail.com,https://www.facebook.com/Museo-Regional-de-la-Cer%C3%A1mica-282246765186506/,,,-103.3144,20.63907,9,-1,http://sic.gob.mx/ficha.php?table=museo&table_id=250,1628850484,Jalisco,NA,1954-12,1954
270,Museo Nacional de la Cerámica Jorge Wilmot,Arte,1985-02-12,Ayuntamiento de Tonalá/Dirección de Cultura,14,Jalisco,101,Tonalá,1,Tonalá,Constitución 104,Centro,45400,33 3683 2519 ext. 1194,https://sc.jalisco.gob.mx/patrimonio/museos/museo-nacional-de-la-ceramica-jorge-wilmot,culturatonalamx@gmail.com,,miguelangeljareromelchor@gmail.com,,,,-103.24307,20.62661,7,1,http://sic.gob.mx/ficha.php?table=museo&table_id=270,1725978127,Jalisco,NA,1985-02,1985
1031,Museo de los Tastoanes de Tonalá (MUTA),Antropología,1994-11-01,Ayuntamiento de Tonalá/Dirección de Cultura,14,Jalisco,101,Tonalá,1,Tonalá,Ramón Corona 73,Centro,45400,33 1200 3936,http://tonalajaliscoes1.wixsite.com/tonala/museo-regional-tonallan,,,,https://www.facebook.com/profile.php?id=100079368708148,,,-103.23979,20.62491,4,-1,http://sic.gob.mx/ficha.php?table=museo&table_id=1031,1725978156,Jalisco,NA,1994-11,1994
515,Museo San Cristóbal Magallanes,Historia,1994-09-29,Arzobispado de Guadalajara/Parroquia de Nuestra Señora del Rosario,14,Jalisco,104,Totatiche,1,Totatiche,Hidalgo 32,Centro,46170,(437) 964 01 21,,,,,,,,-103.44308,21.92926,-1,-1,http://sic.gob.mx/ficha.php?table=museo&table_id=515,1533726824,Jalisco,NA,1994-09,1994
32,Museo Municipal de Antropología e Historia Drs. Barba-Piña Chan,Arqueología,1983-09-16,Ayuntamiento de Valle de Guadalupe,14,Jalisco,111,Valle de Guadalupe,1,Valle de Guadalupe,Silvano Barba González s/n,Centro,47380,(347) 714 00 40,,,,direcciondecultura.valledegpe@outlook.com,,,,-102.61673,21.01123,-1,-1,http://sic.gob.mx/ficha.php?table=museo&table_id=32,1734358786,Jalisco,NA,1983-09,1983
2445,Museo Pablo Valdés,,2007-10-18,H. Ayuntamiento de Villa Corona,14,Jalisco,114,Villa Corona,1,Villa Corona,Manuel M. Dieguez  114,Centro,45730,387 690 1560,,,,cultura@villacorona.gob.mx,https://www.facebook.com/VillaCoronaGob?locale=hi_IN,,,-103.66335,20.41841,2,0,http://sic.gob.mx/ficha.php?table=museo&table_id=2445,1720558092,Jalisco,NA,2007-10,2007
1021,Museo de Arte de Zapopan (MAZ),Arte,2002-08-02,"Ayuntamiento de Zapopan, Coordinación General de Construcción de Comunidad",14,Jalisco,120,Zapopan,1,Zapopan,Andador 20 de Noviembre 166,Centro,45100,33 3818 2575,https://maz.zapopan.gob.mx/,,,mazinfo@zapopan.gob.mx,https://www.facebook.com/maz.museo/,,,-103.38987,20.72039,3,3,http://sic.gob.mx/ficha.php?table=museo&table_id=1021,1655991051,Jalisco,NA,2002-08,2002
1500,Museo de las Chivas-COMEX,Especializado,2011-03-09,"Club Deportivo Guadalajara, S.A. de C.V.",14,Jalisco,120,Zapopan,1,Zapopan,Av. Circuito JVC 2800,Col. El Bajío,45019,33 3777 5757,https://estadioakron.mx/Tour-y-museo,,,toursestadio@chivasdecorazon.com.mx,https://www.facebook.com/pages/Museo-Chivas-Comex/482848921904516,https://x.com/EstadioAKRON,,-103.46157,20.68197,-1,-1,http://sic.gob.mx/ficha.php?table=museo&table_id=1500,1663933080,Jalisco,NA,2011-03,2011
1943,Museo de la Radio y la Televisión (MURTV),,2016-05-05,"Museo de la Radio y la Televisión, A.C.",14,Jalisco,120,Zapopan,1,Zapopan,Av. Central Guillermo González Camarena 375,Col. Residencial Poniente,45136,"(33) 9690 9075, 9690 9000",,,,,,,,-103.4303,20.72603,7,2,http://sic.gob.mx/ficha.php?table=museo&table_id=1943,1610961016,Jalisco,NA,2016-05,2016
1026,Museo Etnográfico Huichol Wixxarika,Antropología,1998-07-25,Basílica de Zapopan,14,Jalisco,120,Zapopan,1,Zapopan,"Eva Briseño 152, Antigua Sala Capitular, anexo a la Basílica de Zapopan",Centro,45100,33 3636 4430,,,,museodeartehuicholwixxarika@hotmail.com,https://es-la.facebook.com/Museo-de-Arte-Huichol-Wix%C3%A1rika-319303301995432/,,,-103.39206,20.72162,1,-1,http://sic.gob.mx/ficha.php?table=museo&table_id=1026,1663925081,Jalisco,NA,1998-07,1998
235,Trompo Mágico Museo Interactivo  (re apertura 30 de abril de 2024),Ciencia y tecnología,2003-04-30,Secretaría General del Gobierno de Jalisco,14,Jalisco,120,Zapopan,1,Zapopan,Av. Central 750,Fracc. Residencial Pte.,45136,"33 3030 0001, 3030 0002",,,,trompomagico@red.jalisco.gob.mx,https://www.facebook.com/trompomagico,https://x.com/TrompoMagico,,-103.43149,20.72267,5,1,http://sic.gob.mx/ficha.php?table=museo&table_id=235,1707831412,Jalisco,NA,2003-04,2003
91,Museo Comunitario Antonio Vargas Moreno,Antropología,NA,Ayuntamiento de Zapotiltic,14,Jalisco,121,Zapotiltic,22,San José de la Tinaja,Corona 239,,49638,(341) 151 07 18,,,,ramiromx2015@gmail.com,,,,0,0,1,0,http://sic.gob.mx/ficha.php?table=museo&table_id=91,1666868638,Jalisco,NA,NA,NA
1268,Museo Arqueológico Profra. Ma. Esther de la Torre Sánchez,Arqueología,2008-06-06,Ayuntamiento de Zapotitlán de Vadillo,14,Jalisco,122,Zapotitlán de Vadillo,1,Zapotitlán de Vadillo,Juan Ortega 25,Centro,49770,343 434 0976,,,,ayala.audio@gmail.com; princess_tmm@hotmail.com,,,,-103.81458,19.54558,1,0,http://sic.gob.mx/ficha.php?table=museo&table_id=1268,1720713340,Jalisco,NA,2008-06,2008
1238,Museo Profr. Gustavo Ramos Jiménez,TND,2008-08-15,Ayuntamiento de Zapotitlán de Vadillo,14,Jalisco,122,Zapotitlán de Vadillo,40,Tetapán (Tetiapán),HIdalgo 1,Centro,49770,Cel. (341) 122 77 82,,,,cultura-zapotitlan@hotmail.com; cculturazapotitlan@hotmail.com,,,,-103.8089,19.47773,1,1,http://sic.gob.mx/ficha.php?table=museo&table_id=1238,1734360839,Jalisco,NA,2008-08,2008
352,Museo Regional de Acambay Antonio Ruiz Pérez,Arqueología,1999-09-09,Secretaría de Cultura y Turismo del Estado de México,15,México,1,Acambay de Ruíz Castañeda,1,Villa de Acambay de Ruíz Castañeda,Alfonso Navarrete 4,Centro,50300,718 127 06 13,https://patrimonioyserviciosc.edomex.gob.mx/patrimonio/museos/centro-cultural-otomi,,,martinezignacio16@yahoo.com,https://www.facebook.com/MUSEO-Acambay-459509720917219/?rf=170665133436696,,,-99.84583,19.95528,-1,-1,http://sic.gob.mx/ficha.php?table=museo&table_id=352,1607607340,Estado de México,NA,1999-09,1999
480,"Museo Virreinal de Acolman, Ex Convento de San Agustín",Arte,1925-01-01,Secretaría de Cultura y Turismo del Estado de México / INAH,15,México,2,Acolman,1,Acolman de Nezahualcóyotl,Calz. de los Agustinos s/n,Col. San Agustín Acolman de Nezahualcóyotl,55870,594 957 16 44,https://www.inah.gob.mx/red-de-museos/258-ex-convento-de-acolman,http://www.inah.gob.mx/paseos/exacolman/,https://lugares.inah.gob.mx/lugar-374-es,exconvento.acolman.inah@gmail.com; elena_gonzalez@inah.gob.mx,,,,-98.91309,19.63218,-1,-1,http://sic.gob.mx/ficha.php?table=museo&table_id=480,1664798327,Estado de México,NA,1925-01,1925
1002,Museo de Tepexpan,Ciencia y tecnología,1955-01-01,Secretaría de Cultura y Turismo del Estado de México / INAH,15,México,2,Acolman,15,Tepexpan,Carr. México-Teotihuacán Km. 32,Col. Anáhuac,55855,594 957 02 23,http://www.inah.gob.mx/es/red-de-museos/232-museo-de-tepexpan,,https://lugares.inah.gob.mx/lugar-151-es,cinah_edomex@inah.gob.mx; jorge_valencia@inah.gob.mx,,,,-98.9474,19.61377,2,1,http://sic.gob.mx/ficha.php?table=museo&table_id=1002,1664798178,Estado de México,NA,1955-01,1955
2114,Museo Internacional de los Volcanes,,NA,Hacienda de Panoaya,15,México,9,Amecameca,1,Amecameca de Juárez,"Carret. Federal Mexico-Cuautla Km. 58, Panoaya",,56900,597 978 50 50,https://haciendapanoaya.com/parque/,,,correo@haciendapanoaya.com,https://es-la.facebook.com/LaHaciendaPanoaya/,,,-98.7726,19.14051,0,0,http://sic.gob.mx/ficha.php?table=museo&table_id=2114,1692892589,Estado de México,NA,NA,NA
2333,Museo de Historia Natural y Casa del Pueblo,,2023-02-25,,15,México,9,Amecameca,1,Amecameca de Juárez,A. Ayapango 5,Sector Sacromonte,56900,59 7978 0989,,,,museo.amecameca@gmail.com,,,,-98.7755,19.13222,0,0,http://sic.gob.mx/ficha.php?table=museo&table_id=2333,1679494596,Estado de México,NA,2023-02,2023
1358,Museo de Sor Juana Inés de la Cruz,Historia,2000-03-04,"Hacienda Panoaya, S.A. de C.V.",15,México,9,Amecameca,1,Amecameca de Juárez,". Parque Hacienda Panoaya, Km 58 Carr. Federal México-Cuautla",Barrio Panoaya,56900,597  978 50 50,https://haciendapanoaya.com/museo-de-sor-juana,,,correo@haciendapanoaya.com,,,,-98.77167,19.14163,-1,-1,http://sic.gob.mx/ficha.php?table=museo&table_id=1358,1649676235,Estado de México,NA,2000-03,2000
343,Museo Arqueológico Apaxco,Arqueología,1990-10-13,Secretaría de Cultura y Turismo del Estado de México/Centro Regional de Cultura de Apaxco,15,México,10,Apaxco,1,Apaxco de Ocampo,Plaza Melchor Ocampo s/n,Centro,55660,599 998 21 79,http://patrimonioyserviciosc.edomex.gob.mx/arqueologico_apaxco,,,apaxcoimc@yahoo.com.mx,,,,-99.17455,19.97585,3,1,http://sic.gob.mx/ficha.php?table=museo&table_id=343,1726079446,Estado de México,NA,1990-10,1990
201,Museo Adolfo López Mateos,Historia,1994-09-22,Secretaría de Cultura y Turismo del Gobierno del Estado de México,15,México,13,Atizapán de Zaragoza,1,Ciudad López Mateos,Av. Lic. Adolfo López Mateos s/n,Centro,52900,,http://patrimonioyserviciosc.edomex.gob.mx/lopez_mateos,,,museoadolfolopezmateos@live.com,https://es-la.facebook.com/Museo.AdolfoLM/,,,-99.24807,19.563110000000002,1,-1,http://sic.gob.mx/ficha.php?table=museo&table_id=201,1726085662,Estado de México,NA,1994-09,1994
1707,Museo Histórico de Atlacomulco,Historia,2009-02-05,Ayuntamiento de Atlacomulco,15,México,14,Atlacomulco,1,Atlacomulco de Fabela,Av. Mario Colín Sánchez s/n esq. con Calz. de  Las Fuentes,"Las Fuentes, Parque Bicentenario",50455,712 112 84 50,,,,museohatlacomulco@yahoo.com.mx,https://www.facebook.com/museohatlacomulco/?locale=es_LA,,,-99.8805,19.79843,1,0,http://sic.gob.mx/ficha.php?table=museo&table_id=1707,1694599924,Estado de México,NA,2009-02,2009
288,Museo Isidro Fabela,Historia,1969-09-13,Secretaría de Cultura y Turismo del Estado de México,15,México,14,Atlacomulco,1,Atlacomulco de Fabela,Plaza de la Constitución 1,Centro,50450,712 122 02 11,https://patrimonioyserviciosc.edomex.gob.mx/isidro_fabela_atlacomulco,,,atlacomulcoimc@yahoo.com.mx,https://www.facebook.com/Museo-Isidro-Fabela-de-Atlacomulco-107716597572186,,,-99.87367,19.79841,-1,-1,http://sic.gob.mx/ficha.php?table=museo&table_id=288,1607607558,Estado de México,NA,1969-09,1969
2370,Museo Paleontológico Comunitario de la Magdalena Huizachitla,,2007-01-01,Junta Vecinal de la Magdalena Huizachitla,15,México,20,Coacalco de Berriozábal,1,San Francisco Coacalco,De La Magdalena Manzana 24,La Magdalena Huizachitla,55715,55 4776 3654,,,,,https://www.facebook.com/profile.php?id=100082209120297,,,-99.08886,19.63482,0,0,http://sic.gob.mx/ficha.php?table=museo&table_id=2370,1684772467,Estado de México,NA,2007-01,2007
467,"Santuario de la Siempre Virgen María de Guadalupe, Casa de San Juan Diego",Historia,2002-12-07,Diócesis de Cuautitlán,15,México,24,Cuautitlán,1,Cuautitlán,"Calz. Guadalupe s/n, Parroquia de El Cerrito",Barrio de Tlayacac,54879,(55) 5872 1545,,http://vicariasanbuenaventura.org/parroquia-la-siempre-virgen-maria-casa-de-san-juan-diego-santuario-diocesano/,,altolo52@yahoo.com.mx,https://www.facebook.com/Santuario-de-la-Siempre-Virgen-Maria-124189861010897/,,,-99.19189,19.66826,-1,-1,http://sic.gob.mx/ficha.php?table=museo&table_id=467,1566298041,Estado de México,NA,2002-12,2002
2018,Casa Museo de Cartonería,Arte,2008-01-01,Colección privada,15,México,25,Chalco,1,Chalco de Díaz Covarrubias,San Miguel 15-A,Centro,56623,Cel. (55) 1709 6697,,,,,https://www.facebook.com/pages/biz/art_museum/Casa-Museo-de-Cartoneria-1479971562302948/,,,-98.93202,19.21113,8,0,http://sic.gob.mx/ficha.php?table=museo&table_id=2018,1611225363,Estado de México,NA,2008-01,2008
357,Museo del Centro Regional de Cultura de Chalco Chimalpahin,TND,1978-11-15,Secretaría de Cultura del Estado de México,15,México,25,Chalco,1,Chalco de Díaz Covarrubias,Blvd. Cuauhtémoc 2,Centro,56600,55 5975 3253,,,,chalcoimc@yahoo.com.mx,https://www.facebook.com/pages/Centro-Regional-De-Cultura-De-Chalco-Chimalpahin/521763257886412,,,-98.89952,19.26293,-1,-1,http://sic.gob.mx/ficha.php?table=museo&table_id=357,1684784947,Estado de México,NA,1978-11,1978
2390,Museo Comunitario del Pueblo de Tezompa,,2022-02-27,"Patronato para la Conservación del Patrimonio Cultural, Histórico y Artístico del pueblo de Tezompa",15,México,25,Chalco,10,San Juan Tezompa,Reforma Colón esq. Cuauhtémoc,Barrio San Pedro,56624,,https://cultura.gobiernodechalco.gob.mx/pueblos-originarios-de-chalco/san-juan-y-san-pedro-tezompa/,https://www.youtube.com/channel/UC4V5rZXMIPVrveg8aN_yTeg,,museocomunitariodetezompa@gmail.com,https://www.facebook.com/people/Museo-comunitario-del-Pueblo-de-Tezompa/100081113552952/,,,-98.96121,19.20671,4,2,http://sic.gob.mx/ficha.php?table=museo&table_id=2390,1689779787,Estado de México,NA,2022-02,2022
2024,Planetario Digital de Chimalhuacán,,2018-05-01,Ayuntamiento de Chimalhuacán/Parque Ecoturístico El Chimalhuache,15,México,31,Chimalhuacán,1,Chimalhuacán,Cam. a La Pista s/n,Col. Xochiaca,56340,,planetariodigitalchimalhuacan@gmail.com,https://www.facebook.com/Planetario.chimalhuacan.2022,,planetariodigital22.24@gmail.com,,,,-98.96232,19.40758,0,0,http://sic.gob.mx/ficha.php?table=museo&table_id=2024,1684332464,Estado de México,NA,2018-05,2018
533,Museo de Sitio de Chimalhuacán,Arqueología,2000-01-01,Secretaría de Cultura y Turismo del Estado de México / INAH,15,México,31,Chimalhuacán,1,Chimalhuacán,Los Pochotes s/n,Barrio de San Andrés,53360,722 215 7080,http://www.inah.gob.mx/es/red-de-museos/231-museo-de-sitio-de-chimalhuacan,,https://lugares.inah.gob.mx/lugar-150-es,cinah_edomex@inah.gob.mx; jorge_valencia@inah.gob.mx,,,,-98.94726,19.41786,-1,-1,http://sic.gob.mx/ficha.php?table=museo&table_id=533,1607692956,Estado de México,NA,2000-01,2000
2363,Museo Municipal Canto del Cincel,,2005-07-28,Ayuntamiento de Chimalhuacan,15,México,31,Chimalhuacán,1,Chimalhuacán,Av. de las Torres LT3,Barrio Saraperos,56353,,,,,museo.cantodelcincel.22.24@gmail.com,https://www.facebook.com/profile.php?id=100077010556849,,,-98.98388,19.41924,0,0,http://sic.gob.mx/ficha.php?table=museo&table_id=2363,1684351863,Estado de México,NA,2005-07,2005
2361,Museo Chimaltonalli,,2017-11-26,Ayuntamiento de Chimalhuacan,15,México,31,Chimalhuacán,1,Chimalhuacán,Ignacio Zaragoza s/n Manzana 021,Casco del Rancho El Molino,56334,55 5852 6773,,,,museochimaltonalli22.24@gmail.com,https://www.facebook.com/chimaltonallimuseolocal,,https://www.instagram.com/museo_chimal_tonalli,-98.94407,19.41945,12,0,http://sic.gob.mx/ficha.php?table=museo&table_id=2361,1684267578,Estado de México,NA,2017-11,2017
2420,Museo de Sitio de Vestigios Arqueológicos del Parque Ecológico Ehécatl,,2024-01-01,Ayuntamiento de Ecatepec de Morelos/DIF Ecatepec,15,México,33,Ecatepec de Morelos,1,Ecatepec de Morelos,Av. Prolg. Agricultura s/n CP,Col. Tata Félix,55030,55 5035 46 06,,,,ing.baroco@gmail.com,https://www.facebook.com/ZooEhecatl,,,-99.0541,19.59557,0,0,http://sic.gob.mx/ficha.php?table=museo&table_id=2420,1708024323,Estado de México,NA,2024-01,2024
712,Museo de la Pluma. Ing. Jesús Humberto Rodríguez Lozano,Especializado,2003-10-09,Tecnológico de Estudios Superiores de Ecatepec,15,México,33,Ecatepec de Morelos,1,Ecatepec de Morelos,Av. Tecnológico s/n,Col. Valle de Anáhuac,55210,55 5000 2353,http://biblioteca.tese.edu.mx,,,biblioteca@tese.edu.mx,,,,-99.04056,19.51069,1,0,http://sic.gob.mx/ficha.php?table=museo&table_id=712,1627299387,Estado de México,NA,2003-10,2003
2419,"Planetario El Gran Ehécatl, Los Hijos del Dios del Viento",,2023-12-01,Auntamiento de Ecatepec de Morelos / Parque Ecológico Ehécatl,15,México,33,Ecatepec de Morelos,1,Ecatepec de Morelos,Av. Prol. Agricultura s/n,Col. Tata Félix,55030,55 5035 4606,http://planetarioehecatl.ddns.net:1010/,,,planetarioehecatl@gmail.com,https://www.facebook.com/PlanetarioEhecatl/,,,-99.0541,19.59557,0,0,http://sic.gob.mx/ficha.php?table=museo&table_id=2419,1730222249,Estado de México,NA,2023-12,2023
996,"Centro Comunitario Ecatepec, Casa de Morelos",Historia,1990-01-01,Secretaría de Cultura y Turismo del Estado de México/Secretaría de Cultura/INAH,15,México,33,Ecatepec de Morelos,1,Ecatepec de Morelos,"Ant. Carr. México-Pachuca s/n, Km. 23.5",Col. San Juan Alcahuacan,55000,55 5839 5864,https://www.inah.gob.mx/museos/282-centro-comunitario-ecatepec-casa-de-morelos,,https://lugares.inah.gob.mx/lugar-19-es,casamorelos@hotmail.com,https://www.facebook.com/casademorelos/,,,-99.03565,19.60036,-1,-1,http://sic.gob.mx/ficha.php?table=museo&table_id=996,1727921783,Estado de México,NA,1990-01,1990
1521,Museo de Historia Natural de Ecatepec,Ciencia y tecnología,2012-01-16,Ayuntamiento de Ecatepec,15,México,33,Ecatepec de Morelos,1,Ecatepec de Morelos,Circunvalación Ote. s/n,Col. Jardines de Santa Clara,55450,55 5774 4671,,,,mhn.ecatepec@gmail.com,https://www.facebook.com/p/Museo-de-Historia-Natural-de-Ecatepec-2022-2024-100084893223604/,,,-99.03683,19.54688,5,0,http://sic.gob.mx/ficha.php?table=museo&table_id=1521,1689850961,Estado de México,NA,2012-01,2012
2356,Museo Jurasica,,NA,Ayuntamiento de Ecatepec de Morelos/Dirección de Medio Ambiente,15,México,33,Ecatepec de Morelos,1,Ecatepec de Morelos,Prol. Agricultura s/n,Col. La Mora,55000,55 5116 78 99,,,,ing.baroco@gmail.com,https://www.facebook.com/ZooEhecatl,,,-99.05542,19.59379,0,0,http://sic.gob.mx/ficha.php?table=museo&table_id=2356,1708021709,Estado de México,NA,NA,NA
2425,Parque Museo del Ferrocarril de Huehuetoca,,NA,Ayuntamiento de Huehuetoca/Secretaría Municipal,15,México,35,Huehuetoca,1,Huehuetoca,Priv. La Estación s/n,Centro,54680,55 1415 2796,,,,eduardo_bali@hotmail.com,,,,-99.2027,19.83545,0,0,http://sic.gob.mx/ficha.php?table=museo&table_id=2425,1710247367,Estado de México,NA,NA,NA
1692,Museo de Huixquilucan,Historia,2013-04-11,Ayuntamiento de Huixquilucan/Subdirección de Cultura,15,México,37,Huixquilucan,1,Huixquilucan de Degollado,"Int. Jardín de la Cultura, Km 1.5 Carr. Zacamulpa, 5to. Cuartel",Barrio San Juan Bautista,52760,(55) 8284 2220,,,,culturahxq@gmail.com,,,,-99.34124,19.35803,0,1,http://sic.gob.mx/ficha.php?table=museo&table_id=1692,1496769180,Estado de México,NA,2013-04,2013
2449,Museo Tlotzin Pochotl,,2012-01-01,Ayuntamiento de Ixtapaluca / Casa de la Cultura,15,México,39,Ixtapaluca,1,Ixtapaluca,Av. Cuauhtémoc 100,Centro,56530,55 5972 6386,,,,,https://www.facebook.com/TlotzinPochotl,https://x.com/TlotzinPochotl,,-98.8844,19.31492,0,0,http://sic.gob.mx/ficha.php?table=museo&table_id=2449,1724453866,Estado de México,NA,2012-01,2012
2448,Museo de Sitio de Coatepec,,2017-10-01,Parroquia de la Natividad de María,15,México,39,Ixtapaluca,4,Coatepec,Morelos s/n,,56580,55 1314 8069,,,https://www.youtube.com/watch?v=mtaFDtsBmFU,,https://www.facebook.com/Coatepec.IXT,,,-98.84732,19.38531,0,0,http://sic.gob.mx/ficha.php?table=museo&table_id=2448,1724438745,Estado de México,NA,2017-10,2017
366,Museo Comunitario Xochiltepetl,Historia,2001-12-12,Ayuntamiento de Juchitepec,15,México,50,Juchitepec,1,Juchitepec de Mariano Rivapalacio,Av. Independencia Sur s/n,Barrio Calayuco,56860,(597) 977 08 72 y 74 ext. 111,,,,culturajuchi@yahoo.com.mx,,,,-98.88117,19.09858,-1,-1,http://sic.gob.mx/ficha.php?table=museo&table_id=366,1722884990,Estado de México,NA,2001-12,2001
1949,"Zanbatha, Museo del Valle de la Luna",Historia,NA,Ayuntamiento de Lerma,15,México,51,Lerma,1,Lerma de Villada,Av. Hidalgo 22,Centro,52000,728 282 09 69,http://zanbatha.lerma.gob.mx/,,,museo@lerma.gob.mx,https://es-la.facebook.com/Zanbatha/,,,-99.51022,19.28657,1,0,http://sic.gob.mx/ficha.php?table=museo&table_id=1949,1663842927,Estado de México,NA,NA,NA
277,Museo Universitario Dr. Luis Mario Schneider,Antropología,2001-05-18,Universidad Autónoma del Estado de México/Secretaría de Difusión Cultural,15,México,52,Malinalco,1,Malinalco,Amajac s/n,Barrio Santa Mónica,52440,714  147 12 88,http://malinalco.net/inicio/turismo/museo-luis-mario-schnaider/,,,schneider@uaemex.mx,,,,-99.50115,18.95084,6,1,http://sic.gob.mx/ficha.php?table=museo&table_id=277,1650277016,Estado de México,NA,2001-05,2001
1658,Museo del Barro,Arte,2012-09-14,Ayuntamiento de Metepec,15,México,54,Metepec,1,Metepec,Av. Estado de México 10,Barrio de Santiaguito,52140,722 235 82 26,http://metepec.gob.mx/pagina_cultura/quienes-somos.php,,,metepecmuseodelbarro@gmail.com,https://www.facebook.com/pages/Museo-Del-Barro/424981877588486,,,-99.60202,19.25019,2,1,http://sic.gob.mx/ficha.php?table=museo&table_id=1658,1721419134,Estado de México,NA,2012-09,2012
1938,Museo Salón Deporte,Especializado,2017-10-18,Fundación Carlos Slim/Gobierno del Estado de México,15,México,57,Naucalpan de Juárez,1,Naucalpan de Juárez,Ingenieros Militares s/n,Plaza Cetram,53489,,,,,,https://es-la.facebook.com/SalonDeporteFCS/,https://x.com/salondeportefcs,,-99.215,19.45754,9,0,http://sic.gob.mx/ficha.php?table=museo&table_id=1938,1611236954,Estado de México,NA,2017-10,2017
783,Museo Tlatilca,Arqueología,2012-09-16,Instituto de Cultura y Parque Naucalli,15,México,57,Naucalpan de Juárez,1,Naucalpan de Juárez,Blvd. Avila Camacho s/n,Fracc. El Mirador,53050,(55) 5300 2705,http://www.soymexiquense.com/edomex/region-viii/naucalpan/35-museo-tlatilco,,,sandovalm165@gmail.com,,,,-99.23203,19.47914,1,0,http://sic.gob.mx/ficha.php?table=museo&table_id=783,1571044483,Estado de México,NA,2012-09,2012
1914,Museo del Agua,,2012-12-17,"Organismo de Agua Potable, Alcantarillado y Saneamiento (OAPAS)",15,México,57,Naucalpan de Juárez,1,Naucalpan de Juárez,Circuito Margaritas,Jardines El Molinito,53530,(55) 5300 6250,,,,lucialeon@oapas-naucalpan.gob.mx,,,,-99.23986,19.45956,0,0,http://sic.gob.mx/ficha.php?table=museo&table_id=1914,1495729582,Estado de México,NA,2012-12,2012
273,Museo Nezahualcóyotl Acomiztli,Arqueología,1980-03-08,Ayuntamiento de Nezahualcóyotl,15,México,58,Nezahualcóyotl,1,Ciudad Nezahualcóyotl,Cuarta Av. s/n,Col. Virgencitas,57300,(55) 5735 0855,http://www.cdneza.gob.mx/index.php?id=cs_nz,,,,,,,-99.03341,19.421,-1,-1,http://sic.gob.mx/ficha.php?table=museo&table_id=273,1678284327,Estado de México,NA,1980-03,1980
355,Museo Arqueológico de Nextlalpan (en proceso de remodelación),Arqueología,1994-09-17,Ayuntamiento de Nextlalpan/Dirección de Cultura,15,México,59,Nextlalpan,17,San Miguel Jaltocan,Av. Estación s/n esq. Av. Panteón,Centro,55790,55 6519 9234,http://patrimonioyserviciosc.edomex.gob.mx/museo_nextlalpan,,,casadeculturacualcalli@gmail.com,,,,-99.05104,19.72379,-1,-1,http://sic.gob.mx/ficha.php?table=museo&table_id=355,1716827945,Estado de México,NA,1994-09,1994
284,Museo Dr. José María Luis Mora,Arqueología,1988-05-13,Secretaría de Cultura del Estado de México,15,México,62,Ocoyoacac,1,Ocoyoacac,Plaza de los Insurgentes s/n,Centro,52740,728 287 78 32,http://patrimonioyserviciosc.edomex.gob.mx/dr_luis_mora,,,nhd_14@hotmail.com,,,,-99.4609,19.27427,3,1,http://sic.gob.mx/ficha.php?table=museo&table_id=284,1649680656,Estado de México,NA,1988-05,1988
290,Museo Arqueológico Colonial de Ocuilan,Arqueología,1994-02-19,Secretaría de Cultura y Turismo del Estado de México,15,México,63,Ocuilan,1,Ocuilan de Arteaga,Ayuntamiento s/n,Centro,52480,,http://patrimonioyserviciosc.edomex.gob.mx/sitio_ocuilan_arteaga,,,ignaciocruz1127@live.com,,,,-99.41604,18.97935,3,0,http://sic.gob.mx/ficha.php?table=museo&table_id=290,1722443075,Estado de México,NA,1994-02,1994
285,Museo de la Minería de El Oro,Ciencia y tecnología,1975-09-01,Secretaría de Cultura y Turismo del Estado de México,15,México,64,El Oro,1,El Oro de Hidalgo,Tiro Norte s/n,Col. El Carmen,50600,711 125 07 39,http://patrimonioyserviciosc.edomex.gob.mx/mineria_el_oro,https://www.mexicotravelclub.com/museo-de-la-mineria-en-el-oro-estado-de-mexico,,mineriaamg@hotmail.com,https://www.facebook.com/pages/Museo%20De%20Miner%C3%ADa%20El%20Oro%20Estado%20De%20M%C3%A9xico/1498328453788566/,,,-100.13284,19.79848,-1,-1,http://sic.gob.mx/ficha.php?table=museo&table_id=285,1626695859,Estado de México,NA,1975-09,1975
257,Casa Museo Gonzalo Carrasco,Historia,1985-11-13,Secretaría de Cultura del Gobierno del Estado de México,15,México,65,Otumba,1,Otumba de Gómez Farías,Plaza de la Constitución 17,Centro,55900,592  922 01 61,http://patrimonioyserviciosc.edomex.gob.mx/gonzalo_carrasco,,,otumbaimc@yahoo.com.mx,https://es-la.facebook.com/MuseoGCarrasco/,,,-98.75742,19.69981,13,3,http://sic.gob.mx/ficha.php?table=museo&table_id=257,1663843467,Estado de México,NA,1985-11,1985
1420,Museo del Ferrocarril en Otumba,Historia,2006-12-16,Ayuntamiento de Otumba de Gómez Farías/Amigos del Ferrocarril en Otumba A.C.,15,México,65,Otumba,1,Otumba de Gómez Farías,"Antigua Estación del Ferrocarril Mexicano, Av. Hidalgo 51",Col. La Estación,55900,592 922 13 89,http://museoferrocarril.mex.tl/,,,amigosfcenotumba@yahoo.com.mx; otumbra.presidencia.2224@gmail.com,,,,-98.75696,19.70877,5,-1,http://sic.gob.mx/ficha.php?table=museo&table_id=1420,1731092559,Estado de México,NA,2006-12,2006
2429,Museo Municipal Techialoyan Tepemaxalco,,2014-01-01,Ayuntamiento de San Antonio La Isla,15,México,73,San Antonio la Isla,1,San Antonio la Isla,José Vicente Villada s/n,Centro,52280,717 104 6330,https://sanantoniolaisla.gob.mx/museo-municipal-techialoyan-tepemaxalco/,,,culturasanantoniolaisla@gmail.com,https://www.facebook.com/MuseoMunicipalTechialoyanTepemaxalco/?locale=es_LA,,,-99.56917,19.1641,0,0,http://sic.gob.mx/ficha.php?table=museo&table_id=2429,1713548835,Estado de México,NA,2014-01,2014
885,Museo de Murales Teotihuacanos Beatriz de la Fuente,Arqueología,2006-11-13,Secretaría de Cultura/INAH,15,México,75,San Martín de las Pirámides,1,San Martín de las Pirámides,Autopista Ecatepec-Pirámides km 22 +600,Col. Teotihuacán,55804,594 958 20 81,http://www.inah.gob.mx/es/red-de-museos/242-museo-de-los-murales-teotihuacanos-beatriz-de-la-fuente,https://www.teotihuacan.inah.gob.mx/,https://lugares.inah.gob.mx/lugar-149-es,teotihuacan_visitasguiadas@inah.gob.mx; elba_estrada@inah.gob.mx,https://www.facebook.com/museosdeculturateotihuacana,,,-98.8471,19.70039,9,1,http://sic.gob.mx/ficha.php?table=museo&table_id=885,1664972310,Estado de México,NA,2006-11,2006
1368,Sala museográfica de la Casa de Cultura  Dr. José María Cos,Historia,1983-08-24,Ayuntamiento de Sultepec,15,México,80,Sultepec,1,Sultepec de Pedro Ascencio de Alquisiras,Av. Hidalgo s/n,Barrio de Coaxusco,51600,716 148 03 96,,,,casadecultura@sultepec.gob.mx,,,,-99.96689,18.85786,-1,-1,http://sic.gob.mx/ficha.php?table=museo&table_id=1368,1738175514,Estado de México,NA,1983-08,1983
291,Museo de Sitio de San Miguel Ixtapan,Arqueología,1994-12-14,Secretaría de Cultura del Estado de México,15,México,82,Tejupilco,1,Tejupilco de Hidalgo,Carr. Tejupilco-Amatepec s/n,Col. San Miguel Ixtapan,51430,(724) 269 42 27,http://patrimonioyserviciosc.edomex.gob.mx/sitio_san_miguel_ixtapan,,,inocentelopez18@hotmail.com,,,,-100.15498,18.807,-1,-1,http://sic.gob.mx/ficha.php?table=museo&table_id=291,1547040877,Estado de México,NA,1994-12,1994
97,Museo Casa de Madera,Arte,1992-03-29,"Fundación Museo Casa de Madera, S.C.",15,México,89,Tenango del Aire,1,Tenango del Aire,"Av. Revolución 2, Delegación San Mateo Tepopula",Centro,56780,597 982 51 74,,,,mcasademadera@gmail.com,https://www.facebook.com/pages/Museo-Casa-de-Madera/326008650852623?fref=ts,,,-98.85558,19.15722,30,0,http://sic.gob.mx/ficha.php?table=museo&table_id=97,1667916198,Estado de México,NA,1992-03,1992
354,Museo Arqueológico Dr. Román Piña Chan,Arqueología,1975-07-15,Secretaría de Cultura y Turismo del Gobierno del Estado de México,15,México,90,Tenango del Valle,1,Tenango de Arista,Av. Dr. Román Piña Chan 1014,Col. Teotenango,52300,717 144 13 44,http://patrimonioyserviciosc.edomex.gob.mx/ramon_pina,,,teutenanco@yahoo.com.mx,,,,-99.59598,19.11048,4,1,http://sic.gob.mx/ficha.php?table=museo&table_id=354,1726079765,Estado de México,NA,1975-07,1975
997,Museo Comunitario Quetzalpapalotl,Historia,1998-10-13,Ayuntamiento de Teotihuacán,15,México,92,Teotihuacán,1,Teotihuacán de Arista,Cuauhtémoc 20,Centro,55800,594 933 20 17,,,,,https://www.facebook.com/pages/Museo-Comunitario-Quetzalpapalotl/1583909691842773,,,-98.86924,19.68346,-1,-1,http://sic.gob.mx/ficha.php?table=museo&table_id=997,1721062915,Estado de México,NA,1998-10,1998
836,Museo de la Cultura Teotihuacana (Museo de Sitio),Arqueología,1994-09-13,Secretaría de Cultura/INAH/Departamento de Museos de la Zona de Monumentos Arqueológicos de Teotihuacán,15,México,92,Teotihuacán,1,Teotihuacán de Arista,"Zona Arqueológica de Teotihuacán, Autopista Ecatepec-Pirámides Km 22 + 600",Col. Teotihuacán,55800,594 958 20 81,http://www.inah.gob.mx/es/red-de-museos/241-museo-de-la-cultura-teotihuacana,https://www.teotihuacan.inah.gob.mx/,https://lugares.inah.gob.mx/lugar-359-es,teotihuacan_visitasguiadas@inah.gob.mx; elba_estrada@inah.gob.mx,,,,-98.84957,19.68292,8,0,http://sic.gob.mx/ficha.php?table=museo&table_id=836,1651229831,Estado de México,NA,1994-09,1994
1708,Museo Eremitorio de Fray Domingo de Betanzos,Historia,2005-04-01,Ayuntamiento de Tepetlaoxtoc,15,México,93,Tepetlaoxtoc,1,Tepetlaoxtoc de Hidalgo,Fray Domingo de Betanzos s/n,Centro,56070,(595) 923 09 97,,,,turismotepetlaoxtoc@hotmail.com,,,,-98.82467,19.57314,0,0,http://sic.gob.mx/ficha.php?table=museo&table_id=1708,1472828401,Estado de México,NA,2005-04,2005
999,Museo-Casa Juana Inés,Arte,1995-04-17,Secretaría de Cultura y Deporte del Gobierno del Estado de México,15,México,94,Tepetlixpa,2,Nepantla de Sor Juana Inés de la Cruz,Cto. Sur Sor Juana Inés de la Cruz s/n,Col. Casco Urbano,56890,597 977 30 38,http://patrimonioyserviciosc.edomex.gob.mx/ccsjic,,,nepantlascd.edomex@gmail.com; juanainesnepantla@gmail.com,https://www.facebook.com/pages/category/Cultural-Center/Centro-Regional-de-Cultura-Sor-Juana-In%C3%A9s-de-la-Cruz-Edomex-106930884280126/,,,-98.83972,18.98005,6,3,http://sic.gob.mx/ficha.php?table=museo&table_id=999,1592323108,Estado de México,NA,1995-04,1995
823,Museo Nacional del Virreinato,Arte,1964-09-01,Secretaría de Cultura/INAH,15,México,95,Tepotzotlán,1,Tepotzotlán,Plaza Hidalgo 99,Barrio San Martín,54600,55 5876  9212 ext. 412835,,https://virreinato.inah.gob.mx/,https://lugares.inah.gob.mx/lugar-89-es,virreinato.museo@inah.gob.mx,https://www.facebook.com/virreinato/,https://x.com/Virreinato,,-99.2215,19.71347,9,4,http://sic.gob.mx/ficha.php?table=museo&table_id=823,1696871473,Estado de México,NA,1964-09,1964
1524,Museo del Centro Cultural Mexiquense Bicentenario,Arte,2011-08-31,Secretaría de Cultura y Turismo del Estado de México,15,México,99,Texcoco,1,Texcoco de Mora,"Carr. Federal México–Los Reyes, La Paz Texcoco Km 14.3",Col. Coatlinchan,56250,595 952 03 20 ext. 1025,http://patrimonioyserviciosc.edomex.gob.mx/ccm,,,ddeacervoccmb@hotmail.com,,,,-98.89648,19.45188,-1,-1,http://sic.gob.mx/ficha.php?table=museo&table_id=1524,1691593318,Estado de México,NA,2011-08,2011
2463,Museo de sitio del Parque Ecológico Lago de Texcoco,,2024-08-30,Gobierno de México/CONAGUA,15,México,99,Texcoco,1,Texcoco de Mora,,,56268,,https://www.parquelagodetexcoco.org/,,,parque.texcoco@conagua.gob.mx,https://www.facebook.com/parqueecologicolagodetexcoco,,,-98.97872,19.48504,0,0,http://sic.gob.mx/ficha.php?table=museo&table_id=2463,1739909712,Estado de México,NA,2024-08,2024
1581,Museo de Biología,Ciencia y tecnología,NA,Universidad Autónoma Chapingo,15,México,99,Texcoco,1,Texcoco de Mora,Carr. México-Texcoco km 38.5,Col. Chapingo,56230,(595) 952 15 00 ext. 5282,,https://www.facebook.com/MuseoDeBiologiaUniversidadAutonomaDeChapingo,,veracaletti@gmail.com,,,,0,0,-1,-1,http://sic.gob.mx/ficha.php?table=museo&table_id=1581,1466080836,Estado de México,NA,NA,NA
2455,Museo del Deporte del Estado de México,,NA,Secretaría de Cultura y Turismo del Gobierno del Estado de México,15,México,99,Texcoco,1,Texcoco de Mora,"Carretera federal Los Reyes-Texcoco, kilómetro 14.3",San Miguel Coatlinchán,56250,5959520320,https://patrimonioyserviciosc.edomex.gob.mx/museo-deporte-edomex,,,,https://www.facebook.com/MDeporteEdomex/,https://x.com/MDeporteEdomex,,-98.89817,19.45256,0,0,http://sic.gob.mx/ficha.php?table=museo&table_id=2455,1727120097,Estado de México,5959520320,NA,NA
2189,Museo Regional del Pulque y el Maguey Texcoco,,2019-11-14,,15,México,99,Texcoco,1,Texcoco de Mora,Av Juárez Sur 369-A,Barrio San Lorenzo,56140,,,,,murpymtex@gmail.com,https://www.facebook.com/MuseoRegionaldelPulqueYElMagueyTexcoco,,,-98.88293,19.50666,3,0,http://sic.gob.mx/ficha.php?table=museo&table_id=2189,1618845101,Estado de México,NA,2019-11,2019
1001,Museo Nacional de Agricultura,Ciencia y tecnología,1987-01-01,Universidad Autónoma Chapingo,15,México,99,Texcoco,3,El Cooperativo,Carr. México-Texcoco Km. 38.5,Col. Chapingo,56230,595 952 17 01,https://museonacionaldeagricultura.chapingo.mx/,,,museochapingo@gmail.com,https://www.facebook.com/MuseoAgriculturaOficial/,,,-98.88896,19.4921,7,-1,http://sic.gob.mx/ficha.php?table=museo&table_id=1001,1685021270,Estado de México,NA,1987-01,1987
1579,Museo de Geología Dr. José Guadalupe Aguilera Serrano,Ciencia y tecnología,1912-01-01,"Universidad Autónoma Chapingo, Departamento de Enseñanza, Investigacion y Servicio en Suelos",15,México,99,Texcoco,3,El Cooperativo,Carr. México-Texcoco Km. 38.5,Col. Chapingo,56230,(595) 952 16 33,https://suelos.chapingo.mx/servicios/museo/,,,centrodeatencion@chapingo.mx,https://www.facebook.com/ChapingoOficial/,,,-98.88653,19.49438,-1,-1,http://sic.gob.mx/ficha.php?table=museo&table_id=1579,1615303678,Estado de México,NA,1912-01,1912
1306,Museo Paleontológico de Tocuila,Ciencia y tecnología,1996-01-01,"Asociación Mexicana de Turismo para el Desarrollo de la Región Oriente del Estado de México, A.C.",15,México,99,Texcoco,44,San Miguel Tocuila,Calle 16 de Septiembre,Centro,56208,,,,,,,,,-98.90793,19.52065,-1,-1,http://sic.gob.mx/ficha.php?table=museo&table_id=1306,1629993515,Estado de México,NA,1996-01,1996
583,Museo Comunitario Nonohualca,Arqueología,1998-08-28,Ayuntamiento de Tlalmanalco,15,México,103,Tlalmanalco,1,Tlalmanalco de Velázquez,"Plaza Juárez s/n, frente al Jardín Municipal",Centro,56700,56 2328 9002,https://experiencia.edomex.gob.mx/recursos_turisticos/mostrarDetalleRecursos/1256,https://casasmuseos.com/museo-comunitario-nonohualca/,,turismo@tlalmanalco.gob.mx; hola@rafaelgj.org,https://www.facebook.com/Turismo.Mexico.mxp,,,-98.80248,19.20597,2,1,http://sic.gob.mx/ficha.php?table=museo&table_id=583,1731523501,Estado de México,NA,1998-08,1998
884,Museo de Sitio de Tenayuca Xólotl,Arqueología,1985-01-01,Secretaría de Cultura/INAH,15,México,104,Tlalnepantla de Baz,1,Tlalnepantla,Quetzalcoatl s/n,Col. San Bartolo Tenayuca,54150,722 215 70 80,http://www.inah.gob.mx/es/red-de-museos/229-museo-de-sitio-de-tenayuca-xolotl,"https://lugares.inah.gob.mx/es/museos-inah/museo/444-museo-de-sitio-de-tenayuca,-x%C3%B3lotl.html?lugar_id=444&lugar_tipo=museos",https://lugares.inah.gob.mx/lugar-162-es,cinah_edomex@inah.gob.mx; beatriz_zuniga@inah.gob.mx,,,,-99.16787,19.53239,-1,-1,http://sic.gob.mx/ficha.php?table=museo&table_id=884,1651231660,Estado de México,NA,1985-01,1985
280,Museo Hacienda de Santa Mónica,Historia,1991-05-27,"Fundación Cultural Antonio Haghenbeck y de la Lama, I.A.P.",15,México,104,Tlalnepantla de Baz,1,Tlalnepantla,Ignacio Manuel Altamirano 3,Col. Ex-Hacienda de Santa Mónica,54050,(55) 5398 4579,https://www.museofridakahlo.org.mx/,https://linkr.bio/museofridakahlo,,newsletter@museoshaghenbeck.mx; boletos@museofridakahlo.org.mx,,,,-99.23149,19.52884,-1,-1,http://sic.gob.mx/ficha.php?table=museo&table_id=280,1707301280,Estado de México,NA,1991-05,1991
998,Museo de la Escultura Mexica Eusebio Dávalos Hurtado,Arqueología,1964-11-01,Secretaría de Cultura/INAH,15,México,104,Tlalnepantla de Baz,1,Tlalnepantla,Calle del Tepozteco s/n,Col. Santa Cecilia Acatitlán,54130,55 2125 9070,http://www.inah.gob.mx/es/red-de-museos/230-museo-de-la-escultura-mexica-eusebio-davalos,,https://lugares.inah.gob.mx/lugar-148-es,francisco_osorio@inah.gob.mx,,,,-99.17378,19.55243,4,0,http://sic.gob.mx/ficha.php?table=museo&table_id=998,1643221291,Estado de México,NA,1964-11,1964
1471,Museo Galería de Arte Mexiquense Torres Bicentenario,Historia,2010-11-19,Secretaría de Cultura y Turismo del Estado de México,15,México,106,Toluca,1,Toluca de Lerdo,Av. José María Morelos Ote. s/n,Col. Reforma y Ferrocarriles Nacionales,50070,722 213 73 47,https://patrimonioyserviciosc.edomex.gob.mx/museo-torres-bicentenario,,,museo.torres.bicentenario@gmail.com,https://www.facebook.com/MUGAMTB,,,-99.62933,19.28752,1,1,http://sic.gob.mx/ficha.php?table=museo&table_id=1471,1681203737,Estado de México,NA,2010-11,2010
455,Museo de Ciencias Naturales Edomex.,Ciencia y tecnología,1971-03-02,Secretaría de Cultura y Turismo del Gobierno del Estado de México,15,México,106,Toluca,1,Toluca de Lerdo,Horacio Zúñiga s/n,Col. Francisco Murguía,50000,722 212 01 24,http://patrimonioyserviciosc.edomex.gob.mx/ciencias_naturales,,,museodenaturales@gmail.com,https://www.facebook.com/CienciasNaturalesEdomex,,,-99.66083,19.28318,7,1,http://sic.gob.mx/ficha.php?table=museo&table_id=455,1726088400,Estado de México,NA,1971-03,1971
471,Museo de la Acuarela del Estado de México,Arte,1993-01-17,Secretaría de Cultura y Turismo del Estado de México,15,México,106,Toluca,1,Toluca de Lerdo,Melchor Ocampo 105,Col. La Merced Alameda,50000,722 214 73 04,http://patrimonioyserviciosc.edomex.gob.mx/acuarela,,,aguacolormuseo@yahoo.com.mx,https://www.facebook.com/Museo-de-la-Acuarela-Edom%C3%A9x-100352511830372,,,-99.6611,19.28967,11,0,http://sic.gob.mx/ficha.php?table=museo&table_id=471,1607693504,Estado de México,NA,1993-01,1993
1739,Museo del Alfeñique,Arte,2014-11-01,"Ayuntamiento de Toluca/Instituto Municipal de Cultura, Turismo y Arte",15,México,106,Toluca,1,Toluca de Lerdo,Independencia Ote. 502,Centro Histórico,50090,722 167 4674,,,,museodelalfenique502@gmail.com,https://www.facebook.com/MuseodelAlfeniqueToluca/,,,-99.64988,19.29204,7,2,http://sic.gob.mx/ficha.php?table=museo&table_id=1739,1611227704,Estado de México,NA,2014-11,2014
1934,Pinacoteca Los Autonomistas,Historia,2019-03-03,Universidad Autónoma del Estado de México,15,México,106,Toluca,1,Toluca de Lerdo,"Instituto Literario 100, Edif. de Rectoría",Centro,50000,722 226 23 00,,,,rectoria@uaemex.mx,,,,-99.65364,19.28574,0,0,http://sic.gob.mx/ficha.php?table=museo&table_id=1934,1611575814,Estado de México,NA,2019-03,2019
2162,Casa Museo Toluca 1920,,2019-09-02,Secretaría de Cultura y Turismo del Estado de México,15,México,106,Toluca,1,Toluca de Lerdo,Av. Miguel Hidalgo Ote. Pte. 506,Barrio de la Merced,50080,722 213 19 27,https://patrimonioyserviciosc.edomex.gob.mx/museo-casa-toluca-1920,,,casatoluca1920@gmail.com,https://www.facebook.com/MToluca1920/,,,-99.66039,19.29032,0,0,http://sic.gob.mx/ficha.php?table=museo&table_id=2162,1702549683,Estado de México,NA,2019-09,2019
1931,Museo  Auditorio PetStar,,2014-07-16,PetStar,15,México,106,Toluca,1,Toluca de Lerdo,Carret. Libre Toluca - Atlacomulco Km. 1.5,Parque Industrial Cayetano,50295,722 180 63 90 ext. 130 y 130,https://www.petstar.mx/,,,redessociales@petstar.mx,https://www.facebook.com/PetStarMX/,,,-99.71852,19.42012,5,0,http://sic.gob.mx/ficha.php?table=museo&table_id=1931,1663847128,Estado de México,NA,2014-07,2014
493,Museo  del Paisaje José María Velasco,Arte,1992-03-06,Secretaría de Cultura del Estado de México/Corredor de la Plástica Mexiquense.,15,México,106,Toluca,1,Toluca de Lerdo,Sebastián Lerdo de Tejada 400 Pte.,Centro,50000,722 213 28 14,https://patrimonioyserviciosc.edomex.gob.mx/jose-maria-velazco,,,museojosemavelasco@hotmail.com,https://www.facebook.com/museojmvelasco/,,,-99.6579,19.29302,11,2,http://sic.gob.mx/ficha.php?table=museo&table_id=493,1663847561,Estado de México,NA,1992-03,1992
1402,"Museo Gabinetes de Física, Química y Medicina",Ciencia y tecnología,2004-05-23,Universidad Autónoma del Estado de México,15,México,106,Toluca,1,Toluca de Lerdo,Tollocan esq. Paseo Colón,Col. Moderna de la Cruz,50120,(722) 219 83 87,http://web.uaemex.mx/dcultur/MUSEOS/gabinetes/index.html,,,xavoromo@gmail.com,,,,-99.66035,19.2735,-1,1,http://sic.gob.mx/ficha.php?table=museo&table_id=1402,1569328989,Estado de México,NA,2004-05,2004
1369,Museo Observatorio Meteorológico Mariano Bárcena,Ciencia y tecnología,2005-03-16,Universidad Autónoma del Estado de México,15,México,106,Toluca,1,Toluca de Lerdo,Instituto Literario 100 Ote.,Centro,50000,(722) 226 23 86,http://web.uaemex.mx/dcultur/MUSEOS/Observatorio/,,,observatorio@uaemex.mx,,,,-99.6534,19.2865,-1,-1,http://sic.gob.mx/ficha.php?table=museo&table_id=1369,1526656802,Estado de México,NA,2005-03,2005
1748,Museo Salón de la Fama del Deportivo Toluca,Especializado,2004-04-01,Deportivo Toluca Futbol Club,15,México,106,Toluca,1,Toluca de Lerdo,Av. José María Morelos 1001,Col. San Bernardino,50080,(722) 215 51 49 ext. 143,https://www.tolucafc.com/museo,,,museo@deportivotolucafc.com,,,,-99.66584,19.28764,2,0,http://sic.gob.mx/ficha.php?table=museo&table_id=1748,1493310812,Estado de México,NA,2004-04,2004
1807,Museo de la Inquisición procesos y torturas,Historia,2015-09-25,"Mexhibitions, A.C.",15,México,106,Toluca,1,Toluca de Lerdo,Av. Santos Degollado 109,Barrio de Zopilolcalco,50050,722 215 14 58,,,,museomedieval@yahoo.com.mx,https://www.facebook.com/museoinquisiciontoluca/?rf=1668060693468003,,,-99.65438,19.29397,1,0,http://sic.gob.mx/ficha.php?table=museo&table_id=1807,1715616884,Estado de México,NA,2015-09,2015
1755,Museo del Instituto Pedro Nolasco,Arte,2019-08-01,Ex Convento de la Merced,15,México,106,Toluca,1,Toluca de Lerdo,José María Morelos y Pavón 812,Col. La Merced,50000,(722) 215 31 73,,,,icp.nolasco.ac@gmail.com,,,,-99.66103,19.287960000000002,0,0,http://sic.gob.mx/ficha.php?table=museo&table_id=1755,1579518005,Estado de México,NA,2019-08,2019
1371,Museo de Historia Universitaria José María Morelos y Pavón,Historia,2009-03-03,Universidad Autónoma del Estado de México/Secretaría de Difusión Cultural,15,México,106,Toluca,1,Toluca de Lerdo,Instituto Literario 100 Ote.,Centro,50000,722 226 23 00 ext. 1300,http://web.uaemex.mx/dcultur/MUSEOS/museosv/morelos/home.html,,,museomorelosuaemex@uamex.mx,https://es-la.facebook.com/MuseoHistoriaUniversitariaUAEMex/,,,-99.65364,19.28578,-1,-1,http://sic.gob.mx/ficha.php?table=museo&table_id=1371,1650277753,Estado de México,NA,2009-03,2009
451,Museo Universitario Leopoldo Flores,Arte,2002-03-13,Universidad Autónoma del Estado de México/Secretaría de Difusión Cultural,15,México,106,Toluca,1,Toluca de Lerdo,Cerro de Coatepec s/n,Col. Plazas de San Buenaventura,50100,722 167 01 53,http://www.uaemex.mx/muslf/,http://www.uaemex.mx/dcultur//MUSEOS/MUSEOS.HTM,,museolf@uaemex.mx; gmoraless@uaemex.mx,https://es-la.facebook.com/MuseoUniversitarioLeopoldoFlores/,,,-99.67826,19.28648,0,6,http://sic.gob.mx/ficha.php?table=museo&table_id=451,1650278834,Estado de México,NA,2002-03,2002
2215,Planetario Parque de la Ciencia Fundadores,,2021-10-14,Secretaría de Cultura y Turismo del Estado de México,15,México,106,Toluca,1,Toluca de Lerdo,Benito Juárez Norte 405,Barrio de Santa Bárbara,50050,,,,,,,,,-99.65523,19.29427,0,0,http://sic.gob.mx/ficha.php?table=museo&table_id=2215,1636711475,Estado de México,NA,2021-10,2021
450,Museo Universitario de Historia Natural  Manuel M. Villada,Ciencia y tecnología,1978-03-03,Universidad Autónoma del Estado de México/Secretaría de Difusión Cultural,15,México,106,Toluca,1,Toluca de Lerdo,"Instituto Literario 100, edif. de Rectoría",Centro,50000,722  477 6100  ext. 1650,http://web.uaemex.mx/dcultur/MUSEOS/museosv/hnatural/index.html,,,museouhn@uaemex.mx,,,,-99.65378,19.28575,2,2,http://sic.gob.mx/ficha.php?table=museo&table_id=450,1680269458,Estado de México,NA,1978-03,1978
1747,Museo del Heroico Cuerpo de Bomberos Toluca,Historia,1989-09-01,Ayuntamiento de Toluca/Coordinación Municipal de Protección Civil,15,México,106,Toluca,1,Toluca de Lerdo,Paseo Fidel Velázquez s/n,Col. Vértice,50090,722 212 09 09,,,,bomberospctoluca@hotmail.com,,,,-99.63727,19.28726,1,0,http://sic.gob.mx/ficha.php?table=museo&table_id=1747,1713367990,Estado de México,NA,1989-09,1989
481,Museo de Numismática del Estado de México,Historia,1987-08-28,Secretaría de Cultura del Estado de México/Centro Cultural Mexiquense,15,México,106,Toluca,1,Toluca de Lerdo,Jesús Reyes Heroles 302,Delegación San Buenaventura,50110,722 274 12 00,http://patrimonioyserviciosc.edomex.gob.mx/numismatica,,,museodenumismatica@yahoo.com.mx,,https://x.com/Edomex,https://www.instagram.com/numismatica.edomex,-99.70265,19.273,9,0,http://sic.gob.mx/ficha.php?table=museo&table_id=481,1736180644,Estado de México,NA,1987-08,1987
489,Museo de la Estampa del Estado de México,Arte,1987-08-28,Secretaría de Cultura y Turismo del Estado de México,15,México,106,Toluca,1,Toluca de Lerdo,Plutarco González 305,Col. La Merced,50080,722 214 44 25,http://patrimonioyserviciosc.edomex.gob.mx/estampa,,,museodelaestampa@gmail.com; servicioseducativos.estampa@gmail.com,https://www.facebook.com/Museo-de-la-Estampa-Edom%C3%A9x-100241715175029,,https://www.instagram.com/museoestampa_edomex,-99.6619,19.28912,7,3,http://sic.gob.mx/ficha.php?table=museo&table_id=489,1725492342,Estado de México,NA,1987-08,1987
51,Cosmovitral Jardín Botánico de Toluca,Ciencia y tecnología,1980-07-05,Secretaría de Cultura y Turismo del Estado de México,15,México,106,Toluca,1,Toluca de Lerdo,Juárez y Sebastián Lerdo de Tejada s/n,Centro,50000,722 214 67 85,http://patrimonioyserviciosc.edomex.gob.mx/cosmovitral,,,cosmovitral113@yahoo.com.mx,https://www.facebook.com/JBCosmovitral,,,-99.65371,19.29354,-1,-1,http://sic.gob.mx/ficha.php?table=museo&table_id=51,1725562469,Estado de México,NA,1980-07,1980
498,Museo de Bellas Artes de Toluca,Arte,1945-09-07,Secretaría de Cultura y Turismo del Gobierno del Estado de México,15,México,106,Toluca,1,Toluca de Lerdo,Santos Degollado 102,Centro,50000,722 215 53 29,http://patrimonioyserviciosc.edomex.gob.mx/bellas_artes,,,bellasartestoluca@hotmail.com,,,,-99.65622,19.29431,10,4,http://sic.gob.mx/ficha.php?table=museo&table_id=498,1726080062,Estado de México,NA,1945-09,1945
487,Museo Felipe Santiago Gutiérrez,Arte,1992-12-16,"Secretaría de Cultura y Turismo del Estado de México/Corredor de la Plástica Mexiquense,",15,México,106,Toluca,1,Toluca de Lerdo,Nicolás Bravo Nte. 303,Centro,50000,722 213 26 47,https://patrimonioyserviciosc.edomex.gob.mx/museo-felipe-santiago-gutierrez,,,museogutierrez@hotmail.com; museogutierrezxix@gmail.com,https://www.facebook.com/museogutierrez,,,-99.65795,19.29326,9,1,http://sic.gob.mx/ficha.php?table=museo&table_id=487,1725578352,Estado de México,NA,1992-12,1992
485,Museo Taller Nishizawa,Arte,1992-12-19,Secretaría de Cultura y Turismo del Estado de México/Corredor de la Plástica Mexiquense,15,México,106,Toluca,1,Toluca de Lerdo,Nicolás Bravo Nte. 305,Centro,50000,722 215 74 65,http://patrimonioyserviciosc.edomex.gob.mx/taller_luis_nishizawa,,,museotallernishizawa@hotmail.com,https://www.facebook.com/MuseoTallerLuisNishizawa,,,-99.65794,19.29354,7,3,http://sic.gob.mx/ficha.php?table=museo&table_id=485,1729800530,Estado de México,NA,1992-12,1992
1756,Museo de Sitio de Calixtlahuaca,Arqueología,1987-01-01,"Ayuntamiento de Toluca, Instituto Municipal de Cultura, Turismo y Arte",15,México,106,Toluca,44,Calixtlahuaca,Av. Miguel Hidalgo s/n,Col. Cerro del Temismo,50280,"(722) 227 70 72, 215 70 80",,,,,,,,-99.6939,19.33153,4,1,http://sic.gob.mx/ficha.php?table=museo&table_id=1756,1561547214,Estado de México,NA,1987-01,1987
500,Museo de Antropología e Historia,Arqueología,1987-04-27,Secretaría de Cultura y Turismo del Estado de México/Centro Cultural Mexiquense,15,México,106,Toluca,64,San Buenaventura,Blvd. Jesús Reyes Heroles 302,Delegación San Buenaventura,50110,722 274 12 00 ext. 1220,http://patrimonioyserviciosc.edomex.gob.mx/museo_antropologia_historia,,,victorosoriomah@hotmail.com,https://www.facebook.com/MAHedomex/,,,-99.70165,19.27395,6,1,http://sic.gob.mx/ficha.php?table=museo&table_id=500,1726079005,Estado de México,NA,1987-04,1987
499,Museo Hacienda La Pila,Arte,1987-04-27,Secretaría de Cultura y Turismo del Gobierno del Estado de México,15,México,106,Toluca,64,San Buenaventura,Jesús Reyes Heroles 302,Col. San Buenaventura,50110,722 274 54 58,https://patrimonioyserviciosc.edomex.gob.mx/museo-hacieda-pila,,,museohaciendalapila@gmail.com,https://www.facebook.com/MLaPila,,,-99.70169,19.27255,7,2,http://sic.gob.mx/ficha.php?table=museo&table_id=499,1726087182,Estado de México,NA,1987-04,1987
488,Museo de Arte Moderno del Estado de México,Arte,1987-04-27,Secretaría de Cultura y Turismo del Estado de México,15,México,106,Toluca,64,San Buenaventura,Blvd. Jesús Reyes Heroles 302,Col. San Buenaventura,50110,722  274 12 66,http://patrimonioyserviciosc.edomex.gob.mx/museo_arte_moderno,,,museoartemodernotoluca@gmail.com,https://www.facebook.com/ModernoEdomex,,,-99.70327,19.27189,6,2,http://sic.gob.mx/ficha.php?table=museo&table_id=488,1661423315,Estado de México,NA,1987-04,1987
2308,Museo Nacional de la Pirotecnia (Munapi),,2023-01-13,Dirección de Desarrollo de la Pirotecnia del Ayuntamiento de Tultepec /SEDATU,15,México,108,Tultepec,1,Tultepec,Av. 8va. Av. Morelos,Col. San Rafael,54960,55 8790 3022,https://munapi.gob.mx,,,munapi@tultepec.gob.mx,https://www.facebook.com/museo.nacional.pirotecnia,,,-99.12833,19.68555,3,1,http://sic.gob.mx/ficha.php?table=museo&table_id=2308,1677509877,Estado de México,NA,2023-01,2023
792,Museo Comunitario de Tultitlán,TND,NA,Ayuntamiento de Tultitlán,15,México,109,Tultitlán,1,Tultitlán de Mariano Escobedo,"Av. Morelos s/n, Delegación Municipal)",,NA,(55) 5888 1146 ext 108,,,,,,,,0,0,-1,-1,http://sic.gob.mx/ficha.php?table=museo&table_id=792,1726160556,Estado de México,NA,NA,NA
281,Museo Joaquín Arcadio Pagaza,Historia,1994-01-11,Secretaría de Cultura y Turismo del Gobierno del Estado de México,15,México,110,Valle de Bravo,1,Valle de Bravo,Joaquín Arcadio Pagaza 201,Centro,51200,726  262 40 46,http://patrimonioyserviciosc.edomex.gob.mx/ccja,,,museopagaza@gmail.com,,,,-100.13027,19.1924,4,1,http://sic.gob.mx/ficha.php?table=museo&table_id=281,1726080329,Estado de México,NA,1994-01,1994
1472,Museo Arqueológico de Valle de Bravo,Arqueología,2010-10-29,Secretaría de Cultura del Estado de México,15,México,110,Valle de Bravo,1,Valle de Bravo,Av. Costera s/n,Santa María Ahuacatlán,51200,726 262 60 82,http://patrimonioyserviciosc.edomex.gob.mx/patrimonio/museos/museo-arqueologico-valle-bravo,,,arqueologico_vb@yahoo.com.mx,,,,-100.13002,19.1871,2,1,http://sic.gob.mx/ficha.php?table=museo&table_id=1472,1726079628,Estado de México,NA,2010-10,2010
262,Museo Virreinal de Zinacantepec,Arte,1980-07-05,Secretaría de Cultura del Estado de México,15,México,118,Zinacantepec,1,San Miguel Zinacantepec,Independencia 101,Centro,51350,(722) 218 25 93,http://patrimonioyserviciosc.edomex.gob.mx/virreinal_zinacantepec,,,museovirreinal@gmail.com,https://www.facebook.com/MuseoVirreinal/,,,-99.73562,19.28299,20,0,http://sic.gob.mx/ficha.php?table=museo&table_id=262,1615292649,Estado de México,NA,1980-07,1980
2220,Museo Paleontológico de Santa Lucía Quinametzin,,2022-02-10,SEDENA/Secretaría de Cultura/INAH,15,México,120,Zumpango,1,Zumpango de Ocampo,"Carr. Federal México- Pachuca Santa Lucía, Base Aérea Militar Campo Militar 37 D ,General P.A. Alfredo Lezama Álvarez",,55640,59 1915 0317,https://mamutsantalucia.com/,,,contacto@mamutsantalucia.com,https://www.facebook.com/mamutsantalucia,https://x.com/mamutsantalucia,https://www.instagram.com/mamutsantalucia,-98.98718,19.73797,5,1,http://sic.gob.mx/ficha.php?table=museo&table_id=2220,1727921951,Estado de México,NA,2022-02,2022
1529,Museo Militar de Aviación,Historia,1933-11-15,Secretaría de la Defensa Nacional (SEDENA),15,México,120,Zumpango,56,Santa Lucía,"Carr. Federal México-Pachuca, Base Aérea Militar 1",,55640,,https://www.gob.mx/sedena/acciones-y-programas/atencion-al-publico-museo-militar-de-aviacion-b-a-m-no-1-sta-lucia-edo-mex,,,sdnfam02@mail.sedena.gob.mx,https://www.facebook.com/AviationMex/,,,-98.98063,19.74908,7,0,http://sic.gob.mx/ficha.php?table=museo&table_id=1529,1684140715,Estado de México,NA,1933-11,1933
799,Museo Comunitario del Valle de Xico,Arqueología,1996-06-24,Comisión Local para la Preservación del Patrimonio Cultural de Valle de Chalco Solidaridad,15,México,122,Valle de Chalco Solidaridad,1,Xico,Av. Adolfo López Mateos s/n,Col. Cerro del Marqués,56614,(55) 2154 2415,,,,museocomunitariodexico@gmail.com,,,,-98.93559,19.27411,-1,-1,http://sic.gob.mx/ficha.php?table=museo&table_id=799,1589815435,Estado de México,NA,1996-06,1996
777,Museo Eduardo Ruiz,TND,1997-12-18,Museo Comunitario de la Junta Vecinal,16,Michoacán de Ocampo,3,Álvaro Obregón,5,Felipe Carrillo Puerto,Gabriel Pastos s/n,Col. Felipe Carrillo Puerto,58920,"(455) 352 39 00, 352 38 70",,,,presidencia.aobregon@hotmail.com; secretaria20152018@gmail.com,,,,0,0,-1,-1,http://sic.gob.mx/ficha.php?table=museo&table_id=777,1497012998,Michoacán,NA,1997-12,1997
778,Museo Casa de la Constitución,Historia,1912-01-01,Ayuntamiento de Apatzingán/Casa de la Cultura,16,Michoacán de Ocampo,6,Apatzingán,1,Apatzingán de la Constitución,Av. Constitución de 1814 núm. 1,Centro,60600,"(453) 534 18 43, 534 01 94",,,,museocasaconstitucion@hotmail.com,https://www.facebook.com/constitucion1814/,,,-102.35409,19.08733,-1,-1,http://sic.gob.mx/ficha.php?table=museo&table_id=778,1683112612,Michoacán,NA,1912-01,1912
1546,Museo de la Tierra Caliente,Antropología,1995-10-27,"Centro de Cultura y Desarrollo, A.C.",16,Michoacán de Ocampo,6,Apatzingán,1,Apatzingán de la Constitución,"Av. Constitución de 1814 Norte 2, altos 1",Centro,60600,453 534 32 29,,,,museotierracaliente@hotmail.com,,,,-102.35405,19.0879,1,0,http://sic.gob.mx/ficha.php?table=museo&table_id=1546,1683030304,Michoacán,NA,1995-10,1995
772,Museo del Primer Supremo Tribunal de Justicia de la Nación,Historia,2013-03-07,Suprema Corte de Justicia de la Nación (SCJN),16,Michoacán de Ocampo,9,Ario,1,Ario de Rosales,Portal 1er Tribunal Supremo de Justicia de la República s/n,Centro,61830,"55 4113 1000 ext. 8081, 8082, 8083",https://www.sitios.scjn.gob.mx/casascultura/casas-cultura-juridica/ario-de-rosales-michoacan,,,sedehistorica@mail.scjn.gob.mx,,,,-101.19398,19.70168,5,1,http://sic.gob.mx/ficha.php?table=museo&table_id=772,1713985630,Michoacán,NA,2013-03,2013
1077,Museo Casa Morelos,Historia,1981-09-01,Ayuntamiento de Carácuaro,16,Michoacán de Ocampo,13,Carácuaro,1,Carácuaro de Morelos,1ra. Lázaro Cárdenas s/n esq. Francisco I. Madero,Centro,61920,(459) 351 00 20,,,,cugafa-671004@hotmail.com,,,,-101.12699,19.01731,8,3,http://sic.gob.mx/ficha.php?table=museo&table_id=1077,1533729883,Michoacán,NA,1981-09,1981
1842,Museo Regional Profr. Antonio Castañeda Robles,Arte,2011-05-25,Ayuntamiento de Coahuayana,16,Michoacán de Ocampo,14,Coahuayana,1,Coahuayana de Hidalgo,Pino Suarez s/n,Centro,60800,(313) 327 03 21,,,,,https://www.facebook.com/MuseoprofesorAntonio/,,,-103.66293,18.70247,3,0,http://sic.gob.mx/ficha.php?table=museo&table_id=1842,1569333204,Michoacán,NA,2011-05,2011
1713,Museo Comunitario de Cotija,Historia,2006-05-21,,16,Michoacán de Ocampo,19,Cotija,1,Cotija de la Paz,Nicolás Bravo 6,Centro,59940,(394)  534 26 70,,,,,,,,-102.70462,19.80853,6,0,http://sic.gob.mx/ficha.php?table=museo&table_id=1713,1466011626,Michoacán,NA,2006-05,2006
1071,Antiguo Convento de Santa María Magdalena,Arte,1965-01-01,Secretaría de Cultura/INAH,16,Michoacán de Ocampo,20,Cuitzeo,1,Cuitzeo del Porvenir,Lado Ote. del Jardín principal,Zona Centro,58840,455 357 0175,http://www.inah.gob.mx/es/red-de-museos/312-museo-de-la-estampa-del-antiguo-convento-de-santa-maria-magdalena,,https://lugares.inah.gob.mx/lugar-126-es,michoacan@inah.gob.mx; juan_ocampo@inah.gob.mx,,,,-101.13791,19.96856,-1,-1,http://sic.gob.mx/ficha.php?table=museo&table_id=1071,1651234706,Michoacán,NA,1965-01,1965
2098,Museo de Sitio de la Zona Arqueológica de Tres Cerritos,,2014-01-01,Secretaría de Cultura/INAH,16,Michoacán de Ocampo,20,Cuitzeo,1,Cuitzeo del Porvenir,Domicilio Conocido,,58840,(443) 312 88 38,http://www.inah.gob.mx/es/zonas/178-zona-arqueologica-tres-cerritos,,,,,,,-101.10459,19.96029,0,0,http://sic.gob.mx/ficha.php?table=museo&table_id=2098,1561721925,Michoacán,NA,2014-01,2014
1850,Museo Tlaximaloyan,Arqueología,2014-01-01,Patronato del Museo Taximaroa,16,Michoacán de Ocampo,34,Hidalgo,1,Ciudad Hidalgo,Melchor Ocampo 28,Centro,61100,,,,,,https://www.facebook.com/tlaximaloyan,,,-100.55685,19.69125,8,0,http://sic.gob.mx/ficha.php?table=museo&table_id=1850,1602508554,Michoacán,NA,2014-01,2014
2247,Sala Introductoria a la Zona Arqueológica de Huandacareo,,NA,Secretaría de Cultura/INAH,16,Michoacán de Ocampo,36,Huandacareo,1,Huandacareo,Carret. Cuitzeo-Puruándiro Km. 16.5,Col. La Nopalera,58820,443 312 8838,,,,centroinahmich@inah.gob.mx,,,,-101.2902,19.99446,0,0,http://sic.gob.mx/ficha.php?table=museo&table_id=2247,1681820819,Michoacán,NA,NA,NA
320,Museo Lázaro Cárdenas del Río,Historia,1976-11-29,UNAM/Coordinación de Humanidades,16,Michoacán de Ocampo,45,Jiquilpan,1,Jiquilpan de Juárez,Av. Lázaro Cárdenas esq. Felicitas del Río s/n,Centro,59510,(353) 533 05 57 ext. 105,http://uaer.humanidades.unam.mx/museo/introduccion/,,,difuaer@humanidades.unam.mx,,,,-102.71483,19.98622,3,1,http://sic.gob.mx/ficha.php?table=museo&table_id=320,1561042823,Michoacán,NA,1976-11,1976
13,Museo Casa Natal de Morelos,Historia,1965-09-30,Secretaría de Cultura del Estado de Michoacán,16,Michoacán de Ocampo,53,Morelia,1,Morelia,Corregidora 113,Centro,58000,443 312 27 93,https://cultura.michoacan.gob.mx/noticias/museo-casa-natal-de-morelos-un-homenaje-al-siervo-de-la-nacion/,,,casanataldemorelos@hotmail.com,https://www.facebook.com/CasaNatalMorelos/,,,-101.1925,19.70082,3,0,http://sic.gob.mx/ficha.php?table=museo&table_id=13,1729530094,Michoacán,NA,1965-09,1965
1028,Museo de Arte Colonial,Arte,1984-09-28,Secretaría de Cultura del Estado de Michoacán,16,Michoacán de Ocampo,53,Morelia,1,Morelia,Benito Juárez 240,Centro,58000,(443) 313 92 60,,http://morelianas.com/morelia/museos/museo-de-arte-colonial/,,mac.sc@michoacan.gob.mx,,,,-101.19216,19.70506,6,-1,http://sic.gob.mx/ficha.php?table=museo&table_id=1028,1436224554,Michoacán,NA,1984-09,1984
1037,Museo y Archivo Histórico Casa de Morelos,Historia,1939-01-01,Secretaría de Cultura/INAH,16,Michoacán de Ocampo,53,Morelia,1,Morelia,Av. Morelos Sur 323,Centro,58000,443 313 26 51,,,https://lugares.inah.gob.mx/lugar-174-es,museo_casamorelos@inah.gob.mx,https://www.facebook.com/Museo-de-sitio-y-Archivo-Hist%C3%B3rico-Casa-de-Morelos-108398277579758/,,,-101.19251,19.7006,9,0,http://sic.gob.mx/ficha.php?table=museo&table_id=1037,1733941928,Michoacán,NA,1939-01,1939
1891,Orquidiario de Morelia,Ciencia y tecnología,NA,Centro de Convenciones y Exposiciones de Morelia,16,Michoacán de Ocampo,53,Morelia,1,Morelia,Av. Ventura Puente s/n,Col. Felix Ireta,58070,(443) 232 4414,http://ceconexpo.com/orquidario/,,,orquidariodemorelia@gmail.com,,,,-101.18154,19.68497,2,1,http://sic.gob.mx/ficha.php?table=museo&table_id=1891,1533734984,Michoacán,NA,NA,NA
1036,Museo del Estado de Michoacán,Antropología,1986-08-11,Secretaría de Cultura del Estado,16,Michoacán de Ocampo,53,Morelia,1,Morelia,Guillermo Prieto 176,Centro Histórico,58000,443 304 57 72,,,,museodelestadonuevo@gmail.com,https://www.facebook.com/MuseoMichoacan,,,-101.194,19.70464,3,0,http://sic.gob.mx/ficha.php?table=museo&table_id=1036,1680705853,Michoacán,NA,1986-08,1986
1039,Museo Michoacano de las Artesanías,Arte,1982-01-01,Casa de las Artesanías del Estado de Michoacán de Ocampo,16,Michoacán de Ocampo,53,Morelia,1,Morelia,Fray Juan de San Miguel 129,Centro,58000,443 317 25 81,,http://casart.michoacan.gob.mx/index.php/tramites-y-servicios/museo,,casart@michoacan.gob.mx,,,,-101.18885,19.70174,-1,-1,http://sic.gob.mx/ficha.php?table=museo&table_id=1039,1683543867,Michoacán,NA,1982-01,1982
2038,Museo de Residuos SOS,,2016-09-05,Secretaría de Servicios Públicos Municipales/Ayuntamiento de Morelia,16,Michoacán de Ocampo,53,Morelia,1,Morelia,Perif. Paseo de la República 6500,Col. Lago I,58115,(443)327 46 77,,,,gustavogv44@hotmail.com,https://www.facebook.com/sos.ayuntamiento/,,,-101.19205,19.70338,0,0,http://sic.gob.mx/ficha.php?table=museo&table_id=2038,1610534818,Michoacán,NA,2016-09,2016
1890,Planetario de Morelia Licenciado Felipe Rivera,Ciencia y tecnología,1975-09-29,Centro de Convenciones y Exposiciones de Morelia,16,Michoacán de Ocampo,53,Morelia,1,Morelia,Av. Ventura Puente s/n,Col. Félix Ireta,58070,443 314 24 65,http://www.ceconexpo.com/planetario,,,moreliaplanetario@gmail.com,https://www.facebook.com/CECONEXPO/,,,-101.18331,19.6848,2,1,http://sic.gob.mx/ficha.php?table=museo&table_id=1890,1701774355,Michoacán,NA,1975-09,1975
1034,Museo de Arte Contemporáneo Alfredo Zalce (MACAZ),Arte,1971-09-30,Secretaría de Cultura del Estado de Michoacán,16,Michoacán de Ocampo,53,Morelia,1,Morelia,Av. Acueducto 18,Centro,58000,(443) 312  54 04,,,,macaz.morelia@gmail.com,https://www.facebook.com/macaz.secum/,,,-101.17969,19.69961,8,7,http://sic.gob.mx/ficha.php?table=museo&table_id=1034,1611669314,Michoacán,NA,1971-09,1971
1126,Museo Histórico del Poder Judicial del Estado de Michoacán,Historia,2004-05-18,Gobierno del Estado de Michoacán/Poder Judicial,16,Michoacán de Ocampo,53,Morelia,1,Morelia,Portal Allende 267,Centro Histórico,58000,443 310 95 12,,http://www.poderjudicialmichoacan.gob.mx,,rimahernandez2@yahoo.com.mx,,,,-101.19433,19.70216,4,2,http://sic.gob.mx/ficha.php?table=museo&table_id=1126,1629993156,Michoacán,NA,2004-05,2004
2379,Museo del Dulce,,NA,Dulces Morelianos Calle Real,16,Michoacán de Ocampo,53,Morelia,1,Morelia,Av. Madero Ote. 440,Centro,58000,443 312 04 77,https://callereal.mx/#recorridos,,,contacto@callereal.mx,https://www.facebook.com/pages/Museo-del-Dulce-MORELIA-MICHOACAN/381994761831626,,,-101.19205,19.70338,4,0,http://sic.gob.mx/ficha.php?table=museo&table_id=2379,1697130247,Michoacán,NA,NA,NA
1,Sala Melchor Ocampo del Colegio Primitivo y Nacional de San Nicolás de Hidalgo,Historia,1971-01-01,Universidad Michoacana de San Nicolás de Hidalg,16,Michoacán de Ocampo,53,Morelia,1,Morelia,Av. Madero Pte. 351,Centro,58000,(443) 312 01 67 ext. 101,,,,contacto@umich.mx,,,,-101.19477,19.70316,1,0,http://sic.gob.mx/ficha.php?table=museo&table_id=1,1610706623,Michoacán,NA,1971-01,1971
1040,"Museo Regional Michoacano, Dr. Nicolás León Calderón",Arqueología,1886-01-30,Secretaría de Cultura/INAH,16,Michoacán de Ocampo,53,Morelia,1,Morelia,Allende 305 esq. Abasolo,Centro,58000,443 312 04 07,,http://www.inah.gob.mx/es/red-de-museos/297-museo-regional-de-michoacan-dr-nicolas-leon-calderon,https://lugares.inah.gob.mx/lugar-98-es,jaime_reyes@inah.gob.mx,,,,-101.19437,19.70178,13,1,http://sic.gob.mx/ficha.php?table=museo&table_id=1040,1664799172,Michoacán,NA,1886-01,1886
2241,Sala de Exposiciones del Centro INAH-Michoacán,,2012-03-06,Secretaría de Cultura/INAH/Antiguo Palacio Federal de Morelia,16,Michoacán de Ocampo,53,Morelia,1,Morelia,Av. Francisco I. Madero Ote.369,Centro Histórico,58000,443 312 8838,,,,marcoa_rodriguez@inah.gob.mx,,,,-101.18788,19.70293,0,0,http://sic.gob.mx/ficha.php?table=museo&table_id=2241,1727984783,Michoacán,NA,2012-03,2012
245,Museo de Historia Natural Manuel Martínez Solórzano,Ciencia y tecnología,1986-12-06,Universidad Michoacana de San Nicolás de Hidalgo,16,Michoacán de Ocampo,53,Morelia,1,Morelia,Av. Ventura Puente 23,Centro,58000,443 312 00 44,http://museohistorianatural.blogspot.mx/,https://www.muhna.umich.mx/museo/acerca-de.html,,muhna@umich.mx,,,,-101.17895,19.69776,3,2,http://sic.gob.mx/ficha.php?table=museo&table_id=245,1674224897,Michoacán,NA,1986-12,1986
758,Museo de Geología y Mineralogía Dr. Jenaro González Reyna,Ciencia y tecnología,1962-01-01,Universidad Michoacana de San Nicolás de Hidalgo/Facultad de Ingeniería Civil,16,Michoacán de Ocampo,53,Morelia,1,Morelia,"Francisco J. Mújica s/n, Ciudad Universitaria, edif. F",Col. Felícitas del Río,58040,(443) 322 35 00 ext. 4325,,,,aidalopher@gmail.com; museo.geologia.umich@gmail.com; cindylago@hotmail.com,,,,-101.20675,19.69139,-1,-1,http://sic.gob.mx/ficha.php?table=museo&table_id=758,1529494281,Michoacán,NA,1962-01,1962
2466,Museo de la Casa de la Cultura de Paracho,,NA,Ayuntamiento de Paracho/Dirección de Cultura,16,Michoacán de Ocampo,65,Paracho,1,Paracho de Verduzco,Francisco de Castro s/n esq. Av. 20 de Noviembre,Centro,60250,423 525 12 59,https://paracho.gob.mx,,,cultura2024@gmail.com,,,,-102.04781,19.64693,0,0,http://sic.gob.mx/ficha.php?table=museo&table_id=2466,1729535977,Michoacán,NA,NA,NA
1845,Centro de Interpretación Ruta Don Vasco,TND,2015-09-01,,16,Michoacán de Ocampo,66,Pátzcuaro,1,Pátzcuaro,Calzada Ibarra 1,Col Revolución,61609,(443) 311 21 26,,,,jaime_verduzco@hotmail.com; erivera2701@hotmail.com,https://www.facebook.com/pg/CentroRutaDonVasco/about/?ref=page_internal,,,-101.61451,19.52461,0,0,http://sic.gob.mx/ficha.php?table=museo&table_id=1845,1569332360,Michoacán,NA,2015-09,2015
246,Museo de Artes e Industrias Populares de Pátzcuaro,Arte,1938-10-01,Secretaría de Cultura/INAH,16,Michoacán de Ocampo,66,Pátzcuaro,1,Pátzcuaro,Arciga s/n esq. Alcantarilla,Zona Centro,61600,434 342 1029,http://www.inah.gob.mx/es/red-de-museos/299-museo-local-de-artes-e-industrias-populares-de-patzcuaro,,https://lugares.inah.gob.mx/es/museos-inah/museo/403-museo-local-de-artes-e-industrias-populares-de-p%C3%A1tzcuaro.html?lugar_id=403,patricia_teran@inah.gob.mx,,,,-101.60694,19.51366,-1,-1,http://sic.gob.mx/ficha.php?table=museo&table_id=246,1668619845,Michoacán,NA,1938-10,1938
779,Museo Agrarista de Tzurumútaro,Historia,1974-09-01,,16,Michoacán de Ocampo,66,Pátzcuaro,47,Zurumútaro (Tzurumútaro),Francisco I. Madero núm. 1,Centro,61615,443 313 10 99,,,,turismo.mich@gmail.com,https://www.facebook.com/MuaTzuru,,,-101.58877,19.54619,4,-1,http://sic.gob.mx/ficha.php?table=museo&table_id=779,1736789862,Michoacán,NA,1974-09,1974
773,Museo Comunitario Hospital-Pueblo,Historia,NA,Comunidad Indígena de Santa Fe de la Laguna,16,Michoacán de Ocampo,73,Quiroga,1,Quiroga,Utopía s/n,Barrio San Juan I,58431,443 202 74 15,,,,nlygg@hotmail.com,,,,-101.55485,19.67409,1,0,http://sic.gob.mx/ficha.php?table=museo&table_id=773,1719531499,Michoacán,NA,NA,NA
1076,Museo Nacional del Cobre,Arte,1977-08-12,Ayuntamiento de Salvador Escalante,16,Michoacán de Ocampo,79,Salvador Escalante,1,Santa Clara del Cobre,Av. Morelos 263 esq. Pino Suárez,Centro,61800,(434) 343 01 51,,,,santaclara@gmail.com,https://www.facebook.com/museo.nacional.1,,,-101.63793,19.40562,-1,-1,http://sic.gob.mx/ficha.php?table=museo&table_id=1076,1569333112,Michoacán,NA,1977-08,1977
1709,Museo del Maíz,Historia,2020-02-02,,16,Michoacán de Ocampo,80,Senguio,9,Manzana de Carindapaz Uno,"San Antonio primera fracción, km 2 carr. Tupátaro - Chincua",,NA,44 3215 0883,,,,mudmaiz@gmail.com,,,https://www.instagram.com/museomaiz,-100.37485,19.74349,0,0,http://sic.gob.mx/ficha.php?table=museo&table_id=1709,1718988426,Michoacán,NA,2020-02,2020
1853,Museo del Centro Cultural Amalia Solórzano,TND,2007-01-01,Patronato ciudadano,16,Michoacán de Ocampo,82,Tacámbaro,1,Tacámbaro de Codallos,Portal de Codallos 8,Centro,61650,(459) 596 03 45,,,,museoamaliasolorzano@hotmail.com,,,,-101.45883,19.23584,0,0,http://sic.gob.mx/ficha.php?table=museo&table_id=1853,1517422332,Michoacán,NA,2007-01,2007
1854,Museo Comunitario de Tancítaro,Historia,NA,Patronato,16,Michoacán de Ocampo,83,Tancítaro,1,Tancítaro,Nicolás Bravo s/n,Centro,60460,(425) 591 5311,,,,jhoancharl@hotmail.com,,,,-102.3628,19.34145,0,0,http://sic.gob.mx/ficha.php?table=museo&table_id=1854,1496255621,Michoacán,NA,NA,NA
1716,Museo El Real del Tajo,Historia,1980-09-29,Particular,16,Michoacán de Ocampo,85,Tangancícuaro,1,Tangancícuaro de Arista,Av. Gral. Carlos Salazar Ote. 240,Centro,NA,(355) 553 20 74,,,,alfernandez@megacable.com.mx,,,,0,0,16,0,http://sic.gob.mx/ficha.php?table=museo&table_id=1716,1462820797,Michoacán,NA,1980-09,1980
2099,Museo de Sitio de la Zona Arqueológica de Tingambato,,1980-01-01,Secretaría de Cultura/INAH,16,Michoacán de Ocampo,90,Tingambato,1,Tingambato,"Tinganio s/n, Tercero",,60290,(443) 312 8838,http://www.inah.gob.mx/es/zonas/177-zona-arqueologica-tingambato,,,centroinahmich@inah.gob.mx,,,,-101.85874,19.49458,0,0,http://sic.gob.mx/ficha.php?table=museo&table_id=2099,1638529543,Michoacán,NA,1980-01,1980
1074,Museo Hermanos López Rayón,Historia,1963-07-31,"Patronato del Museo Hermanos López Rayón, A.C.",16,Michoacán de Ocampo,93,Tlalpujahua,1,Tlalpujahua de Rayón,Torbellinos s/n,Centro,61060,,,,,merh2115@hotmail.com,,,,-100.17146,19.80531,-1,-1,http://sic.gob.mx/ficha.php?table=museo&table_id=1074,1636034061,Michoacán,NA,1963-07,1963
1125,Museo Tecnológico Minero del Siglo XIX.  Mina Las  dos Estrellas,Ciencia y tecnología,1998-03-31,"Rescate Ecológico Cultural y Minero, A.C.",16,Michoacán de Ocampo,93,Tlalpujahua,2,Dos Estrellas,Carret. El Oro-Tlalpujahua s/n,Col. Dos Estrellas,61060,711 158 08 79 y 80,,,,mina2estrellas@hotmail.com,https://www.facebook.com/MuseoMina2Estrellas/?locale=es_LA,,,-100.15564,19.79164,0,-1,http://sic.gob.mx/ficha.php?table=museo&table_id=1125,1699367255,Michoacán,NA,1998-03,1998
1849,Museo Uralca,Arqueología,2008-09-27,Municipio de Tlazazalca,16,Michoacán de Ocampo,94,Tlazazalca,1,Tlazazalca,Mercado Municipal s/n 2° piso,Centro,58740,Cel. 436 105 3013,https://www.facebook.com/museocasadecultura.uralca?lst=1000175748%3A100003140333702%3A1496256781,,,jomelagui@yahoo.es,,,,0,0,1,0,http://sic.gob.mx/ficha.php?table=museo&table_id=1849,1518466653,Michoacán,NA,2008-09,2008
1597,Museo del Ex convento de Santa Ana Tzintzuntzan,Historia,2012-11-21,Centro Cultural Comunitario de Tzintzuntzan,16,Michoacán de Ocampo,100,Tzintzuntzan,1,Tzintzuntzan,"Convento s/n, Plaza Principal",Centro,58440,(434) 344 30 05,,,,jponciano@itesm.mx; jnicolas@itmorelia.edu.mx; tanytama@hotmail.com,,,,-101.57931,19.62603,-1,-1,http://sic.gob.mx/ficha.php?table=museo&table_id=1597,1586886504,Michoacán,NA,2012-11,2012
1038,Museo de Sitio de las Yácatas Zona Arqueológica Tzintzuntzan,Arqueología,1992-11-01,Secretaría de Cultura/INAH,16,Michoacán de Ocampo,100,Tzintzuntzan,1,Tzintzuntzan,Av. Las Yácatas s/n,Centro,58440,443 312 88 38,http://www.inah.gob.mx/es/red-de-museos/298-museo-de-sitio-de-las-yacatas-o-museo-de-sitio-de-la-zona-arqueologica-tzintzuntzan,,https://lugares.inah.gob.mx/lugar-154-es,miguel_cabrera@inah.gob.mx; centroinahmich@inah.gob.mx,,,,-101.57189,19.62358,-1,-1,http://sic.gob.mx/ficha.php?table=museo&table_id=1038,1726777044,Michoacán,NA,1992-11,1992
9,Museo Indígena Huatapera,Arte,1954-10-23,Instituto Nacional de los Pueblos Indígenas (INPI),16,Michoacán de Ocampo,102,Uruapan,1,Uruapan,Plaza Morelos s/n esq. Vasco de Quiroga,Centro,60000,452 524 34 34,,,,ftapia@inpi.gob.mx,,,,-102.06214,19.42108,4,2,http://sic.gob.mx/ficha.php?table=museo&table_id=9,1667830613,Michoacán,NA,1954-10,1954
1851,Museo Fray Juan de San Miguel,Antropología,2015-10-24,"Fray Juan de San Miguel, A.C.",16,Michoacán de Ocampo,102,Uruapan,1,Uruapan,Alvaro Obregón 14,Centro,60000,(452) 690 55 22,,,,,https://www.facebook.com/Museo-Fray-Juan-de-San-Miguel-AC-Oficial-880917818701424/,,,-102.06126,19.42033,0,0,http://sic.gob.mx/ficha.php?table=museo&table_id=1851,1569332646,Michoacán,NA,2015-10,2015
780,Museo Municipal,Arqueología,1992-10-21,Ayuntamiento de Uruapan/Casa de Cultura,16,Michoacán de Ocampo,102,Uruapan,1,Uruapan,García Ortiz 1,Centro,60000,(452) 524 76 13,,,,,https://www.facebook.com/permalink.php?id=660326477404835&story_fbid=1769781223126016,,,-102.06344,19.4216,2,-1,http://sic.gob.mx/ficha.php?table=museo&table_id=780,1611664785,Michoacán,NA,1992-10,1992
764,Museo Municipal Eduardo Ruiz,Arqueología,NA,Casa de Cultura de Uruapan,16,Michoacán de Ocampo,102,Uruapan,1,Uruapan,García Ortiz 1,Centro,60000,(452) 524 76 13,,,,casa_culturaupn@hotmail.com,,,,-102.0634,19.42143,-1,-1,http://sic.gob.mx/ficha.php?table=museo&table_id=764,1517509913,Michoacán,NA,NA,NA
755,Museo kutsïkua Arhákuchari K'umánchikua,Arqueología,2021-02-20,Instituto de Investigaciones en Ciencias de la Tierra,16,Michoacán de Ocampo,102,Uruapan,57,Angahuan,Domicilio Conocido,,NA,,,,,direccion.iict@umich.mx,,,,-102.22509,19.54765,-1,-1,http://sic.gob.mx/ficha.php?table=museo&table_id=755,1627996209,Michoacán,NA,2021-02,2021
1672,Museo Comunitario de Vista Hermosa M.V.Z. Octavio M. Carrillo Castellanos,TND,2009-12-01,Ayuntamiento de Vista Hermosa,16,Michoacán de Ocampo,105,Vista Hermosa,1,Vista Hermosa de Negrete,Av. Miguel Hidalgo 1-B,Centro,59200,(328) 524 20 13 ext. 119,,https://www.facebook.com/pages/Museo-Comunitario-Octavio-Manuel-Carrillo-Castellanos/675952865771099?ref=stream,,aquezada60@hotmail.com,,,,-102.47358,20.27272,4,1,http://sic.gob.mx/ficha.php?table=museo&table_id=1672,1666874557,Michoacán,NA,2009-12,2009
1228,Museo Municipal Pentathlón de Yurécuaro,Antropología,1995-07-09,Ayuntamiento de Yurécuaro,16,Michoacán de Ocampo,106,Yurécuaro,1,Yurécuaro,Francisco Villa s/n esq. Austacio Zepeda,Centro,59250,(356)  568 22 73,,,,museopdu_yurecuaro@yahoo.com.mx,https://www.facebook.com/pages/Museo-Municipal-Pentathl%C3%B3n-Yur%C3%A9cuaro/260005487493515?fref=ts,,,-102.28434,20.33422,-1,-1,http://sic.gob.mx/ficha.php?table=museo&table_id=1228,1610961185,Michoacán,NA,1995-07,1995
1439,Museo de la Ciudad de Zamora,Historia,2010-01-18,Ayuntamiento de Zamora de Hidalgo,16,Michoacán de Ocampo,108,Zamora,1,Zamora de Hidalgo,"Ferrocarril s/n, Ant. Estación del Ferrocarril",Centro,59600,(351) 517 89 14,http://museodezamora.wixsite.com/museozam,,,museodezamora@hotmail.com,https://www.facebook.com/Museo-De-La-Ciudad-De-Zamora-Michoacan-1805062379707086/,,,-102.28483,19.99501,-1,-1,http://sic.gob.mx/ficha.php?table=museo&table_id=1439,1611670354,Michoacán,NA,2010-01,2010
1674,Casa Museo Lic. Felipe Rivera,Historia,2008-02-04,Ayuntamiento de Zinapécuaro,16,Michoacán de Ocampo,110,Zinapécuaro,1,Zinapécuaro de Figueroa,Felipe Rivera 3,Centro,58930,451 355 19 25,,,,zinapecuaro.nueva.era@gmail.com,,,,-100.82545,19.85918,-1,-1,http://sic.gob.mx/ficha.php?table=museo&table_id=1674,1625685821,Michoacán,NA,2008-02,2008
1852,Museo Casona de la Estación,Historia,2005-01-01,Ayuntamiento de Zitácuaro/Direc.de Promoción y Difusión Cultural,16,Michoacán de Ocampo,112,Zitácuaro,1,Heróica Zitácuaro,Av. Hidalgo Oriente 212-A,Col. Héroes Ferrocarrileros,61500,(175) 153 59 08,,,,museozitacuaro@yahoo.com.mx; culturazitacuaro@yahoo.com.mx,,,,-100.34495,19.4327,4,2,http://sic.gob.mx/ficha.php?table=museo&table_id=1852,1532951433,Michoacán,NA,2005-01,2005
1334,Museo Histórico y Natural Calmécac,Arqueología,2006-10-18,Ayuntamiento de Atlatlahucan/Casa de la Cultura,17,Morelos,2,Atlatlahucan,1,Atlatlahucan,Calvario s/n,Centro,62840,735 351 55 23,,,,cultura@atlatlahucan.gob.mx,https://www.facebook.com/profile.php?id=100075907544218,,,-98.90024,18.93574,6,0,http://sic.gob.mx/ficha.php?table=museo&table_id=1334,1726686910,Morelos,NA,2006-10,2006
567,Museo Regional Tlahuica,Arqueología,1999-05-31,Ayuntamiento de Axochiapan,17,Morelos,3,Axochiapan,1,Axochiapan,Benito Juárez s/n,Centro,62950,"(769) 351 06 11, 351 00 24",,,,presidenciaaxochiapan@hotmail.com; direccion-educacion@xochitepec.gob.mx,,,,-98.75327,18.50275,1,0,http://sic.gob.mx/ficha.php?table=museo&table_id=567,1466014385,Morelos,NA,1999-05,1999
1844,Museo Comunitario El Fuste,Historia,2001-01-26,Comunidad de Quebrantadero,17,Morelos,3,Axochiapan,9,Quebrantadero,Plaza de la Reforma s/n,Centro,62956,769 351 06 11,,,,aldo_23_em@hotmail.com,,,,-98.78824,18.52507,0,0,http://sic.gob.mx/ficha.php?table=museo&table_id=1844,1726694086,Morelos,NA,2001-01,2001
1531,Museo del Agrarismo Ex Hacienda de Chinameca,Historia,2011-11-28,Secretaría de Cultura del Estado de Morelos,17,Morelos,4,Ayala,4,Anenecuilco,Lázaro Cárdenas s/n,Centro,62723,(735) 170 00 83,,https://es-la.facebook.com/MuseoDelAgrarismoExHaciendaDeChinameca/,,chinamexaexhacienda@gmail.com,,,,-98.98673,18.76915,8,0,http://sic.gob.mx/ficha.php?table=museo&table_id=1531,1533809780,Morelos,NA,2011-11,2011
1229,Museo Casa Zapata,Historia,2006-08-01,Secretaría de Cultura del Estado de Morelos,17,Morelos,4,Ayala,4,Anenecuilco,Av. Emiliano Zapata s/n,Centro,62709,(735) 308 89 01,,,,museo.czapata@gmail.com,,,,-98.98778,18.77672,2,1,http://sic.gob.mx/ficha.php?table=museo&table_id=1229,1613731667,Morelos,NA,2006-08,2006
690,Museo de la Caricatura y la Historieta Joaquín Cervantes Bassoco,Arte,2000-12-02,"Movimiento Cultural Coronel Francisco Franco Salazar, A.C.",17,Morelos,4,Ayala,4,Anenecuilco,Emiliano Zapata 56,Col. Anenecuilco,62709,735 180 3970,,,,mucahi@gmail.com,https://www.facebook.com/museohistorietamexicana,,,-98.98646,18.77777,-1,-1,http://sic.gob.mx/ficha.php?table=museo&table_id=690,1683212310,Morelos,NA,2000-12,2000
1779,Museo Vivencial  279,Historia,2014-10-08,"Patronato del Museo Vivencial 279, A.C.",17,Morelos,6,Cuautla,1,Cuautla,Mariano Escobedo s/n,Centro,48150,(735) 136 71 51,,,,museovivencial279@hotmail.com,https://www.facebook.com/MuseoVivencialF279,,,-98.95447,18.81697,0,0,http://sic.gob.mx/ficha.php?table=museo&table_id=1779,1627555150,Morelos,NA,2014-10,2014
247,Museo Histórico del Oriente de Morelos Casa de Morelos,Historia,1965-09-30,Secretaría de Cultura/INAH,17,Morelos,6,Cuautla,1,Cuautla,Cjón. del Castigo 3,Centro,62740,735 352 83 31,,,"https://lugares.inah.gob.mx/es/museos-inah/museo/464-museo-hist%C3%B3rico-del-oriente-de-morelos,-casa-de-morelos.html?lugar_id=464",museodeloriente.mor@inah.gob.mx; uriel_gonzalez@inah.gob.mx,https://www.facebook.com/CasaDeMorelosCuautla/?ref=pages_you_manage,,,-98.95544,18.811889999999998,8,1,http://sic.gob.mx/ficha.php?table=museo&table_id=247,1687510799,Morelos,NA,1965-09,1965
881,Museo de la Independencia. Sitio de Cuautla,Historia,1995-09-18,Secretaría de Cultura del Estado de Morelos,17,Morelos,6,Cuautla,1,Cuautla,Batalla del 19 de Febrero s/n,Centro,62740,(735) 352 48 08,,,,museo.independencia.cuautla@gmail.com,,,,-98.95395,18.81597,4,0,http://sic.gob.mx/ficha.php?table=museo&table_id=881,1465929415,Morelos,NA,1995-09,1995
1041,Proyecto Siqueiros: Sala de Arte Público Siqueiros-La Tallera,Arte,1986-01-01,Secretaría de Cultura/INBA,17,Morelos,7,Cuernavaca,1,Cuernavaca,Venus 52,Col. Jardines de Cuernavaca,62360,(777) 160 11 90,https://saps-latallera.org/,https://www.saps-latallera.org/tallera,,administraciontallera@saps-latallera.org; educativostallera@saps-latallera.org,,https://x.com/SAPS_LaTallera,,-99.20505,18.93194,4,1,http://sic.gob.mx/ficha.php?table=museo&table_id=1041,1627555491,Morelos,NA,1986-01,1986
2022,Museo de Ciencias del Estado de Morelos,,2009-03-25,Consejo de Ciencia y Tecnología del Estado de Morelos/Centro Morelense de Comunicación de la Ciencia,17,Morelos,7,Cuernavaca,1,Cuernavaca,"Av. Atlacomulco 13, Interior Parque San Miguel Acapantzingo",Acapatzingo,62440,"777 312 3979  ext.104, 108",http://museodeciencias.morelos.gob.mx,,,cemocc@morelos.gob.mx,https://www.facebook.com/museocienciasmor/,https://x.com/MuseoCMor,,-99.2271,18.91904,3,2,http://sic.gob.mx/ficha.php?table=museo&table_id=2022,1619025772,Morelos,NA,2009-03,2009
1629,Museo Morelense de Arte Popular (MMAPO),Arte,2013-08-17,Secretaría de Cultura del Estado de Morelos,17,Morelos,7,Cuernavaca,1,Cuernavaca,Miguel Hidalgo 239,Centro,62000,"(777) 318 10 44, 318 62 00",http://mmapo.morelos.gob.mx/,https://www.facebook.com/MuseoMorelensedeArtePopular,,museomorelensedeartepopular2@gmail.com; mmapo.mx@gmail.com,,,,-99.23572,18.92091,-1,-1,http://sic.gob.mx/ficha.php?table=museo&table_id=1629,1535965862,Morelos,NA,2013-08,2013
1338,Museo del Centro Cultural Jardín Borda,Historia,1991-01-01,Secretaría de Cultura del Estado de Morelos,17,Morelos,7,Cuernavaca,1,Cuernavaca,Av. José María Morelos  271,Centro,62000,"(777) 3 18 10 50, 3 12 47 89, 3 18 10 38",,,,ccjardinborda@gmail.com,,,,-99.23765,18.921,-1,-1,http://sic.gob.mx/ficha.php?table=museo&table_id=1338,1465929524,Morelos,NA,1991-01,1991
104,Museo de la Ciudad de Cuernavaca (MuCiC),Historia,2009-11-01,Ayuntamiento de Cuernavaca/Secretaría de Desarrollo Humano y Participación Social,17,Morelos,7,Cuernavaca,1,Cuernavaca,Av. José María Morelos y Pavón Norte 265,Centro,62000,777 314 57 38,https://cuernavaca.gob.mx/?page_id=6786,,,gestioncultura.cuernavaca@gmail.com; jcontreras@cuernavaca.gob.mx,https://www.facebook.com/MuCiCuernavaca/,,,-99.23753,18.92002,0,6,http://sic.gob.mx/ficha.php?table=museo&table_id=104,1690373830,Morelos,NA,2009-11,2009
2203,Museo Cassa Gaia,,2021-06-12,,17,Morelos,7,Cuernavaca,1,Cuernavaca,Blvd. Licenciado Benito Juárez 102,Centro,62000,,,,,,https://www.facebook.com/museocassagaia/,,,-99.23392,18.92058,0,0,http://sic.gob.mx/ficha.php?table=museo&table_id=2203,1646645729,Morelos,NA,2021-06,2021
2013,Museo de Arte Sacro de Cuernavaca,,2018-07-12,Catedral de Cuernavaca/Ex-Convento de la Asunción de Cuernavaca,17,Morelos,7,Cuernavaca,1,Cuernavaca,Miguel Hidalgo 17,Centro,62000,777 312 1290,,,,sacromuseo@gmail.com,,,,-99.23684,18.92051,0,0,http://sic.gob.mx/ficha.php?table=museo&table_id=2013,1610535600,Morelos,NA,2018-07,2018
1774,Museo Universitario de Arte Indígena Contemporáneo,Arte,2015-07-13,Patronato de la Universidad Autónoma del Estado de Morelos,17,Morelos,7,Cuernavaca,1,Cuernavaca,Av. José María Morelos 107,Centro,62000,777 310 5700,,,,,https://www.facebook.com/MuseodearteIndigenacontemporaneoUAEM/?locale=es_LA,,https://www.instagram.com/muaic.uaem,-99.23789,18.92159,0,0,http://sic.gob.mx/ficha.php?table=museo&table_id=1774,1680535226,Morelos,NA,2015-07,2015
330,Museo Robert Brady,Arte,1987-03-24,"Fundación Robert Brady, A.C.",17,Morelos,7,Cuernavaca,1,Cuernavaca,Nezahualcóyotl 4,Centro,62000,(777) 318 85 54,https://www.museorobertbrady.com/,,,info@museorobertbrady.com,,,,-99.23607,18.91983,14,0,http://sic.gob.mx/ficha.php?table=museo&table_id=330,1534247058,Morelos,NA,1987-03,1987
338,Museo de Acervo Paleontológico de Cuernavaca (MAPA),Ciencia y tecnología,2000-02-12,Particular,17,Morelos,7,Cuernavaca,1,Cuernavaca,Venus 15,Jardines de Cuernavaca,62360,(777) 315 74 00,,,,mapa@netcall.com.mx,,,,-99.20566,18.93347,-1,-1,http://sic.gob.mx/ficha.php?table=museo&table_id=338,1436464309,Morelos,NA,2000-02,2000
736,Jardín Etnobotánico y Museo de la Medicina Tradicional,Antropología,1979-01-01,Secretaría de Cultura/INAH,17,Morelos,7,Cuernavaca,1,Cuernavaca,Matamoros 14,Col. Acapantzingo,62440,777 244 2023,https://inah.gob.mx/museos/jardin-etnobotanico-y-museo-de-la-medicina-tradicional,,https://lugares.inah.gob.mx/lugar-127-es,jardin.mor@inah.gob.mx,,,,-99.22415,18.90872,-1,-1,http://sic.gob.mx/ficha.php?table=museo&table_id=736,1689859701,Morelos,NA,1979-01,1979
2005,Museo Morelense de Arte Contemporáneo Juan Soriano,,2018-03-06,Gobierno del Estado,17,Morelos,7,Cuernavaca,1,Cuernavaca,Dr. Guillermo Gándara 415,Col. Amatitlán,62410,(777) 608 33 51,http://mmacjuansoriano.org/,,,contacto@mmacjuansoriano.org,,,,-99.23071,18.92307,5,2,http://sic.gob.mx/ficha.php?table=museo&table_id=2005,1585834073,Morelos,NA,2018-03,2018
1044,Museo Regional de los Pueblos de Morelos,Antropología,1974-02-01,Secretaría de Cultura/INAH,17,Morelos,7,Cuernavaca,1,Cuernavaca,Francisco Leyva 100,Centro,62000,777 312 69 96,https://www.inah.gob.mx/museos/museo-regional-cuauhnahuac-palacio-de-cortes,,https://lugares.inah.gob.mx/lugar-99-es,palaciodecortes@inah.gob.mx; juan_contreras@inah.gob.mx; rodolfo_candelas@inah.gob.mx,https://www.facebook.com/PalaciodeCortes/,,,-99.2335,18.92123,5,0,http://sic.gob.mx/ficha.php?table=museo&table_id=1044,1680610814,Morelos,NA,1974-02,1974
1264,Papalote Museo del Niño Cuernavaca,Arte,2008-12-17,"Museo Interactivo Infantil, A.C.",17,Morelos,7,Cuernavaca,1,Cuernavaca,Av. Vicente Guerrero 205,Col. Lomas de la Selva,62270,(777) 310 38 48 ext. 100,http://cuernavaca.papalote.org.mx/,,,info.cuernavaca@papalote.org.mx,https://www.facebook.com/papalotecuernavaca,,,-99.231,18.93413,-1,-1,http://sic.gob.mx/ficha.php?table=museo&table_id=1264,1625668831,Morelos,NA,2008-12,2008
1764,Museo Güelu,Arte,2010-08-01,"Fundación Fernando Cué Gómez, A.C.",17,Morelos,7,Cuernavaca,1,Cuernavaca,Ixcateopan 101,Col. Vista Hermosa,62290,777 311 65 72,http://www.museoguelu.org.mx/,,,museo@museoguelu.org.mx,,,https://www.instagram.com/museo_guelu,-99.22212,18.93161,1,0,http://sic.gob.mx/ficha.php?table=museo&table_id=1764,1697022230,Morelos,NA,2010-08,2010
639,Museo   Mariano Matamoros,Historia,1984-01-01,Secretaría de Cultura del Estado de Morelos,17,Morelos,10,Jantetelco,1,Jantetelco,Calle Reforma 55,Centro,62970,(777) 318 10 62,,,,museomarianomatamoros@gmail.com,,,,-98.77816,18.71571,1,0,http://sic.gob.mx/ficha.php?table=museo&table_id=639,1563357378,Morelos,NA,1984-01,1984
1043,Museo de Sitio de Xochicalco,Arqueología,1996-04-10,Secretaría de Cultura/INAH,17,Morelos,15,Miacatlán,1,Miacatlán,Carr. Federal Xochicalco-Tetlama s/n,Col. Xochicalco,62609,737 374 30 91,,http://www.inah.gob.mx/es/red-de-museos/250-museo-de-sitio-de-xochicalco,https://lugares.inah.gob.mx/lugar-156-es,xochicalco.mor@inah.gob.mx; cuauhtli_medina@inah.gob.mx,,,,-99.29105,18.80219,-1,-1,http://sic.gob.mx/ficha.php?table=museo&table_id=1043,1656018555,Morelos,NA,1996-04,1996
1846,Museo Comunitario de Ocuituco,TND,2018-01-23,Grupo Cultural Siena Ocuituco A.C.,17,Morelos,16,Ocuituco,1,Ocuituco,Calle Agustín Cazares s/n,Barrio Tepexi Ocuituco,62850,Cel. (735) 120 21 04,,,,,,,,-98.77522,18.87112,0,0,http://sic.gob.mx/ficha.php?table=museo&table_id=1846,1570440511,Morelos,NA,2018-01,2018
747,Museo Comunitario de San Juan Tlacotenco,Historia,NA,Comunitario independiente,17,Morelos,20,Tepoztlán,1,Tepoztlán,"Domicilio conocido s/n, planta baja de la ayudantía municipal",Centro,62520,(739) 395 08 32,,,,,,,,-99.09902,18.9856,-1,-1,http://sic.gob.mx/ficha.php?table=museo&table_id=747,1544712084,Morelos,NA,NA,NA
752,Museo de Arte Prehispánico Colección Carlos Pellicer,Arqueología,1965-07-24,"Patronato Amigos de Tepoztlán, A.C.",17,Morelos,20,Tepoztlán,1,Tepoztlán,Arq. Pablo A. González 2,Centro,62520,739 395 10 98,,http://www.travelbymexico.com/tepoztlan/atractivos/?nom=1275950242,,,,,,-99.09879,18.98555,-1,-1,http://sic.gob.mx/ficha.php?table=museo&table_id=752,1702306307,Morelos,NA,1965-07,1965
880,Museo y Centro de Documentación Histórica Ex Convento de Tepoztlán,Antropología,1994-01-01,Secretaría de Cultura/INAH,17,Morelos,20,Tepoztlán,1,Tepoztlán,Envila y No Reelección s/n,Zona Centro,62520,739 395 0255,https://www.inah.gob.mx/red-de-museos/248-museo-ex-convento-de-tepoztlan-museo-de-la-natividad,,https://lugares.inah.gob.mx/lugar-177-es,mcdh.mor@inah.gob.mx; exconventodetepoztlan@yahoo.com.mx,,,,-99.09969,18.98661,-1,-1,http://sic.gob.mx/ficha.php?table=museo&table_id=880,1664799406,Morelos,NA,1994-01,1994
754,Museo Comunitario Ce Acatl Topiltzin Quetzalcóatl (Un ave serpiente),TND,1996-01-01,Comité Cultural de Amatlán,17,Morelos,20,Tepoztlán,1,Tepoztlán,Quetzalcóatl s/n,Pueblo Amatlán de Quetzalcóatl,62525,(739) 395 18 95,,,,cultural@amatlandequetzalcoatl.mx,,,,-99.09822,18.98611,-1,-1,http://sic.gob.mx/ficha.php?table=museo&table_id=754,1497888176,Morelos,NA,1996-01,1996
109,Museo de la Revolución de Sur: Ex Cuartel de Zapata,Historia,1969-04-10,Dirección General de Museos y Exposiciones,17,Morelos,24,Tlaltizapán de Zapata,1,Tlaltizapán,Vicente Guerrero 2,Centro,62770,734 341 51 26,,,,museorevoluciondelsur@hotmail.com,https://www.facebook.com/profile.php?id=100064543432464,,,-99.11908,18.68731,2,1,http://sic.gob.mx/ficha.php?table=museo&table_id=109,1687531665,Morelos,NA,1969-04,1969
301,Museo Comunitario Rubén Jaramillo,TND,1995-05-23,"Unión de Pueblos de Morelos, A.C.",17,Morelos,25,Tlaquiltenango,1,Tlaquiltenango,Av. Morelos s/n esq. Emiliano Zapata,Centro,62980,"734 342 14 32, 734 342 14 77",,,,presidenciatlaquiltenango@hotmail.com,,,,-99.16127,18.63626,-1,-1,http://sic.gob.mx/ficha.php?table=museo&table_id=301,1685113537,Morelos,NA,1995-05,1995
1612,Museo Comunitario de Chimalacatlán (Temporalmente cerrado),Antropología,2013-08-03,Comunidad de Chimalacatlán,17,Morelos,25,Tlaquiltenango,6,Chimalacatlán,Domicilio conocido,Centro,62900,734 346 6898,,,,,,,,-99.08884,18.46474,1,0,http://sic.gob.mx/ficha.php?table=museo&table_id=1612,1715708351,Morelos,NA,2013-08,2013
339,Museo del Centro Cultural La Cerería,Historia,1991-02-02,Ayuntamiento de Tlayacapan,17,Morelos,26,Tlayacapan,1,Tlayacapan,Plaza de la Corregidora s/n,Centro,62540,735 357 67 27 3.,,,,cultura@tlayacapan.gob.mx,,,,-98.98383,18.95667,2,2,http://sic.gob.mx/ficha.php?table=museo&table_id=339,1655984032,Morelos,NA,1991-02,1991
656,Museo Ex Convento de San Juan Bautista,Arte,1996-10-05,"Museo Ex Convento de San Juan Bautista, A.C.",17,Morelos,26,Tlayacapan,1,Tlayacapan,Av. Justo Sierra s/n,Centro,62540,(735) 357 73 12,http://mediateca.inah.gob.mx/repositorio/islandora/object/guia%3A233,,,,,,,-98.98153,18.95605,2,-1,http://sic.gob.mx/ficha.php?table=museo&table_id=656,1627554590,Morelos,NA,1996-10,1996
749,Museo Comunitario de Totolapan,TND,NA,Ayuntamiento de Totolapan,17,Morelos,27,Totolapan,1,Totolapan,Domicilio conocido,Centro,62830,(735) 353 21 91,,,,culturatotolapan@hotmail.com,,,,-98.92176,18.98812,-1,-1,http://sic.gob.mx/ficha.php?table=museo&table_id=749,1551968188,Morelos,NA,NA,NA
680,Museo Dr. Emeterio González Orduña el Museo del Campesino,Arqueología,1974-03-29,Ayuntamiento de Xochitepec/Dirección de Desarrollo Turístico y Fomento Cultural de Xochitepec/Centro Cultural Xochitepequense,17,Morelos,28,Xochitepec,1,Xochitepec,Rep. de Guatemala 2 esq. Argentina,Centro,62790,777 361 4282 ext. 105,https://www.xochitepec.gob.mx/atractivos-turisticos,,,turismo@xochitepec.gob.mx,,,,-99.22951,18.78394,2,0,http://sic.gob.mx/ficha.php?table=museo&table_id=680,1708344163,Morelos,NA,1974-03,1974
750,Museo del Chinelo,Antropología,2005-03-07,"Grupo Cultural Yautepec, A.C.",17,Morelos,29,Yautepec,1,Yautepec de Zaragoza,Niño 34,Centro,62730,739 394 04 89,,https://www.facebook.com/museodelchinelo?fref=ts,,museodelchinelo@hotmail.com,,,,-99.06219,18.88619,-1,-1,http://sic.gob.mx/ficha.php?table=museo&table_id=750,1625763353,Morelos,NA,2005-03,2005
746,Museo Comunitario San Esteban Tetelpan,Arqueología,1997-12-01,"Museo Comunitario San Esteban Tetelpan, A.C.",17,Morelos,31,Zacatepec,1,Zacatepec de Hidalgo,"Ex Curato de la Iglesia de San Esteban, Santos Degollado s/n",Col. Zacatepec de Hidalgo,62780,(734) 347 27 47,http://www.morelosturistico.com/espanol/pagina/z_101_Museo_San_Esteban_Tetelpan.php,,,museosanestebantetelpa@hotmail.com,,,,-99.1953,18.6595,-1,-1,http://sic.gob.mx/ficha.php?table=museo&table_id=746,1544712176,Morelos,NA,1997-12,1997
734,Museo Comunitario Zoloxúchitl,TND,NA,Comunitario independiente,17,Morelos,32,Zacualpan de Amilpas,6,Tlacotepec,Plaza de la Constitución s/n esq. Miguel Hidalgo,Centro,62895,(731) 170 41 79,,,,,,,,-98.75151,18.81408,-1,-1,http://sic.gob.mx/ficha.php?table=museo&table_id=734,1466441124,Morelos,NA,NA,NA
5,Museo de Sitio de Coatetelco,Arqueología,1977-01-01,Secretaría de Cultura/INAH,17,Morelos,34,Coatetelco,1,Coatetelco Centro,Amargura s/n,Centro,62606,777 312 31 08 ext. 258021,http://www.inah.gob.mx/es/red-de-museos/252-museo-de-sitio-de-coatetelco,,https://lugares.inah.gob.mx/lugar-155-es,javier_solis@inah.gob.mx,,,,-99.32593,18.72626,-1,-1,http://sic.gob.mx/ficha.php?table=museo&table_id=5,1649770476,Morelos,NA,1977-01,1977
643,Casa Museo Vladimir Cora,Arte,1999-04-20,Particular,18,Nayarit,1,Acaponeta,1,Acaponeta,Puebla 1 Sur,Centro,63430,325 252 03 53,,,,coravladimir@hotmail.com,,,,-105.36013,22.49134,5,0,http://sic.gob.mx/ficha.php?table=museo&table_id=643,1680437435,Nayarit,NA,1999-04,1999
362,Museo Local de Compostela,Arqueología,1977-02-01,Secretaría de Cultura/INAH,18,Nayarit,4,Compostela,1,Compostela,Juárez esq. Zaragoza s/n,Centro,63700,311 216 30 22,http://www.inah.gob.mx/es/red-de-museos/271-museo-de-compostela,https://mediateca.inah.gob.mx/islandora_74/islandora/object/museo:1412,,othon_quiroga@inah.gob.mx,,,,-104.89994,21.23633,-1,-1,http://sic.gob.mx/ficha.php?table=museo&table_id=362,1664799592,Nayarit,NA,1977-02,1977
341,Museo de la Casa de Cultura de Ixtlán del Río,Arqueología,1996-01-01,Ayuntamiento de Ixtlán del Río,18,Nayarit,6,Ixtlán del Río,1,Ixtlán del Río,Av. Miguel Hidalgo 45,Centro Histórico,63940,324 243 45 04,,,,cultura.gobixtlan@gmail.com,https://www.facebook.com/DireccionDeArteyCulturaIxtlanDelRioNay/,,,-104.36798,21.03485,3,1,http://sic.gob.mx/ficha.php?table=museo&table_id=341,1699368442,Nayarit,NA,1996-01,1996
640,Museo Comunitario de Jala,Arqueología,1992-01-01,Patronato de la Casa de Cultura/Ayuntamiento de Jala,18,Nayarit,7,Jala,1,Jala,José María Salazar  14,Centro,63880,,,,,,,,,-104.43776,21.1051,-1,-1,http://sic.gob.mx/ficha.php?table=museo&table_id=640,1431444003,Nayarit,NA,1992-01,1992
2141,Museo de Arte Sacro,,2020-12-20,Ayuntamiento de Jala,18,Nayarit,7,Jala,1,Jala,Calles Hidalgo y Morelia,Centro,63890,,,,,,,,,-104.43615,21.10403,0,0,http://sic.gob.mx/ficha.php?table=museo&table_id=2141,1631009423,Nayarit,NA,2020-12,2020
2441,Ecomuseo Jala-Jomulco,,NA,,18,Nayarit,7,Jala,1,Jala,Hidalgo y Morelia s/n,Centro,63880,,,,,,https://www.facebook.com/profile.php?id=100068210834513,,,-104.43822,21.10482,0,0,http://sic.gob.mx/ficha.php?table=museo&table_id=2441,1718841509,Nayarit,NA,NA,NA
2297,Museo de Sitio Islas Marías (iSma),,2022-04-09,Secretaría de Marina,18,Nayarit,12,San Blas,1,San Blas,Isla María Madre,Puerto Balleto,63778,56 2433 3058,https://visitaislasmarias.com/,,,contacto@visitaislasmarias.com,https://www.facebook.com/islasmariasoficial/,,,-106.53803,21.63371,4,0,http://sic.gob.mx/ficha.php?table=museo&table_id=2297,1671551153,Nayarit,NA,2022-04,2022
457,Museo Comunitario de Santiago Ixcuintla,Historia,1992-01-01,Junta Vecinal Pro Conservación y Difusión del Patrimonio Histórico y Cultural y Museo Comunitario / Ayuntamiento de Santiago Ixcuintla,18,Nayarit,15,Santiago Ixcuintla,1,Santiago Ixcuintla,Jardín Juárez s/n,Centro,63300,323 235 25 64,,,,,,,,-105.20838,21.81096,-1,-1,http://sic.gob.mx/ficha.php?table=museo&table_id=457,1676554292,Nayarit,NA,1992-01,1992
483,Museo del Origen,Historia,2011-01-01,Consejo Estatal para La Cultura y  las Artes de Nayarit,18,Nayarit,15,Santiago Ixcuintla,38,Mexcaltitán de Uribe,Porfirio Díaz 1,Isla de Mexcaltitán,63560,,,,,islacaxala@hotmail.com; patrimonio.cecan@nayarit.gob.mx,https://www.facebook.com/MuseodelOrigendeMexcaltitanCECAN/,,,-105.47523,21.90594,6,0,http://sic.gob.mx/ficha.php?table=museo&table_id=483,1725411268,Nayarit,NA,2011-01,2011
261,Museo Regional de Nayarit,Arqueología,1949-07-29,Secretaría de Cultura/INAH,18,Nayarit,17,Tepic,1,Tepic,Av. México Nte. 91,Centro,63000,311 212 19 00,https://www.inah.gob.mx/museos/museo-regional-de-nayarit,,https://lugares.inah.gob.mx/lugar-100-es,miguel_delgado@inah.gob.mx,,,,-104.89263,21.50998,7,2,http://sic.gob.mx/ficha.php?table=museo&table_id=261,1719965563,Nayarit,NA,1949-07,1949
271,Casa Museo Amado Nervo,Historia,1970-08-27,Consejo Estatal para la Cultura y las Artes de Nayarit,18,Nayarit,17,Tepic,1,Tepic,Zacatecas 284 Nte.,Centro,63000,311 217 22 20,,,,museoamadonervo.cecan@nayarit.gob.mx,https://www.facebook.com/MuseoAmadoNervoCECAN/?locale=es_LA,,,-104.89042,21.51241,4,1,http://sic.gob.mx/ficha.php?table=museo&table_id=271,1726601828,Nayarit,NA,1970-08,1970
1574,Museo Interactivo de Ciencias e Innovación de Nayarit,Ciencia y tecnología,2011-08-11,Instituto Tecnológico de Tepic,18,Nayarit,17,Tepic,1,Tepic,Av. de la Salud s/n,Ciudad Industrial,63173,311 122 6372,,,,miceinayarit@gmail.com,https://www.facebook.com/MuseoInteractivodeNayaritAC/,https://x.com/COCYTENAYARIT,,-104.84948,21.4816,5,0,http://sic.gob.mx/ficha.php?table=museo&table_id=1574,1731509654,Nayarit,NA,2011-08,2011
282,Casa Museo Juan Escutia,Historia,1990-03-13,Consejo Estatal para la Cultura y las Artes de Nayarit,18,Nayarit,17,Tepic,1,Tepic,Miguel Hidalgo 71 Ote.,Centro,63000,(311) 212 33 90,,,,museojuanescutia.cecan@nayarit.gob.mx,https://www.facebook.com/CasaMuseoJuanEscutia,,,-104.89079,21.51047,3,0,http://sic.gob.mx/ficha.php?table=museo&table_id=282,1685371746,Nayarit,NA,1990-03,1990
1507,Museo de los Cinco Pueblos,Antropología,2010-11-16,"Consejo Estatal para la Cultura y las Artes de Nayarit, Centro Estatal de Culturas Populares e Indígenas",18,Nayarit,17,Tepic,1,Tepic,Av. México 115 esq. Zapata,Centro Histórico,63000,,http://cecan.nayarit.gob.mx/,,,cecupi.cecan@nayarit.gob.mx,https://www.facebook.com/museodeloscincopueblosCECAN?_rdr,,,-104.89242,21.51029,3,1,http://sic.gob.mx/ficha.php?table=museo&table_id=1507,1729714775,Nayarit,NA,2010-11,2010
1405,Centro de Arte Contemporáneo Emilia Ortiz,Arte,2010-09-24,Consejo Estatal para la Cultura y las Artes de Nayarit,18,Nayarit,17,Tepic,1,Tepic,Miguel Hidalgo 17 Ote.,Centro,63000,311  216 93 89,,,,cac.emiliaortiz.cecan@nayarit.gob.mx,https://www.facebook.com/p/Centro-de-Arte-Contempor%C3%A1neo-Emilia-Ortiz-100063182831042/,,,-104.89174,21.51089,6,0,http://sic.gob.mx/ficha.php?table=museo&table_id=1405,1676897507,Nayarit,NA,2010-09,2010
2443,Museo Ex Fábrica Textil de Bellavista,,2018-01-01,Consejo Estatal para la Cultura y las Artes de Nayarit,18,Nayarit,17,Tepic,106,Bellavista,Av del Trabajo 42,,63501,311 217 93 28,,https://www.101museos.com/museos/nayarit/844/centro-cultural-en-bellavista,,ccb.cecan@nayarit.gob.mx,https://www.facebook.com/ExFabricaBellavista,,,-104.88306,21.56364,0,0,http://sic.gob.mx/ficha.php?table=museo&table_id=2443,1719953359,Nayarit,NA,2018-01,2018
369,Museo de Antropología e Historia de Allende,Historia,1986-03-12,Ayuntamiento de Allende,19,Nuevo León,4,Allende,1,Ciudad de Allende,Allende s/n,Centro,67350,826 268 20 51 ext. 120,,,,sindicatura@allende.gob.mx,https://www.facebook.com/MunicipioAllendeNL?locale=es_LA,,,-100.01926,25.27883,3,1,http://sic.gob.mx/ficha.php?table=museo&table_id=369,1732907523,Nuevo León,NA,1986-03,1986
605,Museo Profr. Moisés Sáenz Garza,Historia,1988-12-01,Casa de Cultura/Ayuntamiento de Apodaca,19,Nuevo León,6,Apodaca,1,Ciudad Apodaca,Padre Mier s/n,Centro,66600,(81) 8386 1991,,https://www.facebook.com/pages/MUSEO-CASA-DE-LA-CULTURA-MOIS%C3%89S-S%C3%81ENZ-GARZA/206208252791718,,culturaapodaca@hotmail.com; museoapodaca@hotmail.com,,,,-100.18507,25.78023,7,1,http://sic.gob.mx/ficha.php?table=museo&table_id=605,1468261208,Nuevo León,NA,1988-12,1988
1946,Museo de la Memoria Viva,,2012-09-13,"Mundo Sustentable, A.C.",19,Nuevo León,8,Bustamante,1,Bustamante,Juárez s/n entre Zaragoza y Gral. Naranjo,Centro,65150,(045) 829 101 77 29,,https://www.facebook.com/pages/category/Nonprofit-Organization/Museo-de-la-Memoria-Viva-109125492596312/,,licmorenocantu@gmail.com,,,,-100.50498,26.536,5,0,http://sic.gob.mx/ficha.php?table=museo&table_id=1946,1552386214,Nuevo León,NA,2012-09,2012
1941,Museo de las Cosas Simples,,2016-08-06,Fundación Mundo Sustentable A.C.,19,Nuevo León,8,Bustamante,1,Bustamante,Gral Mariano Escobedo 403,Col. Las Flores,65150,(81) 8017 8184,,,,bustamante.magico@outlook.com,https://www.facebook.com/museocosassimples/,,,-100.50052,26.5346,4,0,http://sic.gob.mx/ficha.php?table=museo&table_id=1941,1610546228,Nuevo León,NA,2016-08,2016
2367,Museo de Historia de Cadereyta Jimenez,,2016-11-11,Ayuntamiento de Cadereyta Jímenez,19,Nuevo León,9,Cadereyta Jiménez,1,Cadereyta Jiménez,Martín de Zavala 501 Sur,Ejido Cadereyta,67450,828 269 09 00,,,,manuel_hdz07@hotmail.com,https://www.facebook.com/museohistoriacadereyta,,,-100.0069,25.6018,1,1,http://sic.gob.mx/ficha.php?table=museo&table_id=2367,1684763934,Nuevo León,NA,2016-11,2016
1433,Museo General Ponciano Cisneros  Quiroga,Historia,2006-10-25,Ayuntamiento de Ciénega de Flores,19,Nuevo León,12,Ciénega de Flores,1,Ciénega de Flores,Morelos s/n,Centro,65550,(825) 238 09 76,,,,rafaelrios1982@hotmail.com; casadelacultura1518@hotmail.com,,,,-100.16937,25.95205,3,0,http://sic.gob.mx/ficha.php?table=museo&table_id=1433,1625737216,Nuevo León,NA,2006-10,2006
477,Museo El Ojo,Arte,2000-04-12,Particular,19,Nuevo León,18,García,1,García,Hidalgo 100,Centro,66000,81 8363 1811,,https://www.facebook.com/pages/Museo-del-Ojo/116483261779323,,cultura@garcia.gob.mx; foto.xavy@gmail.com; mauriciofdz@prodigy.net.mx,,,,-100.59597,25.81171,8,-1,http://sic.gob.mx/ficha.php?table=museo&table_id=477,1707330844,Nuevo León,NA,2000-04,2000
2164,Museo del Antiguo Palacio Municipal,,2019-01-18,Ayuntamiento de García,19,Nuevo León,18,García,1,García,Garza Ayala 103,Centro Histórico,66000,,,,,,,,,-100.58547,25.80049,0,0,http://sic.gob.mx/ficha.php?table=museo&table_id=2164,1684519016,Nuevo León,NA,2019-01,2019
606,Museo El Centenario,Historia,1982-12-01,Ayuntamiento de San Pedro Garza García/Secretaría de Cultura de San Pedro Garza García,19,Nuevo León,19,San Pedro Garza García,1,San Pedro Garza García,Libertad 116 Ote.,Centro,66200,(81) 8400 4539 y 40,,https://www.facebook.com/pages/El-Centenario-Museo-de-Historia-de-San-Pedro/187494861296348,,muce@sanpedro.gob.mx,,https://x.com/museocentenario,,-100.40176,25.66459,8,4,http://sic.gob.mx/ficha.php?table=museo&table_id=606,1491319285,Nuevo León,NA,1982-12,1982
1410,Museo Histórico Regional,Especializado,2009-01-01,Ayuntamiento de General Bravo,19,Nuevo León,20,General Bravo,1,General Bravo,5 de Mayo s/n,Centro,67000,823 234 02 04,,,,presidencia@generalbravonl.gob.mx,,,,-99.18115,25.79322,3,0,http://sic.gob.mx/ficha.php?table=museo&table_id=1410,1699541382,Nuevo León,NA,2009-01,2009
1317,Museo Histórico de Escobedo,Historia,2006-10-27,Ayuntamiento de Escobedo,19,Nuevo León,21,General Escobedo,1,Ciudad General Escobedo,Lic. Raúl Caballero Escamilla 101,Centro,66050,(81) 8220 6100 ext. 1307,,http://www.escobedo.gob.mx/,,educacionescobedo@hotmail.com; cculturaescobedo@yahoo.com.mx,,,,-100.32296,25.80831,5,0,http://sic.gob.mx/ficha.php?table=museo&table_id=1317,1531134577,Nuevo León,NA,2006-10,2006
349,Museo Río Blanco,Antropología,2000-03-03,Ayuntamiento de General Zaragoza,19,Nuevo León,24,General Zaragoza,1,General Zaragoza,5 de Febrero núm. 5,Centro,67960,(826) 213 30 99,,https://www.facebook.com/Zaragoza.NuevoLeon.Mexico/timeline,,melva_771@hotmail.com; museorioblanco@gmail.com,,,,-99.77249,23.9742,1,0,http://sic.gob.mx/ficha.php?table=museo&table_id=349,1468344531,Nuevo León,NA,2000-03,2000
2019,Museo Municipal de General Zaragoza,,NA,Ayuntamiento de General Zaragoza,19,Nuevo León,24,General Zaragoza,1,General Zaragoza,Calle 5 de Mayo s/n,Centro,67960,826 213 3099 ext 101,https://generalzaragozanl.gob.mx/index,,,educacionculturaydeporte2023@outlook.gob,,,,-99.77247,23.97328,0,0,http://sic.gob.mx/ficha.php?table=museo&table_id=2019,1697629341,Nuevo León,NA,NA,NA
581,Museo Hacienda San Pedro,Historia,1990-03-30,Centro de Información de Historia Regional-Hacienda San Pedro Celso Garza Guajardo/Universidad Autónoma de Nuevo León,19,Nuevo León,25,General Zuazua,1,General Zuazua,Carr. Monterrey-Zuazua km 4.5,Centro,65750,81 5247 0510,http://haciendasanpedro.uanl.mx/museo/,,,cihruanl@gmail.com,https://www.facebook.com/CIHR.UANL/,,,-100.11739,25.89187,13,4,http://sic.gob.mx/ficha.php?table=museo&table_id=581,1654777788,Nuevo León,NA,1990-03,1990
443,Museo de Guadalupe Mtro. Israel Cavazos,Antropología,2004-07-15,"Patronato Cultural de Ciudad Guadalupe, N.L., A.C./Ayuntamiento de Guadalupe",19,Nuevo León,26,Guadalupe,1,Guadalupe,. Barbadillo s/n Hidalgo,Centro,67100,81  8030 6198,,,,museo@guadalupe.gob.mx,https://es-es.facebook.com/pages/Museo-Ciudad-Guadalupe/579909378739487,,,-100.26002,25.67722,0,3,http://sic.gob.mx/ficha.php?table=museo&table_id=443,1657523704,Nuevo León,NA,2004-07,2004
590,Museo de Historia de Higueras,Historia,1995-12-11,Ayuntamiento de Higueras,19,Nuevo León,28,Higueras,1,Higueras,Coronel Ruperto Martínez 100,Centro,65700,825 248 20 02,,https://www.facebook.com/pages/Museo-de-Historia-de-Higueras/1423204711266526,,giovani.ma@gmail.com; presidencia_higueras@hotmail.com,,,,-100.01461,25.96159,4,2,http://sic.gob.mx/ficha.php?table=museo&table_id=590,1627566186,Nuevo León,NA,1995-12,1995
1318,SUNMART Museo de Arte,Arte,2008-08-04,"Grupo Sun Mall, A.C.",19,Nuevo León,31,Juárez,1,Ciudad Benito Juárez,Av. de la Industria 555,Parque Corporativo San Engracia,67275,81  1366 1900,,,,sunmart@sunmall.com.mx,https://es-la.facebook.com/sunmart01/,,,-100.11197,25.6501,5,1,http://sic.gob.mx/ficha.php?table=museo&table_id=1318,1656327985,Nuevo León,NA,2008-08,2008
603,Museo de Linares,Historia,1997-09-24,"Museo de Linares, A.C.",19,Nuevo León,33,Linares,1,Linares,Morelos 105 Pte.,Centro,67700,(821) 212 60 00,,https://es-la.facebook.com/museolinaresac/,,museolinaresac@gmail.com,,,,-99.56846,24.85893,6,2,http://sic.gob.mx/ficha.php?table=museo&table_id=603,1630569340,Nuevo León,NA,1997-09,1997
351,Museo Comunitario de Mier y Noriega,Ciencia y tecnología,2000-03-08,Ayuntamiento de Mier y Noriega,19,Nuevo León,36,Mier y Noriega,1,Mier y Noriega,Aldama e Hidalgo s/n,Centro,67980,,,,,diegoramirez8606@gmail.com; admon2015-2018@outlook.com; maricela1608@yahoo.com.mx,,,,-100.11964,23.42276,1,-1,http://sic.gob.mx/ficha.php?table=museo&table_id=351,1552058406,Nuevo León,NA,2000-03,2000
358,Museo Bernabé de las Casas,Antropología,1988-10-22,Patronato de Promoción y Desarrollo Sociocultural de Mina/Ayuntamiento de Mina,19,Nuevo León,37,Mina,1,Mina,Hidalgo 909,Centro,65100,829 288 00 82,,,,museobernabedelascasas@yahoo.com.mx,https://www.facebook.com/MuseodeMinaNuevoLeon?fref=ts,,,-100.52717,26.00091,12,2,http://sic.gob.mx/ficha.php?table=museo&table_id=358,1654767685,Nuevo León,NA,1988-10,1988
582,Museo de Sitio  de la Zona Arqueológica de Boca de Potrerillos,Arqueología,1994-11-29,Secretaría de Cultura/INAH,19,Nuevo León,37,Mina,1,Mina,Carr. a Monclova km. 49.3,Ejido de Potrerillos,65100,(81) 8333 9751,https://www.inah.gob.mx/zonas/184-zona-arqueologica-boca-de-potrerillos,,,bodepotrerillos@inah.gob.mx,https://www.facebook.com/bocadepotrerillosINAH,,,-100.61215,26.06723,1,0,http://sic.gob.mx/ficha.php?table=museo&table_id=582,1639650175,Nuevo León,NA,1994-11,1994
1319,Museo Histórico Valle del Pilón,Historia,2008-05-28,Patronato Museo Histórico Valle del Pilón/Ayuntamiento de Montemorelos,19,Nuevo León,38,Montemorelos,1,Montemorelos,Prol. Frontera s/n,Barrio Paras,67500,826,,,,museohistoricovalledelpilon@hotmail.com,https://www.facebook.com/museo.historico,,,-99.81897,25.19351,9,2,http://sic.gob.mx/ficha.php?table=museo&table_id=1319,1707402597,Nuevo León,826,2008-05,2008
2416,Museo del Cristo Gigante de Montemorelos,,2015-04-25,,19,Nuevo León,38,Montemorelos,1,Montemorelos,La Fuente 102 esq. Av. Libertad,Col. Zambrano,67512,826 103 60 55,,,,,https://www.facebook.com/profile.php?id=100064457151879,,,-99.83812,25.19487,4,0,http://sic.gob.mx/ficha.php?table=museo&table_id=2416,1707405369,Nuevo León,NA,2015-04,2015
2364,La Casa del Liderazgo Humanista,,2022-03-31,"Centro Eugenio Garza Sada, AC",19,Nuevo León,39,Monterrey,1,Monterrey,Cerro del Obispado 603,Col. Obispado,64000,81 5980 1002,https://www.bienvenidosalacasa.mx,,,info@cegs.mx; hola@bienvenidosalacasa.mx; lacasa@cegs.mx,https://www.facebook.com/lacasadeliderazgohumanista,,https://www.instagram.com/lacasadeliderazgohumanista,-100.34076,25.6728,0,0,http://sic.gob.mx/ficha.php?table=museo&table_id=2364,1684436679,Nuevo León,NA,2022-03,2022
2349,Museo Universitario de Ciencias,,2023-04-19,Facultad de Ciencias Físico Matemáticas/Universidad Autónoma de Nuevo León (UANL),19,Nuevo León,39,Monterrey,1,Monterrey,Vicente Suárez 1060 nte.,Col. Modelo,64580,81 8329 4000 ext. 3369,https://www.fcfm.uanl.mx/museo,,,museouniversitario@uanl.edu.mx,https://www.facebook.com/FCFM.UANL,https://x.com/FCFMUANL,,-100.29522,25.68268,5,0,http://sic.gob.mx/ficha.php?table=museo&table_id=2349,1682513531,Nuevo León,NA,2023-04,2023
2330,Sala - Museo Martha Chapa,,2013-11-05,Universidad Autónoma de Nuevo León/Biblioteca Universitaria Raúl Rangel Frías,19,Nuevo León,39,Monterrey,1,Monterrey,Av. Alfonso Reyes 4000 Nte.,Col. Regina,64290,81 8329 4090,https://www.dgb.uanl.mx/bibliotecas/burrf/salamuseomarthachapa/,https://marthachapa.com/pages/museo-1,,info.marthachapa@gmail.com,https://www.facebook.com/SalaMuseoMarthaChapa/,,,-100.31259,25.71649,0,0,http://sic.gob.mx/ficha.php?table=museo&table_id=2330,1678724512,Nuevo León,NA,2013-11,2013
530,Museo de Sitio de Arqueología Industrial Parque Fundidora,Ciencia y tecnología,2001-02-24,Gobierno del Estado de Nuevo León/Parque Fundidora,19,Nuevo León,39,Monterrey,1,Monterrey,Av. Fundidora y Adolfo Prieto s/n,Col. Obrera,64010,81 8126 8500,http://www.parquefundidora.org,,,info@parquefundidora.org,,,,-100.28436,25.67889,-1,-1,http://sic.gob.mx/ficha.php?table=museo&table_id=530,1629990974,Nuevo León,NA,2001-02,2001
307,Museo Estación del Golfo,Historia,1997-10-03,Casa de la Cultura de Nuevo León/CONARTE,19,Nuevo León,39,Monterrey,1,Monterrey,Av. Cristóbal Colón 400,Centro,64000,81 8374 11 28 ext. 113,https://conarte.org.mx/casa-de-la-cultura-de-nuevo-leon/,,,etrujillo@conarte.org.mx; museoferrocarrilmty@hotmail.com,,,,-100.3097,25.68496,8,1,http://sic.gob.mx/ficha.php?table=museo&table_id=307,1692614593,Nuevo León,NA,1997-10,1997
584,Pinacoteca de Nuevo León,Arte,1990-07-13,Consejo para la Cultura y las Artes de Nuevo León/Centro Cultural Universitario Colegio Civil,19,Nuevo León,39,Monterrey,1,Monterrey,Colegio Civil s/n entre 5 de Mayo y Washington,Centro,64000,81 1340 4358 y 62,http://conarte.org.mx/pinacoteca-nuevo-leon/,https://conarte.org.mx/lugar/pinacoteca-de-nuevo-leon/,,elozano@conarte.org.mx; ana.rodriguezl@uanl.mx,https://www.facebook.com/pages/Pinacoteca%20de%20Nuevo%20Leon/137643526337672,,https://www.instagram.com/pinacotecanl_conarte,-100.31573,25.67442,3,1,http://sic.gob.mx/ficha.php?table=museo&table_id=584,1721075980,Nuevo León,NA,1990-07,1990
1765,El Museo del Dulce,Especializado,2015-04-23,Ayuntamiento de Monterrey,19,Nuevo León,39,Monterrey,1,Monterrey,"Diego de Montemayor 444, Paseo Santa Lucía",Centro,64000,81  8344 2639,,,,elmuseodeldulce@outlook.com,https://es-la.facebook.com/MuseodelDulce/,,,-100.30717,25.67147,5,0,http://sic.gob.mx/ficha.php?table=museo&table_id=1765,1654767307,Nuevo León,NA,2015-04,2015
1197,Museo del Acero Horno3,Ciencia y tecnología,2007-08-17,"Patronato Museo del Acero, A.C./Parque Fundidora",19,Nuevo León,39,Monterrey,1,Monterrey,Av. Fundidora y Adolfo Prieto s/n,Col. Obrera,64010,81 3158 6555,http://www.horno3.org/,,,info@horno3.org,,https://x.com/horno3,,-100.28282,25.67607,2,0,http://sic.gob.mx/ficha.php?table=museo&table_id=1197,1654779218,Nuevo León,NA,2007-08,2007
1592,Papalote Museo del Niño Monterrey,TND,2018-07-14,"Servi Museos, A.C",19,Nuevo León,39,Monterrey,1,Monterrey,Av. Fundidora y Adolfo Prieto s/n,Parque Fundidora,64010,81 1642 3161,http://monterrey.papalote.org.mx/,,,atencionalvisitante.mty@papalote.org.mx,https://www.facebook.com/PapaloteMuseoMty/,,,-100.28453,25.67678,6,-1,http://sic.gob.mx/ficha.php?table=museo&table_id=1592,1711557002,Nuevo León,NA,2018-07,2018
356,Museo de Arte Contemporáneo de Monterrey (MARCO),Arte,1991-06-28,Patronato del Museo de Arte Contemporáneo de Monterrey,19,Nuevo León,39,Monterrey,1,Monterrey,Juan Zuazua s/n,Centro,64000,81  8262 4500,https://www.marco.org.mx/,,,informacion@marco.org.mx,https://www.facebook.com/museomarcomty/,https://x.com/MuseoMARCO,https://www.instagram.com/museomarco,-100.30979,25.66454,12,11,http://sic.gob.mx/ficha.php?table=museo&table_id=356,1677754676,Nuevo León,NA,1991-06,1991
1892,Museo de Cera de Monterrey,Arte,2014-09-01,Parque Fundidora/Gobierno del Estado de Nuevo León,19,Nuevo León,39,Monterrey,1,Monterrey,Av. Fundidora y Adolfo Prieto s/n,Col. Obrera,64010,818 191 5694,https://museodeceramonterrey.com/,,,info@museodeceramonterrey.com; musceramonterrey@hotmail.com,https://www.facebook.com/musceramty/,,,-100.2843,25.67726,6,0,http://sic.gob.mx/ficha.php?table=museo&table_id=1892,1715276287,Nuevo León,NA,2014-09,2014
612,"Museo Regional de Nuevo León, Ex Obispado",Historia,1956-09-20,Secretaría de Cultura/INAH,19,Nuevo León,39,Monterrey,1,Monterrey,Fray Rafael Verger s/n,Col. Obispado,64060,"55 4166 0770, ext. 278018, 278021 y 278022",,https://mediateca.inah.gob.mx/islandora_74/islandora/object/museo%3A1197,,museo_obispado@inah.gob.mx; dory_macdonal@inah.gob.mx; roberto_salinas@inah.gob.mx,https://www.facebook.com/MuseoRegionaldeNuevoLeonElObispado,,https://www.instagram.com/museo_obispado,-100.34222,25.6732,10,2,http://sic.gob.mx/ficha.php?table=museo&table_id=612,1738698646,Nuevo León,NA,1956-09,1956
589,Museo La Casa de los Títeres,Arte,1994-11-12,"Baúl Teatro, A.C.",19,Nuevo León,39,Monterrey,1,Monterrey,Padre Raymundo Jardón 910,Barrio Antiguo,64000,81 8343 0604,,https://www.facebook.com/MuseoLaCasaDeLosTiteres/,,baul@baulteatro.com,,,,-100.30776,25.66482,5,2,http://sic.gob.mx/ficha.php?table=museo&table_id=589,1704377512,Nuevo León,NA,1994-11,1994
446,Museo de Historia Mexicana,Historia,1994-11-30,Gobierno del Estado de Nuevo León,19,Nuevo León,39,Monterrey,1,Monterrey,Dr. Coss 445 Sur,Centro,64000,(81) 2033 9898,http://www.museohistoriamexicana.org.mx/themes/mhm.html,http://www.museohistoriamexicana.org.mx,,igonzalez@3museos.com,,https://x.com/3museos,,-100.30679,25.67155,8,3,http://sic.gob.mx/ficha.php?table=museo&table_id=446,1527266498,Nuevo León,NA,1994-11,1994
613,Museo Estatal de Culturas Populares de Nuevo León,Arte,1992-03-11,CONARTE,19,Nuevo León,39,Monterrey,1,Monterrey,Mariano Abasolo 1024,"Centro, Barrio Antiguo",64000,(81) 8344 3030,http://conarte.org.mx/museo-estatal-culturas-populares/,,,gnevares@conarte.gob.mx,,,,-100.30652,25.6655,2,1,http://sic.gob.mx/ficha.php?table=museo&table_id=613,1544712945,Nuevo León,NA,1992-03,1992
521,Sala Museo Dr. Ángel Oscar Ulloa Gregori,Ciencia y tecnología,1993-10-18,Facultad de Medicina de la Universidad Autónoma de Nuevo León,19,Nuevo León,39,Monterrey,1,Monterrey,Dr. Eduardo Aguirre Pequeño s/n,Col. Mitras Centro,64460,(81) 8329 4050 ext. 2693,http://www.medicina.uanl.mx/salamuseo/,https://www.facebook.com/SalaMuseoDrAngelOscarUlloaGregori/timeline,,a_hugo16@hotmail.com; aortiz@medicinauanl.mx,,,,-100.34757,25.69001,2,0,http://sic.gob.mx/ficha.php?table=museo&table_id=521,1542812092,Nuevo León,NA,1993-10,1993
616,Museo Metropolitano de Monterrey,Historia,1995-09-29,Ayuntamiento de Monterrey/Dirección de Cultura,19,Nuevo León,39,Monterrey,1,Monterrey,Zaragoza Sur s/n,Centro,64000,81 8344 2503,,https://www.mexicoescultura.com/recinto/53389/museo-metropolitano-de-monterrey.html,,museometropolitanooficial@gmail.com,https://es-la.facebook.com/museometropolitanodemonterrey/,https://x.com/MuseoMonterrey,,-100.31127,25.66615,8,2,http://sic.gob.mx/ficha.php?table=museo&table_id=616,1708090172,Nuevo León,NA,1995-09,1995
1320,Museo del Palacio (Cerrado temporalmente),Historia,2008-08-30,Gobierno del Estado de Nuevo León,19,Nuevo León,39,Monterrey,1,Monterrey,5 de Mayo s/n,Centro,64000,81 2033 9900,https://www.3museos.com/sobre-3-museos/museo-del-palacio/,,,igonzalez@3museos.com,https://www.facebook.com/3museos,https://x.com/3museos,,-100.30642,25.67143,4,0,http://sic.gob.mx/ficha.php?table=museo&table_id=1320,1683120394,Nuevo León,NA,2008-08,2008
1412,Museo Histórico del Centro Cultural Universiario,Historia,2007-01-31,Colegio Civil/Universidad Autónoma de Nuevo León,19,Nuevo León,39,Monterrey,1,Monterrey,"Colegio Civil s/n, Centro Cultural Universitario",Centro,64000,(81) 1340 4350,,http://cultura.uanl.mx/colegio-civil-centro-cultural-universitario/,,rogelio.villarreale@uanl.mx,,,,-100.31584,25.67414,3,1,http://sic.gob.mx/ficha.php?table=museo&table_id=1412,1531135841,Nuevo León,NA,2007-01,2007
101,Museo del Vidrio (MUVI),Arte,1991-12-06,"Vitro, S.A. de C.V.",19,Nuevo León,39,Monterrey,1,Monterrey,Escobedo 1735,Col. Treviño,64570,81 8863 1052,http://www.museodelvidrio.com/,,,museov@vitro.com,,https://x.com/MuseodelVidrio,,-100.30617,25.68901,9,1,http://sic.gob.mx/ficha.php?table=museo&table_id=101,1656325426,Nuevo León,NA,1991-12,1991
1183,Museo del Noreste (MUNE),Historia,2007-09-21,Gobierno del Estado de Nuevo León,19,Nuevo León,39,Monterrey,1,Monterrey,Dr. Coss 445,Centro,64000,81 2033 9898 ext. 116,https://www.3museos.com/sobre-3-museos/museo-del-noreste/,,,igonzalez@3museos.com,https://www.facebook.com/3museos,https://x.com/3museos,,-100.30663,25.67071,8,1,http://sic.gob.mx/ficha.php?table=museo&table_id=1183,1656322547,Nuevo León,NA,2007-09,2007
610,Salón de la Fama del Béisbol Mexicano,Historia,2019-02-20,Parque Fundidora,19,Nuevo León,39,Monterrey,1,Monterrey,Gregorio Torres s/n,Col. Obrera,64010,"81 8328 5000 ext. 5615, 5618",https://www.salondelafamadelbeisbolmexicano.com/,,,comunicacion@salondelafamadelbeisbol.com.mx,https://www.facebook.com/salondelafamadelbeisbolmx,,,-100.29595,25.6725,-1,-1,http://sic.gob.mx/ficha.php?table=museo&table_id=610,1656327674,Nuevo León,NA,2019-02,2019
513,Museo de Autos y del Transporte de Monterrey Humberto Lobo Villarreal,Especializado,1990-07-13,"Museo de Autos y del Transporte de Monterrey, A.C.",19,Nuevo León,39,Monterrey,1,Monterrey,Av. Alfonso Reyes 1000,Col. Regina,64000,81  8331 3890,,,,museodelauto@hotmail.com,https://www.facebook.com/JuanManuelEscarenoZamarron/,,,-100.31157,25.71347,2,0,http://sic.gob.mx/ficha.php?table=museo&table_id=513,1697035405,Nuevo León,NA,1990-07,1990
604,Museo de Historia Regional Profr. Celso Garza Guajardo,Historia,1982-12-23,Ayuntamiento de Sabinas Hidalgo/Secretaría de Cultura,19,Nuevo León,44,Sabinas Hidalgo,1,Ciudad Sabinas Hidalgo,Porfirio Díaz 410,Centro,65200,824 242 09 19,https://sabinashidalgo.gob.mx/gobiernompal/,,,secretariadecultuasabinashgo@gmai.com,,,,-100.18072,26.49938,-1,-1,http://sic.gob.mx/ficha.php?table=museo&table_id=604,1704364624,Nuevo León,NA,1982-12,1982
1252,Museo San Nicolás (MUSAN),Ciencia y tecnología,1994-10-01,Ayuntamiento de San Nicolás de los Garza/Instituto Municipal para el Desarrollo Cultural,19,Nuevo León,46,San Nicolás de los Garza,1,San Nicolás de los Garza,Av. de la Juventud s/n esq. Ojo de Agua,Col. Potrero Anáhuac,66456,81 8286 5501,,,,museodesannicolas@gmail.com; indec.sn@gmail.com; ccarrasco@indec.gob.mx,,https://x.com/museosannicolas,,-100.29441,25.73556,6,1,http://sic.gob.mx/ficha.php?table=museo&table_id=1252,1698668163,Nuevo León,NA,1994-10,1994
607,Museo Industrial  El Blanqueo,Ciencia y tecnología,2000-10-27,Ayuntamiento de Santa Catarina,19,Nuevo León,48,Santa Catarina,1,Ciudad Santa Catarina,Monte Blanco 325,Col. Montenegro,66350,81 8676 1700 ext. 4110,http://museoelblanqueo.blogspot.mx/,,,,,,,-100.44122,25.66592,2,1,http://sic.gob.mx/ficha.php?table=museo&table_id=607,1679051456,Nuevo León,NA,2000-10,2000
1324,Museo de Historia de Santiago,Historia,2007-07-25,Ayuntamiento de Santiago/Secretaría de Desarrolo Social y Humano,19,Nuevo León,49,Santiago,1,Santiago,Abasolo 100 esq. Juárez,Centro,67300,(81) 2285 0060,,https://www.facebook.com/museodehistoriasantiago/,,culturasantiago@gmail.com; culturasantiago@gmail.com,,,,-100.1512,25.42468,3,0,http://sic.gob.mx/ficha.php?table=museo&table_id=1324,1544712607,Nuevo León,NA,2007-07,2007
585,Museo Casa de la Plomada,Ciencia y tecnología,1991-11-04,Ayuntamiento de Vallecillo,19,Nuevo León,50,Vallecillo,1,Vallecillo,Francisco I. Madero s/n,Centro,65400,(824) 245 61 20,,,,presidencia_vallecillos@hotmail.com,,,,-99.98723,26.65969,3,1,http://sic.gob.mx/ficha.php?table=museo&table_id=585,1541587544,Nuevo León,NA,1991-11,1991
348,Museo Profr. Timoteo L. Hernández,Antropología,1985-05-27,Ayuntamiento de Villaldama,19,Nuevo León,51,Villaldama,1,Ciudad de Villaldama,5 de Mayo s/n,Centro,65350,(829) 245 03 26,,,,martin_ortegon@hotmail.com; villadama_15-18@hotmail.com,,,,-100.42316,26.49843,3,1,http://sic.gob.mx/ficha.php?table=museo&table_id=348,1541590543,Nuevo León,NA,1985-05,1985
315,Museo Comunitario de San José El Mogote (cerrado por remodelación),Arqueología,1986-01-01,Unión de Museos Comunitarios de Oaxaca,20,Oaxaca,33,Guadalupe Etla,1,Guadalupe Etla,Calle de Allende y Guerrero,Ex- Hda. del Cacique,68251,"951 524 25 11, 951 530 66 34",,,,museosanjoseelmogote@gmail.com,https://www.facebook.com/people/Museo-Comunitario-Ex-Hacienda-el-Cacique-San-Jos%C3%A9-el-Mogote/61555894314405/,,,-96.80409,17.16621,3,-1,http://sic.gob.mx/ficha.php?table=museo&table_id=315,1721085278,Oaxaca,NA,1986-01,1986
878,Sala Homenaje a Juárez,Historia,1967-03-01,Secretaría de Cultura/INAH,20,Oaxaca,35,Guelatao de Juárez,1,Guelatao de Juárez,Av. Benito Juárez 10,Centro,68770,951 515 0400,http://www.inah.gob.mx/es/red-de-museos/303-sala-homenaje-a-juarez,,https://lugares.inah.gob.mx/lugar-130-es,delegacion_oaxaca@inah.gob.mx,,,,-96.49436,17.3183,1,-1,http://sic.gob.mx/ficha.php?table=museo&table_id=878,1676570236,Oaxaca,NA,1967-03,1967
129,Museo Regional de Huajuapan (MUREH),Arqueología,1998-12-19,"Asociación Cívica y Cultural Antonio de León, A.C",20,Oaxaca,39,Heroica Ciudad de Huajuapan de León,1,Heroica Ciudad de Huajuapan de León,Indio de Nuyoo 15,Centro,69000,(953)119 16 91,,,,murehuajuapan@outlook.com,https://www.facebook.com/pg/MuseoRegionalDeHuajuapanMureh/posts/?ref=page_internal,,,-97.77505,17.80887,5,0,http://sic.gob.mx/ficha.php?table=museo&table_id=129,1627569536,Oaxaca,NA,1998-12,1998
1390,Museo Comunitario Añuti (Seis Mono),Arqueología,2004-11-27,Ayuntamiento de Magdalena Jaltepec,20,Oaxaca,46,Magdalena Jaltepec,1,Magdalena Jaltepec,Josefa Ortiz de Dominguez s/n,Centro,69900,951 598 70 35,,http://www.museoscomunitarios.org/jaltepec,,magdalenajaltepec@hotmail.com,,,,-97.22576,17.45886,-1,-1,http://sic.gob.mx/ficha.php?table=museo&table_id=1390,1663149676,Oaxaca,NA,2004-11,2004
1721,Museo Histórico del Palacio Municipal de  Miahuatlán,Arqueología,2000-01-01,Ayuntamiento de Miahuatlán de Porfirio Díaz,20,Oaxaca,59,Miahuatlán de Porfirio Díaz,1,Miahuatlán de Porfirio Díaz,Palacio Municipal s/n,Centro Histórico,70805,(951) 557-62-32,,,,sandritabas@gmail.com,,,,-96.59727,16.32882,0,0,http://sic.gob.mx/ficha.php?table=museo&table_id=1721,1510863571,Oaxaca,NA,2000-01,2000
1722,Museo Comunitario de Natividad,Historia,2000-06-01,Unión de Museos Comunitarios,20,Oaxaca,62,Natividad,1,Natividad,,"Centro de la población (Antiguo Local Sindical), Natividad, Ixtlán.",68700,(951) 59 888 00,,http://www.museoscomunitarios.org/natividad,,,,,,0,0,0,0,http://sic.gob.mx/ficha.php?table=museo&table_id=1722,1502725660,Oaxaca,NA,2000-06,2000
2393,Museo del Frontispicio,,2019-04-29,Universidad Autónoma de Oaxaca Benito Juárez/Facultad de Medicina y Cirugía,20,Oaxaca,67,Oaxaca de Juárez,1,Oaxaca de Juárez,"Ex Hacienda de Aguilera s/n, Calz. San Felipe del Agua",,68120,951 515 30 58,https://medicina.uabjo.mx/frontispicio,,,direccion@medicinauabjo.com.mx,https://www.facebook.com/DireccionMedicinaUABJO,,,-96.71806,17.08334,0,0,http://sic.gob.mx/ficha.php?table=museo&table_id=2393,1727138542,Oaxaca,NA,2019-04,2019
1657,Museo de Artes Populares Belber Jiménez,Arte,2008-05-28,,20,Oaxaca,67,Oaxaca de Juárez,1,Oaxaca de Juárez,Matamoros 307,Centro Histórico,68000,(951) 514 50 95,,,,coordinacion@museobelberjimenez.org,https://es-la.facebook.com/museo-belber-jimenez-111145485570691/,,,-96.72701,17.06425,6,-1,http://sic.gob.mx/ficha.php?table=museo&table_id=1657,1618923766,Oaxaca,NA,2008-05,2008
84,Museo de Filatelia de Oaxaca,Arte,1998-07-09,"Museo de Filatelia de Oaxaca, A.C.",20,Oaxaca,67,Oaxaca de Juárez,1,Oaxaca de Juárez,Constitución 201,Centro,68000,(951) 514 23 75,http://www.mufi.org.mx,,,info@mufi.org.mx,https://es-la.facebook.com/MuseodeFilatelia/,https://x.com/MUFI_oax,,-96.7215,17.06552,2,2,http://sic.gob.mx/ficha.php?table=museo&table_id=84,1618924674,Oaxaca,NA,1998-07,1998
1190,Casa de la Ciudad,Arte,2004-01-17,"Fundación Alfredo Harp Helú Oaxaca, A.C.",20,Oaxaca,67,Oaxaca de Juárez,1,Oaxaca de Juárez,Porfirio Díaz 115 esq. Porfirio Díaz,Centro Histórico,68000,951 516 96 48,https://casadelaciudad.org/?fbclid=IwAR0UsOo602fuhsLGdgIYS8iBcD51i-vKwRPjgtu31jcMMuV9P_lN2t8ZcZM,,,casadelaciudad@fahho.mx; gerardo.lopez@fahho.mx,http://www.facebook.com/pages/Casa-de-La-Ciudad/213411298714654,https://x.com/casadelaciudad,,-96.72671,17.06336,-1,-1,http://sic.gob.mx/ficha.php?table=museo&table_id=1190,1629215472,Oaxaca,NA,2004-01,2004
105,Museo de las Culturas de Oaxaca/Santo Domingo,Historia,1972-12-20,Secretaría de Cultura/INAH,20,Oaxaca,67,Oaxaca de Juárez,1,Oaxaca de Juárez,Macedonio Alcalá s/n esq. Adolfo C. Gurrión,Centro,68000,951 516 29 91,,http://mucoinah.blogspot.com,https://lugares.inah.gob.mx/lugar-102-es,museovisitas@hotmail.com,https://www.facebook.com/Museo-de-las-Culturas-de-Oaxaca-695831383896091,https://x.com/mculturasoax,,-96.7231,17.06584,14,4,http://sic.gob.mx/ficha.php?table=museo&table_id=105,1719531894,Oaxaca,NA,1972-12,1972
90,Museo Histórico Casa de Juárez,Historia,1974-12-28,Secretaría de Cultura/INAH,20,Oaxaca,67,Oaxaca de Juárez,1,Oaxaca de Juárez,García Vigil 609,Centro Histórico,68000,951 516 18 60,http://www.inah.gob.mx/es/red-de-museos/208-museo-historico-casa-de-juarez,http://museocasajuarez.blogspot.mx/,https://lugares.inah.gob.mx/lugar-175-es,inah.oaxaca@gmail.com; aciel_sanchez@inah.gob.mx,,,,-96.7246,17.06726,-1,-1,http://sic.gob.mx/ficha.php?table=museo&table_id=90,1664799713,Oaxaca,NA,1974-12,1974
1912,Museo Infantil de Oaxaca (MIO),Arte,2017-03-03,"Fundación Alfredo Harp Helú Oaxaca, A.C./Secretaría de las Culturas y las Artes de Oaxaca",20,Oaxaca,67,Oaxaca de Juárez,1,Oaxaca de Juárez,Calz. Francisco I. Madero 511,Col. Ex Marquesado,68034,951 516 9388,http://www.mio.org.mx/,,,info@mio.org.mx,https://www.facebook.com/museoinfantildeoaxaca,,,-96.73674,17.068,0,0,http://sic.gob.mx/ficha.php?table=museo&table_id=1912,1683213306,Oaxaca,NA,2017-03,2017
1219,Museo Textil de Oaxaca,Arte,2008-04-19,"Fundación Alfredo Harp Helú, A.C.",20,Oaxaca,67,Oaxaca de Juárez,1,Oaxaca de Juárez,Hidalgo 917,Centro Histórico,68000,(951)  514 92 56,https://museotextildeoaxaca.org/,,,info@museotextil.org,https://www.facebook.com/MuseoTextilDeOaxaca/,https://x.com/museomio,,-96.72297,17.06074,5,5,http://sic.gob.mx/ficha.php?table=museo&table_id=1219,1618930409,Oaxaca,NA,2008-04,2008
48,Museo de la Soledad,Arte,1951-01-01,Templo de la Soledad,20,Oaxaca,67,Oaxaca de Juárez,1,Oaxaca de Juárez,Independencia 107,Centro,68000,(951) 516 50 76,,http://www.viveoaxaca.org/2010/11/basilica-de-la-soledad-oaxaca.html,,goparjesus@hotmail.com,,,,-96.73005,17.06333,-1,-1,http://sic.gob.mx/ficha.php?table=museo&table_id=48,1502736182,Oaxaca,NA,1951-01,1951
78,Centro Fotográfico Manuel Álvarez Bravo (CFMAB),Arte,1996-09-17,"Amigos del Instituto de Artes Gráficas de Oaxaca y del Centro Fotográfico Álvarez Bravo, A.C.",20,Oaxaca,67,Oaxaca de Juárez,1,Oaxaca de Juárez,Manuel  Bravo 116,Centro,68000,951 516 98 00,https://www.cfmab.com.mx/,,,difusion.cfab@gmail.com,https://www.facebook.com/CFMAB/?ref=embed_page,,,-96.72485,17.06499,7,7,http://sic.gob.mx/ficha.php?table=museo&table_id=78,1734110603,Oaxaca,NA,1996-09,1996
1188,Museo 8 Venado Garra Jaguar,Historia,2000-03-21,,20,Oaxaca,67,Oaxaca de Juárez,1,Oaxaca de Juárez,Xicoténcatl 706,Centro,68000,(951) 514 35 79,,,,,,,,-96.72194,17.05559,-1,-1,http://sic.gob.mx/ficha.php?table=museo&table_id=1188,1502728130,Oaxaca,NA,2000-03,2000
103,Museo de Arte Prehispánico de México Rufino Tamayo,Arte,1974-01-29,Secretaría de Cultura/INBA,20,Oaxaca,67,Oaxaca de Juárez,1,Oaxaca de Juárez,Av. Morelos 503,Centro,68000,951 516 76 17,https://museotamayooaxaca.wixsite.com/museotamayooaxaca,https://es-la.facebook.com/museotamayooaxaca/,,museo_tamayo@hotmail.com,,,,-96.72671,17.06343,5,-1,http://sic.gob.mx/ficha.php?table=museo&table_id=103,1691924110,Oaxaca,NA,1974-01,1974
1723,Planetario Nundehui,Ciencia y tecnología,1976-10-15,,20,Oaxaca,67,Oaxaca de Juárez,1,Oaxaca de Juárez,Nicolás Copérnico s/n,Cerro del Fortín,NA,(951) 514 53 79,,http://www.oaxaca-mio.com/atrac_turisticos/planetario_nundehui.htm,,planetarionundehui@gmail.com,,,,-96.73306,17.07241,2,1,http://sic.gob.mx/ficha.php?table=museo&table_id=1723,1510944842,Oaxaca,NA,1976-10,1976
73,Instituto de Artes Gráficas de Oaxaca (IAGO),Arte,1988-11-30,"Amigos del IAGO y del CFMAB, A.C.",20,Oaxaca,67,Oaxaca de Juárez,1,Oaxaca de Juárez,Macedonio Alcalá 507,Centro Histórico,68000,951 516 20 45,https://www.iago.com.mx/,,,iago.difusion@gmail.com,https://www.facebook.com/IAGOmx,https://x.com/IAGO_mx,,-96.72376,17.06636,-1,-1,http://sic.gob.mx/ficha.php?table=museo&table_id=73,1689761352,Oaxaca,NA,1988-11,1988
77,Museo de Los Pintores Oaxaqueños (MUPO),Arte,2004-10-01,Secretaría de las Culturas y Artes de Oaxaca,20,Oaxaca,67,Oaxaca de Juárez,1,Oaxaca de Juárez,Av. Independencia 607,Centro Histórico,68000,(951) 516 56 45,http://www.museodelospintores.blogspot.com,,,museodelospintores@gmail.com,,https://x.com/ELMUPO,,-96.7257,17.06217,4,4,http://sic.gob.mx/ficha.php?table=museo&table_id=77,1577711057,Oaxaca,NA,2004-10,2004
813,Museo Estatal de Arte Popular Oaxaca,Arte,2004-10-02,Coordinación de Espacios Culturales de Oaxaca/Secretaría de las Culturas y Artes de Oaxaca,20,Oaxaca,115,San Bartolo Coyotepec,1,San Bartolo Coyotepec,Independencia s/n,Centro,71256,(951) 551 00 36,,,,museoartepopular@gmail.com,https://es-la.facebook.com/pg/MuseoEstatalDeArtePopularOaxaca/posts/,,,-96.70795,16.95812,2,2,http://sic.gob.mx/ficha.php?table=museo&table_id=813,1630572882,Oaxaca,NA,2004-10,2004
2259,Museo comunitario de San Francisco Jaconos,,NA,Ayuntamiento de San Francisco Cajonos,20,Oaxaca,138,San Francisco Cajonos,1,San Francisco Cajonos,"Palacio Municipal, Unión s/n",Centro,68875,951 523 90 85,,,,adrirs2011@hotmail.com; municipiosfcaxonos@gmail.com,,,,-96.24942,17.17077,0,0,http://sic.gob.mx/ficha.php?table=museo&table_id=2259,1676387123,Oaxaca,NA,NA,NA
2229,Museo Regional de Tuxtepec Casa Verde,,2022-03-15,"Patronato del Museo Regional Casa Verde, AC",20,Oaxaca,184,San Juan Bautista Tuxtepec,1,San Juan Bautista Tuxtepec,Vicente Guerrero s/n,,68300,287 110 28 82,,,,museotuxtepec@gmail.com,https://es-la.facebook.com/museotuxtepeccasaverde/,,,-96.11775,18.08193,4,1,http://sic.gob.mx/ficha.php?table=museo&table_id=2229,1680280041,Oaxaca,NA,2022-03,2022
2254,Museo Comunitario de San Juan Guelavía,,2019-12-21,"Museos Comunitarios de Oaxaca, A.C.",20,Oaxaca,197,San Juan Guelavía,1,San Juan Guelavía,Benito Juárez s/n,Centro,70464,,,,,,https://www.facebook.com/1949819031969703/posts/2331300213821581/,,,-96.54555,16.95632,0,0,http://sic.gob.mx/ficha.php?table=museo&table_id=2254,1689598912,Oaxaca,NA,2019-12,2019
562,Museo Comunitario Snuu Vico,Arqueología,1992-06-01,"Unión Estatal de Museos Comunitarios de Oaxaca, A.C.",20,Oaxaca,208,San Juan Mixtepec,1,San Juan Mixtepec Distrito 08,"Distrito de Juxtlahuaca, Plaza Cívica",Centro,69770,52(953)552-99-20,,,,,,,,0,0,-1,-1,http://sic.gob.mx/ficha.php?table=museo&table_id=562,1502997353,Oaxaca,NA,1992-06,1992
569,Museo Comunitario Hitalulu (Flor bonita),Arqueología,1991-11-01,Unión de Museos Comunitarios de Oaxaca,20,Oaxaca,239,San Martín Huamelúlpam,1,San Martín Huamelúlpam,"A un costado del palacio municipal, Plaza Cívica",Centro,69815,953 538 60 85,,,,museo.hitalulu@gmail.com,https://www.facebook.com/MuseoHitalulu/,,,-97.60309,17.39725,-1,-1,http://sic.gob.mx/ficha.php?table=museo&table_id=569,1736958054,Oaxaca,NA,1991-11,1991
1379,Museo Comunitario Ñuu Kanu,Antropología,1998-08-01,Ayuntamiento de San Miguel El Grande,20,Oaxaca,269,San Miguel el Grande,1,San Miguel el Grande,Melchor Ocampo s/n,Centro,71140,953 503 91 03,,,,arcelia_loha@hotmail.com,,,,-97.62194,17.04674,1,0,http://sic.gob.mx/ficha.php?table=museo&table_id=1379,1733168747,Oaxaca,NA,1998-08,1998
295,Museo Comunitario <i>Jna´ Niingui</i> (Cerro del Gran Caracol),Arte,1997-09-27,Unión de Museos Comunitarios de Oaxaca,20,Oaxaca,283,San Miguel Tequixtepec,1,San Miguel Tequixtepec,Calle Independencia s/n,,69360,953 153 01 39,,,,unionmuseoscomunitarios.oaxaca@gmail.com,,,,-97.3414,17.80206,1,1,http://sic.gob.mx/ficha.php?table=museo&table_id=295,1660809790,Oaxaca,NA,1997-09,1997
570,Museo Comunitario de San Pablo Huitzo,Arqueología,NA,Comunitario independiente,20,Oaxaca,294,San Pablo Huitzo,1,San Pablo Huitzo,"Ex Convento de San Pablo Huitzo, Plaza Cívica 1ra. Sección",,68220,951 528 4009,,,,,,,,-96.8835,17.27708,-1,-1,http://sic.gob.mx/ficha.php?table=museo&table_id=570,1738168908,Oaxaca,NA,NA,NA
568,Museo Comunitario Cerro de los Huizaches,Arqueología,1992-12-01,Unión de Museos Comunitarios de Oaxaca,20,Oaxaca,295,San Pablo Huixtepec,1,San Pablo Huixtepec,Plaza Cívica,Centro,71270,(957) 571 5505,,,,,,,,0,0,-1,-1,http://sic.gob.mx/ficha.php?table=museo&table_id=568,1502909564,Oaxaca,NA,1992-12,1992
2086,Museo de Sitio de la Zona Arqueológica de Mitla,,NA,Secretaría de Cutura/INAH,20,Oaxaca,298,San Pablo Villa de Mitla,1,San Pablo Villa de Mitla,Camino Nacional,,70430,(951) 513 33 46,https://www.inah.gob.mx/zonas/87-zona-arqueologica-de-mitla,,,delegacion_oaxaca@inah.gob.com,,,,-96.36069,16.92284,0,0,http://sic.gob.mx/ficha.php?table=museo&table_id=2086,1565773776,Oaxaca,NA,NA,NA
1759,Museo Oaxaqueño de Arqueología Ervin Frissell,Arqueología,1946-01-01,Secretaría de las Culturas y Artes de Oaxaca,20,Oaxaca,298,San Pablo Villa de Mitla,1,San Pablo Villa de Mitla,Benito Juárez  2,Centro,70435,,,,,museofrissell@gmail.com; MuseoOax.ErvinFrissell@gmail.com,https://www.facebook.com/profile.php?id=100089604843709,,,-96.3633,16.92203,8,1,http://sic.gob.mx/ficha.php?table=museo&table_id=1759,1691928173,Oaxaca,NA,1946-01,1946
1606,Museo de Sitio de la Zona Arqueológica de Santo Domingo Yanhuitlán (Cerrado Temporalmente),Arte,2012-09-18,Secretaría de Cultura/INAH,20,Oaxaca,310,San Pedro Ixtlahuaca,1,San Pedro Ixtlahuaca,Carr. Dr. Ignacio Bernal s/n,,NA,951 518 24 52,http://www.inah.gob.mx/red-de-museos/314-museo-regional-del-ex-convento-de-santo-domingo-yanhuitlan,,https://lugares.inah.gob.mx/lugar-351-es,museo.yanhuitlan@gmail.com,,,,-96.82,17.06328,3,0,http://sic.gob.mx/ficha.php?table=museo&table_id=1606,1664918611,Oaxaca,NA,2012-09,2012
523,Museo Memorias de Yucundaayee,Arqueología,1997-02-20,Unión de Museos Comunitarios de Oaxaca,20,Oaxaca,340,San Pedro y San Pablo Tequixtepec,1,San Pedro y San Pablo Tequixtepec,Calle Primera de Ayuntamiento y Guerrero,Centro,69360,(953) 152 07 09,http://tequixtepec.blogspot.com/p/museo-comunitario.html,,,,,,,-97.71821,18.06115,-1,-1,http://sic.gob.mx/ficha.php?table=museo&table_id=523,1627569210,Oaxaca,NA,1997-02,1997
1387,Museo Arqueológico de San Pedro Yucunama,Arqueología,1987-01-01,Ayuntamiento de San Pedro Yucunama,20,Oaxaca,341,San Pedro Yucunama,1,San Pedro Yucunama,,,NA,953 100 7657,,,,cerrodejabon20101@hotmail.com,,,,-97.48316,17.56091,-1,-1,http://sic.gob.mx/ficha.php?table=museo&table_id=1387,1711399891,Oaxaca,NA,1987-01,1987
133,Museo Comunitario Shan Dany (Bajo el cerro),Arqueología,1986-09-13,Unión de Museos Comunitarios de Oaxaca,20,Oaxaca,356,Santa Ana del Valle,1,Santa Ana del Valle,"Pino Suárez 1, tercera sección",Centro,70428,953 538 05 85,https://museosantaana.netlify.app/,,,unionmuseoscomunitarios.oaxaca@gmail.com,,,,-96.47218,16.99458,-1,-1,http://sic.gob.mx/ficha.php?table=museo&table_id=133,1723049687,Oaxaca,NA,1986-09,1986
2252,Museo Comunitario San Pedro Nexicho,,NA,,20,Oaxaca,363,Santa Catarina Ixtepeji,3,San Pedro Nexicho,Domicilio conocido,,NA,951 233 19 09,,https://www.facebook.com/nexichooaxaca,,museo.nexicho@gmail.com,,,,-96.58306,17.26442,0,0,http://sic.gob.mx/ficha.php?table=museo&table_id=2252,1660154961,Oaxaca,NA,NA,NA
877,Museo de Sitio de la Zona Arqueológica de Monte Albán,Arqueología,1994-10-04,Secretaría de Cultura/INAH,20,Oaxaca,385,Santa Cruz Xoxocotlán,1,Santa Cruz Xoxocotlán,Carr. Dr. Ignacio Bernal s/n,,71233,951 516 70 77,http://www.inah.gob.mx/zonas/209-museo-de-sitio-de-monte-alban,,https://lugares.inah.gob.mx/es/museos-inah/museo/438-museo-de-sitio-de-monte-alb%C3%A1n.html?lugar_id=438&lugar_tipo=museos,montealban.museo@hotmail.com; patricia_martinezlira@inah.gob.mx,,https://x.com/mucoinah,,-96.76603,17.04653,6,-1,http://sic.gob.mx/ficha.php?table=museo&table_id=877,1721087909,Oaxaca,NA,1994-10,1994
1180,Museo Ecológico de la Grana Cochinilla Nocheztlicalli y Nopal,Ciencia y tecnología,2011-11-04,"Instituto de la Grana Cochinilla, A.C.",20,Oaxaca,390,Santa Lucía del Camino,1,Santa Lucía del Camino,Nardos 616,Col. Ampliación Santa Lucía,71228,951 570 28 18,https://nocheztlicalli.com/,,,nocheztlicalli@gmail.com,https://www.facebook.com/Nocheztlicalli,,,-96.70078,17.05285,1,0,http://sic.gob.mx/ficha.php?table=museo&table_id=1180,1692799219,Oaxaca,NA,2011-11,2011
559,Museo Comunitario Note Ujia (Siete ríos),Historia,1996-04-07,Unión de Museos Comunitarios de Oaxaca,20,Oaxaca,397,Heroica Ciudad de Tlaxiaco,22,San Miguel Progreso,s/n,,69805,953 123 55 52,,http://www.museoscomunitarios.org/progreso,,,,,,-97.79829,17.17392,4,0,http://sic.gob.mx/ficha.php?table=museo&table_id=559,1662123482,Oaxaca,NA,1996-04,1996
618,Museo Comunitario Ñuu Kuiñe,Arqueología,1998-01-01,Comunitario independiente,20,Oaxaca,397,Heroica Ciudad de Tlaxiaco,25,Santa María Cuquila,Carr. Federal San Juan Teposcolula s/n,,69806,953 596 3302,,,,,https://www.facebook.com/Museo-Comunitario-%C3%91uu-Kui%C3%B1e-101858305357112/?ref=py_c,,,-97.75739,17.19996,2,-1,http://sic.gob.mx/ficha.php?table=museo&table_id=618,1733168037,Oaxaca,NA,1998-01,1998
1575,Museo Comunitario de  Atzompa,Arqueología,2012-08-01,Comunidad de Atzompa,20,Oaxaca,399,Santa María Atzompa,1,Santa María Atzompa,Carr.Oaxaca Monte Albán,El Bonete,71223,,http://www.inah.gob.mx/es/boletines/4007-museo-de-atzompa-rescata-legado-zapoteca,,,,,,,-96.78041,17.07851,-1,-1,http://sic.gob.mx/ficha.php?table=museo&table_id=1575,1460047873,Oaxaca,NA,2012-08,2012
1766,Museo de Sitio Bocana del Río Copalita,Arqueología,2010-01-01,Secretaría de Cultura/INAH,20,Oaxaca,413,Santa María Huatulco,1,Santa María Huatulco,Blvd. Copalita-Tangolunda tramo 15,Bahía de Huatulco,70988,951 515 0389,http://www.inah.gob.mx/red-de-museos/310-museo-de-sitio-de-bocana-del-rio-copalita,,https://lugares.inah.gob.mx/lugar-363-es,delegacion_oaxaca@inah.gob.mx,,,,-96.05412,15.79244,0,0,http://sic.gob.mx/ficha.php?table=museo&table_id=1766,1721346362,Oaxaca,NA,2010-01,2010
563,Museo Comunitario Yuku ITt,Arqueología,1990-06-30,"INAH, Ayuntamiento de Santa María Yucuhiti",20,Oaxaca,446,Santa María Yucuhiti,1,Santa María Yucuhiti,Constitución 5,Centro,71110,"951 980 0703, 664 143 2170",https://santamariayucuhiti.gob.mx,http://www.museoscomunitarios.org/index.php?option=com_content&view=article&id=233&Itemid=873,,municipio-446@hotmail.com; santamariayucuhiti@oaxaca.gob.mx,https://www.facebook.com/profile.php?id=100070236936870,,,-97.76926,17.01876,5,1,http://sic.gob.mx/ficha.php?table=museo&table_id=563,1736880824,Oaxaca,NA,1990-06,1990
853,Museo Comunitario Yukuni'i (Cerro que Retumba),Arqueología,2003-05-23,Patronato del Museo,20,Oaxaca,459,Villa de Santiago Chazumba,1,Villa de Santiago Chazumba,Plaza Cívica,,69012,953 122 47 01,,,,,https://www.facebook.com/profile.php?id=100066592805148,,,0,0,-1,-1,http://sic.gob.mx/ficha.php?table=museo&table_id=853,1736271478,Oaxaca,NA,2003-05,2003
1388,Museo Comunitario Yuku ndeku,Historia,1998-12-28,Municipio de Santiago Huauclilla,20,Oaxaca,463,Santiago Huauclilla,1,Santiago Huauclilla,Hidalgo  2,Centro,69659,951 5507 708,,,,gil.bautista@hotmail.com,,,,-97.8209,16.28007,-1,-1,http://sic.gob.mx/ficha.php?table=museo&table_id=1388,1729885577,Oaxaca,NA,1998-12,1998
1477,Museo Comunitario Ta Guiil-Reiñ (Cerro de Sangre),Arqueología,2012-09-01,Unión de Museos Comunitarios de Oaxaca,20,Oaxaca,475,Santiago Matatlán,1,Santiago Matatlán,Independencia s/n,Centro,70440,951 518 3003,,,,unionmuseoscomunitarios.oaxaca@gmail.com,,,,-96.38476,16.86703,2,0,http://sic.gob.mx/ficha.php?table=museo&table_id=1477,1711983462,Oaxaca,NA,2012-09,2012
289,Museo Comunitario Cerro de la Campana,Arqueología,1989-11-01,Unión de Museos Comunitarios de Oaxaca,20,Oaxaca,483,Santiago Suchilquitongo,1,Santiago Suchilquitongo,Plaza Cívica,Centro,68230,(951) 524 42 88,,,,unionmuseoscomunitarios.oaxaca@gmail.com,https://www.facebook.com/UniondeMuseosComunitariosOaxaca/?locale=es_LA,,,0,0,-1,-1,http://sic.gob.mx/ficha.php?table=museo&table_id=289,1729531119,Oaxaca,NA,1989-11,1989
2401,Museo Comunitario Rastros y Rostros,,2014-01-01,,20,Oaxaca,523,Santo Domingo Yanhuitlán,1,Santo Domingo Yanhuitlán,Morelos s/n,Centro,69660,951 562 70 51,,,,,https://www.facebook.com/profile.php?id=100057576905981&locale=es_ES,,https://www.instagram.com/museorastrosyrostrosyanhuitlan,-97.34187,17.52561,0,0,http://sic.gob.mx/ficha.php?table=museo&table_id=2401,1695401107,Oaxaca,NA,2014-01,2014
1391,Museo Comunitario de Santos Reyes Tepejillo,TND,NA,Ayuntamiento de Santos Reyes Tepejillo,20,Oaxaca,528,Santos Reyes Tepejillo,1,Santos Reyes Tepejillo,20 de Noviembre 7,Centro,69760,,,,,,https://www.facebook.com/p/H-Ayuntamiento-Constitucional-De-Santos-Reyes-Tepejillo-2023-2025-100089074697020/,,,-97.939,17.43781,-1,-1,http://sic.gob.mx/ficha.php?table=museo&table_id=1391,1733174040,Oaxaca,NA,NA,NA
864,Museo Comunitario <i>Balaa Xtee Guech Gulal</i>,Arte,1994-12-12,Regiduria de Cultura del Municipio de Teotitlán del Valle,20,Oaxaca,546,Teotitlán del Valle,1,Teotitlán del Valle,"Av. Hidalgo s/n, primera sección",,70420,951 524 44 63,https://www.viveoaxaca.org/2011/08/museo-comunitario-balaa-xtee-guech.html,,,culturateotitlan2022@outlok.com,,,,-96.51949,17.02971,4,0,http://sic.gob.mx/ficha.php?table=museo&table_id=864,1671034543,Oaxaca,NA,1994-12,1994
1378,Ñuu Xia´a (Pueblo Ahogado),Antropología,2001-09-15,Ayuntamiento Heroica Villa de Tezoatlan de Segura y Luna,20,Oaxaca,549,"Heroica Villa Tezoatlán de Segura y Luna, Cuna de",1,"Heroica Villa Tezoatlán de Segura y Luna, Cuna de la Independencia de",Miguel Alemán s/n esq. Independencia,Centro,69200,,,,,,,,,0,0,2,2,http://sic.gob.mx/ficha.php?table=museo&table_id=1378,1723136543,Oaxaca,NA,2001-09,2001
1389,Museo Geológico de Rosario Nuevo,Ciencia y tecnología,2009-05-05,Ayuntamiento de Tezoatlán de Segura y Luna,20,Oaxaca,549,"Heroica Villa Tezoatlán de Segura y Luna, Cuna de",1,"Heroica Villa Tezoatlán de Segura y Luna, Cuna de la Independencia de",Ubicado  a 9 km.  al Suroeste del Municipio  Tezoatlán  de  Segura y Luna,,69200,(953) 53 6  04 24,,,,jorgejim_rent@yahoo.com.mx,,,,-97.85318,17.60303,1,0,http://sic.gob.mx/ficha.php?table=museo&table_id=1389,1719945728,Oaxaca,NA,2009-05,2009
2087,Museo de sitio de la Zona Arqueológica de Zaachila,,NA,Secretaría de Cultura/INAH,20,Oaxaca,565,Villa de Zaachila,1,Villa de Zaachila,Calle Alarii 30,La Purísima,71250,(951) 513 33 46,http://www.inah.gob.mx/es/zonas/91-zona-arqueologica-de-zaachila,,,delegacion_oaxaca@inah.gob.mx,,,,-96.74877,16.95249,0,0,http://sic.gob.mx/ficha.php?table=museo&table_id=2087,1561029035,Oaxaca,NA,NA,NA
1770,Museo Regional Senen Mexic,TND,1982-01-01,Ayuntamiento de Acatlán de Osorio,21,Puebla,3,Acatlán,119,Independencia,Benito Juárez 6 (parte alta del mercado de Olores y Artesanías),San Juan,74949,953 534 0004,,,,contacto@acatlandeosorio.gob.mx,,,,-98.04767,18.20085,4,0,http://sic.gob.mx/ficha.php?table=museo&table_id=1770,1707742073,Puebla,NA,1982-01,1982
1461,Museo Industrial de Metepec,Historia,1984-09-15,Centro Vacacional IMSS Metepec/BUAP,21,Puebla,19,Atlixco,1,Atlixco,Av. de la Compañia s/n,Col. Metepec,74360,222 246 02 36,https://www.buap.mx/content/museo-industrial-metepec,,,mimbuap@gmail.com,https://www.facebook.com/museoindustrialdemetepec/,,,-98.47172,18.93976,5,1,http://sic.gob.mx/ficha.php?table=museo&table_id=1461,1658922892,Puebla,NA,1984-09,1984
2155,Museo de Arte religioso Cuautinchan,Arte,1992-01-01,"Parroquia de San Juan Bautista, Decanato de Totimehuacan",21,Puebla,40,Cuautinchán,1,Cuautinchán,Privada Gonzalo Bautista s/n,Centro Histórico,75220,(227) 2717128,https://www.poblanerias.com/2017/05/cuautinchan-tesoro-de-arte-sacro-colonial/,https://www.turimexico.com/estados-de-la-republica-mexicana/puebla-mexico/museos-en-puebla/museo-de-arte-religioso-puebla-2/,,,,,,-98.01583,18.95571,3,0,http://sic.gob.mx/ficha.php?table=museo&table_id=2155,1625740925,Puebla,NA,1992-01,1992
486,Museo Regional de Cuetzalan Emma Flores de Morante,Antropología,1965-03-20,Ayuntamiento de Cuetzalan,21,Puebla,43,Cuetzalan del Progreso,1,Ciudad de Cuetzalan,Av. Miguel Alvarado 18,Centro,73560,233 331 12 01,https://www.cuetzalan.gob.mx/turismo/index.php?q=museo_regional_de_cuetzalan_emma_flores_de_morante&n=atractivos_turisticos_culturales,,,jcy14@hotmail.com,,,,-97.5242,20.01938,1,0,http://sic.gob.mx/ficha.php?table=museo&table_id=486,1674819041,Puebla,NA,1965-03,1965
2145,Museo La Magnolia,,2016-08-25,Ayuntamiento de Chalchicomula de Sesma,21,Puebla,45,Chalchicomula de Sesma,1,Ciudad Serdán,Calle 2 Sur 302,Centro,75520,245 452 29 73,,https://www.facebook.com/pg/MuseoCasaLaMagnolia/,,turismomagnolia@hotmail.com,,,,-97.44555,18.98784,7,12,http://sic.gob.mx/ficha.php?table=museo&table_id=2145,1582014652,Puebla,NA,2016-08,2016
1437,Museo Gilberto Bosques Saldívar,Historia,2010-07-20,Ayuntamiento de Chiautla de Tapia,21,Puebla,47,Chiautla,1,Ciudad de Chiautla de Tapia,Av. 5 de Mayo 1,Centro,74730,(275) 431 20 09,http://www.puebla.travel/es/museos/item/museo-gilberto-bosques-saldivar,,,chiautla_2011_2014@hotmail.com,,,,-98.60212,18.30032,3,0,http://sic.gob.mx/ficha.php?table=museo&table_id=1437,1555501635,Puebla,NA,2010-07,2010
194,Museo Comunitario de Atencingo,Arqueología,2000-03-19,Ayuntamiento de Chietla,21,Puebla,51,Chietla,3,Atencingo,Calz.  Benito Juárez s/n,Centro,74583,(243) 431 12 45,,,,vale_viqui@hotmail.com; valemorenoviqui@hotmail.com,,,,-98.60473,18.51522,-1,-1,http://sic.gob.mx/ficha.php?table=museo&table_id=194,1555501642,Puebla,NA,2000-03,2000
2175,Museo Mexicano del Axolote,,2020-08-21,,21,Puebla,53,Chignahuapan,1,Ciudad de Chignahuapan,Calle de Castro 16,Centro,73300,797 976 7764,https://www.casaxolotl.com/,,,,https://www.facebook.com/casadelaxolote,,,-98.03202,19.83876,0,0,http://sic.gob.mx/ficha.php?table=museo&table_id=2175,1674470581,Puebla,NA,2020-08,2020
868,"Museo de Arte Religioso, Ex Convento de San Martín Huaquechula (Cerrado temporalmente)",Arte,NA,,21,Puebla,69,Huaquechula,1,Huaquechula,Plaza Principal s/n,Centro,74370,(244) 441 41 55,,,,ayuntamientodehechos@hotmail.com,,,,-98.54036,18.76999,-1,-1,http://sic.gob.mx/ficha.php?table=museo&table_id=868,1667920052,Puebla,NA,NA,NA
1440,Museo Comunitario de Zapata del Plan de Ayala,Historia,2010-04-01,Ayuntamiento de Huehuetlan El Chico,21,Puebla,73,Huehuetlán el Chico,1,Huehuetlán el Chico,Emiliano Zapata s/n,Centro,74720,,,,,,,,,-98.70872,18.37017,-1,-1,http://sic.gob.mx/ficha.php?table=museo&table_id=1440,1555501559,Puebla,NA,2010-04,2010
371,Museo  de la Evangelización Ex Convento de San Miguel Arcángel,Historia,1985-01-01,Secretaría de Cultura/INAH,21,Puebla,74,Huejotzingo,1,Huejotzingo,Plazuela de San Francisco s/n,Centro,74160,227  276 02 28,,https://mediateca.inah.gob.mx/repositorio/islandora/object/museo%3A1420,https://lugares.inah.gob.mx/lugar-132-es,gabriel_maritano@inah.gob.mx,,,,-98.40423,19.15853,0,0,http://sic.gob.mx/ficha.php?table=museo&table_id=371,1664974935,Puebla,NA,1985-01,1985
142,Museo Comunitario Ixtacamaxtitlán (cerrado temporalmente),Arqueología,1993-10-15,Comunitario independiente,21,Puebla,83,Ixtacamaxtitlán,1,Ixtacamaxtitlán,Av. Reforma s/n,Centro,73720,(797) 975 41 47,,,,,,,,-97.81661,19.62343,-1,-1,http://sic.gob.mx/ficha.php?table=museo&table_id=142,1673960388,Puebla,NA,1993-10,1993
2313,Museo Cuna del Ejército Mexicano,,2021-08-06,Ayuntamiento de Izúcar de Matamoros,21,Puebla,85,Izúcar de Matamoros,1,Izúcar de Matamoros,Plaza de la Constitución 1,Centro,74400,243 43 6 00 06,https://www.izucar.gob.mx/,,,atencionciudadana@izucar.gob.mx,https://www.facebook.com/GobiernoIzucar/,https://x.com/GobiernoIzucar,,-98.46583,18.60247,3,2,http://sic.gob.mx/ficha.php?table=museo&table_id=2313,1674826642,Puebla,NA,2021-08,2021
2151,"Museo  Arqueológico de la UEP, Miguel Cástulo Alatriste",Arqueología,1988-01-01,Unidad Escolar Particular Miguel Cástulo Alatriste,21,Puebla,85,Izúcar de Matamoros,1,Izúcar de Matamoros,Corregidora 5,Centro,74400,243 436 04 30,,,,,https://www.facebook.com/profile.php?id=100063598351290,,,-98.46528,18.60223,1,0,http://sic.gob.mx/ficha.php?table=museo&table_id=2151,1674824735,Puebla,NA,1988-01,1988
2054,Museo Regional de Telecomunicaciones Juan de la Granja,,NA,,21,Puebla,104,Nopalucan,1,Nopalucan de la Granja,Ayuntamiento 206,Centro,75120,(276) 474 0358,,,,,,,,-97.82367,19.21567,2,0,http://sic.gob.mx/ficha.php?table=museo&table_id=2054,1555505080,Puebla,NA,NA,NA
143,Museo Comunitario Xipixtla,Historia,2002-09-28,Consejo Nacional de Fomento Educativo,21,Puebla,113,Piaxtla,1,Piaxtla,Domicilio conocido s/n,Centro,74889,275 441 91 01,,,,,,,,-98.25283,18.19755,-1,-1,http://sic.gob.mx/ficha.php?table=museo&table_id=143,1676645024,Puebla,NA,2002-09,2002
497,Museo de Arte Religioso Ex Convento de Santa Mónica,Arte,1935-01-01,Secretaría de Cultura/INAH,21,Puebla,114,Puebla,1,Heroica Puebla de Zaragoza,Av. 18 Poniente 103,Centro Histórico,72000,222 232 01 78,http://www.inah.gob.mx/es/red-de-museos/234-museo-de-arte-religioso-de-santa-monica,,https://lugares.inah.gob.mx/lugar-131-es,difusionsantamonica@gmail.com,https://www.facebook.com/ExConventodeSantaMonica/?ref=br_rs,https://x.com/MuseoStaMonica,,-98.19521,19.05119,23,-1,http://sic.gob.mx/ficha.php?table=museo&table_id=497,1664800087,Puebla,NA,1935-01,1935
1588,Museo Urbano Interactivo (MUI),Arte,2012-03-23,"Tecnológico de Monterrey, campus Monterrey/Escuela de Arquitectura, Arte y Diseño",21,Puebla,114,Puebla,1,Heroica Puebla de Zaragoza,Calle 4 Norte 5,Centro,72000,222 232 19 20,http://www.pue.itesm.mx/museo/historia.php,,,elmui.puebla@servicios.tec.mx,https://www.facebook.com/elmuitec/,https://x.com/elmuitec,,-98.19547,19.04342,0,11,http://sic.gob.mx/ficha.php?table=museo&table_id=1588,1721312788,Puebla,NA,2012-03,2012
1805,Museo Internacional del Barroco,Arte,2016-02-04,Gobierno del Estado de Puebla,21,Puebla,114,Puebla,1,Heroica Puebla de Zaragoza,Vía Atlixcáyotl 2501,Col. Reserva Territorial Atlixcáyotl,72830,222 326 71 30,https://museospuebla.puebla.gob.mx/museos/item/143-museo-internacional-del-barroco,,,taquilla@museointernacionaldelbarroco.org,https://www.facebook.com/MuseoInternacionaldelBarroco,https://x.com/museobarroco,https://www.instagram.com/museointernacionaldelbarroco,-98.24615,19.01892,6,0,http://sic.gob.mx/ficha.php?table=museo&table_id=1805,1721920895,Puebla,NA,2016-02,2016
438,Museo San José María de Yermo y Parres,Historia,2008-07-01,"Congregación de Siervas del Sagrado Corazón de Jesús y de los pobres, C.R.",21,Puebla,114,Puebla,1,Heroica Puebla de Zaragoza,12 Norte 2003,Barrio El Alto,72000,(222) 242 18 69,http://yermoyparres.org.mx/es/museo/,,,ccdyermo@padreyermo.org; jilgueroscantan@hotmail.com,,,,-98.21011,19.04935,8,0,http://sic.gob.mx/ficha.php?table=museo&table_id=438,1555511983,Puebla,NA,2008-07,2008
1664,Museo Biblioteca Palafoxiana,TND,1981-01-01,Secretaría de Cultura y Turismo de Puebla,21,Puebla,114,Puebla,1,Heroica Puebla de Zaragoza,Av. 5 Oriente 5,Centro Histórico,72000,222 232 34 83,https://museospuebla.puebla.gob.mx/museos/item/11-biblioteca-palafoxiana,,,museobibliotecapalafoxiana@puebla.gob.mx,https://www.facebook.com/b.palafoxiana/,,https://www.instagram.com/bpalafoxiana,-98.19757,19.04182,-1,-1,http://sic.gob.mx/ficha.php?table=museo&table_id=1664,1721667361,Puebla,NA,1981-01,1981
319,Museo Universitario Casa de los Muñecos,Arte,1987-12-10,Benemérita Universidad Autónoma de Puebla (BUAP),21,Puebla,114,Puebla,1,Heroica Puebla de Zaragoza,Calle 2 Norte 2,Centro,72000,222 246 28 99,http://www.museo.buap.mx/,https://publicaciones.buap.mx/sites/default/files/Museo%20HTML/Tesoro%20art%C3%ADstico.html#p=1,,museocasadelosmunecos@correo.buap.mx; elsa.hernandez@correo.buap.mx,https://www.facebook.com/museouniversitariocasadelosmunecos,https://x.com/museounibuap,https://www.instagram.com/museocasadelosmunecos,-98.19673,19.04364,35,2,http://sic.gob.mx/ficha.php?table=museo&table_id=319,1721417593,Puebla,NA,1987-12,1987
1655,Museo Interactivo de la Batalla del 5 de Mayo,Historia,2012-05-04,Secretaría de Cultura del Estado de Puebla,21,Puebla,114,Puebla,1,Heroica Puebla de Zaragoza,Ejército de Oriente s/n y Unidad Cívica 5 de Mayo,Col. Moctezuma,72260,"222 232 15 28, 222 326 7130",https://museospuebla.puebla.gob.mx/museos/item/4-museo-interactivo-de-la-batalla-del-5-de-mayo,,,zaragoza@5demayopuebla.mx; museos.puebla@puebla.gob.mx,https://www.facebook.com/pages/Museo-Interactivo-de-la-Batalla-del-5-de-Mayo/442709035739528,https://x.com/PueblaMuseos,https://www.instagram.com/museospuebla,-98.18041,19.05487,3,0,http://sic.gob.mx/ficha.php?table=museo&table_id=1655,1721432291,Puebla,NA,2012-05,2012
337,Planetario de Puebla Germán Martínez Hidalgo,Ciencia y tecnología,1985-02-15,Organismo Público Descentralizado Convenciones y Parques,21,Puebla,114,Puebla,1,Heroica Puebla de Zaragoza,Blvd. Ejército de Oriente 100 esq. Cazadores de Morelia,"Unidad Cívica, 5 de Mayo",72260,222 122 11 00 ext. 6434,,https://www.corazondepuebla.com.mx/descubre/planetario-puebla/,,reservacionesplanetariop@gmail.com,https://www.facebook.com/PlanetarioPuebla/,,,-98.18157,19.05698,-1,-1,http://sic.gob.mx/ficha.php?table=museo&table_id=337,1736971579,Puebla,NA,1985-02,1985
697,Museo Taller Erasto Cortés (MUTEC),Arte,2000-08-31,Secretaría de Cultura y Turismo del Estado de Puebla,21,Puebla,114,Puebla,1,Heroica Puebla de Zaragoza,7 Oriente 4,Centro Histórico,72000,222 232 12 27 ext. 112 y 113,,,,museoerastocortes@puebla.gob.mx,,https://x.com/PueblaMuseos,,-98.19887,19.04166,2,1,http://sic.gob.mx/ficha.php?table=museo&table_id=697,1722975219,Puebla,NA,2000-08,2000
1795,Museo Casa del Mendrugo,Historia,2013-03-19,"Fundación Casa del Mendrugo, A.C",21,Puebla,114,Puebla,1,Heroica Puebla de Zaragoza,Calle 4 Sur 304,Centro Histórico,72320,222 334 88 91,https://www.casadelmendrugo.com/,,,museo@casadelmendrugo.com,https://www.facebook.com/MuseoMendrugoChuchita/?locale=es_LA,,https://www.instagram.com/museomendrugochuchita,-98.19623,19.04176,8,6,http://sic.gob.mx/ficha.php?table=museo&table_id=1795,1723482271,Puebla,NA,2013-03,2013
286,San Pedro Museo de Arte,Historia,1998-06-01,Museos Secretaría de Cultura y Turismo del Estado de Puebla,21,Puebla,114,Puebla,1,Heroica Puebla de Zaragoza,4 Nte. 203,Centro Histórico,72000,(222) 246 66 18,,http://museospuebla.puebla.gob.mx/index.php/museos/item/2-san-pedro-museo-de-arte,,museoscecap@hotmail.com,,,,-98.19529,19.04399,7,6,http://sic.gob.mx/ficha.php?table=museo&table_id=286,1721666677,Puebla,NA,1998-06,1998
1982,Cocina del Ex Convento de Santa Rosa,,1973-01-01,Organismo Público Descentralizado Museos Puebla,21,Puebla,114,Puebla,1,Heroica Puebla de Zaragoza,3 norte 1203,Centro Histórico,72000,(222) 232 7792,https://museospuebla.puebla.gob.mx/museos/item/140-museo-de-arte-popular-ex-convento-de-santa-rosa,,,museos.puebla@puebla.gob.mx,https://www.facebook.com/pueblamuseos,,,-98.19733,19.05037,0,0,http://sic.gob.mx/ficha.php?table=museo&table_id=1982,1723836564,Puebla,NA,1973-01,1973
1768,Museo del Ejército y Fuerza Aérea Mexicanos,Historia,2014-11-18,Secretaría de la Defensa Nacional (SEDENA),21,Puebla,114,Puebla,1,Heroica Puebla de Zaragoza,Calle 13 Sur núm. 103,Centro Histórico,72000,222 232 26 45,https://museospuebla.puebla.gob.mx/museos/item/6-museo-del-ejercito-y-fuerza-aerea-mexicanos,,,,,,,-98.20782,19.04823,15,1,http://sic.gob.mx/ficha.php?table=museo&table_id=1768,1721667200,Puebla,NA,2014-11,2014
820,Museo José Luis Bello y González,Arte,1944-07-21,Secretaría de Cultura del Estado de Puebla,21,Puebla,114,Puebla,1,Heroica Puebla de Zaragoza,Calle 3 Pte. 302,Centro Histórico,72000,222 232 94 75,,http://museospuebla.puebla.gob.mx/index.php/museos/item/3-museo-jose-luis-bello-y-gonzalez,,amhcastillo@yahoo.com.mx,,https://x.com/MuseoBello,,-98.20063,19.04463,13,0,http://sic.gob.mx/ficha.php?table=museo&table_id=820,1721760976,Puebla,NA,1944-07,1944
2301,Museo Comunitario de Ignacio Romero Vargas,,2014-12-06,"Unidad, Servicio y Desarrollo por Ignacio Romero Vargas, AC",21,Puebla,114,Puebla,1,Heroica Puebla de Zaragoza,Rafael Cañedo Benítez s/n (ex Presidencia),Col. Ignacio Romero Vargas,72120,,,,,jimenarosas92@gmail.com,https://www.facebook.com/profile.php?id=100057641980118,,,-98.24482,19.0807,3,0,http://sic.gob.mx/ficha.php?table=museo&table_id=2301,1721757423,Puebla,NA,2014-12,2014
1607,Museo Fuerte de Guadalupe,Historia,2012-09-08,Secretaría de Cultura/INAH,21,Puebla,114,Puebla,1,Heroica Puebla de Zaragoza,"Av. Ejércitos de Oriente s/n, Centro Cívico 5 de Mayo",Col. Los Fuertes,72270,222 234 20 09,https://www.inah.gob.mx/museos/fuerte-de-guadalupe,https://mediateca.inah.gob.mx/islandora_74/islandora/object/museo%3A1550,https://lugares.inah.gob.mx/lugar-369-es,fuertedeguadalupepuebla@gmail.com; diaz2358@hotmail.com,,,,-98.17992,19.05246,2,1,http://sic.gob.mx/ficha.php?table=museo&table_id=1607,1721763517,Puebla,NA,2012-09,2012
1804,Museo de la Evolución Puebla,Ciencia y tecnología,2016-01-15,Secretaría de Cultura y Turismo del Gobierno del Estado de Puebla,21,Puebla,114,Puebla,1,Heroica Puebla de Zaragoza,"Calz. Ejército de Oriente s/n esq. Cazadores de Morelia, Plaza Cívica 5 de Mayo",Col. Zona Los Fuertes,72260,222 213 02 89,http://museospuebla.puebla.gob.mx/museos/item/8-museo-de-la-evolucion-puebla,,,museoevolucionpuebla@puebla.gob.mx; reservaciones.evolucion@gmail.com,,https://x.com/EvolucionPuebla,,-98.18139,19.05767,5,0,http://sic.gob.mx/ficha.php?table=museo&table_id=1804,1725553267,Puebla,NA,2016-01,2016
1499,Museo UPAEP,Arte,1995-02-09,Universidad Popular Autónoma del Estado de Puebla (UPAEP),21,Puebla,114,Puebla,1,Heroica Puebla de Zaragoza,11 Poniente 1916,Barrio de Santiago,72410,222 229 94 00 ext.7810,http://www.upaep.mx/museo,,,museo@upaep.mx,https://www.facebook.com/upaepmuseo/timeline,,https://www.instagram.com/museoupaep,-98.21544,19.04825,5,4,http://sic.gob.mx/ficha.php?table=museo&table_id=1499,1728593147,Puebla,NA,1995-02,1995
1983,Primer Museo de la Talavera,,2020-12-16,Secretaría de Cultura del Gobierno del Estado de Puebla,21,Puebla,114,Puebla,1,Heroica Puebla de Zaragoza,11 poniente 110,Centro Histórico,72000,222 232 4703,,https://www.facebook.com/pages/Patio-De-Los-Azulejos/1489070504726328,,museos.puebla@puebla.gob.mx,,https://x.com/PueblaMuseos,https://www.instagram.com/museospuebla,-98.20162,19.04129,6,0,http://sic.gob.mx/ficha.php?table=museo&table_id=1983,1721678928,Puebla,NA,2020-12,2020
490,Museo José Luis Bello y Zetina,Arte,1972-04-16,Fundación José Luis Bello y Zetina,21,Puebla,114,Puebla,1,Heroica Puebla de Zaragoza,Calle 5 de Mayo 409,Centro Histórico,72000,222 232 47 20,http://www.museobelloyzetina.org/,,,museobellozetina72@hotmail.com; contacto@museobello.org,,,,-98.1975,19.04673,10,0,http://sic.gob.mx/ficha.php?table=museo&table_id=490,1721765157,Puebla,NA,1972-04,1972
2447,Museo de la Talavera Poblana Armando,,2016-08-24,"Fábrica de Talavera Armando, S.A de C.V",21,Puebla,114,Puebla,1,Heroica Puebla de Zaragoza,Calle 6 Norte 408,Centro Histórico,72000,222 232 6468,https://www.talaverarmando.com.mx/index.php/tradicion,,,armandop@prodigy.net.mx,https://www.facebook.com/profile.php?id=100083285765090,,,-98.19263,19.04474,4,0,http://sic.gob.mx/ficha.php?table=museo&table_id=2447,1724769741,Puebla,NA,2016-08,2016
1753,Casa de la Música de Viena en Puebla,Arte,2015-01-13,Organismo Público Descentralizado Museos Puebla,21,Puebla,114,Puebla,1,Heroica Puebla de Zaragoza,"Av. Obreros Independientes s/n, esq. 15 Sur Ex-Fábrica La Constancia Mexicana",Col. Luz Obrera,72110,222 224 1595,https://museospuebla.puebla.gob.mx/,,,complejo.laconstancia@puebla.gob.mx,https://www.facebook.com/pueblamuseos,https://x.com/pueblamuseos,https://www.instagram.com/museospuebla,-98.23476,19.09254,17,0,http://sic.gob.mx/ficha.php?table=museo&table_id=1753,1723246329,Puebla,NA,2015-01,2015
20,Museo Regional de Puebla,Arqueología,1976-05-05,Secretaría de Cultura/INAH,21,Puebla,114,Puebla,1,Heroica Puebla de Zaragoza,"Centro Cívico 5 de mayo, Av. Ejércitos de Oriente s/n",Col. Los Fuertes,72270,"222 235 97 02, 222 235 94 21",http://www.inah.gob.mx/es/red-de-museos/283-museo-regional-de-puebla,,https://lugares.inah.gob.mx/lugar-103-es,museoregionaldepuebla@inah.gob.mx; raul_nivon@inah.gob.mx,https://www.facebook.com/MuseoRegionalDePueblaINAH/,https://x.com/MUReP_INAH,,-98.18274,19.05623,4,1,http://sic.gob.mx/ficha.php?table=museo&table_id=20,1664918808,Puebla,NA,1976-05,1976
1978,Museo del Automóvil de Puebla,,2017-01-31,Organismo Público Descentralizado Museos Puebla,21,Puebla,114,Puebla,1,Heroica Puebla de Zaragoza,Blvd. Esteban de Antuñano  33,Col. Luz Obrera,72110,222 224 63 94,https://museospuebla.puebla.gob.mx/museos/item/142-museo-del-automovil-de-puebla,https://www.101museos.com/museos/puebla/588/museo-del-automovil-de-puebla-map,,complejo.laconstancia@puebla.gob.mx,https://www.facebook.com/pueblamuseos,https://x.com/pueblamuseos,https://www.instagram.com/museospuebla,-98.23369,19.09277,5,5,http://sic.gob.mx/ficha.php?table=museo&table_id=1978,1723228765,Puebla,NA,2017-01,2017
283,"Museo Regional de la Revolución Mexicana, Casa de los Hermanos Serdán",Historia,1960-11-18,Organismo Público Descentralizado Museos de Puebla,21,Puebla,114,Puebla,1,Heroica Puebla de Zaragoza,Av. 6 Ote. 206 entre calle 2 Nte. y Calle 4 Nte.,Centro Histórico,72000,222 242 10 76,http://museospuebla.puebla.gob.mx,,,museorevolucionmexicana@puebla.gob.mx,https://www.facebook.com/pueblamuseos,https://x.com/PueblaMuseos,,-98.19517,19.04594,26,-1,http://sic.gob.mx/ficha.php?table=museo&table_id=283,1723147480,Puebla,NA,1960-11,1960
166,Museo Amparo,Arqueología,1991-02-28,Fundación Amparo,21,Puebla,114,Puebla,1,Heroica Puebla de Zaragoza,Av. 2 Sur 708,Centro Histórico,72000,222 229 38 50,http://www.museoamparo.com/,,,contacto@museoamparo.com,https://www.facebook.com/MuseoAmparo.Puebla,https://x.com/MuseoAmparo,https://www.instagram.com/museoamparo,-98.19851,19.04054,21,25,http://sic.gob.mx/ficha.php?table=museo&table_id=166,1721776810,Puebla,NA,1991-02,1991
1209,Museo Viviente  Puebla,Especializado,2012-01-28,Asociación Veterinaria de Reptiles  y Anfibios A.C,21,Puebla,114,Puebla,1,Heroica Puebla de Zaragoza,Av. 5 Ote. núm. 402,Centro Histórico,72000,222 232 50 05,http://www.museoviviente.com/,,,museovivientepuebla@gmail.com,https://www.facebook.com/museovivientepuebla/,https://x.com/MuseoViviente,,-98.19615,19.04134,0,1,http://sic.gob.mx/ficha.php?table=museo&table_id=1209,1721326991,Puebla,NA,2012-01,2012
2176,Museo Regional Casa del Alfeñique,,1926-05-05,,21,Puebla,114,Puebla,1,Heroica Puebla de Zaragoza,Av. 4 Oriente 416,Centro Histórico,72000,222 232 04 58,,https://museospuebla.puebla.gob.mx/museos/item/139-museo-regional-casa-del-alfenique,,museoalfenique@puebla.gob.mx,https://www.facebook.com/Museo-Regional-Casa-de-Alfe%C3%B1ique-1788345341407203/,https://x.com/CasadeAlfenique,,-98.19322,19.04379,16,1,http://sic.gob.mx/ficha.php?table=museo&table_id=2176,1721666041,Puebla,NA,1926-05,1926
573,Museo del Automóvil Puebla,Especializado,1996-02-06,"Asociación del Automóvil Antiguo Puebla, A.C",21,Puebla,114,Puebla,1,Heroica Puebla de Zaragoza,Av. 3 Sur  núm. 1501,Centro,72000,222 243  45 61,https://www.museoautopuebla.com/,,,museoautopuebla@yahoo.com.mx,https://www.facebook.com/museodelautomovilpue/,,,-98.20363,19.03981,2,-1,http://sic.gob.mx/ficha.php?table=museo&table_id=573,1723531723,Puebla,NA,1996-02,1996
1796,Museo Casa del Títere Marionetas Mexicanas,,2015-08-03,Organismo Público Descentralizado Museos Puebla,21,Puebla,114,Puebla,1,Heroica Puebla de Zaragoza,Av. Obreros Independientes s/n,Col. Luz Obrera,72110,222 224 1595,http://museospuebla.puebla.gob.mx/museos/item/10-casa-del-titere-marionetas-mexicanas,,,complejo.laconstancia@puebla.gob.mx,https://www.facebook.com/pueblamuseos,https://x.com/pueblamuseos,https://www.instagram.com/museospuebla,-98.23493,19.09389,22,0,http://sic.gob.mx/ficha.php?table=museo&table_id=1796,1723058785,Puebla,NA,2015-08,2015
2040,Museo de la Memoria Histórica Universitaria,,NA,Benemérita Universidad Autónoma de Puebla (BUAP),21,Puebla,114,Puebla,1,Heroica Puebla de Zaragoza,Calle 3 Oriente 1008,Barrio de Analco,72500,"222 229 55 00 exts. 3233, 3232",https://www.buap.mx/content/museo-de-la-memoria-hist%C3%B3rica-universitaria,,,museomemoriahistoricabuap@gmail.com,https://www.facebook.com/museomemoriaBUAP,https://x.com/mmhu_buap,https://www.instagram.com/mmhu_buap,-98.19236,19.04051,10,4,http://sic.gob.mx/ficha.php?table=museo&table_id=2040,1721326816,Puebla,NA,NA,NA
879,Museo Histórico de la No Intervención Fuerte de Loreto,Historia,1936-05-05,Secretaría de Cultura/INAH,21,Puebla,114,Puebla,1,Heroica Puebla de Zaragoza,"Centro Cívico 5 de Mayo, Av. Ejércitos de Oriente s/n",Col. Los Fuertes,72720,222 234 85 13,https://www.inah.gob.mx/museos/museo-del-fuerte-de-loreto,https://www.instagram.com/museo_fuertedeloretoinah/,https://lugares.inah.gob.mx/lugar-370-es,museofuerte_loreto@inah.gob.mx; ivonne_giles@inah.gob.mx,,,,-98.18702,19.0578,6,1,http://sic.gob.mx/ficha.php?table=museo&table_id=879,1721856849,Puebla,NA,1936-05,1936
441,Museo Nacional de los Ferrocarriles Mexicanos,Historia,1988-05-05,Secretaría de Cultura/Centro Nacional para la Preservación del Patrimonio Cultural Ferrocarrilero,21,Puebla,114,Puebla,1,Heroica Puebla de Zaragoza,Calle 11 Nte. 1005,Centro Histórico,72000,222 774 01 00,https://museoferrocarrilesmexicanos.cultura.gob.mx/,https://www.youtube.com/channel/UCGRAw5-e7QLLHLHKpMMjnNQ,,museoferrocarriles@cultura.gob.mx,https://www.facebook.com/MuseoNacionalFerrocarriles/,https://x.com/ferrocarriles,https://www.instagram.com/museo_ferrocarriles,-98.20387,19.05298,0,9,http://sic.gob.mx/ficha.php?table=museo&table_id=441,1721330283,Puebla,NA,1988-05,1988
1997,Museo Interactivo de Casa Talavera Celia,,2012-03-01,Privado,21,Puebla,114,Puebla,1,Heroica Puebla de Zaragoza,Calle Fresno 97- A,Arboledas de Guadalupe,72260,222 235 1891,http://www.museointeractivo.com.mx/,,,contacto@museointeractivo.com.mx,https://www.facebook.com/MuseoInteractivodeCasadeTalaveraCelia,,,-98.17691,19.05642,2,0,http://sic.gob.mx/ficha.php?table=museo&table_id=1997,1721314845,Puebla,NA,2012-03,2012
296,Museo de Arte Popular Ex-Convento de Santa Rosa,Arte,2001-02-15,Consejo Estatal para la Cultura y las Artes de Puebla,21,Puebla,114,Puebla,1,Heroica Puebla de Zaragoza,Calle 3 Norte núm. 1210,Centro Histórico,72000,222 232 77 92,https://museospuebla.puebla.gob.mx/museos/item/140-museo-de-arte-popular-ex-convento-de-santa-rosa,,,museosantarosa@puebla.gob.mx,,,,-98.19737,19.05021,-1,-1,http://sic.gob.mx/ficha.php?table=museo&table_id=296,1721667714,Puebla,NA,2001-02,2001
882,Museo Casa del Deán,Historia,1984-01-01,Secretaría de Cultura/INAH,21,Puebla,114,Puebla,1,Heroica Puebla de Zaragoza,Av. 16 de Septiembre 505,Centro Histórico,72000,222 232 17 22,https://museoamparo.com/descubre/Museos/29/museo-casa-del-dean,https://programadestinosmexico.com/museo-casa-del-dean-puebla/,,casadeldean.pue@inah.gob.mx; francisco_ortiz@inah.gob.mx,https://www.facebook.com/CasaDelDeanPuebla/,https://x.com/CasadelDean,,-98.19992,19.04241,2,-1,http://sic.gob.mx/ficha.php?table=museo&table_id=882,1729877950,Puebla,NA,1984-01,1984
1802,Museo Infantil de la Constancia Mexicana,Ciencia y tecnología,2015-08-03,Organismo Público Descentralizado Museos de Puebla,21,Puebla,114,Puebla,1,Heroica Puebla de Zaragoza,"Ex Fábrica La Constancia Mexicana, Av. Obreros Independientes s/n, esq. 15 Sur",Col. Luz Obrera,72110,222 224 6394,https://museospuebla.puebla.gob.mx/museos/item/5-museo-infantil-de-la-constancia,,,complejo.laconstancia@puebla.gob.mx,https://www.facebook.com/pueblamuseos?locale=es_LA,https://x.com/pueblamuseos,https://www.instagram.com/museospuebla,-98.23479,19.09429,9,1,http://sic.gob.mx/ficha.php?table=museo&table_id=1802,1723229567,Puebla,NA,2015-08,2015
1894,Museo de la Música Mexicana Rafael Tovar y de Teresa,Arte,2016-12-21,Museos Puebla,21,Puebla,114,Puebla,1,Heroica Puebla de Zaragoza,Av. Obreros Independientes s/n esq. 15 Sur Ex-Fábrica La Constancia Mexicana,Luz Obrera,72110,222 224 1595,https://museospuebla.puebla.gob.mx/,,,complejo.laconstancia@puebla.gob.mx,https://www.facebook.com/photo/?fbid=1324066050998854&set=pcb.1324070557665070,https://x.com/pueblamuseos,https://www.instagram.com/museospuebla,-98.23495,19.09269,12,2,http://sic.gob.mx/ficha.php?table=museo&table_id=1894,1723227536,Puebla,NA,2016-12,2016
177,Museo Comunitario Santa Catarina Villanueva,Arqueología,1997-11-01,Consejo Nacional de Fomento Educativo,21,Puebla,115,Quecholac,1,Quecholac,Domicilio conocido s/n,Centro,NA,,,,,,,,,-97.6575,18.9554,-1,-1,http://sic.gob.mx/ficha.php?table=museo&table_id=177,1561470227,Puebla,NA,1997-11,1997
1900,Museo Regional de Cholula,Arqueología,2017-01-24,Secretaría de Cultura/INAH,21,Puebla,119,San Andrés Cholula,1,San Andrés Cholula,Calle 14 Pte. 307,Barrio de San Juan Aquiahuac,72810,222 247 72 43,http://www.museospuebla.puebla.gob.mx/museos/item/141-museo-regional-de-cholula,https://x.com/PueblaMuseos,,museoregionalcholula@gmail.com,https://www.facebook.com/pueblamuseos,https://x.com/PueblaMuseos,https://www.instagram.com/museospuebla,-98.29978,19.05853,9,0,http://sic.gob.mx/ficha.php?table=museo&table_id=1900,1731605252,Puebla,NA,2017-01,2017
512,"Museo del Agua, Agua para Siempre",Ciencia y tecnología,1999-01-01,"Alternativas y Procesos de Participación Social, A.C.",21,Puebla,124,San Gabriel Chilac,1,San Gabriel Chilac,"Km. 63 de la autopista Tehuacán Oaxaca, y Carr. San Gabriel Chilac - San Juan Atzingo km. 1","San Gabriel Chilac, Barranca Oxtoyo",75880,238  371 25 50,http://www.museodelagua.org.mx,,,educacion@alternativas.org.mx,,,,-97.36123,18.31652,-1,-1,http://sic.gob.mx/ficha.php?table=museo&table_id=512,1658917683,Puebla,NA,1999-01,1999
2440,Museo de Migración Italiana en Chipilo de Francisco Javier Mina,,2022-10-08,,21,Puebla,125,San Gregorio Atzompa,2,Chipilo de Francisco Javier Mina,,,NA,,,,,,,,,-98.33139,19.00519,0,0,http://sic.gob.mx/ficha.php?table=museo&table_id=2440,1718396834,Puebla,NA,2022-10,2022
1279,Museo Hacienda de San Cristóbal Polaxtla,Arte,2002-01-01,"Fundación Cultural Antonio Haghenbeck y de la Lama, I.A.P.",21,Puebla,132,San Martín Texmelucan,1,San Martín Texmelucan de Labastida,Prol. Ignacio Zaragoza s/n,El Moral,74000,(248)  484 37 05,http://www.museoshaghenbeck.mx/museo-hacienda-de-san-cristobal-polaxtla/,,,newsletter@museoshaghenbeck.mx,https://www.facebook.com/museoshaghenbeck/,,,-98.43824,19.27213,-1,-1,http://sic.gob.mx/ficha.php?table=museo&table_id=1279,1658920408,Puebla,NA,2002-01,2002
230,Museo Comunitario de Tlalancaleca,Arqueología,1976-06-21,Comunitario independiente,21,Puebla,134,San Matías Tlalancaleca,1,San Matías Tlalancaleca,San Matías,Centro,74110,(248) 481 04 04 (presidencia municipal),,http://blog.udlap.mx/blog/tag/museo-comunitario-de-san-matias-tlalancaleca/,,,,,,-98.49727,19.32458,-1,-1,http://sic.gob.mx/ficha.php?table=museo&table_id=230,1555515085,Puebla,NA,1976-06,1976
1198,Museo de Sitio de la Zona Arqueológica de Cholula,Arqueología,1945-12-31,Secretaría de Cultura/INAH,21,Puebla,140,San Pedro Cholula,1,Cholula de Rivadavia,8 Norte núm. 2,Barrio San Miguel Tianguisnahuatl,72760,222 247 90 81,https://www.inah.gob.mx/museos/museo-de-sitio-de-cholula,,https://lugares.inah.gob.mx/lugar-387-es,mcruz.pue@inah.gob.mx,,,,-98.30068,19.05967,3,0,http://sic.gob.mx/ficha.php?table=museo&table_id=1198,1699537118,Puebla,NA,1945-12,1945
1771,Museo Casa del Caballero Águila,TND,2015-09-16,Ayuntamiento de San Pedro Cholula,21,Puebla,140,San Pedro Cholula,1,Cholula de Rivadavia,Av. 4 Ote. núm. 1 A,Centro,72760,222 777 29 00 ext. 2912,https://www.mexicodestinos.com/lugares/casa-del-caballero-aguila-,,,mikebricaire@gmail.com; alan_aya@hotmail.com,,,,-98.30597,19.06347,7,0,http://sic.gob.mx/ficha.php?table=museo&table_id=1771,1666687504,Puebla,NA,2015-09,2015
1449,Museo Comunitario Hueyotli,Antropología,2006-01-01,Junta Hueyotli,21,Puebla,151,Santo Tomás Hueyotlipan,1,Santo Tomás Hueyotlipan,Plaza Central,Centro,75280,,,,,gobierodehueyotlipan@gmail.com,https://www.facebook.com/profile.php?id=61566946182451&sk=about,,,-97.86507,18.88838,-1,-1,http://sic.gob.mx/ficha.php?table=museo&table_id=1449,1738094454,Puebla,NA,2006-01,2006
1310,Museo Hidromineral de Peñafiel,Historia,1980-01-01,Ayuntamiento de Tehuacán,21,Puebla,156,Tehuacán,1,Tehuacán,Av. José García Crespo 2805,Col. San Nicolás Tetitzintla,75710,238 380 35 00,,http://turismoenpuebla.com/portal/art85_Museo_Hidromineral_de_Puebla.html,,turismo@tehuacan.com.mx,https://www.facebook.com/pages/Manantial-y-Museo-Hidromineral-Pe%C3%B1afiel-Tehuacan/239793282798583,,,-97.40132,18.48239,-1,-1,http://sic.gob.mx/ficha.php?table=museo&table_id=1310,1672914107,Puebla,NA,1980-01,1980
140,Museo Comunitario Histórico Cultural Paleontológico (HICUPA),Arqueología,1990-04-23,Comunitario,21,Puebla,156,Tehuacán,1,Tehuacán,Juárez Nte. s/n,Centro,75856,921 240 10 54,http://museoscomunitarios.org/puebla.html,,,hicupatelox@hotmail.com; recafireyes@hotmail.com; scarrera0@gmail.com,,,,-97.40038,18.46651,-1,-1,http://sic.gob.mx/ficha.php?table=museo&table_id=140,1607589899,Puebla,NA,1990-04,1990
856,Museo del Valle de Tehuacán,Antropología,1967-04-01,Secretaría de Cultura/INAH/Complejo Cultural El Carmen,21,Puebla,156,Tehuacán,1,Tehuacán,Av. Reforma Nte. 200,Centro,75700,238 382 40 45,http://www.inah.gob.mx/red-de-museos/302-museo-del-valle-de-tehuacan,,https://lugares.inah.gob.mx/lugar-133-es,ferrosurinah@live.com.mx,,,,-97.39347,18.46616,2,1,http://sic.gob.mx/ficha.php?table=museo&table_id=856,1664974969,Puebla,NA,1967-04,1967
1904,Museo de la Evolución Tehuacán,Ciencia y tecnología,2017-01-30,Secretaría de Cultura y Turismo del Gobierno del Estado de Puebla,21,Puebla,156,Tehuacán,1,Tehuacán,Carr. Federal Puebla-Tehuacan 1211 o Km. 114 San Lorenzo Teotipilco,San Lorenzo Teotipilco,75855,238 371 26 40,https://museospuebla.puebla.gob.mx/museos/item/145-museo-de-la-evolucion-de-tehuacan,,,museodelaevoluciontehuacan@gmail.com; luis.martinezg@puebla.gob.mx,https://es-la.facebook.com/pages/category/Art/Museo-De-La-Evolucion-Tehuacan-1878429685774468/,,,-97.44016,18.4771,0,0,http://sic.gob.mx/ficha.php?table=museo&table_id=1904,1723226631,Puebla,NA,2017-01,2017
1901,Museo de Sitio y Zona Arqueológica de Tehuacán El Viejo La Mesa (Temporalmente cerrado),Arqueología,2017-01-20,Secretaría de Cultura/INAH,21,Puebla,156,Tehuacán,1,Tehuacán,Camino a San Isidro s/n,San Diego Chalma,75859,222 235 40 56,,,https://lugares.inah.gob.mx/lugar-503-es,maurer3te@yahoo.com.mx,,,,-97.3504,18.44619,2,1,http://sic.gob.mx/ficha.php?table=museo&table_id=1901,1664800388,Puebla,NA,2017-01,2017
1952,Museo Regional de Tepexi,,2011-01-28,Ayuntamiento de Tepexi de Rodríguez,21,Puebla,169,Tepexi de Rodríguez,1,Tepexi de Rodríguez,Portal Hidalgo 1,Centro,74690,224421 58 02,,,,museo.tepexi@hotmail.com,https://www.facebook.com/MuseoRegionalTepexiDeRodriguez/,,,-97.92623,18.58084,4,0,http://sic.gob.mx/ficha.php?table=museo&table_id=1952,1695222053,Puebla,NA,2011-01,2011
1446,Museo Comunitario KAJNE NGÍWA,Arqueología,1996-10-05,Comunitario,21,Puebla,169,Tepexi de Rodríguez,14,San Felipe Otlaltepec,Ayuntamiento 1 P.B. Presidencia Mpal.,Centro,74699,224 421 54 20,,,,cultura_nguiwa@hotmail.com,https://www.facebook.com/permalink.php/?story_fbid=903694445121027&id=100064414403302&locale=pl_PL,https://x.com/cultura_ngiwa,,-97.90796,18.40117,1,0,http://sic.gob.mx/ficha.php?table=museo&table_id=1446,1737482878,Puebla,NA,1996-10,1996
1208,Museo Regional Mixteco Tlayúa,Ciencia y tecnología,1989-01-01,UNAM/Instituto de Geología,21,Puebla,169,Tepexi de Rodríguez,21,Colonia Morelos (Pie de Vaca),Carr. Estatal 709 La Colorada-Coyotepec s/n,Col. Morelos,74692,(224) 421 90 26,http://www.geologia.unam.mx/contenido/museo-regional-mixteco-tlayua,https://www.facebook.com/pages/El-Museo-Regional-Mixteco-tlay%C3%BAa/347827821941221,,alvarado@geologia.unam.mx,,,,-97.91942,18.59286,-1,-1,http://sic.gob.mx/ficha.php?table=museo&table_id=1208,1555516412,Puebla,NA,1989-01,1989
1561,Museo de Sitio de Cantona,Arqueología,2012-10-10,Secretaría de Cultura/INAH,21,Puebla,170,Tepeyahualco,1,Tepeyahualco,"Carr. Tepeyahualco-Xonacatlán Km.  7.5,",Centro,73990,276 111 67 58,http://www.inah.gob.mx/red-de-museos/263-museo-de-sitio-de-cantona,,https://lugares.inah.gob.mx/lugar-364-es,pastrana0@hotmail.com,,,,-97.49786,19.5499,1,0,http://sic.gob.mx/ficha.php?table=museo&table_id=1561,1647520999,Puebla,NA,2012-10,2012
1444,Museo Regional Caltonac,Arqueología,2010-01-23,"Fundación Caltonac en Memoria de Juventino Limón, A.C.",21,Puebla,170,Tepeyahualco,1,Tepeyahualco,Hidalgo 12,Centro,73990,(282) 828 81 80,,https://poblanos.tv/2018/08/22/museo-regional-caltonac/,,reservaciontepetlcalli1870@hotmail.com; hthadmon@gmail.com,,,,-97.48922,19.49002,4,0,http://sic.gob.mx/ficha.php?table=museo&table_id=1444,1555516669,Puebla,NA,2010-01,2010
1447,Museo de los Tres Juanes (en proceso de remodelación),Historia,2008-02-15,Ayuntamiento de Tetela de Ocampo,21,Puebla,172,Tetela de Ocampo,1,Ciudad de Tetela de Ocampo,Plaza de la Constitución 1,Centro,73640,221 206 90 78,,,,museolostresjuanes@gmail.com; culturatetela2021202@gmail.com,https://www.facebook.com/MUSEO-los-TRES-Juanes-104753738334119/,,,-97.8065,19.8165,3,0,http://sic.gob.mx/ficha.php?table=museo&table_id=1447,1686061733,Puebla,NA,2008-02,2008
1793,Casa Museo Tlapalcalli,Arte,1980-01-01,"Fundación Rafael Bonilla, Arte y Cultura, A.C.",21,Puebla,172,Tetela de Ocampo,1,Ciudad de Tetela de Ocampo,Calle del Pintor s/n,Barrio Juárez,73640,797 973 07 77,,,,bonillaart_cult@hotmail.com,https://www.facebook.com/people/Casa-Museo-Tlapalcalli/100088368074844/,,https://www.instagram.com/casamuseotlapalcalli,-97.79879,19.817990000000002,0,0,http://sic.gob.mx/ficha.php?table=museo&table_id=1793,1723488998,Puebla,NA,1980-01,1980
1792,Casa Museo Posada Olayo,Historia,2006-01-01,Particular,21,Puebla,172,Tetela de Ocampo,1,Ciudad de Tetela de Ocampo,Plaza de la Constitución 16,Centro,73640,797 973 01 11,,,,xvilhelm@hotmail.com; luzbergerac@gmail.com,,,,-97.80703,19.81716,1,0,http://sic.gob.mx/ficha.php?table=museo&table_id=1792,1707928785,Puebla,NA,2006-01,2006
1902,Museo de Sitio de Teteles de Santo Nombre,Arqueología,2017-01-25,Secretaría de Cultura/INAH,21,Puebla,177,Tlacotepec de Benito Juárez,1,Tlacotepec de Benito Juárez,Carr. Tlacotepec Zona Arqueológica km 13 s/n,,75689,55 3484 4117,https://www.inah.gob.mx/boletines/5875-abren-la-zona-arqueologica-teteles-de-santo-nombre-y-su-museo-de-sitio,,https://lugares.inah.gob.mx/lugar-499-es,museoyzonateteles@hotmail.com,https://www.facebook.com/MuseoyZonaTeteles/,,,-97.65333,18.68277,8,0,http://sic.gob.mx/ficha.php?table=museo&table_id=1902,1664800222,Puebla,NA,2017-01,2017
2090,Museo de Sitio de la Zona Arqueológica de Tepapayeca,,NA,Secretaría de Cutura/INAH,21,Puebla,185,Tlapanalá,30,Tlapanala,"Carret. Fed.160 dirección Oaxaca, en el km 129",Santa María de la Candelaria,74540,222 235 14 78,https://www.inah.gob.mx/zonas/55-zona-arqueologica-de-tepapayeca,,,direccion.pue@inah.gob.mx,,,,-98.53917,18.70004,0,0,http://sic.gob.mx/ficha.php?table=museo&table_id=2090,1677237949,Puebla,NA,NA,NA
1448,Museo Comunitario Tochtepeuas,Arqueología,NA,,21,Puebla,189,Tochtepec,1,Tochtepec,Planta Baja de la Presidencia Municipal,Centro Histórico,75610,(224) 427 01 08,http://viajaporpuebla.mx/en/museums/item/museo-comunitario-tochtepeuas,,,,,,,-97.82342,18.83932,-1,-1,http://sic.gob.mx/ficha.php?table=museo&table_id=1448,1555517157,Puebla,NA,NA,NA
1450,Museo Casa Carranza,Historia,1979-05-21,Ayuntamiento de Xicotepec,21,Puebla,197,Xicotepec,1,Xicotepec de Juárez,Plaza de la Constitución s/n,Centro,73080,764 764 00 72,,"https://xicotepecpuebla.com/documentosturismo/INVENTARIO%20TUR%C3%8DSTICO%20DE%20XICOTEPEC,%20PUEBLA.pdf",https://xicotepecpuebla.com/xicotepecpueblomagico.html,xikotepekali@gmail.com,,,,-97.95852,20.27681,0,0,http://sic.gob.mx/ficha.php?table=museo&table_id=1450,1648732695,Puebla,NA,1979-05,1979
2473,Museo Comunitario de Xiutetelco,,1995-06-01,"Organización Cultural Xiuhtecuhtli, Asociación Civil (OCUXAC)",21,Puebla,199,Xiutetelco,1,San Juan Xiutetelco,Aquiles Serdán 105-A,Centro,73970,"231 120 1203, 231 154 8223",,,,raf-mont@hotmail.com; carlosjulian839@gmail.com,https://www.facebook.com/museoxiutetelco/?locale=es_LA,,,-97.32652,19.79615,4,1,http://sic.gob.mx/ficha.php?table=museo&table_id=2473,1736962709,Puebla,NA,1995-06,1995
139,Museo Comunitario de Arqueología de Xiutetelco,Arqueología,1995-02-06,"Organización Cultural Xiuhtecuhtli, A.C.",21,Puebla,199,Xiutetelco,1,San Juan Xiutetelco,Aquiles Serdán 105-A,Centro,73970,231 120 12 03,,https://www.facebook.com/museoxiutetelco,,raf-mont@hotmail.com; carlosjulian839@gmail.com,,,,-97.32589,19.79611,6,1,http://sic.gob.mx/ficha.php?table=museo&table_id=139,1675851147,Puebla,NA,1995-02,1995
1102,Museo Comunitario Gral. Juan Francisco Lucas,Historia,2006-08-04,Ayuntamiento de Xochiapulco,21,Puebla,200,Xochiapulco,1,Cinco de Mayo,Calle 5 de Mayo  1,Centro,73660,233 311 11 04,,,,transparenciaxochiapulco@gmail.com,,,,-97.65877,19.82033,-1,-1,http://sic.gob.mx/ficha.php?table=museo&table_id=1102,1673959827,Puebla,NA,2006-08,2006
278,Museo Comunitario Xolalpancalli (casa del pueblo),Arqueología,1993-02-14,Ayuntamiento de Zacapoaxtla,21,Puebla,207,Zacapoaxtla,1,Zacapoaxtla,Plaza de la Constitución s/n,Centro Histórico,73680,233 314 21 00,https://www.flickr.com/photos/tour_x_mexico/sets/72157635067026078/,https://www.consultoriaenexposiciones.com/museo-comunitario-xolalpancalli-casa-del-pueblo/,,marticolis1@hotmail.com,,,,-97.58952,19.8732,-1,-1,http://sic.gob.mx/ficha.php?table=museo&table_id=278,1708083990,Puebla,NA,1993-02,1993
2323,Museo Zacatlán MUZA,,NA,,21,Puebla,208,Zacatlán,1,Zacatlán,Leandro Valle 12,Centro,73310,797 975 2321,,,,museozacatlan@gmail.com,https://www.facebook.com/museozacatlan,,,-97.96027,19.93295,3,2,http://sic.gob.mx/ficha.php?table=museo&table_id=2323,1676483038,Puebla,NA,NA,NA
145,Museo Regional Comunitario Luciano Márquez Becerra,Arqueología,1998-05-19,Ayuntamiento de Zacatlán,21,Puebla,208,Zacatlán,1,Zacatlán,Josefa Ortiz de Domínguez 4,Centro,73310,(797) 975 01 09,https://paseopormexico.com/lugares/1330/museo_comunitario_luciano_m%C3%A1rquez_becerra_en_zacatl%C3%A1n,,,cultura@zacatlan.gob.mx,,,,-97.96028,19.93218,3,0,http://sic.gob.mx/ficha.php?table=museo&table_id=145,1555517727,Puebla,NA,1998-05,1998
2324,Museo del Vino La Primavera,,NA,,21,Puebla,208,Zacatlán,1,Zacatlán,Josefa Ortiz de Domínguez 11,"Centro,  Santa Julia",73310,797 975 00 54,https://www.laprimaveravinosylicores.com/2016/05/fabrica-museo.html,,,laprimaveravinosylicores@gmail.com,,,,-97.96097,19.93076,0,0,http://sic.gob.mx/ficha.php?table=museo&table_id=2324,1676484786,Puebla,NA,NA,NA
849,Museo de Relojería Alberto Olvera Hernández,Historia,1993-11-13,"Fábrica de Relojes Centenario,  S.A. de C.V.",21,Puebla,208,Zacatlán,1,Zacatlán,Nigromante 3,Centro,73310,(797) 975 00 60,http://centenario.org.mx/museo.html,https://www.facebook.com/rcentenario,,museo@centenario.com.mx,,,,-97.95805,19.93245,5,0,http://sic.gob.mx/ficha.php?table=museo&table_id=849,1555517655,Puebla,NA,1993-11,1993
1572,Museo del Reloj,Ciencia y tecnología,2005-04-15,Jesús Clemente Olvera Trejo,21,Puebla,208,Zacatlán,15,Jicolapa,Carr. Jicolapa km. 3.5,Col. Jicolapa,73310,(797) 975 07 20,http://www.relojesolvera.com.mx/museodelreloj.html,,,webmaster@relojesolvera.com.mx,https://www.facebook.com/Museodreloj,,,-97.96932,19.95593,1,0,http://sic.gob.mx/ficha.php?table=museo&table_id=1572,1580114666,Puebla,NA,2005-04,2005
241,Museo Paleontológico y Parque Ecoturístico Turritelas,Ciencia y tecnología,1997-01-17,Ayuntamiento de Zapotitlán,21,Puebla,209,Zapotitlán,1,Zapotitlán Salinas,A 16 km de la cabecera municipal y a 12 km de la Carr. Fed. Tehuacán-Huajuapan,Col. San Juan Raya,73440,237 383 68 82 ext. 105,http://www.sanjuanraya.com/,,,visitazapotitlan@hotmail.com,,,,-97.47457,18.33171,-1,-1,http://sic.gob.mx/ficha.php?table=museo&table_id=241,1646233074,Puebla,NA,1997-01,1997
1818,Museo de la Muñeca Artesanal,,2014-10-01,Ayuntamiento de Amealco,22,Querétaro,1,Amealco de Bonfil,1,Amealco de Bonfil,Morelos 168,Centro Histórico,76850,448 278 01 01 ext. 175,,,,direccionturismo.amealco@gmail.com,https://www.facebook.com/MuseodelaMunecaArtesanalAmealco/,,,-100.14417,20.18713,4,0,http://sic.gob.mx/ficha.php?table=museo&table_id=1818,1701431596,Querétaro,NA,2014-10,2014
460,Museo Comunitario Ex convento de Bucareli,Historia,1993-09-20,Comunitario,22,Querétaro,2,Pinal de Amoles,1,Pinal de Amoles,San Francisco de Asís s/n,Centro,76330,(441) 275 00 73,,,,victorinorr@yahoo.com.mx,,,,-99.62528,21.13417,2,0,http://sic.gob.mx/ficha.php?table=museo&table_id=460,1475083086,Querétaro,NA,1993-09,1993
2206,Museo Comunitario de Pinal de Amoles General Tomás Mejía,,2021-08-19,Secretaría de Cultura del Estado de Querétaro,22,Querétaro,2,Pinal de Amoles,1,Pinal de Amoles,Mariano Escobedo s/n,Centro,76300,441 688 0200,,,,museocpinal@gmail.com,https://www.facebook.com/Museo-Comunitario-De-Pinal-De-Amoles-148822570638989,https://x.com/MuseoCPinal,https://www.instagram.com/museopinaldeamoles,-99.62549,21.13545,2,1,http://sic.gob.mx/ficha.php?table=museo&table_id=2206,1725389580,Querétaro,NA,2021-08,2021
1475,Museo Comunitario Real y Minas de las Escanelas,Historia,2010-12-16,Comunitario,22,Querétaro,2,Pinal de Amoles,80,San Pedro Escanela,Real y Minas de Escanelas s/n,Centro,76309,441 100 9761,,,,jassomc@yahoo.com.mx,,,,-99.52685,21.12403,1,0,http://sic.gob.mx/ficha.php?table=museo&table_id=1475,1738345793,Querétaro,NA,2010-12,2010
1800,Planetario Dr. José Hernández Moreno,,2015-06-27,Secretaría de Turismo del Estado de Querétaro,22,Querétaro,4,Cadereyta de Montes,1,Cadereyta de Montes,"Parque Cirino Anaya, Carr. Cadereyta-Santa Bárbara km 1",,76511,441 276 09 71,http://www.planetariotour360.com.mx/,,,planetario.josehdzmoreno@gmail.com,https://www.facebook.com/planetariocadereytademontes/,,,-99.81158,20.71091,0,0,http://sic.gob.mx/ficha.php?table=museo&table_id=1800,1695899146,Querétaro,NA,2015-06,2015
2336,Jardín Botánico Regional de Cadereyta Ing. Manuel González de Cosío,,1991-04-25,Secretaría de Educación del Gobierno del Estado de Querétaro/Consejo de Ciencia y Tecnología del Estado de Querétaro,22,Querétaro,4,Cadereyta de Montes,1,Cadereyta de Montes,Camino a la Antigua Hacienda de Tovares s/n,Ejido de Fuentes y Pueblo nuevo,76500,441 276 06 47,http://www.concyteq.edu.mx/JB/inicio.html,,,jbotanicocadereyta@concyteq.edu.mx,https://www.facebook.com/botanicocadereyta/?locale=es_LA,,,-99.80629,20.67644,5,0,http://sic.gob.mx/ficha.php?table=museo&table_id=2336,1681419246,Querétaro,NA,1991-04,1991
2017,Museo Regional de Cadereyta,,2011-09-03,Asociación Civil Autónoma,22,Querétaro,4,Cadereyta de Montes,1,Cadereyta de Montes,Revolución 4,Zona Centro,76500,045 441 103 2961,,https://www.facebook.com/Fundacion.Cultural.Cadereyta/about,,betty-diaz69@hotmail.com,,,,-99.81272,20.69344,0,0,http://sic.gob.mx/ficha.php?table=museo&table_id=2017,1527788447,Querétaro,NA,2011-09,2011
2368,Museo Comunitario del Mármol,,NA,,22,Querétaro,4,Cadereyta de Montes,48,Los Juárez,Domicilio conocido,,76527,+52 442 322 33 00,,,,,,,,-99.64654,20.86715,0,0,http://sic.gob.mx/ficha.php?table=museo&table_id=2368,1696951566,Querétaro,NA,NA,NA
453,Museo Comunitario de Colón,Historia,1994-05-28,Unión Estatal de Museos Comunitarios del Estado de Querétaro,22,Querétaro,5,Colón,1,Colón,Francisco I. Madero 125,Col. Soriano,76270,419 292  01 08,,http://recintosculturalesqro.gob.mx/?p=139,,,,,,-100.04973,20.78379,-1,-1,http://sic.gob.mx/ficha.php?table=museo&table_id=453,1633706125,Querétaro,NA,1994-05,1994
2207,Museo del Sarape,,2018-12-14,Ayuntamiento de Colón,22,Querétaro,5,Colón,1,Colón,"Francisco I. Madero 135, a un costado de la Plaza Soriano",Barrio del Soriano,76270,419 292 0108  presidencia,,,,presidencia.colon1821@gmail.com,https://www.facebook.com/SecultQro/posts/10156633655032060/,,,-100.0525,20.7784,0,0,http://sic.gob.mx/ficha.php?table=museo&table_id=2207,1689758146,Querétaro,NA,2018-12,2018
1568,Museo de los Milagros,Arte,2006-09-17,Basílica de Nuestra Señora de los Dolores de Soriano,22,Querétaro,5,Colón,1,Colón,Francisco I. Madero s/n,Centro,76270,419 292 02 41,,,,basilicadesoriano@hotmail.com,,,,-100.05233,20.7794,3,-1,http://sic.gob.mx/ficha.php?table=museo&table_id=1568,1689757509,Querétaro,NA,2006-09,2006
2218,Museo Anbanica de Historia,,2021-11-29,Ayuntamiento de Corregidora / Secretaría de Desarrollo Social / Instituto Municipal de Cultura,22,Querétaro,6,Corregidora,1,El Pueblito,Josefa Ortiz de Domínguez 1,Col. El Pueblito,76900,442 384 55 00 ext. 8046,,,,imc.corregidora@gmail.com,,,,-100.44145,20.54012,6,1,http://sic.gob.mx/ficha.php?table=museo&table_id=2218,1682507387,Querétaro,NA,2021-11,2021
2160,"Museo Rubén González. Arte, tradición y fe.",,2019-07-17,,22,Querétaro,6,Corregidora,1,El Pueblito,Fray José Bermúdez 51 A,El Pueblito,NA,044 2209 6000 ext. 2016,,,,,,,,-100.44075,20.54314,0,0,http://sic.gob.mx/ficha.php?table=museo&table_id=2160,1579195003,Querétaro,NA,2019-07,2019
912,Museo Comunitario del Pueblito,TND,NA,"Amigos del Patrimonio Cultural del Municipio de Corregidora, A.C.",22,Querétaro,6,Corregidora,1,El Pueblito,Fray José Bermúdez 24,Centro,76900,442 874 6781,,,,salvador.chavez_queretaro@yahoo.com.mx,,,,-100.44108,20.5429,3,1,http://sic.gob.mx/ficha.php?table=museo&table_id=912,1579175986,Querétaro,NA,NA,NA
1956,Museo de Sitio de la Zona Arqueológica El Cerrito,,2019-02-14,Secretaría de Cultura/INAH,22,Querétaro,6,Corregidora,1,El Pueblito,Av. Hidalgo s/n,Col. Emiliano Zapata,76900,442 225 11 32,,,https://lugares.inah.gob.mx/es/museos-inah/museo/17173-museo-de-sitio-el-cerrito.html?lugar_id=17173,cdovali.qro@inah.gob.mx,https://www.facebook.com/search/top/?q=Zona%20Arqueol%C3%B3gica%20y%20Museo%20de%20Sitio%20El%20Cerrito%20INAH,,,-100.4416,20.55161,4,1,http://sic.gob.mx/ficha.php?table=museo&table_id=1956,1646399003,Querétaro,NA,2019-02,2019
1683,Museo de la Máscara,Arte,2014-04-01,"Bernal Pueblo Mágico, A.C.",22,Querétaro,7,Ezequiel Montes,1,Ezequiel Montes,Independencia s/n,Centro,76660,441 296 46 05,https://culturaqueretaro.gob.mx/iqca/sitio/Espaciosculturalescontroller/recinto/90,,,museomascara@hotmail.com,https://www.facebook.com/Museo-de-la-M%C3%A1scara-961591207189847/,,,-99.94016,20.74221,3,0,http://sic.gob.mx/ficha.php?table=museo&table_id=1683,1681306622,Querétaro,NA,2014-04,2014
1732,Museo de las Ánimas,Historia,2012-04-01,"Bernal Pueblo Mágico, A.C.",22,Querétaro,7,Ezequiel Montes,3,Bernal,Independencia 2,Centro,76670,(441) 296 46 05,http://recintosculturalesqro.gob.mx/?p=125,,,museomascara@hotmail.com,https://www.facebook.com/Museo-de-sitio-Capilla-de-las-%C3%81nimas-1500452806897754/,,,-99.93988,20.74239,2,0,http://sic.gob.mx/ficha.php?table=museo&table_id=1732,1572264713,Querétaro,NA,2012-04,2012
1684,Casa Museo del Dulce,Especializado,2014-05-01,Particular,22,Querétaro,7,Ezequiel Montes,3,Bernal,Benito Juárez 2,Centro,76680,441  296 41 48,https://www.dulcesbernal.com/museo,,,museo@dulcesbernal.com,https://www.facebook.com/casamuseobernal/?locale=es_LA,,,-99.93724,20.73613,5,0,http://sic.gob.mx/ficha.php?table=museo&table_id=1684,1681301300,Querétaro,NA,2014-05,2014
1733,Museo del Cine Nacional Rosalío Solano,Historia,2014-02-28,"Bernal Pueblo Mágico, A.C.",22,Querétaro,7,Ezequiel Montes,3,Bernal,Calle Iturbide s/n,Centro Histórico,76680,441 296 46 05,,,,bernalpueblomagico@hotmail.com,https://www.facebook.com/Museo-de-Cine-Rosalio-Solano-341125976070449/,,,-99.93992,20.74128,2,0,http://sic.gob.mx/ficha.php?table=museo&table_id=1733,1681386436,Querétaro,NA,2014-02,2014
155,Museo Comunitario de Huimilpan,TND,2017-06-09,Unión Estatal de Museos Comunitarios del Estado de Querétaro/Casa de Cultura de Huimilpan,22,Querétaro,8,Huimilpan,1,Huimilpan,Domicilio conocido,Centro,76950,448 278 52 24,,,,checoturismohuimilpan@gmail.com,,,,-100.27431,20.37492,2,-1,http://sic.gob.mx/ficha.php?table=museo&table_id=155,1689690186,Querétaro,NA,2017-06,2017
445,Museo Histórico de la Sierra Gorda de Querétaro,Historia,1991-08-09,Secretaría de Cultura del Estado de Querétaro/Dirección de Educación Artística y Servicios Culturales,22,Querétaro,9,Jalpan de Serra,1,Jalpan de Serra,Fray Junípero Serra 1,Centro,76340,441 296 01 65,,,,museosierragorda@gmail.com; museo_historico@yahoo.com.mx,https://www.facebook.com/MuseoSierraGorda,,,-99.47368,21.21758,2,1,http://sic.gob.mx/ficha.php?table=museo&table_id=445,1737486351,Querétaro,NA,1991-08,1991
2124,Museo Comunitario Virgen del Mar de Herrera,,2019-03-07,Ayuntamiento de Jalpan de Serra,22,Querétaro,9,Jalpan de Serra,81,Saucillo,Domicilio conocido,Centro,76345,441 107 77 77,https://www.jalpan.travel/sitioshistoricos.html#museosaucillo,,,comunicacionsocialjalpan@gmail.com; coltrackm3@gmail.com; anggie_08sanchez@hotmail.com,https://www.facebook.com/JalpandeSerraMagico,,,-99.33861,21.246,0,0,http://sic.gob.mx/ficha.php?table=museo&table_id=2124,1706775188,Querétaro,NA,2019-03,2019
1609,Museo de la Zona Arqueológica de Tancamá,Arqueología,2011-03-21,Secretaría de Cultura/INAH,22,Querétaro,9,Jalpan de Serra,86,Tancáma,,,NA,,http://www.inah.gob.mx/index.php?option=com_content&view=article&id=5709,,,,,,,-99.39657,21.1598,-1,-1,http://sic.gob.mx/ficha.php?table=museo&table_id=1609,1713296271,Querétaro,NA,2011-03,2011
1972,Museo Comunitario Pame Xi’oi,,2017-06-01,Ayuntamiento de Jalpan de Serra/Coordinación de Cultura,22,Querétaro,9,Jalpan de Serra,87,Tancoyol,Plaza Principal,,76350,"441 107 77 77, 441 596 61 23 exts. 139, 125",,https://www.jalpan.travel/sitioshistoricos.html#museosaucillo,,comunicacionsocialjalpan@gmail.com; coltrackm3@gmail.com; anggie_08sanchez@hotmail.com,,,,-99.33028,21.39881,0,0,http://sic.gob.mx/ficha.php?table=museo&table_id=1972,1706775176,Querétaro,NA,2017-06,2017
1977,Museo Comunitario de Tesoros de Nuestra Historia,,1994-01-01,Universidad Autónoma de Querétaro/Facultad de Filosofía,22,Querétaro,10,Landa de Matamoros,1,Landa de Matamoros,Domicilio Conocido,Centro,76137,Cel. (441) 151 0598,,,,arenirubio.salas@hotmail.com,,,,-99.32087,21.18525,3,0,http://sic.gob.mx/ficha.php?table=museo&table_id=1977,1551962869,Querétaro,NA,1994-01,1994
432,Museo Comunitario Crónica y Arte Agropecuario de la Sierra Gorda,Historia,2001-09-02,Unión Estatal de Museos Comunitarios del Estado de Querétaro,22,Querétaro,10,Landa de Matamoros,1,Landa de Matamoros,Constitución esq. Morelos s/n,Centro,76360,(441) 292 53 58,,,,demosfr@hotmail.com.mx; tenek-15@hotmail.com,,,,-99.32244,21.18739,2,-1,http://sic.gob.mx/ficha.php?table=museo&table_id=432,1629190877,Querétaro,NA,2001-09,2001
428,Museo Comunitario Lucio Balderas Márquez,Historia,1994-01-01,Unión Estatal de Museos Comunitarios del Estado de Querétaro,22,Querétaro,10,Landa de Matamoros,48,Tilaco,San Francisco 149,Centro Histórico,76390,,http://recintosculturalesqro.gob.mx/?p=148,,,,,,,-99.19165,21.16394,1,-1,http://sic.gob.mx/ficha.php?table=museo&table_id=428,1629191847,Querétaro,NA,1994-01,1994
1879,Museo Ing. Félix Pezet Sandoval,Ciencia y tecnología,NA,CONACYT/Centro Nacional de Metrología,22,Querétaro,11,El Marqués,1,La Cañada,km 4.5 Carretera a los Cués,,76246,442 211 05 00 al 04,https://www.gob.mx/cenam/,,,jamolina@cenam.mx,https://www.facebook.com/CENTRONACIONALDEMETROLOGIA/,,,-100.25589,20.53557,3,0,http://sic.gob.mx/ficha.php?table=museo&table_id=1879,1683549704,Querétaro,NA,NA,NA
2347,Museo de Historia de San Clemente Lic. Samuel Luna Álvarez,,2022-08-20,,22,Querétaro,12,Pedro Escobedo,28,San Clemente,Ignacio Aldama entre Corregidora y Morelos,Centro,76720,442 435 44 58,,,,,https://www.facebook.com/profile.php?id=100064653223318,,,-100.08694,20.51482,0,0,http://sic.gob.mx/ficha.php?table=museo&table_id=2347,1682450734,Querétaro,NA,2022-08,2022
2011,Museo de La Estudiantina,,2017-12-09,Universidad Autónoma de Querétaro/Centro Cultural Independencia,22,Querétaro,14,Querétaro,1,Santiago de Querétaro,"Independencia 29, Plaza de Armas",Centro,76000,442 109 78 64,,,,centrocultural.uaq@gmail.com,,,,-100.38962,20.59212,0,0,http://sic.gob.mx/ficha.php?table=museo&table_id=2011,1618838991,Querétaro,NA,2017-12,2017
436,Museo de Arte de Querétaro,Arte,1988-09-22,Secretaría de Cultura del Estado de Querétaro/Dirección de Educación Artística y Servicios Culturales,22,Querétaro,14,Querétaro,1,Santiago de Querétaro,Allende 14 Sur,Centro Histórico,76000,442 212 23 57,https://museodeartedequeretaro.com.mx/index,https://www.facebook.com/museodeartedequeretaro,,recepcionmaqro1@gmail.com,https://www.facebook.com/museodeartedequeretaro/,,,-100.39349,20.59088,16,6,http://sic.gob.mx/ficha.php?table=museo&table_id=436,1725322610,Querétaro,NA,1988-09,1988
1681,Museo del Calendario (Mucal),Arte,2015-05-28,Calendarios Landín,22,Querétaro,14,Querétaro,1,Santiago de Querétaro,Madero 91,Centro Histórico,76000,442 212 21 87,,,,informes@mucal.mx,https://www.facebook.com/MuseodelCalendario/,,,-100.39561,20.59077,10,1,http://sic.gob.mx/ficha.php?table=museo&table_id=1681,1732563722,Querétaro,NA,2015-05,2015
1786,Museo de los Conspiradores,Historia,2015-09-13,Secretaría de Cultura del Estado de Querétaro/Dirección de Educación Artística y Servicios Culturales,22,Querétaro,14,Querétaro,1,Santiago de Querétaro,Andador 15 de Mayo 18,Centro Histórico,76000,442  214 54 23,,http://culturaqueretaro.gob.mx/iqca/sitio/Espaciosculturalescontroller/recinto/9,,museodelosconspiradores@gmail.com,https://www.facebook.com/museodelosconspiradores/,,,-100.39026,20.59289,4,0,http://sic.gob.mx/ficha.php?table=museo&table_id=1786,1681309451,Querétaro,NA,2015-09,2015
1856,Museo de Arte Sacro,Arte,2015-09-11,Patronato del Museo,22,Querétaro,14,Querétaro,1,Santiago de Querétaro,Allende 4,Centro Histórico,76000,442 212 44 70,http://museodeartesacroqro.org/,,,museodeartesacrodequeretaro@gmail.com,https://www.facebook.com/MuseoArteSaQro/,https://x.com/MuseoArteSaQro,,-100.39352,20.59089,6,0,http://sic.gob.mx/ficha.php?table=museo&table_id=1856,1681303110,Querétaro,NA,2015-09,2015
2146,Museo de Ciencia el Péndulo de Foucault- Concyteq,,2005-02-01,Centro Educativo y Cultural de Estado de Querétaro,22,Querétaro,14,Querétaro,1,Santiago de Querétaro,Av. Constituyentes esq. Luis Pasteur s/n,Col. Villas del Sur,76000,442 251 96 00 ext. 9724,https://www.museodelpendulo.org/,,,museocienciaytecnologia@concyteq.edu.mx,https://es-la.facebook.com/museopendulo,,,-100.38643,20.58598,0,0,http://sic.gob.mx/ficha.php?table=museo&table_id=2146,1681303945,Querétaro,NA,2005-02,2005
26,Museo del Cerro de las Campanas,TND,2003-08-28,Ayuntamiento de Querétaro/Secretaría de Cultura del Municipio,22,Querétaro,14,Querétaro,1,Santiago de Querétaro,"Int. Parque Nacional Cerro de las Campanas, Cto. Cerro de las Campanas s/n",Centro Histórico,76000,442 215 90 31,http://culturaqueretaro.gob.mx/iqca/sitio/Espaciosculturalescontroller/recinto/89,,,contacto_museo@municipiodequeretaro.gob.mx; martha.salgado@municipiodequeretao.gob.mx,https://www.facebook.com/pages/category/Park/Museo-Cerro-de-las-Campanas-779811012155189/,,,-100.41082,20.59284,5,0,http://sic.gob.mx/ficha.php?table=museo&table_id=26,1732813565,Querétaro,NA,2003-08,2003
172,La Zacatecana Casa-Museo,Arte,2001-07-01,"Museo Casa de la Zacatecana, A.C.",22,Querétaro,14,Querétaro,1,Santiago de Querétaro,Calle Independencia 59,Centro Histórico,76000,442 224 07 58,https://lazacatecana.mx/,,,casazacatecana@gmail.com; vinculacionzacatecana@gmail.com,https://es-la.facebook.com/people/Museo-Casa-de-la-Zacatecana/100063505325248/,,,-100.3885,20.5925,11,0,http://sic.gob.mx/ficha.php?table=museo&table_id=172,1681301482,Querétaro,NA,2001-07,2001
433,Museo de la Ciudad,Arte,1997-02-14,Secretaría de Cultura del Estado de Querétaro/Dirección de Educación Artística y Servicios Culturales,22,Querétaro,14,Querétaro,1,Santiago de Querétaro,Guerrero 27 Nte.,Centro Histórico,76000,442 224 37 56,http://culturaqueretaro.gob.mx/iqca/sitio/Espaciosculturalescontroller/recinto/4,https://museociudadqro.com.mx/index,,museodelaciudadqro@gmail.com; info@museodelaciudadqro.com.mx,https://es-la.facebook.com/MUSEOCDQRO/,https://x.com/MCQRO,,-100.3958,20.59299,0,22,http://sic.gob.mx/ficha.php?table=museo&table_id=433,1681304393,Querétaro,NA,1997-02,1997
65,Museo de Sitio de Santa Rosa de Viterbo,Historia,2019-02-28,Centro de las Artes de Querétaro,22,Querétaro,14,Querétaro,1,Santiago de Querétaro,José María Arteaga 89,Centro Histórico,76000,442  214 16 91,http://culturaqueretaro.gob.mx/iqca/sitio/Eventoscontroller/evento/969,,,diseno.secultqro@gmail.com,,,,-100.39666,20.58797,2,0,http://sic.gob.mx/ficha.php?table=museo&table_id=65,1690287481,Querétaro,NA,2019-02,2019
1772,Museo La Antigua Estación del Ferrocarril,Historia,2015-01-21,Ayuntamiento de Querétaro/Secretaría de Cultura del Municipio,22,Querétaro,14,Querétaro,1,Santiago de Querétaro,Héroe de Nacozari s/n,Centro Histórico,76000,442 340 27 35,http://culturaqueretaro.gob.mx/iqca/sitio/Espaciosculturalescontroller/recinto/56,,,martha.salgado@municipiodequeretao.gob.mx,https://www.facebook.com/ReporteQueretaro/posts/773471629375276/?locale=es_LA,,,-100.39686,20.60123,2,1,http://sic.gob.mx/ficha.php?table=museo&table_id=1772,1732814899,Querétaro,NA,2015-01,2015
2144,Museo de Arte Urbano de México (MARUM),,2019-05-03,Centro Educativo y Cultural  Manuel Gómez Morín de Querétaro,22,Querétaro,14,Querétaro,1,Santiago de Querétaro,"Av. Constituyentes s/n, zona dos extendida",Centro,76000,442 251 96 00,https://nuevearteurbano.com/,,,,,,https://www.instagram.com/marum_mx,-100.3868,20.5859,0,0,http://sic.gob.mx/ficha.php?table=museo&table_id=2144,1682606302,Querétaro,NA,2019-05,2019
2198,Museo de la Marca,,2021-07-01,,22,Querétaro,14,Querétaro,1,Santiago de Querétaro,Calle Gonzalo Río Arronte 28,Col. Villas del Sol,76046,442 202 07 34,http://museodelamarca.com/,,,contacto@museodelamarca.com,https://www.facebook.com/museodelamarca/,https://x.com/museodelamarca,,-100.38618,20.58419,0,0,http://sic.gob.mx/ficha.php?table=museo&table_id=2198,1681305080,Querétaro,NA,2021-07,2021
434,Museo Regional de Querétaro,Historia,1936-11-06,Secretaría de Cultura/INAH,22,Querétaro,14,Querétaro,1,Santiago de Querétaro,Corregidora 3 Sur,Centro Histórico,76000,442 212 20 31,https://www.inah.gob.mx/museos/museo-regional-de-queretaro,,https://lugares.inah.gob.mx/lugar-104-es,museoregionalqueretaro@yahoo.com.mx; ramon_avendano@inah.gob.mx,https://www.facebook.com/MuseoRegionaldeQueretaro/,https://x.com/museoregqro,,-100.39124,20.59242,5,0,http://sic.gob.mx/ficha.php?table=museo&table_id=434,1681393223,Querétaro,NA,1936-11,1936
1680,Museo Fundación Santiago Carbonell,Arte,2014-05-14,"Fundación Santiago Carbonell, Amigos del Museo Santiago Carbonell, A.C.",22,Querétaro,14,Querétaro,1,Santiago de Querétaro,Calle 5 de Mayo núm.  90,Centro Histórico,76000,442  212 80 52,,,,contacto@museosantiagocarbonell.com,https://www.facebook.com/museosantiagocarbonell/,,,-100.38656,20.59395,5,-1,http://sic.gob.mx/ficha.php?table=museo&table_id=1680,1681390810,Querétaro,NA,2014-05,2014
2334,Museo de Bichos Querétaro,,NA,,22,Querétaro,14,Querétaro,1,Santiago de Querétaro,Av. Luis Pasteur Sur 32,Centro,76000,442 577 5723,,,,pao.cid@hotmail.com,https://www.facebook.com/search/top?q=museo%20bichos%20quer%C3%A9taro,,,-100.38871,20.59223,0,0,http://sic.gob.mx/ficha.php?table=museo&table_id=2334,1686826975,Querétaro,NA,NA,NA
2053,Museo de Arte Contemporáneo Querétaro,Arte,2018-11-07,Secretaría de Cultura del Estado de Querétaro/Dirección de Educación Artística y Servicios Culturales,22,Querétaro,14,Querétaro,1,Santiago de Querétaro,Manuel Acuña s/n esq. Reforma,"Barrio de la Cruz, Centro Histórico",76020,442 251 98 50 ext. 1001,http://macq.mx/,,,elmacqinformes@gmail.com,https://www.facebook.com/lmacq/?rf=257248378479766,https://x.com/soyMACQ,,-100.38415,20.59344,14,0,http://sic.gob.mx/ficha.php?table=museo&table_id=2053,1725322296,Querétaro,NA,2018-11,2018
435,Museo de la Restauración de la República,Historia,2003-08-14,Secretaría de Cultura del Estado de Querétaro/Dirección de Educación Artística y Servicios Culturales,22,Querétaro,14,Querétaro,1,Santiago de Querétaro,Guerrero 23 Nte.,Centro Histórico,76000,442 224 30 04,http://culturaqueretaro.gob.mx/iqca/sitio/Espaciosculturalescontroller/recinto/28,,,museoqro@gmail.com,https://www.facebook.com/people/Museo-de-la-Restauraci%C3%B3n-de-la-Rep%C3%BAblica/100070388850767/,,,-100.39572,20.59295,6,2,http://sic.gob.mx/ficha.php?table=museo&table_id=435,1725472093,Querétaro,NA,2003-08,2003
1682,Museo de Ciencias XIMHAI,TND,2019-06-25,Universidad Autónoma de Querétaro/Fac. de Ciencias Naturales,22,Querétaro,14,Querétaro,87,Rancho Largo,Av. de las Ciencias s/n,Santa Rosa Juriquilla,76230,55 3702 7516,https://museoximhai.uaq.mx/,,,pamelabg@uaq.mx; museoximhai@uaq.mx,https://www.facebook.com/uaq.mx,,,-100.44152,20.70353,-1,-1,http://sic.gob.mx/ficha.php?table=museo&table_id=1682,1681300866,Querétaro,NA,2019-06,2019
2244,Museo del Huapango de San Joaquín,,2022-04-07,Dirección de Turismo y Economía/Casa Municipal de Cultura,22,Querétaro,15,San Joaquín,1,San Joaquín,Emiliano Zapata 8,Col. Centro,76550,441 138 7166,,,,casadecultura.sanjoaquin@hotmail.com,https://www.facebook.com/casadecultura.sanjoaquin,,,-99.56573,20.91613,2,0,http://sic.gob.mx/ficha.php?table=museo&table_id=2244,1655205839,Querétaro,NA,2022-04,2022
1623,Museo Comunitario Mineral de San Joaquín,Arqueología,2010-04-01,Dirección de Turismo del Ayuntamiento de San Joaquin,22,Querétaro,15,San Joaquín,1,San Joaquín,Francisco Zarco s/n esq. Insurgentes,Centro,76550,(441) 293 53 19,,http://recintosculturalesqro.gob.mx/?p=151,,turismo@sanjoaquin.gob.mx; turismo_sj@yahoo.com.mx,,,,-99.56537,20.91371,2,-1,http://sic.gob.mx/ficha.php?table=museo&table_id=1623,1629194010,Querétaro,NA,2010-04,2010
38,Museo de la Muerte (en remodelación),Historia,1997-06-24,Ayuntamiento de San Juan del Río/Dirección de Cultura,22,Querétaro,16,San Juan del Río,1,San Juan del Río,Andador 2 de Abril núm. 42,Centro,76800,427 272 42 12,https://www.sanjuandelrio.gob.mx/,,,direccionbellasartesjr@gmail.com,https://es-la.facebook.com/MuseodelaMuerteSanJuandelRioQueretaro/,,,-99.99641,20.38325,3,1,http://sic.gob.mx/ficha.php?table=museo&table_id=38,1732722162,Querétaro,NA,1997-06,1997
2169,Museo del Nacimiento,,2019-11-14,Privado,22,Querétaro,16,San Juan del Río,1,San Juan del Río,Av. Lic. Benito Juárez Pte. 183-B,Centro,76800,427 235 00 01,https://museodelnacimiento.org/,,,info@museodelnacimiento.org,https://www.facebook.com/mdelnacimiento/,,,-100.00581,20.38385,0,0,http://sic.gob.mx/ficha.php?table=museo&table_id=2169,1689758016,Querétaro,NA,2019-11,2019
1915,Museo Interactivo de Cultura del Agua,,2017-03-23,Ayuntamiento de San Juan del Río/Junta de Agua Potable y Alcantarillado Municipal/Parque Paseo de los Guzmán,22,Querétaro,16,San Juan del Río,1,San Juan del Río,Av. Gral. Felipe Angeles s/n,Las Huertas,76807,427 129 00 73,https://www.japam.gob.mx/,,,contacto@japam.gob.mx,https://www.facebook.com/japamsjr,,,-100.00443,20.39065,0,0,http://sic.gob.mx/ficha.php?table=museo&table_id=1915,1732716443,Querétaro,NA,2017-03,2017
1719,Museo México me Encanta. Tradiciones mexicanas en miniatura,Arte,2014-04-12,Particular,22,Querétaro,17,Tequisquiapan,1,Tequisquiapan,Calle 5 de Mayo núm. 11,Centro,76750,414 273 19 70,,,,museomexicomeencanta@gmail.com,https://www.facebook.com/MuseoMexicomeencanta?fref=ts&rf=277385259104611,,,-99.89217,20.52219,2,0,http://sic.gob.mx/ficha.php?table=museo&table_id=1719,1689758449,Querétaro,NA,2014-04,2014
256,Museo Comunitario Ya Nfadi Ya Ñohño (Los conocimientos de los otomíes),Antropología,1995-09-27,Unión Estatal de Museos Comunitarios del Estado de Querétaro,22,Querétaro,18,Tolimán,1,Tolimán,Av. Juárez s/n,Centro,76630,,,,,,,,,-99.931,20.90811,4,-1,http://sic.gob.mx/ficha.php?table=museo&table_id=256,1629195006,Querétaro,NA,1995-09,1995
98,Museo de la Isla de Cozumel,Ciencia y tecnología,1987-04-04,"Fundación de Parques y Museos de Cozumel, Quintana Roo, A.C.",23,Quintana Roo,1,Cozumel,1,Cozumel,Av. Rafael E. Melgar 321,Centro,77600,987 872 14 75,https://www.cozumelparks.com/museo-de-la-isla/,,,reservas@cozumelparks.org,https://www.facebook.com/MuseoCozumel,,,-86.94785,20.51312,11,2,http://sic.gob.mx/ficha.php?table=museo&table_id=98,1650454394,Quintana Roo,NA,1987-04,1987
1638,Museo Histórico de la Ciudad de Felipe Carrillo Puerto,Arte,2010-03-22,Secretaría de Cultura/DGCPIU/Unidad Regional Quintana Roo,23,Quintana Roo,2,Felipe Carrillo Puerto,1,Felipe Carrillo Puerto,Calle 68 s/n entre Benito Juárez y Calle 64,Centro,77200,983 177 7415,,,,cpopulares_85@hotmail.com,https://www.facebook.com/CPopularesQRoo,,,-88.04536,19.57741,6,1,http://sic.gob.mx/ficha.php?table=museo&table_id=1638,1726008889,Quintana Roo,NA,2010-03,2010
311,Museo de la Guerra de Castas,Historia,1993-03-24,Instituto de la Cultura y las Artes de Quintana Roo,23,Quintana Roo,2,Felipe Carrillo Puerto,250,Tihosuco,Calle 17 esq. Calle 26,Centro,77121,983 208 92 03,,,,museogcastas@hotmail.com,https://www.facebook.com/pg/MuseoGuerradeCastas/posts/,,,-88.3749,20.19659,4,1,http://sic.gob.mx/ficha.php?table=museo&table_id=311,1689676548,Quintana Roo,NA,1993-03,1993
2418,Museo Oceonográfico de Isla Contoy,,NA,"Parque Nacional de Isla Contoy/Amigos de Isla Contoy, A.C",23,Quintana Roo,3,Isla Mujeres,1,Isla Mujeres,Parque Nacional de Isla Contoy,,77400,998 234 9905,,,,parquenacioanlislacontoy@hotmail.com,https://www.facebook.com/profile.php?id=100035390004081,,,-86.79844,21.50965,0,0,http://sic.gob.mx/ficha.php?table=museo&table_id=2418,1707745684,Quintana Roo,NA,NA,NA
331,Museo de la Ciudad de Chetumal,Historia,1998-03-26,Instituto de la Cultura y las Artes de Quintana Roo,23,Quintana Roo,4,Othón P. Blanco,1,Chetumal,Av. Héroes 68,Centro,77000,983 832 30 02 ext. 139,,,,museosqroo@hotmail.com,https://www.facebook.com/MuseodelaCiudadChetumal/?rf=675563482485204,,,-88.29696,18.49594,6,0,http://sic.gob.mx/ficha.php?table=museo&table_id=331,1688384674,Quintana Roo,NA,1998-03,1998
106,Museo de la Cultura Maya,Arqueología,1994-09-14,Instituto de la Cultura y las Artes de Quintana Roo,23,Quintana Roo,4,Othón P. Blanco,1,Chetumal,Av. Héroes esq. Mahatma Gandhi s/n,Centro,77000,983  832 68 38,,,,museomaya@hotmail.com; museosqroo@hotmail.com,https://www.facebook.com/MuseodelaCulturaMaya/,,,-88.29572,18.50413,7,4,http://sic.gob.mx/ficha.php?table=museo&table_id=106,1654595385,Quintana Roo,NA,1994-09,1994
430,Museo Maqueta de Payo Obispo,Historia,1985-01-22,Instituto de la Cultura y las Artes de Quintana Roo,23,Quintana Roo,4,Othón P. Blanco,1,Chetumal,Av. Miguel Hidalgo s/n esq. 22 de Enero,Centro,77000,,,http://tuchetumal.com/es/activity/maqueta-payo-obispo/,,iqcdir@iqc.gob.mx; museosqroo@hotmail.com,,,,-88.29356,18.49348,0,-1,http://sic.gob.mx/ficha.php?table=museo&table_id=430,1572353336,Quintana Roo,NA,1985-01,1985
2089,Museo de sitio de la Zona Arqueológica de Oxtankah,,NA,Secretaría de Cultura/INAH,23,Quintana Roo,4,Othón P. Blanco,3161,El Paraíso Dos,Domicilio Conocido,,NA,(983) 837 24 11,http://www.inah.gob.mx/es/zonas/102-zona-arqueologica-oxtankah,,,direccion.qroo@inah.gob.mx,,,,-88.30187,18.60885,0,0,http://sic.gob.mx/ficha.php?table=museo&table_id=2089,1622377851,Quintana Roo,NA,NA,NA
1735,Museo del Agua Ch’ooj K’uun (Oro azul),Ciencia y tecnología,2013-07-19,"Complejo Científico, Tecnológico y Cultural Planetario Cancún Ka’ Yok’",23,Quintana Roo,5,Benito Juárez,1,Cancún,"Av.  Palenque s/n, SM. 21 Mz. 05 Lote 1",,77500,998 883 95 57,https://www.planetariodecancun.org/kayok-c22sx,,,rp.planetariodecancun@gmail.com,https://www.facebook.com/p/Museo-del-Agua-Chooj-Kuun-100068091070293/,,,-86.83313,21.15291,0,0,http://sic.gob.mx/ficha.php?table=museo&table_id=1735,1689678090,Quintana Roo,NA,2013-07,2013
2250,Ripley’s Marvellous,,2016-01-20,Dreams Entertainment Group,23,Quintana Roo,5,Benito Juárez,1,Cancún,Blvd.  Kukulkán Km. 12. Plaza La Isla,Zona Hotelera,77500,998 883 5025,https://www.ripleys.com/mexico/,,,social@ripleys.com,https://www.facebook.com/RipleysBelieveItorNot,,,-86.76226,21.11207,0,0,http://sic.gob.mx/ficha.php?table=museo&table_id=2250,1672923266,Quintana Roo,NA,2016-01,2016
479,Museo Casa Maya,Historia,1998-05-01,Ayuntamiento de Benito Juárez/Dirección General de Ecología,23,Quintana Roo,5,Benito Juárez,1,Cancún,"Int. Parque Ecológico Estatal Kabah, Av. Nichupté 13 SM-53 M-1 L-1-01",,77507,998 206 13 56,http://parquekabah.blogspot.com/,,,areasnaturales2427@gmail.com,https://www.facebook.com/parqueurbanokabah/,,,-86.83697,21.14219,3,0,http://sic.gob.mx/ficha.php?table=museo&table_id=479,1737035593,Quintana Roo,NA,1998-05,1998
2128,Museo Regreso al Pasado,,2008-01-01,Hotel Azul Sensatori,23,Quintana Roo,5,Benito Juárez,1,Cancún,Carret.Fed. Cancún-Puerto Morelos MZ 37 SM 12 Km 27.5 Bahia Petempich,,77580,866 527 47 62,,,,info@backtothepast.com.mx,https://www.facebook.com/BackToThePastMuseum/,,,-86.87415,21.00047,0,0,http://sic.gob.mx/ficha.php?table=museo&table_id=2128,1683037733,Quintana Roo,NA,2008-01,2008
1438,Museo Subacuático de Arte (MUSA),Arte,2009-11-14,Asociación de Náuticos de Cancún,23,Quintana Roo,5,Benito Juárez,1,Cancún,"Blvd. Kukulcán Km 10.3 , Punta Cancún y Punta Nizuc",Zona Hotelera,77500,998 848 83 12,http://musamexico.org/es/,,,info@musamexico.org,https://www.facebook.com/MuseoMUSAmx,https://x.com/search,,-86.80658,21.07505,-1,-1,http://sic.gob.mx/ficha.php?table=museo&table_id=1438,1707740018,Quintana Roo,NA,2009-11,2009
1736,Planetario de Cancún Ka´ Yok´,Ciencia y tecnología,2013-07-19,COQCYT,23,Quintana Roo,5,Benito Juárez,1,Cancún,"Av. Palenque s/n S.M. 21, Mz.5",,77505,998 883 95 57,https://www.planetariodecancun.org/domo,,,rp.planetariodecancun@gmail.com,https://www.facebook.com/planetariodecancun/timeline,,,-86.83315,21.15296,0,0,http://sic.gob.mx/ficha.php?table=museo&table_id=1736,1689679215,Quintana Roo,NA,2013-07,2013
1595,Museo Maya de Cancún,Arqueología,2012-11-02,Secretaría de Cultura/INAH,23,Quintana Roo,5,Benito Juárez,1,Cancún,Blvd. Kukulcán km. 16.5,Zona Hotelera,77500,998 885 38 44,https://www.inah.gob.mx/museos/museo-maya-de-cancun,,https://lugares.inah.gob.mx/lugar-134-es,museomayacancun@inah.gob.mx; carlos_esperon@inah.gob.mx,https://www.facebook.com/museomayacancun,https://x.com/museomayacun,,-86.77718,21.07363,3,1,http://sic.gob.mx/ficha.php?table=museo&table_id=1595,1737729826,Quintana Roo,NA,2012-11,2012
903,Museo La Casa del Arte Popular Mexicano de Xcaret,Arte,2002-09-14,"Hacienda Henequera/Flora, Fauna y Cultura de México, A.C.",23,Quintana Roo,8,Solidaridad,1,Playa del Carmen,"Carr. Chetumal-Puerto Juárez, Km. 282",Parque Xcaret,77710,998 849 41 04,,,,diana@museoartepopularmexicano.org,https://www.facebook.com/p/La-Casa-del-Arte-Popular-Mexicano-100057490088189/,,,-87.12137,20.58024,-1,-1,http://sic.gob.mx/ficha.php?table=museo&table_id=903,1689678952,Quintana Roo,NA,2002-09,2002
1928,Museo Frida Kahlo,Arte,2017-07-27,Fundacion Frida Khalo,23,Quintana Roo,8,Solidaridad,1,Playa del Carmen,Calle Quinta Avenida y Calle 8,Centro,77710,984 311 97 97,https://www.rivieramaya.net/museo-frida-kahlo,,,info@artistsrightsfoundation.com,https://www.facebook.com/MuseoFKRM,,https://www.instagram.com/fridakahlomuseo,-87.07272,20.62594,9,0,http://sic.gob.mx/ficha.php?table=museo&table_id=1928,1724696022,Quintana Roo,NA,2017-07,2017
2105,Museo de Sitio de la Zona Arqueológica de Cobá,,NA,Secretaría de Cutura/INAH,23,Quintana Roo,8,Solidaridad,1,Playa del Carmen,Carret. Cobá-Chanchén Primero KM. 2,,NA,(984) 206 71 66,,,,,,,,-87.07528,20.62814,0,0,http://sic.gob.mx/ficha.php?table=museo&table_id=2105,1548332352,Quintana Roo,NA,NA,NA
2063,Museo 3D de las Maravillas,,2016-02-01,,23,Quintana Roo,8,Solidaridad,1,Playa del Carmen,"Av. 10 Norte y Calle 8 Nte., Plaza Pelícanos PA",Centro,77710,984 181 77 82,https://www.3dmuseumofwonders.com/,https://es-la.facebook.com/3dMuseum/,,info@3dmuseumofwonders.com,,,,-87.07361,20.62689,0,0,http://sic.gob.mx/ficha.php?table=museo&table_id=2063,1698412462,Quintana Roo,NA,2016-02,2016
1857,Sayab. Planetario de Playa del Carmen,Ciencia y tecnología,2016-12-16,Red de Observatorios Astronómicos de Quintana Roo,23,Quintana Roo,8,Solidaridad,1,Playa del Carmen,Av. Paseo Central s/n Lt. 016 Mz 001,,77750,984 688 39 56 y 59,https://www.planetariodeplaya.org/,,,difusionsayab@gmail.com,https://www.facebook.com/Planetariodeplayadelcarmen/,,,-87.08494,20.65198,0,0,http://sic.gob.mx/ficha.php?table=museo&table_id=1857,1689679589,Quintana Roo,NA,2016-12,2016
426,Museo de Rescates Subacuáticos,Arqueología,1988-01-01,Centro de Estudios y Deportes Acuáticos de México (CEDAM),23,Quintana Roo,8,Solidaridad,308,Puerto Aventuras,"Blvd. Puerto Aventura s/n, Centro Comercial Marina",Puerto Aventura,77782,984 873 50 02,,,,adriana@puertoaventuras.com.mx,https://pt-br.facebook.com/cetmarplyqroo/posts/1036347046397543:0,,,-87.34706,20.35199,0,0,http://sic.gob.mx/ficha.php?table=museo&table_id=426,1689677254,Quintana Roo,NA,1988-01,1988
2454,Museo Regional de la Costa Oriental,,2024-09-07,Secretaría de Cultura/INAH,23,Quintana Roo,9,Tulum,1,Tulum,Yalkuentre Tahmul y Tulum s/n,Parque del Jaguar Tulum,77764,983 837 24 11,https://www.inah.gob.mx/red-de-museos,,,direccion.qroo@inah.gob.mx,https://www.facebook.com/profile.php?id=61567214160540,,https://www.instagram.com/mureco.mx,-87.44951,20.23163,0,0,http://sic.gob.mx/ficha.php?table=museo&table_id=2454,1736797293,Quintana Roo,NA,2024-09,2024
429,Museo del Fuerte de Bacalar,Historia,1983-03-25,Instituto de la Cultura y las Artes de Quintana Roo,23,Quintana Roo,10,Bacalar,1,Bacalar,Av. 3 s/n,Centro,77930,983 834 28 86,https://icaqroo.com/,,,museosqroo@hotmail.com,https://www.facebook.com/MuseodeBacalar/,,,-88.38861,18.6769,2,-1,http://sic.gob.mx/ficha.php?table=museo&table_id=429,1689678522,Quintana Roo,NA,1983-03,1983
1953,Museo Julián Carrillo,Especializado,2012-01-30,Municipio de Ahualulco,24,San Luis Potosí,1,Ahualulco,1,Ahualulco del Sonido 13,Nabor Carrillo 22,Cuartel Tercero,78450,(444) 854 85 29,,,,,https://ca-es.facebook.com/museojuliancarrillol/,,,-101.16544,22.40061,1,0,http://sic.gob.mx/ficha.php?table=museo&table_id=1953,1682423078,San Luis Potosí,NA,2012-01,2012
220,Museo Parroquial Padre José Robledo,Historia,1976-01-01,Parroquia de la Purísima Concepción,24,San Luis Potosí,6,Catorce,1,Real de Catorce,Lanzagorta 36,Centro,78550,(488) 887 50 15,,,,ernestoveg@yahoo.com.mx,,,,-100.88582,23.68974,-1,-1,http://sic.gob.mx/ficha.php?table=museo&table_id=220,1678792439,San Luis Potosí,NA,1976-01,1976
1954,Museo Regional de Cerritos,Historia,1998-03-01,Ayuntamiento de Cerritos/Dirección de Cultura,24,San Luis Potosí,8,Cerritos,1,Cerritos,Calle Plaza Morelos o Pasaje Morelos 6,Zona Centro,79402,(486) 863 28 61,http://cerrito.gob.ar/index2012/?cat=8,,,culturacerritos2018-2021@outlook.com,,,,-100.28429,22.43203,2,0,http://sic.gob.mx/ficha.php?table=museo&table_id=1954,1737749434,San Luis Potosí,NA,1998-03,1998
1515,Museo Comunitario de Ciudad del Maiz,Historia,2010-02-12,"El Gran Lente, A.C./Casa de Cultura",24,San Luis Potosí,10,Ciudad del Maíz,1,Ciudad del Maíz,Manuel José Othón 5,Centro,79320,444 829 81 81,https://www.turismosanluispotosi.com/portal/art4004_Museo_de_la_Ciudad_del_MaAz.html,,,museomaiz@hotmail.com,https://www.facebook.com/MuseodeCdMaiz/,,,-99.59966,22.40062,3,1,http://sic.gob.mx/ficha.php?table=museo&table_id=1515,1719968821,San Luis Potosí,NA,2010-02,2010
1367,Museo Maam Ts´itsin Inik (Dios Hombre-Pájaro),Antropología,2009-01-01,Comunitario,24,San Luis Potosí,12,Tancanhuitz,1,Tancanhuitz,Centro Ceremonial Tam-Aletom 1a. Sección,Centro,NA,(555) 151 39 41,,,,jozbers_@hotmail.com,,,,-458.94995,21.6085,3,-1,http://sic.gob.mx/ficha.php?table=museo&table_id=1367,1732563816,San Luis Potosí,NA,2009-01,2009
407,Museo Regional Huasteco,Arqueología,1978-12-31,"Patronato del Museo Regional Huasteco, A.C.",24,San Luis Potosí,13,Ciudad Valles,1,Ciudad Valles,Rotarios 623 esq. Artes,Col. Rotarios,79080,481 382 1832,,,,museoregionalhuasteco.ac@gmail.com,https://www.facebook.com/MuseoRegionalHuastecoAC,,,-99.00973,21.98127,-1,-1,http://sic.gob.mx/ficha.php?table=museo&table_id=407,1711571242,San Luis Potosí,NA,1978-12,1978
845,Museo de las Culturas de la Huasteca Potosina Tamuantzán,Arqueología,1997-01-23,Secretaría de Cultura del Gobierno del Estado de San Luis Potosí/Centro Cultural de la Huasteca,24,San Luis Potosí,13,Ciudad Valles,1,Ciudad Valles,Carr. México-Laredo y Libramiento Sur,Fracc. Lomas de San José,79090,481 381 26 75,,,,cchuastecaslp@hotmail.com,https://www.facebook.com/pages/category/Cultural-Center/Centro-Cultural-de-la-Huasteca-Potosina-214478198906124/,,,-98.99733,21.9665,2,0,http://sic.gob.mx/ficha.php?table=museo&table_id=845,1738180984,San Luis Potosí,NA,1997-01,1997
2366,Raíces de Mi Tierra,,2015-05-02,,24,San Luis Potosí,15,Charcas,1,Charcas,Ing. Francisco Moreno Hernández 108 antes Emilio Carranza,Centro,78590,486 111 3247,,,,eliadelsagrario@yahoo.com.mx,https://www.facebook.com/raiceshuachichiles?locale=es_LA,,,-101.11298,23.13839,1,0,http://sic.gob.mx/ficha.php?table=museo&table_id=2366,1736972461,San Luis Potosí,NA,2015-05,2015
1366,Museo Interactivo de Astronomía El Meteorito,Ciencia y tecnología,2021-09-11,Ayuntamiento de Charcas,24,San Luis Potosí,15,Charcas,1,Charcas,San Onofre 117,Col. Cruz del Siglo,78570,(486) 852 05 65,,,,museoelmeteorito@gmail.com,https://www.facebook.com/MuseoElMeteorito/,,,-461.1066,23.12048,6,-1,http://sic.gob.mx/ficha.php?table=museo&table_id=1366,1738176695,San Luis Potosí,NA,2021-09,2021
1110,Museo de Arte Sacro San Pedro de Guadalcázar (Cerrado temporalmente),Especializado,2011-12-01,Patronato de la Parroquia de Guadalcázar,24,San Luis Potosí,17,Guadalcázar,1,Guadalcázar,Mariano Jiménez s/n,Centro,78870,486  587 61 16,,,,museoartesacrospedro@yahoo.com.mx,https://www.facebook.com/media/set/?set=a.354218158006617.84358.145096375585464&type=3,,,-100.3942,22.6176,-1,-1,http://sic.gob.mx/ficha.php?table=museo&table_id=1110,1689169980,San Luis Potosí,NA,2011-12,2011
405,Museo Comunitario Caich,Antropología,1993-01-01,"Caich, Asociación Civil",24,San Luis Potosí,18,Huehuetlán,2,Chununtzén Uno,Chununtzen 1,,79893,482 361 41 02,,,,,,,,-98.97431,21.48532,-1,-1,http://sic.gob.mx/ficha.php?table=museo&table_id=405,1667920941,San Luis Potosí,NA,1993-01,1993
659,Museo de las Culturas de Matehuala,Historia,2003-12-23,Ayuntamiento de Matehuala/Fomento Cultural,24,San Luis Potosí,20,Matehuala,1,Matehuala,Hidalgo 703 Nte.,Centro,78700,488 882 77 35,,https://museomatehuala.wixsite.com/museodelasculturas,,fomentoculturaldehuatemala@hotmail.com,https://www.facebook.com/museodelasculturasmatehuala,,,-100.64441,23.66513,1,1,http://sic.gob.mx/ficha.php?table=museo&table_id=659,1663928600,San Luis Potosí,NA,2003-12,2003
447,Museo de Historia Natural José Vilet Brullet,Especializado,1993-07-01,Particular,24,San Luis Potosí,21,Mexquitic de Carmona,1,Mexquitic de Carmona,Carr. San Luis Potosí-Zacatecas km 22,,78400,444 183 88 24,,,,josepvilet@yahoo.com.mx,https://www.facebook.com/Museo-De-Historia-Natural-128919277178003/,,,-101.11817,22.2623,-1,-1,http://sic.gob.mx/ficha.php?table=museo&table_id=447,1690366969,San Luis Potosí,NA,1993-07,1993
1974,Museo Municipal Profesor Miguel Ángel Herrera Bravo,Especializado,2008-12-03,"Ayuntamiento de Rayón, Departamento de Cultura",24,San Luis Potosí,23,Rayón,1,Rayón,Rivas Guillén esq. Allende,Col. Centro,79740,(487) 877 0063,http://www.rayonslp.com/museohistorico.html,http://www.rayonslp.com/HISTORIA.html,,presidenciarayonslp@gmail.com,,,,-99.64574,21.84341,0,0,http://sic.gob.mx/ficha.php?table=museo&table_id=1974,1574864038,San Luis Potosí,NA,2008-12,2008
1127,Museo Interactivo Colibrí,Ciencia y tecnología,2003-08-01,Ayuntamiento de Rioverde,24,San Luis Potosí,24,Rioverde,1,Rioverde,Héroes Potosinos 444,Centro,79650,487 872 37 36,,,,colibri_direccion@hotmail.com,https://www.facebook.com/people/Museo-Interactivo-Colibr%C3%AD/100076003577511/,,,-100.0019,21.93406,3,0,http://sic.gob.mx/ficha.php?table=museo&table_id=1127,1683643548,San Luis Potosí,NA,2003-08,2003
642,Museo Regional del Río Verde,Historia,1999-01-14,"Programa Nacional de Museos Comunitarios/Museo Regional del Río Verde, A.C.",24,San Luis Potosí,24,Rioverde,1,Rioverde,Gral. Mariano Matamoros 143,Centro,79610,,,,,museoregional1@hotmail.com,,,,-100.00017,21.93525,-3,-1,http://sic.gob.mx/ficha.php?table=museo&table_id=642,1739374105,San Luis Potosí,NA,1999-01,1999
1363,Recinto Juárez,Especializado,2006-09-19,Secretaría de Cultura del Gobierno del Estado de San Luis Potosí,24,San Luis Potosí,25,Salinas,1,Salinas de Hidalgo,Juan Sarabia 10,Centro Histórico,78620,(496) 963 01 08 (Centro Cultural),,,,cultura_salinas@hotmail.com,,,,-101.71678,22.63112,-1,-1,http://sic.gob.mx/ficha.php?table=museo&table_id=1363,1731340956,San Luis Potosí,NA,2006-09,2006
1364,Museo de Sitio de Salinas,Historia,2006-09-19,Secretaría de Cultura de Gobierno del Estado de San Luis Potosí,24,San Luis Potosí,25,Salinas,1,Salinas de Hidalgo,Juan Sarabia 10,Centro,78600,496 105 19 65,,,,ccsalinas20222024@hotmail.com,https://es-la.facebook.com/pages/category/Art-Museum/Centro-Cultural-Salinas-389028797886722/,,,-101.71678,22.63109,7,3,http://sic.gob.mx/ficha.php?table=museo&table_id=1364,1739216853,San Luis Potosí,NA,2006-09,2006
519,Casa Museo Manuel José Othón,Especializado,1966-11-28,Secretaría de Cultura de Gobierno del Estado de San Luis Potosí,24,San Luis Potosí,28,San Luis Potosí,1,San Luis Potosí,Manuel José Othón 225,Centro Histórico,78000,(444) 812 74 12,,,,casamuseomanueljoseothon@gmail.com,https://www.facebook.com/p/Casa-Museo-Manuel-Jos%C3%A9-Oth%C3%B3n-100076257930275/?locale=es_LA,,,-100.97488,22.15157,6,-1,http://sic.gob.mx/ficha.php?table=museo&table_id=519,1738263565,San Luis Potosí,NA,1966-11,1966
887,Museo Nacional de la Máscara,Arte,1982-03-10,Secretaría de Cultura del Gobierno del Estado de San Luis Potosí,24,San Luis Potosí,28,San Luis Potosí,1,San Luis Potosí,Villerías 2,Centro Histórico,78000,444 812 30 25,http://museodelamascaraslp.org/,,,museonacionaldelamascara@hotmail.com,https://www.facebook.com/museonacionaldelamascara,https://x.com/museo_mascara,https://www.instagram.com/museonacionaldelamascara,-100.97403,22.15072,9,3,http://sic.gob.mx/ficha.php?table=museo&table_id=887,1731347553,San Luis Potosí,NA,1982-03,1982
1360,Museo de los Exvotos del Saucito,Arte,2004-08-01,Parroquia del Santuario de Nuestro Señor de Burgos del Saucito,24,San Luis Potosí,28,San Luis Potosí,1,San Luis Potosí,Av. Fray Diego de la Magdalena 80,Col. División del Norte,78250,444 823 04 94,,,,museoexvotos_saucitoslp@outlook.com,https://www.facebook.com/El-Saucito-de-San-Luis-100442531349985/,,,-101.0023,22.18539,-1,-1,http://sic.gob.mx/ficha.php?table=museo&table_id=1360,1731694235,San Luis Potosí,NA,2004-08,2004
2468,Museo Universitario MUNI,Arte,2024-10-03,UASLP,24,San Luis Potosí,28,San Luis Potosí,1,San Luis Potosí,Sierra Leona 550,Lomas de San Luis 2a. Sección,78210,,,,,museo.universitario@uaslp.mx,https://www.facebook.com/muniuaslp,,,-101.02646,22.15141,3,3,http://sic.gob.mx/ficha.php?table=museo&table_id=2468,1731437040,San Luis Potosí,NA,2024-10,2024
522,Museo Federico Silva. Escultura Contemporánea,Arte,2003-09-18,Secretaría de Cultura del Gobierno del Estado de San Luis Potosí,24,San Luis Potosí,28,San Luis Potosí,1,San Luis Potosí,Álvaro Obregón 80,Centro Histórico,78000,444 812 3734 ext. 101,http://www.museofedericosilva.org,,,contacto@museofedericosilva.org,https://www.facebook.com/MuseoFedericoSilva/,https://x.com/MUSEOFSILVA,,-100.9745,22.15319,11,5,http://sic.gob.mx/ficha.php?table=museo&table_id=522,1732810569,San Luis Potosí,NA,2003-09,2003
1955,Planetario del Parque Tangamanga I,Especializado,1985-06-12,SNTE Secc. 26,24,San Luis Potosí,28,San Luis Potosí,1,San Luis Potosí,Artesanos s/n,Colinas del Parque,78250,444 128 61 90 al 95,,,,planetario.tangamanga@gmail.com,https://www.facebook.com/planetario.tangamanga/?locale=es_LA,,,-101.00223,22.1313,4,4,http://sic.gob.mx/ficha.php?table=museo&table_id=1955,1739811593,San Luis Potosí,NA,1985-06,1985
660,Museo Regional Potosino,Arqueología,1952-11-20,Secretaría de Cultura/INAH,24,San Luis Potosí,28,San Luis Potosí,1,San Luis Potosí,"Plaza de Aranzazú, Hermenegildo Galeana 450 esq. Independencia",Centro,78000,444 812 03 58,https://www.inah.gob.mx/museos/museo-regional-potosino,,https://lugares.inah.gob.mx/lugar-105-es,direccionmrp@inah.gob.mx; servicioseducativosmrp@yahoo.com.mx,,https://x.com/MuseoRP,,-100.9782,22.14905,12,3,http://sic.gob.mx/ficha.php?table=museo&table_id=660,1733328891,San Luis Potosí,NA,1952-11,1952
1362,Museo del Ferrocarril Jesús García Corona,Historia,2009-08-12,Secretaría de Cultura del Gobierno del Estado de San Luis Potosí,24,San Luis Potosí,28,San Luis Potosí,1,San Luis Potosí,Manuel José Othón esq. Chico Sein,Centro Histórico,78000,444 812 42 10 ext. 6,http://www.museodelferrocarril.gob.mx,,,hola@museodelferrocarril.gob.mx,https://www.facebook.com/museodelferrocarrilslp,https://x.com/MuseoFFCCSLP,https://www.instagram.com/museodelferrocarrilslp,-100.9711,22.15284,3,-1,http://sic.gob.mx/ficha.php?table=museo&table_id=1362,1732047975,San Luis Potosí,NA,2009-08,2009
1361,Museo de Arte Contemporáneo (MAC),Especializado,2009-08-14,Secretaría de Cultura del Gobierno del Estado de San Luis Potosí,24,San Luis Potosí,28,San Luis Potosí,1,San Luis Potosí,Morelos 235,Centro Histórico,78000,444 814 43 63,http://www.macsanluispotosi.com,,,museoartecont@gmail.com,https://www.facebook.com/Museoartecont/,,,-100.97537,22.15402,5,0,http://sic.gob.mx/ficha.php?table=museo&table_id=1361,1730220881,San Luis Potosí,NA,2009-08,2009
1231,Museo Laberinto de las Ciencias y las Artes,Ciencia y tecnología,2008-09-04,Secretaría de Cultura del Gobierno del Estado de San Luis Potosí,24,San Luis Potosí,28,San Luis Potosí,1,San Luis Potosí,Blvd. Antonio Rocha Cordero s/n,Col. Tierra Blanca,78240,(444) 102 78 00,http://www.museolaberinto.com/,,,info@museolaberinto.com,https://www.facebook.com/Laberinto.SLP,,,-100.9992,22.1174,6,1,http://sic.gob.mx/ficha.php?table=museo&table_id=1231,1730301705,San Luis Potosí,NA,2008-09,2008
440,Museo del Virreinato,Especializado,2003-09-19,Secretaría de Cultura del Gobierno del Estado de San Luis Potosí,24,San Luis Potosí,28,San Luis Potosí,1,San Luis Potosí,Villerías 115,Centro Histórico,78000,"444 814 09 94, 444 829 28 21",https://www.museodelvirreinato.org/,http://culturaslp.gob.mx/museo-del-virreinato/,,administracion@museodelvirreinato.mx,,,,-100.97375,22.15136,10,4,http://sic.gob.mx/ficha.php?table=museo&table_id=440,1732811502,San Luis Potosí,NA,2003-09,2003
1810,Museo Interactivo de Tecnología Aplicada (MITA),Especializado,2017-09-04,Facultad de Ingeniería/ Universidad Autónoma de San Luis Potosí,24,San Luis Potosí,28,San Luis Potosí,1,San Luis Potosí,Dr. Manuel Nava 304,Bellas Lomas-Zona Universitaria,78210,"(444) 826 23 40, 826 23 00",,,,direccionfiuaslp@gmail.com; rosma.fi.uaslp@gmail.com; difusion.cultural@uaslp.mx; direccion@ing.uaslp.mx,,,,-101.01659,22.14462,0,0,http://sic.gob.mx/ficha.php?table=museo&table_id=1810,1730234336,San Luis Potosí,NA,2017-09,2017
1799,Museo Leonora Carrington,Especializado,2018-03-22,Centro de las Artes de San Luis Potosí/Secretaría de Cultura de San Luis Potosí,24,San Luis Potosí,28,San Luis Potosí,1,San Luis Potosí,Calz. de Guadalupe 705,Col. Julián Carrillo,78340,444 137 41 00,https://www.leonoracarringtonmuseo.org/slp,,,dir@leonoracarringtonmuseo.org,https://www.facebook.com/museoleonoracarrington/,,,-100.97058,22.13825,3,0,http://sic.gob.mx/ficha.php?table=museo&table_id=1799,1737053370,San Luis Potosí,NA,2018-03,2018
2355,Ecomuseo Tangamanga 1,Especializado,NA,Centros Estatales de Cultura y Recreación/Parque Tangamanga I-Gobierno del Estado de SLP,24,San Luis Potosí,28,San Luis Potosí,1,San Luis Potosí,Av. Salvador Nava Martínez 3055,Fracc. Tangamanga,78294,(444) 817 63 22  ext.102,https://cecurt.com.mx/ecomuseo.htm,,,direcciongeneral@cecurt.com.mx,,,,-100.99885,22.12854,0,0,http://sic.gob.mx/ficha.php?table=museo&table_id=2355,1730745356,San Luis Potosí,NA,NA,NA
2170,Museo de Sitio del Edificio Central UASLP,Especializado,2019-11-21,Secretaría de Difusión Cultura de la Universidad Autónoma de San Luis Potosí,24,San Luis Potosí,28,San Luis Potosí,1,San Luis Potosí,Álvaro Obregón 64,Centro,78000,444 814 66 64,https://www.uaslp.mx/DifusionCultural/Paginas/Sedes/585#gsc.tab=0,,,manuel.munoz@uaslp.mx,https://www.facebook.com/museodesitiouaslp/,,,-100.97816,22.15242,4,0,http://sic.gob.mx/ficha.php?table=museo&table_id=2170,1731513921,San Luis Potosí,NA,2019-11,2019
47,Museo de Tauromaquia,Especializado,1973-08-25,"Centro Taurino Potosino, S.C.P.A.",24,San Luis Potosí,28,San Luis Potosí,1,San Luis Potosí,Av. Universidad 1110,Col. Paseo,78310,(444) 822 81 77,,,,israel_luna@live.com,https://www.facebook.com/pg/Centro-Taurino-Potosino-1469837196671018/about/?ref=page_internal,,,-100.96505,22.15111,-1,-1,http://sic.gob.mx/ficha.php?table=museo&table_id=47,1574950554,San Luis Potosí,NA,1973-08,1973
2116,Pinacoteca de Centro de Difusión Cultural Raúl Gamboa,,1978-04-21,Instituto Potosino de Bellas Artes/Secretaría de Cultura de San Luis Potosí,24,San Luis Potosí,28,San Luis Potosí,1,San Luis Potosí,Av. Universidad esq. Negrete s/n,Centro,78000,444 816 05 25,,http://institutopotosinodebellasartes.com/centro-de-difusion-cultural-raul-gamboa/,,comunicacionsocial.ipba@gmail.com,,,,-100.97072,22.15064,0,0,http://sic.gob.mx/ficha.php?table=museo&table_id=2116,1732120181,San Luis Potosí,NA,1978-04,1978
524,Museo Francisco Cossío,Arte,1970-11-20,Secretaría de Cultura del Gobierno del Estado de San Luis Potosí,24,San Luis Potosí,28,San Luis Potosí,1,San Luis Potosí,Av. Venustiano Carranza 1815,Col. Jardín,78270,(444) 813 22 47,https://www.museofranciscocossio.org/,,,museofranciscocossio@gmail.com,https://www.facebook.com/Francisco.Cossio.Museo/?locale=es_LA,,https://www.instagram.com/museo.francisco.cossio,-101.00329,22.1485,9,2,http://sic.gob.mx/ficha.php?table=museo&table_id=524,1739463726,San Luis Potosí,NA,1970-11,1970
2467,Casa del Rebozo,Especializado,1952-01-01,Secretría de Cultura de Gobierno del Estado de SLP,24,San Luis Potosí,32,Santa María del Río,1,Santa María del Río,Pascual M. Hernández Segura 85,Centro,79560,444 284 89 54,http://casadelrebozo.org/,,,,https://www.facebook.com/delrebozo/?locale=es_LA,https://x.com/delrebozo,https://www.instagram.com/casadelrebozo,-100.73628,21.8008,4,1,http://sic.gob.mx/ficha.php?table=museo&table_id=2467,1732560830,San Luis Potosí,NA,1952-01,1952
2365,Museo Maestranza La Evolución,,NA,Negociación Minera Santa María de la Paz y Anexas (NEMISA),24,San Luis Potosí,48,Villa de la Paz,1,Villa de la Paz,Álvaro Obregón 2,Centro,78830,488 885 1636,https://museomaestranza.com/,,,museomaestranza@gmail.com,https://www.facebook.com/MuseoMaestranza,,,-100.70786,23.6743,0,0,http://sic.gob.mx/ficha.php?table=museo&table_id=2365,1732645791,San Luis Potosí,NA,NA,NA
2371,Museo Edward James,,2022-12-22,Centro James,24,San Luis Potosí,54,Xilitla,1,Xilitla,Camino a las Pozas s/n,Barrio La Conchita,79900,489 127 75 73,,,,museoedwardjames@gmail.com,https://www.facebook.com/MuseoEdwardJames,,https://www.instagram.com/museoedwardjames,-98.99679,21.39595,0,1,http://sic.gob.mx/ficha.php?table=museo&table_id=2371,1732731344,San Luis Potosí,NA,2022-12,2022
2004,Museo Leonora Carrington Xilitla,Arte,2018-10-19,Secretaría de Cultura de San Luis Potosí,24,San Luis Potosí,54,Xilitla,1,Xilitla,Miguel Álvarez Acosta 109,Centro,79900,489 365 04 42,https://www.leonoracarringtonmuseo.org/xilitla/,,,leonoracarringtonxilitlamuseo@gmail.com,https://www.facebook.com/museoleonoracarringtonxilitla/,,,-98.99074,21.38544,2,0,http://sic.gob.mx/ficha.php?table=museo&table_id=2004,1732821218,San Luis Potosí,NA,2018-10,2018
2358,"Jardín Escultórico Edward James, Las Pozas.",Arte,1991-01-01,"Fundación Pedro y Elena Hernández, A.C.",24,San Luis Potosí,54,Xilitla,1,Xilitla,Camino a las Pozas s/n,Barrio La Conchita,79902,489 123 85 48,https://laspozasxilitla.org.mx/,,,reservas@pedroyelena.org,https://www.facebook.com/JardinEscultoricoDeEdwardJamesLasPozas/?locale=es_LA,,https://www.instagram.com/jardinescultoricoedwardjames,-98.99667,21.3958,0,0,http://sic.gob.mx/ficha.php?table=museo&table_id=2358,1732724772,San Luis Potosí,NA,1991-01,1991
1860,Sala de arqueología  de la Casa de la Cultura Profesor Conrado Espinosa,Arte,1995-12-08,Municipio de Ahome,25,Sinaloa,1,Ahome,1,Los Mochis,Belisario Domínguez s/n al pie del Cerro de la Memoria,Col. Bugambilias,81216,668  818 49 49,,,,casacultura@ahome.gob.mx,,,,-108.97254,25.80411,0,0,http://sic.gob.mx/ficha.php?table=museo&table_id=1860,1689166093,Sinaloa,NA,1995-12,1995
1670,Trapiche. Museo Interactivo,Ciencia y tecnología,2014-12-01,"Patronato de Impulsora de la Cultura y de las Artes, I.A.P.",25,Sinaloa,1,Ahome,1,Los Mochis,Blvd. Rosend G. Castro 711 Pte.,Centro,81200,668 176 17 57,http://www.trapiche.org.mx/,,,contacto@trapiche.org.mx,https://www.facebook.com/TrapicheLM/,,,-108.9991,25.78836,3,1,http://sic.gob.mx/ficha.php?table=museo&table_id=1670,1689165200,Sinaloa,NA,2014-12,2014
316,Museo Regional del Valle del Fuerte,Arqueología,1990-03-03,Instituto Sinaloense de Cultura,25,Sinaloa,1,Ahome,1,Los Mochis,Antonio Rosales s/n,Centro,81200,668 812 4692,,,,museoregionaldelvalledelfuerte@gmail.com,https://es-la.facebook.com/museoregionaldelVF,,,-108.99951,25.78975,6,2,http://sic.gob.mx/ficha.php?table=museo&table_id=316,1696343056,Sinaloa,NA,1990-03,1990
52,Museo Comunitario de la Villa de Ahome,Arqueología,1999-01-05,"Instituto Sinaloense de Cultura/Ecomuseos de Sinaloa, A.C.",25,Sinaloa,1,Ahome,70,Ahome,Ignacio Zaragoza s/n,Centro,81110,,,,,sandra.robles@culturasinaloa.gob.mx,,,,-109.17509,25.9199,-1,-1,http://sic.gob.mx/ficha.php?table=museo&table_id=52,1529496879,Sinaloa,NA,1999-01,1999
30,Museo Comunitario San Miguel Zapotitlán,Historia,2001-09-29,"Red Estatal de Museos Comunitarios y Ecomuseos de Sinaloa, A.C., Ayuntamiento de Ahome",25,Sinaloa,1,Ahome,227,San Miguel Zapotitlán,Benito Juárez s/n,Col. Centro,81340,Cel.  668 186 29 30,,,,,,,,-109.0518,25.94737,1,0,http://sic.gob.mx/ficha.php?table=museo&table_id=30,1512677974,Sinaloa,NA,2001-09,2001
118,Museo Minero,Historia,2000-05-15,"Red Estatal de Museos Comunitarios y Ecomuseos de Sinaloa, A.C",25,Sinaloa,4,Concordia,40,Copala,Domicilio conocido,,82650,667 167 42 72,http://remunomex.uas.edu.mx/index.php/museo-minero/,,,rodolfoanguiano@uas.edu.mx; direccionminas@regionpasco.gob.pe,,,,-105.93293,23.39475,-1,-1,http://sic.gob.mx/ficha.php?table=museo&table_id=118,1696943227,Sinaloa,NA,2000-05,2000
36,Museo Comunitario del General Domingo Rubí,Historia,1999-05-05,"Red Estatal de Museos Comunitarios y Ecomuseos de Sinaloa, A.C.",25,Sinaloa,4,Concordia,162,El Verde,Reforma s/n,Centro,82648,(694) 963 61 74,,,,,,,,-106.07006,23.29065,-1,-1,http://sic.gob.mx/ficha.php?table=museo&table_id=36,1512670966,Sinaloa,NA,1999-05,1999
1864,Museo de Minería e Historia,Ciencia y tecnología,1980-12-13,Ayuntamiento de Cosalá,25,Sinaloa,5,Cosalá,1,Cosalá,Gabriel Leyva Solano s/n,Centro,80700,696 965 11 19,https://www.sinaloa360.com/museo-mineria-e-historia-cosala/,,,coordinaciondeeventos2014@hotmail.com,,,,-106.69163,24.4118,6,0,http://sic.gob.mx/ficha.php?table=museo&table_id=1864,1620395824,Sinaloa,NA,1980-12,1980
196,Centro de Ciencias de Sinaloa,Ciencia y tecnología,1993-01-28,Secretaría  de Educación Pública y Cultura,25,Sinaloa,6,Culiacán,1,Culiacán Rosales,Av. de las Américas 2771 Nte.,Col. Villa Universidad,80010,667 759 90 00,,,,centrodeciencias@ccs.edu.mx,https://www.facebook.com/centrodecienciasdesinaloa/?locale=es_LA,https://x.com/centrodciencias,https://www.instagram.com/centrodecienciassinaloa,-107.38527,24.8292,11,1,http://sic.gob.mx/ficha.php?table=museo&table_id=196,1683205659,Sinaloa,NA,1993-01,1993
586,Museo de Arte de Sinaloa (MASIN),Arte,1991-11-21,Instituto Sinaloense de Cultura,25,Sinaloa,6,Culiacán,1,Culiacán Rosales,Rafael Buelna s/n esq.  Ruperto L. Paliza,Centro,80000,667 713 99 33,http://www.culturasinaloa.gob.mx/index.php?option=com_content&view=category&id=191&Itemid=261,,,museodeartedesinaloa@culturasinaloa.gob.mx,https://www.facebook.com/MASINculiacan/,https://x.com/MASINculiacan,,-107.39433,24.81052,8,7,http://sic.gob.mx/ficha.php?table=museo&table_id=586,1626962080,Sinaloa,NA,1991-11,1991
1603,Museo Interactivo sobre las Adicciones (MIA),Especializado,2012-10-17,Instituto MIA,25,Sinaloa,6,Culiacán,1,Culiacán Rosales,Av. Ruperto L. Paliza y Ángel Flores 484 Nte.,Centro,80000,667 257 99 62,http://mia.culiacan.gob.mx/,,,miateconecta@gmail.com,https://www.facebook.com/InstitutoMIA/,,,-107.39333,24.80918,-1,-1,http://sic.gob.mx/ficha.php?table=museo&table_id=1603,1689164260,Sinaloa,NA,2012-10,2012
2,"Museo Comunitario Carlos Bell, de Oso Viejo",Arqueología,2004-09-29,"Red Estatal de Museos Comunitarios y Ecomuseos de Sinaloa, A.C., Ayuntamiento de Culiacán",25,Sinaloa,6,Culiacán,1,Culiacán Rosales,"Casa Ejidal de Oso Viejo, Benito Juárez s/n",Centro,80483,667 258 85 22,,,,institutoculturaculiacan@gmail.com,,,,0,0,-1,-1,http://sic.gob.mx/ficha.php?table=museo&table_id=2,1708610376,Sinaloa,NA,2004-09,2004
527,Museo Insectaria,Ciencia y tecnología,2005-04-28,Ayuntamiento de Culiacán/Restaurante el Miradero,25,Sinaloa,6,Culiacán,1,Culiacán Rosales,Carr. Culiacancito km 7.5,,NA,667 258 85 22,,https://www.facebook.com/AyuntamientoCuliacan/posts/10150745926504581?stream_ref=5,,institutoculturaculiacan@gmail.com,,,,-107.47427,24.81821,-1,-1,http://sic.gob.mx/ficha.php?table=museo&table_id=527,1708610516,Sinaloa,NA,2005-04,2005
528,Museo de Historia Regional de Sinaloa,Arqueología,1958-12-14,Instituto Sinaloense de Cultura,25,Sinaloa,6,Culiacán,1,Culiacán Rosales,"Parque Constitución, Rafael Buelna 853",Centro,80000,667  715 55 41,http://culturasinaloa.gob.mx/index.php?option=com_content&view=article&id=12:museo-regional-de-sinaloa&catid=100:instalaciones,https://www.facebook.com/MuseoRegionaldeSinaloaNuevaEtapa,,laura.aragon@culturasinaloa.gob.mx; culturaculiacan1@gmail.com,,,,-107.3853,24.81238,7,-1,http://sic.gob.mx/ficha.php?table=museo&table_id=528,1692887570,Sinaloa,NA,1958-12,1958
2171,Centro de Ciencias de Sinaloa,Ciencia y tecnología,2020-01-28,Gobierno del Estado de Sinaloa,25,Sinaloa,6,Culiacán,1,Culiacán Rosales,Av. de las Américas 2771 Nte.,Col. Villa Universidad,80010,667 759 90 00,https://www.ccs.edu.mx/,,,difusioneimagen@ccs.edu.mx,https://www.facebook.com/centrodecienciasdesinaloa,,,-107.39376,24.80881,0,0,http://sic.gob.mx/ficha.php?table=museo&table_id=2171,1720625772,Sinaloa,NA,2020-01,2020
3,Museo Comunitario de Tacuichamona,Arqueología,1998-01-01,Sindicatura de Tacuichamona,25,Sinaloa,6,Culiacán,704,San Francisco de Tacuichamona,Calle de las Procesiones s/n,Centro,80470,667 655 5151,https://economia.culiacan.gob.mx/index.php/tramites-y-servicios?view=article&id=183&catid=30,,,rosa_borquez@aicloud.com,https://www.facebook.com/culiacancultura/?locale=es_LA,,,-107.07602,24.36055,1,0,http://sic.gob.mx/ficha.php?table=museo&table_id=3,1738869883,Sinaloa,NA,1998-01,1998
2413,Casa del Artesano y Museo de la Cruz,,NA,Ayuntamiento de Elote/Dirección de Turismo,25,Sinaloa,8,Elota,1,La Cruz,Ignacio Allende s/n esq. Poniente 11,Centro,82700,696 961 01 11 ext. 106,,,,turismoelota@gmail.com,,,,-106.89272,23.91377,0,0,http://sic.gob.mx/ficha.php?table=museo&table_id=2413,1706616005,Sinaloa,NA,NA,NA
2411,Museo Rural de Elota,,NA,Ayuntamiento de Elota/Dirección de Turismo,25,Sinaloa,8,Elota,30,Elota,Ing. Manuel Aguilar s/n,Cetro,82700,696 961 01 11 ext. 106,,,,turismoelota@gmail.com,,,,-106.71226,23.96956,0,0,http://sic.gob.mx/ficha.php?table=museo&table_id=2411,1706614733,Sinaloa,NA,NA,NA
2412,Museo de la Tortuga,,NA,Ayuntamiento de Elota/Dirección de Turismo,25,Sinaloa,8,Elota,404,Playa Ceuta,Domicilio conocido,,82787,696 961 01 11 ext. 106,,,,turismoelota@gmail.com,,,,-106.95743,23.90412,0,0,http://sic.gob.mx/ficha.php?table=museo&table_id=2412,1706615486,Sinaloa,NA,NA,NA
1865,Museo El Fuerte Mirador,Historia,2001-12-15,Ayuntamiento El Fuerte,25,Sinaloa,10,El Fuerte,1,El Fuerte,Prolongación Calle 5 de Mayo,Centro,81820,Cel. 698 107 29 83,,,,azaso_195@hotmail.com,https://www.facebook.com/MuseoFuerteMirador/,,,-108.62102,26.42283,2,1,http://sic.gob.mx/ficha.php?table=museo&table_id=1865,1717177611,Sinaloa,NA,2001-12,2001
12,Museo Comunitario de Tehueco,Antropología,2001-06-24,"Red Estatal de Museos Comunitarios y Ecomuseos de Sinaloa, A.C., /Ayuntamiento de El Fuerte",25,Sinaloa,10,El Fuerte,195,Tehueco,Josefa Ortíz de Domínguez s/n,Centro,81820,(698) 893 01 17,,,,,,,,-108.61449,26.42079,-1,-1,http://sic.gob.mx/ficha.php?table=museo&table_id=12,1512673877,Sinaloa,NA,2001-06,2001
164,Museo Comunitario de Tamazula,Historia,1996-12-28,"Red Estatal de Museos Comunitarios y Ecomuseos de Sinaloa, A.C., Ayuntamiento de Guasave",25,Sinaloa,11,Guasave,269,Tamazula,Av. Álvaro Obregón s/n,Col. Tamazula,81170,"687 881 52 14, 687 138 72 48",,,,museodetamazula@culturasinaloa.gob.mx,https://www.facebook.com/people/Museo-de-Tamazula-Guasave/100057298245792/,,,-108.45147,25.4471,-1,-1,http://sic.gob.mx/ficha.php?table=museo&table_id=164,1689602222,Sinaloa,NA,1996-12,1996
300,Museo Arqueológico de Mazatlán,Arqueología,1989-06-16,Secretaría de Cultura/INAH,25,Sinaloa,12,Mazatlán,1,Mazatlán,Sixto Osuna 76,Centro,82000,669 981 14 55,http://www.inah.gob.mx/red-de-museos/210-museo-arqueologico-de-mazatlan,,https://lugares.inah.gob.mx/lugar-135-es,museoarqueologicomazatlan@gmail.com,https://www.facebook.com/people/Museo-Arqueológico-de-Mazatlán/100057641101171/,https://x.com/MUSAMMazatlan,,-106.42549,23.19673,4,1,http://sic.gob.mx/ficha.php?table=museo&table_id=300,1734466643,Sinaloa,NA,1989-06,1989
1580,Museo de Conchas,Ciencia y tecnología,1986-11-01,Particular,25,Sinaloa,12,Mazatlán,1,Mazatlán,Av. Playa Gaviotas 407,Zona Dorada,82110,559 913 13 01,http://www.seashellcitymuseum.com,,,info@seashellcitymuseum.com,https://www.facebook.com/seashellcitymx,,,-106.45286,23.24292,1,1,http://sic.gob.mx/ficha.php?table=museo&table_id=1580,1689077182,Sinaloa,NA,1986-11,1986
2332,Gran Acuario Mazatlán Mar de Cortés,,2023-04-29,,25,Sinaloa,12,Mazatlán,1,Mazatlán,Av. de los Deportes 111,Col. Tilleria,82017,669 689 0501,https://granacuario.com/,,,contacto@granacuario.com,https://www.facebook.com/granacuariomazatlan,,https://www.instagram.com/granacuariomazatlan,-106.42798,23.22865,19,0,http://sic.gob.mx/ficha.php?table=museo&table_id=2332,1711036312,Sinaloa,NA,2023-04,2023
263,Museo de Arte de Mazatlán,Arte,1998-11-25,Instituto Sinaloense de Cultura,25,Sinaloa,12,Mazatlán,1,Mazatlán,Calle Sixto Osuna esq. Av. Carranza,Centro Histórico,82000,559 985 35 02,https://isic.gob.mx/infraestructura/zona-sur/,,,museoartemazatlan@culturasinaloa.gob.mx,https://www.facebook.com/museodeartedemazatlan/,,,-106.42545,23.19649,3,2,http://sic.gob.mx/ficha.php?table=museo&table_id=263,1733334525,Sinaloa,NA,1998-11,1998
76,Museo del Mar (Acuario de Mazatlán),Ciencia y tecnología,1980-09-13,Ayuntamiento de Mazatlán,25,Sinaloa,12,Mazatlán,1,Mazatlán,Av. de los Deportes  111,Fracc. Tellería,82017,(669) 981 78 15 al 17,http://acuariomazatlan.com/acuario/museo-de-mar/,,,direccion@acuariomazatlan.com,https://www.facebook.com/Acuario-Mazatl%C3%A1n-245193502192242/,,,-106.42807,23.22861,1,1,http://sic.gob.mx/ficha.php?table=museo&table_id=76,1638791010,Sinaloa,NA,1980-09,1980
40,Museo de Historia Regional,Arqueología,2004-12-01,Ayuntamiento de Mocorito/Red de museos regionales de Sinaloa,25,Sinaloa,13,Mocorito,1,Mocorito,Av. Miguel Hidalgo núm. 20,Centro,80950,673 735 10 24 casa de la cultura,,https://sinaloa.travel/destinos/mocorito,,,,,,-107.92277,25.48214,4,0,http://sic.gob.mx/ficha.php?table=museo&table_id=40,1689079743,Sinaloa,NA,2004-12,2004
395,Museo Lola Beltrán,Historia,2001-03-30,Ayuntamiento de Rosario,25,Sinaloa,14,Rosario,1,El Rosario,Benito Juárez s/n,Centro,82800,694 952 65 44 Pcia. Municipal,https://www.rosario.gob.mx/museos,,,museololabeltranpueblomagico@gmail.com,https://www.facebook.com/people/Museo-Lola-Beltran-Rosario-Pueblo-M%C3%A1gico/100066512150577/,,,-105.85856,22.98939,2,1,http://sic.gob.mx/ficha.php?table=museo&table_id=395,1689083239,Sinaloa,NA,2001-03,2001
1965,Museo de Pedro Infante,Historia,2017-11-17,Instituto Sinaloense de Cultura/Dirección de Cultura de Salvador Alvarado,25,Sinaloa,15,Salvador Alvarado,1,Guamúchil,"Av. Mariano Matamoros 2504 nte., Camino a la Presa",Ampliación Lomas del Valle,81410,673 732 8780,,,,museopedroinfanteguamuchil@hotmail.com,https://www.facebook.com/MuseoPedroInfanteCruzGuamuchil/,,,-108.07075,25.47888,0,0,http://sic.gob.mx/ficha.php?table=museo&table_id=1965,1615194048,Sinaloa,NA,2017-11,2017
2321,Museo Regional del Évora,,2020-02-27,Patronato del Museo / Ayuntamiento de Salvador Alvarado,25,Sinaloa,15,Salvador Alvarado,1,Guamúchil,Av. Mariano Matamoros 2512 Nte.,Col. Lomas del Valle,81410,673 117 01 33,,,,museoregionaldelevora@gmail.com,https://www.facebook.com/profile.php?id=100085028383083,,https://www.instagram.com/museoregionalevora,-108.07213,25.47488,0,0,http://sic.gob.mx/ficha.php?table=museo&table_id=2321,1676463270,Sinaloa,NA,2020-02,2020
1533,Museo del Jaguar,Ciencia y tecnología,2011-03-30,Comunidad de Cabazán/Universidad Autónoma de Sinaloa/Ayuntamiento de San Ignacio,25,Sinaloa,16,San Ignacio,1,San Ignacio,Domicilio conocido,Centro,82972,"(696) 104 77 64, 962 51 03",,https://www.facebook.com/museodeljaguar.sinaloa,,yamel@uas.edu.mx,,,,-106.42476,23.94045,4,-1,http://sic.gob.mx/ficha.php?table=museo&table_id=1533,1534155145,Sinaloa,NA,2011-03,2011
29,Museo Comunitario Profr. Ricardo Vega Noriega,Arte,1997-03-23,"Red Estatal de Museos Comunitarios y Ecomuseos de Sinaloa, A.C.",25,Sinaloa,16,San Ignacio,151,San Javier,Calle principal s/n,Pueblo de San Javier,82976,669 912 25 55,,,,,,,,-106.5092,23.91957,4,-1,http://sic.gob.mx/ficha.php?table=museo&table_id=29,1736963983,Sinaloa,NA,1997-03,1997
2104,Museo de sitio de la Zona Arqueológica de Las Labradas,,2013-03-21,Secretaría de Cultura/INAH,25,Sinaloa,16,San Ignacio,335,La Chicayota (Chilacayotas),Playa de San Ignacio,Barras de Piaxtia,82910,667 752 15 41,https://lugares.inah.gob.mx/es/zonas-arqueologicas/zonas/1814-las-labradas.html,,,laslabradasza@gmail.com,,,,-106.74315,23.62761,0,0,http://sic.gob.mx/ficha.php?table=museo&table_id=2104,1695723275,Sinaloa,NA,2013-03,2013
1862,Museo Municipal de la Casa de Cultura,TND,1981-12-01,Municipio de Sinaloa,25,Sinaloa,17,Sinaloa,1,Sinaloa de Leyva,Benito Juárez 56,Centro,81900,(687) 875 03 60,,,,,,,,0,0,0,0,http://sic.gob.mx/ficha.php?table=museo&table_id=1862,1512672910,Sinaloa,NA,1981-12,1981
1195,Casa Museo María Félix,Historia,2002-12-14,,26,Sonora,3,Alamos,1,Álamos,Callejón Maria Félix 1,Centro,85760,647 108 07 04,,https://es-la.facebook.com/pages/category/Civilization-Museum/Museo-Mar%C3%ADa-F%C3%A9lix-1375757355818415/,https://www.instagram.com/hotelcasamariafelix/,hotelcasamariafelix@gmail.com,,,,-108.93583,27.02335,2,-1,http://sic.gob.mx/ficha.php?table=museo&table_id=1195,1674826571,Sonora,NA,2002-12,2002
388,Museo Costumbrista de Sonora,Antropología,1984-11-10,Instituto Sonorense de Cultura,26,Sonora,3,Alamos,1,Álamos,Guadalupe Victoria 1,Centro,85760,647 428 00 53,http://isc.gob.mx/devel/espacios/museo-costumbrista-de-sonora/,,,museocostumbrista@isc.gob.mx; museos@isc.gob.mx,https://www.facebook.com/MuseoCostumbristaSonora/,,,-108.93383,27.02244,13,3,http://sic.gob.mx/ficha.php?table=museo&table_id=388,1676372950,Sonora,NA,1984-11,1984
1781,Museo Costumbrista El Rincón de la Mora,Antropología,2008-02-05,Particular,26,Sonora,12,Bácum,82,Francisco Javier Mina (Campo 60),Manuel Valenzuela esq. Ramón Fuentes,,85270,644 415 08 21,,https://es-la.facebook.com/ElRinconDeLaMora/,,,,,,-110.11233,27.46165,0,0,http://sic.gob.mx/ficha.php?table=museo&table_id=1781,1674846856,Sonora,NA,2008-02,2008
1746,Museo Histórico y Etnográfico de Caborca,Historia,2018-01-01,"Ayuntamiento de Caborca/Dirección de Acción Cívica y Cultural de Caborca, Patronato del Museo Histórico y Etnográfico de Caborca",26,Sonora,17,Caborca,1,Heroica Caborca,Francisco Javier s/n,Pueblo Viejo,83680,"637 372 33 44 ext. 353, 355",,,,cultura@caborca.gob.mx,https://www.facebook.com/pages/Museo%20Historico%20Y%20Etnografico%20De%20Caborca/1515960555325559/,,,-112.14828,30.69714,2,0,http://sic.gob.mx/ficha.php?table=museo&table_id=1746,1727201815,Sonora,NA,2018-01,2018
1307,Museo Sonora en la Revolución,Historia,2009-10-29,Instituto Sonorense de Cultura,26,Sonora,18,Cajeme,1,Ciudad Obregón,Av. Náinari 112 Pte.,col. Zona Norte,85040,644 413 9027,http://isc.gob.mx/devel/espacios/museo-sonora-en-la-revolucion/,,,musor@isc.gob.mx,https://www.facebook.com/musorsonora/,https://x.com/musorsonora,https://www.instagram.com/musor.sonora,-109.94035,27.49993,1,1,http://sic.gob.mx/ficha.php?table=museo&table_id=1307,1718666667,Sonora,NA,2009-10,2009
893,Planetario  Antonio Sánchez Ibarra,Ciencia y tecnología,2004-01-31,DIF Cajeme,26,Sonora,18,Cajeme,1,Ciudad Obregón,Calz. Ostimuri s/n,Col. Bella Vista,85130,644 150 79 77,https://planetariodecajeme.com/,,,planetariodecajeme_asi@hotmail.com,http://www.facebook.com/planetariocajemeasi,,https://www.instagram.com/planetariodecajemeasi,-109.96579,27.4926,1,1,http://sic.gob.mx/ficha.php?table=museo&table_id=893,1699531937,Sonora,NA,2004-01,2004
1218,Museo de los Yaquis,Antropología,1985-09-10,Instituto Sonorense de Cultura,26,Sonora,18,Cajeme,284,Cócorit,Sinaloa y Obregón 200,Centro,85219,644 418 32 00,http://isc.gob.mx/devel/espacios/museo-de-los-yaquis/,,,museodelosyaquis@hotmail.com; museos@isc.gob.mx,https://www.facebook.com/MuseoYaquis/,,,-109.96199,27.5764,12,1,http://sic.gob.mx/ficha.php?table=museo&table_id=1218,1718666383,Sonora,NA,1985-09,1985
370,Museo de la Lucha Obrera,Historia,1981-11-19,Instituto Sonorense de Cultura,26,Sonora,19,Cananea,1,Heroica Ciudad de Cananea,Av. Benito Juárez  esq. Tercera Este,Centro,84620,645 332 03 87,,,,museodelaluchaobrera@hotmail.com,https://www.facebook.com/pg/MuseoLuchaObrera/posts/,,,-110.30337,30.98279,14,1,http://sic.gob.mx/ficha.php?table=museo&table_id=370,1689675250,Sonora,NA,1981-11,1981
225,Museo Ferrocarrilero de Empalme (MUFER),Historia,1997-11-20,"Amigos del MUFER, A.C.",26,Sonora,25,Empalme,1,Empalme,Niños Héroes y Héroe de Nacozari,Col. Moderna,85330,622 223 37 72,,,,muferempalme@gmail.com,https://www.facebook.com/p/MUFER-Empalme-100064389353938/,,,-110.81585,27.95915,1,0,http://sic.gob.mx/ficha.php?table=museo&table_id=225,1689163919,Sonora,NA,1997-11,1997
839,Museo-Casa de la Cultura Leonardo Valdez Esquer,Arte,1985-01-01,Particular,26,Sonora,26,Etchojoa,1,Etchojoa,"Carr. Navoja a Huatabampo s/n, Barrio de la Curva",Col. 14 de Febrero,85280,647 425 01 73,casaculturaleo@hotmail.com,,,makamen.valdez@hotmail.com,https://www.facebook.com/leonardovaldezesquer/?locale=es_LA,,,-109.62336,26.92973,7,0,http://sic.gob.mx/ficha.php?table=museo&table_id=839,1692615436,Sonora,NA,1985-01,1985
431,La Burbuja Museo del Niño (cerrado temporalmente),Ciencia y tecnología,1994-10-24,"Patronato Museo del Niño, A.C.",26,Sonora,30,Hermosillo,1,Hermosillo,Periférico Ote. y Blvd. Francisco Serna,Parque Recreativo La Sauceda,80060,662 212 05 81,,,,museolaburbuja@hotmail.com,http://www.facebook.com/pages/LA-BURBUJA-MUSEO-DEL-NI%C3%91O/254961783318,,,-110.92561,29.07289,-1,-1,http://sic.gob.mx/ficha.php?table=museo&table_id=431,1688980198,Sonora,NA,1994-10,1994
1309,Museo de Arte de Sonora (MUSAS),Arte,2009-08-31,Instituto Sonorense de Cultura,26,Sonora,30,Hermosillo,1,Hermosillo,Blvd. Agustín de Vildósola s/n,Col. Villa de Seris,83280,662 254 63 97,,,,museo@musas.gob.mx; musas@isc.gob.mx,https://www.facebook.com/MuseoMusas,https://x.com/museomusas,https://www.instagram.com/museomusasmx,-110.95429,29.06574,6,-1,http://sic.gob.mx/ficha.php?table=museo&table_id=1309,1718669863,Sonora,NA,2009-08,2009
741,Museo Regional,Arqueología,1957-02-01,Universidad de Sonora,26,Sonora,30,Hermosillo,1,Hermosillo,Blvd. Luis Encinas s/n,Centro,83000,662 454 84 44 ext. 4275,http://www.museoregional.uson.mx/,,,ariel.silva@unison.mx,,,,-110.98171,29.09356,5,1,http://sic.gob.mx/ficha.php?table=museo&table_id=741,1689675906,Sonora,NA,1957-02,1957
737,Museo de Culturas Populares e Indígenas de Sonora,Arte,1997-10-16,Instituto Sonorense de Cultura,26,Sonora,30,Hermosillo,1,Hermosillo,Comonfort 22,Col. Centenario,83260,662 212 64 18,,https://explore-sonora.com/el-museo-de-culturas-populares-e-indigenas-de-sonora/,,culturaspopularaes@isc.gob.mx,https://www.facebook.com/museocpis,https://x.com/gobiernosonora,https://www.instagram.com/_museocpis,-110.95827,29.07423,2,2,http://sic.gob.mx/ficha.php?table=museo&table_id=737,1718670921,Sonora,NA,1997-10,1997
2400,Museo de Minería Porfirio Padilla Lara,,2023-07-10,"Asociación de Ingenieros de Minas Metalurgistas y Geólogos de México, A.C.",26,Sonora,30,Hermosillo,1,Hermosillo,Av. Tabasco 191 esq. Guadalupe Victoria,Col. San Benito,83190,662 210 45 90,,,,direccionaimmgm@gmail.com; josetala@hotmail.com,,,,-110.96614,29.09922,0,0,http://sic.gob.mx/ficha.php?table=museo&table_id=2400,1695298399,Sonora,NA,2023-07,2023
735,Museo Regional de Sonora,Historia,1985-09-12,Secretaría de Cultura/INAH,26,Sonora,30,Hermosillo,1,Hermosillo,Jesús García Final s/n,Col. La Matanza,83080,662 217 27 14,https://www.inah.gob.mx/museos/museo-regional-de-sonora,,https://lugares.inah.gob.mx/lugar-106-es,museo.son@inah.gob.mx,,,,-110.94752,29.074,18,4,http://sic.gob.mx/ficha.php?table=museo&table_id=735,1674844098,Sonora,NA,1985-09,1985
379,Museo Comcáac,Antropología,1985-09-10,Instituto Sonorense de Cultura,26,Sonora,30,Hermosillo,137,Bahía de Kino,Av. Mar de Cortés s/n,Fracc. Bahía de Kino Nuevo,83348,644 247 06 91,http://isc.gob.mx/devel/espacios/museo-comcaac/,,,museos@isc.gob.mx; museocomcaac@isc.gob.mx,https://www.facebook.com/MuseoComaac,,,-112.01383,28.85749,4,0,http://sic.gob.mx/ficha.php?table=museo&table_id=379,1683566776,Sonora,NA,1985-09,1985
1742,Museo y Galería del Centro Artístico y Cultural de Huachinera,TND,NA,"Centro Artístico y Cultural de Huachinera, A.C.",26,Sonora,31,Huachinera,1,Huachinera,Mesa de la Huiguera 1,Col. Mesa de la Higuera,84400,634 341 50 51,,,,jess@jessdavila.com,https://www.facebook.com/pages/Centro-Art%C3%ADstico-y-Cultural-de-Huachinera/247610402007219,,,-108.96388,30.21042,0,0,http://sic.gob.mx/ficha.php?table=museo&table_id=1742,1720456272,Sonora,NA,NA,NA
359,Museo Centro de Cultura Mayo Blas Mazo de El Júpare,Antropología,1983-01-01,Comunitario independiente,26,Sonora,33,Huatabampo,1,Huatabampo,Domicilio conocido,El Júpare,85240,(647) 423 64 97,,,,centrodeculturamayojupare@hotmail.com,,,,-109.69919,26.80219,-1,-1,http://sic.gob.mx/ficha.php?table=museo&table_id=359,1683555367,Sonora,NA,1983-01,1983
374,Museo Casa del General Álvaro Obregón,Historia,1995-07-17,Instituto Sonorense de Cultura,26,Sonora,33,Huatabampo,1,Huatabampo,Av. Francisco I. Madero 17,Centro,85900,647 426 10 69,http://www.isc.gob.mx/museoobregon.php,https://www.facebook.com/MuseoCasaDelGeneralAlvaroObregon,,museos@isc.gob.mx,,,,-109.64396,26.82759,-1,-1,http://sic.gob.mx/ficha.php?table=museo&table_id=374,1674836812,Sonora,NA,1995-07,1995
1184,Museo Comunitario de Magdalena de Kino (cerrado temporalmente),Historia,2006-05-18,"Arte, Cultura y Turismo de Sonora",26,Sonora,36,Magdalena,1,Magdalena de Kino,"Diana Laura Riojas, Portales de la Plaza Monumental",Centro,84160,632 322 1030,,,,transparencia@magdalenadekino.gob.mx,,,,-110.97312,30.63039,3,0,http://sic.gob.mx/ficha.php?table=museo&table_id=1184,1726686445,Sonora,NA,2006-05,2006
1226,El Peñasco Rancho-Museo,TND,2005-01-01,Privado,26,Sonora,36,Magdalena,1,Magdalena de Kino,"Km. 177, Carr. Internacional Tramo Magdalena - Santa Ana",Rancho El Peñasco,84160,"632 327 63 42, 632 328 35 50",,,,hostaldelpenasco@hotmail.com,,,,-111.01864,30.60728,-1,-1,http://sic.gob.mx/ficha.php?table=museo&table_id=1226,1689621084,Sonora,NA,2005-01,2005
1724,Museo Regional Comunitario Sitio de Naco,Historia,2009-09-16,"Anivacachi. Rescate y resguardo de la cultura, historia y tradición del municipio de Naco, A.C.",26,Sonora,39,Naco,1,Naco,Av. Francisco I. Madero 285,Centro,84180,633 409 90 38,,,,anivacachi.ac@hotmail.com,https://www.facebook.com/profile.php?id=100054449802128,,,-109.94874,31.33097,3,0,http://sic.gob.mx/ficha.php?table=museo&table_id=1724,1692790731,Sonora,NA,2009-09,2009
384,Casa Museo Silvestre Rodríguez,Historia,1989-05-13,Instituto Sonorense de Cultura,26,Sonora,41,Nacozari de García,1,Nacozari de García,Silvestre Rodríguez s/n,Centro,84340,662 217 06 91,http://isc.gob.mx/devel/espacios/museo-silvestre-rodriguez/,,,museosilvestrerodriguez@isc.gob.mx,,,,-109.6896,30.37656,5,0,http://sic.gob.mx/ficha.php?table=museo&table_id=384,1692641095,Sonora,NA,1989-05,1989
226,Museo Regional del Mayo Profr. Lombardo Ríos Ramírez,Antropología,2002-07-12,Ayuntamiento de Navojoa,26,Sonora,42,Navojoa,1,Navojoa,Leona Vicario 200,Col. Juárez,85860,642 421 55 31,https://explore-sonora.com/el-museo-regional-del-mayo-en-navojoa-sonora/,,https://navojoa.gob.mx/museo-regional/,cultura@navojoa.gob.mx,,,,-109.44526,27.0696,5,1,http://sic.gob.mx/ficha.php?table=museo&table_id=226,1675952993,Sonora,NA,2002-07,2002
1266,Museo Didáctico Comunitario Hu-Tezzo,Arqueología,1997-02-01,Ayuntamiento de Navojoa,26,Sonora,42,Navojoa,1,Navojoa,5 de Mayo núm. 110,Col. Constitución,85860,642 422 72 60,https://explore-sonora.com/el-museo-didactico-hu-tezzo/,,,,https://www.facebook.com/people/Museo-Didactico-Comunitario-Hu-tezzo/100069316124678/,,,-109.45423,27.06695,-1,-1,http://sic.gob.mx/ficha.php?table=museo&table_id=1266,1675951966,Sonora,NA,1997-02,1997
1220,Agua Azul Eco-Museo de Sitio Tehuelibampo,Arqueología,2003-01-01,Ayuntamiento de Navojoa,26,Sonora,42,Navojoa,22,Camoa,Domicilio conocido,Barrio Cantúa,85237,642 421 55 31,https://ilamdir.org/recurso/7674/agua-azul-eco-museo-de-sitio-tehuelibampo,https://navojoa.gob.mx/museo-de-tehuelibampo/,https://explore-sonora.com/explora-el-eco-museo-tehuelibampo/,dec.navojoa@hotmail.com; museoalexeia75@hotmail.com,,,,-109.23174,27.23186,5,0,http://sic.gob.mx/ficha.php?table=museo&table_id=1220,1675947255,Sonora,NA,2003-01,2003
1817,Museo de Arte de Nogales,Arte,2012-07-01,Ayuntamiento de Nogales,26,Sonora,43,Nogales,1,Heroica Nogales,Av. Adolfo López Mateos 120,Centro,84000,631 313 91 65,,,,muan.nogales.sonora@gmail.com; imfoculta@heroicanogales.gob.mx,https://www.facebook.com/MuanMexico/timeline,,,-110.94434,31.33043,0,0,http://sic.gob.mx/ficha.php?table=museo&table_id=1817,1689766079,Sonora,NA,2012-07,2012
2415,Museo Casa Juárez,,NA,Ayuntamiento de Puerto Peñasco,26,Sonora,48,Puerto Peñasco,1,Puerto Peñasco,Freemont s/n esq. Benito Juárez,Centro,83550,638 388 63 75,,,,randy.vegah@gmail.com,,,,-113.5405,31.30635,0,0,http://sic.gob.mx/ficha.php?table=museo&table_id=2415,1707228430,Sonora,NA,NA,NA
2315,Museo Regional Profa. Carmen Servín Pérez,,NA,Ayuntamiento de Quiriego,26,Sonora,49,Quiriego,1,Quiriego,Cjón. del Beso esq. Cjón. Escondido,Centro,85720,647 424 10 27,,,,municipio_quiriego@hotmail.com,https://www.facebook.com/AyuntamientoDelMunicipiodeQuiriego20212024,,,-109.25136,27.52132,0,0,http://sic.gob.mx/ficha.php?table=museo&table_id=2315,1675778764,Sonora,NA,NA,NA
1490,Museo Costumbrista de Tesopaco,Historia,2011-04-20,Ayuntamiento de Rosario,26,Sonora,51,Rosario,1,Rosario,No Reelección s/n,Centro,85700,647 482 02 01,,,,juliocesarclark@hotmail.com,,,,-109.36898,27.84113,5,1,http://sic.gob.mx/ficha.php?table=museo&table_id=1490,1626786093,Sonora,NA,2011-04,2011
1925,Museo Regional de San Luis Río Colorado,Historia,2016-01-01,Ayuntamiento de San Luis Río Colorado,26,Sonora,55,San Luis Río Colorado,1,San Luis Río Colorado,Av. Nuevo León 744 y Calle 8,Col. Del Bosque,83480,653 534 39 85,,,,museoregional.sanluis@gmail.com,https://www.facebook.com/MuseoRegionalSLRC/,,https://www.instagram.com/museoregionalslrc,-114.78747,32.44649,5,1,http://sic.gob.mx/ficha.php?table=museo&table_id=1925,1689687626,Sonora,NA,2016-01,2016
2318,Museo del Valle Jesús Cuen Murrieta,,2002-01-01,Comisión de Asuntos Históricos de San Luis R. C. A. C.,26,Sonora,55,San Luis Río Colorado,1,San Luis Río Colorado,Km 5.5 de la Carretera al Ejido Islita,Ejido La Grullita,83400,653 532 6245,,,,,https://www.facebook.com/museodelvallejesuscuenmurrieta,,,-114.77987,32.47988,0,0,http://sic.gob.mx/ficha.php?table=museo&table_id=2318,1675776409,Sonora,NA,2002-01,2002
2015,Museo de Sitio de la Zona Arqueológica del Cerro de Trincheras,,2011-12-15,Secretaría de Cultura/INAH,26,Sonora,64,Trincheras,1,Trincheras,Blvd. Joaquín Murrieta esq. Sonora,,NA,641 325 60 18,http://inah.gob.mx/es/red-de-museos/280-zona-arqueologica-trincheras,,https://lugares.inah.gob.mx/es/zonas-arqueologicas/zonas/1816-cerro-de-las-trincheras.html,direccion.sonora@inah.gob.mx; inahdifusion@yahoo.com.mx; sergio_lopezdv@inah.gob.mx,https://www.facebook.com/Zona-Arqueol%C3%B3gica-Cerro-de-Trincheras-1390050777968386/,,,-111.53153,30.39596,0,0,http://sic.gob.mx/ficha.php?table=museo&table_id=2015,1649168366,Sonora,NA,2011-12,2011
2399,Museo y Casa de la Cultura José Zenzo Tanaka-Fumie María Kunitake,,2022-10-31,Ayuntamiento de Ures,26,Sonora,66,Ures,1,Heroica Ciudad de Ures,Av. García Morales 22,Centro,84900,,,,,,,,,-110.38964,29.42814,0,0,http://sic.gob.mx/ficha.php?table=museo&table_id=2399,1718320142,Sonora,NA,2022-10,2022
1196,Museo Regional de Historia de Ures,Historia,1999-07-09,Instituto Sonorense de Cultura,26,Sonora,66,Ures,1,Heroica Ciudad de Ures,Obregón 10,Centro,84900,623 232 00 50,http://isc.gob.mx/devel/espacios/museo-regional-de-historia/,,,museoures@isc.gob.mx; ures2021.2024@gmail.com,,,,-110.39049,29.42662,10,0,http://sic.gob.mx/ficha.php?table=museo&table_id=1196,1695225494,Sonora,NA,1999-07,1999
2316,Museo Yaqui,,NA,Ayuntamiento de San Ignacio Río Muerto,26,Sonora,72,San Ignacio Río Muerto,1,San Ignacio Río Muerto,Calle 600 esq.Benito Juárez,,85515,644 141 88 73,,,,juanjesuscoronacontreras7@gmail.com,https://www.facebook.com/profile.php?id=100077597675015,,,-110.24701,27.40953,0,0,http://sic.gob.mx/ficha.php?table=museo&table_id=2316,1675434024,Sonora,NA,NA,NA
514,Museo de Balancán Dr. José Gómez Panaco,Arqueología,1985-08-17,Secretaria de Cultura del Estado de Tabasco,27,Tabasco,1,Balancán,1,Balancán,Rovirosa s/n,Centro,86930,934 344 07 60,https://tabasco.gob.mx/museo-balancan-dr-jose-gomez-panaco,,,yulianameneses@tabasco.gob.mx,,,,-91.5336,17.80036,3,0,http://sic.gob.mx/ficha.php?table=museo&table_id=514,1688563752,Tabasco,NA,1985-08,1985
556,Museo de la Navegación Lic. Jorge Priego Martínez,Historia,2003-12-08,Ayuntamiento de Centla,27,Tabasco,3,Centla,1,Frontera,Benito Juárez  s/n,Centro,86751,913 320 60 02,,,,ramos5512flota@hotmail.com,,,,-92.65109,18.52634,4,0,http://sic.gob.mx/ficha.php?table=museo&table_id=556,1710179225,Tabasco,NA,2003-12,2003
1275,Museo Interactivo Papagayo,Ciencia y tecnología,2005-02-05,Organismo Público Descentralizado,27,Tabasco,4,Centro,1,Villahermosa,Av. Paseo Usumacinta 2005,Ranchería Emiliano Zapata,86037,993 310 31 20 con 10 líneas,http://www.museopapagayo.com/,,,difusion.museopapagayo@gmail.com,https://www.facebook.com/MuseoInteractivoPapagayoTabasco/?rf=212625625441013,,,-92.96599,18.00584,5,0,http://sic.gob.mx/ficha.php?table=museo&table_id=1275,1688561417,Tabasco,NA,2005-02,2005
762,Museo de Historia Natural José Narciso Rovirosa Andrade,Ciencia y tecnología,1988-12-27,Secretaría de Cultura del Estado de Tabasco,27,Tabasco,4,Centro,1,Villahermosa,Av. Adolfo Ruiz Cortines s/n,Col. Jesús García,86040,993 314 21 75,https://tabasco.gob.mx/museo-historia-natural-jose-narciso-rovirosa-andrade,,,museodehistorianaturaljnra@hotmail.com,,,,-92.93344,18.001830000000002,6,0,http://sic.gob.mx/ficha.php?table=museo&table_id=762,1698677323,Tabasco,NA,1988-12,1988
619,Museo de Cultura Popular Ángel Enrique Gil Hermida,Arte,1984-10-16,Secretaría  de Cultura del Estado de Tabasco,27,Tabasco,4,Centro,1,Villahermosa,Ignacio Zaragoza 810,Centro,86000,993 312 11 17,https://tabasco.gob.mx/museo-cultura-popular-angel-enrique-gil-hermida,,,mcpaegh@gmail.com,https://www.facebook.com/people/Museo-de-Cultura-Popular-%C3%81ngel-E-Gil-Hermida/100071155196494/,,,-92.92112,17.99064,5,1,http://sic.gob.mx/ficha.php?table=museo&table_id=619,1688563943,Tabasco,NA,1984-10,1984
608,Casa Museo Carlos Pellicer Cámara,Historia,1985-06-11,Secretaría  de Cultura del Estado de Tabasco,27,Tabasco,4,Centro,1,Villahermosa,Narciso Sáenz 203,Centro,86000,993 314 21 70,https://tabasco.gob.mx/museo-regional-antropologia-carlos-pellicer-camara,,,fernandosalazar@tabasco.gob.mx,,,,-92.91919,17.99027,4,0,http://sic.gob.mx/ficha.php?table=museo&table_id=608,1688561793,Tabasco,NA,1985-06,1985
415,Museo Regional de Antropología Carlos Pellicer Cámara,Arqueología,1980-02-16,Secretaría de Cultura del Estado de Tabasco,27,Tabasco,4,Centro,1,Villahermosa,Av. Carlos Pellicer Cámara  511,Centro Zona CICOM,86000,993 312 63 44,https://tabasco.gob.mx/museo-regional-antropologia-carlos-pellicer-camara,,,museoarqueologicopellicer@hotmail.com,https://www.facebook.com/museo.antropologia.pellicer/?locale=es_LA,,,-92.92331,17.97896,8,2,http://sic.gob.mx/ficha.php?table=museo&table_id=415,1688647579,Tabasco,NA,1980-02,1980
744,Museo de Historia de Tabasco Casa de los Azulejos,Historia,1985-12-08,Secretaría de Cultura del Estado de Tabasco,27,Tabasco,4,Centro,1,Villahermosa,27 de febrero s/n,Centro,86000,993 314 21 74,,,,difucultura@yahoo.com.mx,https://www.facebook.com/MuseoDeHistoriaDeTabascoCasaDeLosAzulejos/?locale=es_LA,,,-92.91843,17.9884,10,1,http://sic.gob.mx/ficha.php?table=museo&table_id=744,1688565638,Tabasco,NA,1985-12,1985
416,Planetario Tabasco 2000,Ciencia y tecnología,1981-12-15,Secretaría de Cultura del Estado de Tabasco,27,Tabasco,4,Centro,1,Villahermosa,Prol. Paseo Tabasco s/n,Col. Tabasco 2000,86035,,https://culturatabasco.gob.mx/,,,secretariadecultura@tabasco.gob.mx,,,,-92.9458,17.9995,1,1,http://sic.gob.mx/ficha.php?table=museo&table_id=416,1732564368,Tabasco,NA,1981-12,1981
127,Parque Museo  La Venta,Arqueología,1958-03-04,Secretaría de Cultura del Estado de Tabasco,27,Tabasco,4,Centro,1,Villahermosa,Blvd. Adolfo Ruiz Cortines s/n,Col. Jesús García,86040,993 312 79 47 ext.129,https://tabasco.gob.mx/parque-museo-venta,,https://mediateca.inah.gob.mx/repositorio/islandora/object/guia%3A331,museolaventa@gmail.com; carlospereza@tabasco.gob.mx,https://www.facebook.com/ParqueMuseoLaVenta/?locale=es_LA,,,-92.93403,18.00137,-1,-1,http://sic.gob.mx/ficha.php?table=museo&table_id=127,1698234677,Tabasco,NA,1958-03,1958
2426,Hacienda Cacaotera La luz; Museo Vivo del Cacao,,2003-11-01,,27,Tabasco,5,Comalcalco,1,Comalcalco,Blvd. Leandro Rovirosa Wade 232,Centro,86300,993 207 83 79,https://www.haciendalaluz.mx/,,,anaparizotw@gmail.com,https://www.facebook.com/haciendaLaLuzComalcalco,https://x.com/haciendalaluz,,-93.22771,18.26587,0,0,http://sic.gob.mx/ficha.php?table=museo&table_id=2426,1710270289,Tabasco,NA,2003-11,2003
326,Museo de Sitio de Comalcalco,Arqueología,1984-06-08,Secretaría de Cultura/INAH,27,Tabasco,5,Comalcalco,1,Comalcalco,"Ranchería Norte km. 1.5, Carr. Comalcalco-Paraíso",,86300,"993 352 10 30, 993 352 10 22 ext. 358001",http://www.inah.gob.mx/red-de-museos/259-museo-de-sitio-de-comalcalco,,https://lugares.inah.gob.mx/lugar-159-es,francisco_corona@inah.gob.mx; patricia_delacruz@inah.gob.mx,https://www.facebook.com/Zona-Arqueol%C3%B3gica-Comalcalco-INAH-Tab-110631807126889,,,-93.21735,18.26278,2,0,http://sic.gob.mx/ficha.php?table=museo&table_id=326,1645622398,Tabasco,NA,1984-06,1984
1812,DRUPA. Museo Interactivo del Chocolate (Cerrado por remodelación),Especializado,2013-12-15,Particular,27,Tabasco,6,Cunduacán,17,Cumuapa 1ra. Sección,"Ranchería Plátano y Cacao, 1a. Sección s/n",Cumuapa,86690,993  307 36 80,,,,drupa_museo@hotmail.com,https://www.facebook.com/haciendamuseo/?locale=es_LA,,https://www.instagram.com/drupamuseo,-93.13146,17.97976,4,1,http://sic.gob.mx/ficha.php?table=museo&table_id=1812,1688563290,Tabasco,NA,2013-12,2013
376,Museo de la Ciudad Arq. Ventura Marín Azcuaga,Arqueología,1982-01-01,Ayuntamiento de Emiliano Zapata,27,Tabasco,7,Emiliano Zapata,1,Emiliano Zapata,Jesús Nazar Jaidar s/n,Centro,86890,934  343 02 28,,,,decur@emilianozapatatab.gob.mx,https://www.facebook.com/MuseoDeLaCudad/,,,-91.76505,17.74511,2,-1,http://sic.gob.mx/ficha.php?table=museo&table_id=376,1689244468,Tabasco,NA,1982-01,1982
876,Museo de Sitio de La Venta,Arqueología,1988-12-27,Secretaría de Cultura/INAH,27,Tabasco,8,Huimanguillo,98,La Venta,Carr. Sánchez Magallanes s/n,Villa La Venta,86410,923  232 04 23,https://mediateca.inah.gob.mx/islandora_74/islandora/object/museo%3A1488,,https://lugares.inah.gob.mx/lugar-160-es,inah_tabasco@inah.gob.mx,,,,-94.04269,18.10271,5,-1,http://sic.gob.mx/ficha.php?table=museo&table_id=876,1692616218,Tabasco,NA,1988-12,1988
2112,Museo del Dulce,,2017-11-27,Ayuntamiento de Jalapa,27,Tabasco,9,Jalapa,1,Jalapa,Aniceto Calcáneo 513,Centro,86380,932 363 03 83,,,,ayuntamientojalapatab@gmail.com,,,,-92.81194,17.71973,7,0,http://sic.gob.mx/ficha.php?table=museo&table_id=2112,1626879038,Tabasco,NA,2017-11,2017
511,Casa Museo Coronel Gregorio Méndez Magaña,Historia,1984-02-27,Ayuntamiento de Jalpa,27,Tabasco,10,Jalpa de Méndez,1,Jalpa de Méndez,Gregorio Méndez Magaña  23,Barrio San Luis,86200,993  343 06 70,https://www.jalpademendez.gob.mx/,,,,https://www.facebook.com/pages/category/Art/Casa-Museo-Cnel-Gregorio-M%C3%A9ndez-Maga%C3%B1a-895332937521817/,,,-93.06262,18.17677,7,0,http://sic.gob.mx/ficha.php?table=museo&table_id=511,1688562987,Tabasco,NA,1984-02,1984
516,Museo Arqueológico Prof. Omar Huerta Escalante,Arqueología,1985-02-28,Secretaría de Cultura del Estado de Tabasco,27,Tabasco,11,Jonuta,1,Jonuta,Miguel Hidalgo 415,Centro,86780,"993 312 63 44, 312 91 66",https://tabasco.gob.mx/museo-arqueologico-jonuta-prof-omar-huerta-escalante,,https://tabasco.gob.mx/museo-arqueologico-jonuta-prof-omar-huerta-escalante,yulianameneses@tabasco.gob.mx,,,,-92.13846,18.09083,3,1,http://sic.gob.mx/ficha.php?table=museo&table_id=516,1688563558,Tabasco,NA,1985-02,1985
2343,Museo Comunitario Casa Obrador,,2023-03-11,Ayuntamiento de Macuspana,27,Tabasco,12,Macuspana,104,Tepetitán,Hidalgo s/n,Centro,86730,,,,,museocasaobrador@gmail.com,https://www.facebook.com/museocomunitariocasaobrador,,,-92.37234,17.81768,2,0,http://sic.gob.mx/ficha.php?table=museo&table_id=2343,1682342599,Tabasco,NA,2023-03,2023
867,Museo de la Sierra (Ex Convento de Oxolotán),Historia,1988-12-01,Secretaría de Cultura/INAH,27,Tabasco,15,Tacotalpa,41,Oxolotán,"Álvaro Obregón s/n, Ex Convento de Santo Domingo de Oxolotán",,86890,933 337 0274,https://www.inah.gob.mx/museos/ex-convento-de-oxolotan,,https://lugares.inah.gob.mx/lugar-136-es,cinah_tabasco@inah.gob.mx; jose_dumey@inah.gob.mx,,,,-92.75023,17.38124,-1,-1,http://sic.gob.mx/ficha.php?table=museo&table_id=867,1710176164,Tabasco,NA,1988-12,1988
2388,Casa Museo de Tomás Garrido Canabal,,2022-03-26,Ayuntamiento de Tacotalpa,27,Tabasco,15,Tacotalpa,106,Villa Luz,Domicilio Conocido,,86896,932 324 04 69,,,,,https://www.facebook.com/pages/Casa-Museo-De-Tomas-Garrido/412254602130537,,,-92.76868,17.44497,0,0,http://sic.gob.mx/ficha.php?table=museo&table_id=2388,1710171243,Tabasco,NA,2022-03,2022
740,Museo de Antropología e Historia José Natividad Correa Toca,Arqueología,1989-05-28,Secretaría de Cultura del Estado de Tabasco,27,Tabasco,16,Teapa,1,Teapa,Grutas de Coconá s/n,Col. Eureka y Belén,86800,932 322 05 45,,,,difucultura@yahoo.com.mx,,,,-92.95176,17.54707,1,0,http://sic.gob.mx/ficha.php?table=museo&table_id=740,1710178454,Tabasco,NA,1989-05,1989
509,Centro Cultural Digital Tenosique,Arqueología,2003-07-01,DECUR Municipal,27,Tabasco,17,Tenosique,1,Tenosique de Pino Suárez,Calle 28 por Macuilís Parque de Convivencia,Col. Luis Gómez Zepeda,86900,934 342 0443,,,,museotenosique@hotmail.com,,,,-91.4226,17.46755,4,1,http://sic.gob.mx/ficha.php?table=museo&table_id=509,1730829069,Tabasco,NA,2003-07,2003
609,Museo de Sitio de Pomoná,Arqueología,1991-08-01,Secretaría de Cultura/INAH,27,Tabasco,17,Tenosique,1,Tenosique de Pino Suárez,Zona Arqueológica de Pomoná,Ejido Pomoná 2da. sección,86901,993 352 10 30,http://www.inah.gob.mx/red-de-museos/261-museo-de-sitio-de-pomona,,https://lugares.inah.gob.mx/lugar-162-es,itokato@gmail.com; prisilia_lagunes@inah.gob.mx,,,,-91.42655,17.47156,-1,-1,http://sic.gob.mx/ficha.php?table=museo&table_id=609,1649769667,Tabasco,NA,1991-08,1991
325,Museo Regional de Antropología e Historia,Historia,2000-05-06,Ayuntamiento de Aldama,28,Tamaulipas,2,Aldama,1,Aldama,"Blvd. Leopoldo Montalvo y Prol. Centenario, Complejo Bicentenario 523",Centro,89670,836 100 71 15,,,,lupitaarguelles925@gmail.com,,,,-98.07346,22.92002,11,1,http://sic.gob.mx/ficha.php?table=museo&table_id=325,1708599203,Tamaulipas,NA,2000-05,2000
137,Museo de Antropología e Historia Profr. Policarpo Castillo Almazán,TND,2001-01-10,,28,Tamaulipas,4,Antiguo Morelos,1,Antiguo Morelos,"Hidalgo 505, entre Zaragoza esq. Juárez",Centro,89960,831 237 01 81,,,,ayuntamientoantiguomorelos@gmail.com,,,,-99.08388,22.55012,-1,-1,http://sic.gob.mx/ficha.php?table=museo&table_id=137,1719851256,Tamaulipas,NA,2001-01,2001
1687,Museo y Archivo Histórico de Camargo,TND,2012-09-12,Ayuntamiento de Camargo,28,Tamaulipas,7,Camargo,1,Ciudad Camargo,Pedro J. Méndez s/n esq. Belisario Domínguez,Centro,88440,891 974 07 78,,,,,https://www.facebook.com/profile.php?id=100083334817366,,,-98.83441,26.31548,-1,-1,http://sic.gob.mx/ficha.php?table=museo&table_id=1687,1697025663,Tamaulipas,NA,2012-09,2012
1950,Museo y Archivo Histórico Municipal,,2012-09-12,Ayuntamiento de Camargo,28,Tamaulipas,7,Camargo,1,Ciudad Camargo,Pedro J. Méndez s/n esq. Belisario Domínguez,Centro,88440,891 974 07 78,,,,mahmcamargo@gmail.com,,,,-98.83435,26.31541,2,1,http://sic.gob.mx/ficha.php?table=museo&table_id=1950,1661173384,Tamaulipas,NA,2012-09,2012
2328,Centro Interpretativo Ecológico CIE,,2010-01-01,Gobierno de Tamaulipas,28,Tamaulipas,11,Gómez Farías,10,Alta Cima,"Camino hacia Alta Cima, Km. 3, s/n",Reserva de la Biosfera El Cielo,89790,831 158 72 39,https://biosferaelcielo.com/parque-centro-interpretativo-ecologico-biosfera-el-cielo/,https://tudu.com.mx/registro/centro-interpretativo-ecologico/,,biosferaelcielo@gmail.com,https://www.facebook.com/BiosferaElCieloTamaulipas/,,https://www.instagram.com/biosferaelcielo,-99.16861,23.06598,0,0,http://sic.gob.mx/ficha.php?table=museo&table_id=2328,1676992979,Tamaulipas,NA,2010-01,2010
119,Museo Municipal de Historia y Arqueología Profr. Ángel Pérez Sánchez,Historia,1985-11-20,"Sociedad Regional de Historia y Arqueología, A.C.",28,Tamaulipas,12,González,1,González,Guadalupe Victoria s/n,Centro,89700,836 273 00 87 ext. 111,,,,burdeos_66@hotmail.com; biblioteca.tamaholipa@outlook.com,,,,-98.42691,22.82758,-1,-1,http://sic.gob.mx/ficha.php?table=museo&table_id=119,1694787330,Tamaulipas,NA,1985-11,1985
1509,Museo Trazos Regionales,TND,2010-12-18,Municipal,28,Tamaulipas,14,Guerrero,1,Nueva Ciudad Guerrero,Eisenhower,Zona Centro,88374,(897) 976 03 70,,https://www.facebook.com/Museo.Trazos.Regionales/,,,,,,0,0,-1,-1,http://sic.gob.mx/ficha.php?table=museo&table_id=1509,1626093522,Tamaulipas,NA,2010-12,2010
336,Museo Colonial del Conde de Sierra Gorda,TND,1981-01-01,Ayuntamiento de Jiménez,28,Tamaulipas,18,Jiménez,1,Santander Jiménez,Álvaro Obregón esq. Matamoros,Centro,87700,835 338 02 41,,,,museojimenez@yahoo.com,,,,-98.48256,24.21463,4,2,http://sic.gob.mx/ficha.php?table=museo&table_id=336,1661162084,Tamaulipas,NA,1981-01,1981
221,Museo Profra. Adela Piña Galván,Arqueología,2001-07-03,"Patronato Histórico y Arqueológico Janambres, A.C./Instituto Regional de Bellas Artes",28,Tamaulipas,21,El Mante,1,Ciudad Mante,Blvd. Manuel Cavazos Lerma 1400 Sur,Col. Independencia,89830,831 232 65 02,,,,,https://es-la.facebook.com/people/Instituto-Regional-de-Bellas-Artes-Mante/100068713043333/,,,-98.97669,22.73071,-1,-1,http://sic.gob.mx/ficha.php?table=museo&table_id=221,1661253165,Tamaulipas,NA,2001-07,2001
925,Museo Casamata de Historia Regional,Historia,1970-12-30,Instituto Matamorense para la Cultura y Las Artes,28,Tamaulipas,22,Matamoros,1,Heroica Matamoros,Santos Degollado s/n esq. Guatemala,Col. Modelo,87360,868 813 59 29,http://museocasamata.enteratenorte.com/inicio.htm,,,museocasamata@yahoo.com.mx,https://www.facebook.com/casamatamuseo,,,-97.49729,25.87784,6,1,http://sic.gob.mx/ficha.php?table=museo&table_id=925,1731090366,Tamaulipas,NA,1970-12,1970
1688,Museo Rigo Tovar,Historia,2013-09-28,Instituto Matamorense para la Cultura y las Artes,28,Tamaulipas,22,Matamoros,1,Heroica Matamoros,"Av. Constitución s/n, int. Parque Olímpico",Col. Jardín,87330,868 812 50 42,,,,museorigotovar@matamoros.gob.mx,https://www.facebook.com/RigoTovarMuseo/,,,-97.5011,25.88599,1,0,http://sic.gob.mx/ficha.php?table=museo&table_id=1688,1731090385,Tamaulipas,NA,2013-09,2013
234,Museo del Agrarismo Mexicano,Historia,2002-04-10,Instituto Matamorense para la Cultura y las Artes  (IMACULTA),28,Tamaulipas,22,Matamoros,1,Heroica Matamoros,Carr. La Playa Km  6.5,Ejido Lucio Blanco,87444,868 127 11 27,,,,museodelagrarismo@hotmail.com,https://www.facebook.com/MuseoDelAgrarismo,,,-97.45434,25.84715,2,0,http://sic.gob.mx/ficha.php?table=museo&table_id=234,1661169012,Tamaulipas,NA,2002-04,2002
1947,Museo del Ferrocarril Estación Heroica Matamoros (Cerrado temporalmente),Historia,2017-11-16,"Centro Cultural Binacional/Secretaria de Educación, Cultura y Deporte.",28,Tamaulipas,22,Matamoros,1,Heroica Matamoros,Hidalgo 102  entre 9 y 10,Centro,87300,,,https://conocematamoros.com/museo-ferrocarril/,,direccionimaculta@hotmail.com,https://www.facebook.com/MuseoFerrocarrilMat/,,,-97.50851,25.88593,1,0,http://sic.gob.mx/ficha.php?table=museo&table_id=1947,1661169268,Tamaulipas,NA,2017-11,2017
258,Museo de Arte Contemporáneo de Tamaulipas,Arte,2002-10-21,Instituto Tamaulipeco para la Cultura y las Artes,28,Tamaulipas,22,Matamoros,1,Heroica Matamoros,Av. Constitución  s/n,Col. Jardín,87330,868 813 14 99,https://www.tamaulipas.gob.mx/cultura,,,mact.tamaulipas@hotmail.com,https://es-la.facebook.com/MuseoMACT/,,,-97.50339,25.88618,0,3,http://sic.gob.mx/ficha.php?table=museo&table_id=258,1661166051,Tamaulipas,NA,2002-10,2002
1871,Museo de la Batalla de Mier de 1842 o de los Frijoles Pintos,Historia,2010-01-01,Ayuntamiento de Mier,28,Tamaulipas,24,Mier,1,Mier,Calle Juan Hinojosa Palacios s/n,Centro,88390,(897) 973 10 51,,,,dianatre29@gmail.com; lalo13barrera@hotmail.com,,,,-99.14736,26.43129,0,0,http://sic.gob.mx/ficha.php?table=museo&table_id=1871,1628084282,Tamaulipas,NA,2010-01,2010
1123,Museo del Río - Centro Cultural,Antropología,1997-07-09,"Fundación Histórico Cultural San Pedro de Roma, A.C.",28,Tamaulipas,25,Miguel Alemán,1,Ciudad Miguel Alemán,Calle 7a. núm. 215 esq. Emiliano Zapata y Francisno I. Madero,Centro,88300,897 972 34 18,,,,fundacionsanpedroderoma@hotmail.com,https://www.facebook.com/museodelriocentrocultural/,,,-99.02666,26.40002,-1,-1,http://sic.gob.mx/ficha.php?table=museo&table_id=1123,1661172173,Tamaulipas,NA,1997-07,1997
1225,Museo Reyes Meza,Arte,2008-06-12,Ayuntamiento de Nuevo Laredo/Centro Cultural de Nuevo Laredo,28,Tamaulipas,27,Nuevo Laredo,1,Nuevo Laredo,Blvd.  Luis Donaldo Colosio km. 2.5,Col. Valle Real,88000,867 717 59 60,,,,museosdelcentrocultural@gmail.com,https://es-la.facebook.com/museorm/,,,-99.50674,27.42558,2,2,http://sic.gob.mx/ficha.php?table=museo&table_id=1225,1692633964,Tamaulipas,NA,2008-06,2008
1537,Museo de Historia Natural,Ciencia y tecnología,2007-12-21,Ayuntamiento de Nuevo Laredo/Centro Cultural Nuevo Laredo,28,Tamaulipas,27,Nuevo Laredo,1,Nuevo Laredo,Blvd. Luis Donaldo Colosio km. 2.5,Col. Bonanza,88277,867 717 59 60,,,,museosdelcentrocultural@gmail.com,https://es-la.facebook.com/museorm,,,-99.50677,27.4257,4,0,http://sic.gob.mx/ficha.php?table=museo&table_id=1537,1699530636,Tamaulipas,NA,2007-12,2007
323,Museo Profr. Rufino Muñiz Torres,Arqueología,1990-12-14,Ayuntamiento de Ocampo,28,Tamaulipas,29,Ocampo,1,Ocampo,Emiliano Zapata s/n,Centro,87980,832 236 00 02,,,,secretaria.ayuntamiento2013@gmail.com,,,,-99.33521,22.8442,1,-1,http://sic.gob.mx/ficha.php?table=museo&table_id=323,1720639293,Tamaulipas,NA,1990-12,1990
305,Museo Histórico Reynosa (Cerrado temporalmente),Historia,1992-03-14,Ayuntamiento de Reynosa,28,Tamaulipas,32,Reynosa,1,Reynosa,González Ortega s/n esq. Allende,Centro,88500,899 922 15 12,,,,museohistoricoreynosa@gmail.com,https://www.facebook.com/fototecareynosa/posts/2695470643820153/,,,-98.28181,26.09502,-1,-1,http://sic.gob.mx/ficha.php?table=museo&table_id=305,1661172402,Tamaulipas,NA,1992-03,1992
1725,Museo del Automóvil y el Transporte de Tampico (MATT),Especializado,2022-02-26,"Instituto de Ciencias y Estudios Superiores de Tamaulipas, AC",28,Tamaulipas,38,Tampico,1,Tampico,Diagonal Norte Sur 418,Col. Los Pinos,89138,833 688 91 32,http://www.museo.matt.mx,,,museo.matt2020@gmail.com,https://www.facebook.com/people/Museo-del-Automovil-y-Transporte-de-Tampico-MATT,,,-97.86179,22.25483,4,0,http://sic.gob.mx/ficha.php?table=museo&table_id=1725,1663668804,Tamaulipas,NA,2022-02,2022
2062,Barco Museo del Niño,,2019-04-01,Gobierno del Estado de Tamaulipas,28,Tamaulipas,38,Tampico,1,Tampico,Av. Emilio Portes Gil,Col. Arbol Grande,89050,833 125 80 20,,,,barco.museodelnino@tam.gob.mx,https://es-la.facebook.com/MuseoBarco/,,,-97.84521,22.23325,4,1,http://sic.gob.mx/ficha.php?table=museo&table_id=2062,1661159182,Tamaulipas,NA,2019-04,2019
2134,Museo de la Ciudad de Tampico,,2022-06-30,"Casa Fernández/Patronato Museo de la Ciudad Tampico, A.C.",28,Tamaulipas,38,Tampico,1,Tampico,Salvador Díaz Mirón y 20 de Noviembre,Centro,89000,,https://museodelaciudadtampico.mx/,,,direccion@museodelaciudadtampico.mx,https://www.facebook.com/museodelaciudadtampico,,,-97.85917,22.21568,10,1,http://sic.gob.mx/ficha.php?table=museo&table_id=2134,1702547947,Tamaulipas,NA,2022-06,2022
889,Museo de la Cultura Huasteca,Arqueología,1960-01-16,Secretaría de Cultura/INAH,28,Tamaulipas,38,Tampico,1,Tampico,Blvd. Adolfo López Mateos s/n,Col. Obrera,89050,833 210 22 17,https://lugares.inah.gob.mx/lugar-137-es,https://escapadas.mexicodesconocido.com.mx/entretenimientos/museo-de-la-cultura-huasteca/,,mc_huasteca@inah.gob.mx,https://www.facebook.com/MuseodelaHuasteca/,,,-97.85419,22.23668,12,-1,http://sic.gob.mx/ficha.php?table=museo&table_id=889,1697541329,Tamaulipas,NA,1960-01,1960
1944,Pinacoteca Tamaulipas,,2015-09-25,Instituto Tamaulipeco para la Cultura y las Artes,28,Tamaulipas,41,Victoria,1,Ciudad Victoria,Miguel Hidalgo 464,Centro,87000,834 184 2139,http://www.tamaulipas.gob.mx/cultura/pinacoteca-de-tamaulipas/,,,pinacoteca@tamaulipas.gob,https://www.facebook.com/PinacotecaDeTamaulipas/,,,-99.14944,23.73151,2,0,http://sic.gob.mx/ficha.php?table=museo&table_id=1944,1696600021,Tamaulipas,NA,2015-09,2015
1267,Museo de Historia Natural de Tamaulipas (Tamux),Ciencia y tecnología,2004-02-13,Instituto Tamaulipeco para la Cultura y las Artes,28,Tamaulipas,41,Victoria,1,Ciudad Victoria,Blvd. Fidel Velázquez s/n,Col. Horacio Terán Benavides,87310,834 318 36 00,,,,museotamux@tam.gob.mx,https://es-la.facebook.com/MuseoDeHistoriaNaturalDeTamaulipasTaMux/,,,-99.125,23.72649,6,1,http://sic.gob.mx/ficha.php?table=museo&table_id=1267,1661166848,Tamaulipas,NA,2004-02,2004
475,Museo Regional de Historia de Tamaulipas,Antropología,2003-02-12,Instituto Tamaulipeco para la Cultura y las Artes,28,Tamaulipas,41,Victoria,1,Ciudad Victoria,Venustiano Carranza s/n esq. Allende,Centro,87000,834 315 14 56,,https://www.tamaulipas.gob.mx/cultura/museo-regional-de-historia-de-tamaulipas/,,museoregionaldehistoria@gmail.com,https://es-la.facebook.com/museoregionaldehistoriadetamaulipas/,,,-99.15642,23.73723,11,1,http://sic.gob.mx/ficha.php?table=museo&table_id=475,1661259662,Tamaulipas,NA,2003-02,2003
1451,Planetario Dr. Ramiro Iglesias Leal,Ciencia y tecnología,1992-12-01,Museo de Historia Natural de Tamaulipas,28,Tamaulipas,41,Victoria,1,Ciudad Victoria,"Blvd. Fidel Velazquez s/n, Parque Siglo XXI",Col. Horacio Terán,87130,834 315 52 40,,,,planetariocv@tamaulipas.gob.mx,https://es-la.facebook.com/MuseoDeHistoriaNaturalDeTamaulipasTaMux/,,,-99.12481,23.72548,-1,-1,http://sic.gob.mx/ficha.php?table=museo&table_id=1451,1673533161,Tamaulipas,NA,1992-12,1992
309,Museo Municipal José de Jesús Almanza Ríos,Arqueología,1998-03-17,Ayuntamiento de Xicoténcatl,28,Tamaulipas,43,Xicoténcatl,1,Xicoténcatl,José de Escandón esq. Helguera 301,Centro,89750,(832) 235 00 36,,,,presidencia_xico@hotmail.com,,,,-98.93787,22.99543,1,-1,http://sic.gob.mx/ficha.php?table=museo&table_id=309,1516912143,Tamaulipas,NA,1998-03,1998
128,Museo Comunitario de Atltzayanca,Arqueología,1999-07-16,Unión Nacional de Museos Comunitarios y Ecomuseos A.C.,29,Tlaxcala,4,Atltzayanca,1,Atlzayanca,Camino Xalasco s/n,Barrio de San Antonio,90550,276 415 30 25,,,,museocomatltzayanca@hotmail.com,https://www.facebook.com/museocomunitario.deatltzayanca,,,-97.7978,19.42626,3,0,http://sic.gob.mx/ficha.php?table=museo&table_id=128,1673351154,Tlaxcala,NA,1999-07,1999
312,Museo Casa de Piedra,Historia,2001-02-23,Ayuntamiento de Apizaco,29,Tlaxcala,5,Apizaco,1,Ciudad de Apizaco,Av. Morelos 812,Centro,90300,241 417 50 22,,,,caturce6234@yahoo.com,,,,-98.13917,19.41129,15,3,http://sic.gob.mx/ficha.php?table=museo&table_id=312,1660049312,Tlaxcala,NA,2001-02,2001
2187,Museo de la Radio,,2021-03-04,Secretaría de Cultura de Tlaxcala,29,Tlaxcala,5,Apizaco,7,San Luis Apizaquito,"Fernandol Solana 1, 4a. sección",Col. Apizaquito,90401,241 418 89 60 ext. 180,,,,museodelaradiotlx@gmail.com,https://www.facebook.com/MuseoRadioTlaxcala,,,-98.11599,19.42362,5,0,http://sic.gob.mx/ficha.php?table=museo&table_id=2187,1677068136,Tlaxcala,NA,2021-03,2021
2016,Museo de Sitio Ex-fábrica San Luis Apizaquito,,NA,Secretaría de Cultura de Tlaxcala/Centro Nacional de las Artes,29,Tlaxcala,5,Apizaco,7,San Luis Apizaquito,"Fernando Solana 1, 4a. Sección",Col. Apizquito,90401,412 418 89 60,http://www.ceartlax.gob.mx/Infraestructura.html,,,direccion@culturatlaxcala.com.mx,https://www.facebook.com/CeArtTlax,,,-98.11662,19.42426,0,0,http://sic.gob.mx/ficha.php?table=museo&table_id=2016,1685128764,Tlaxcala,NA,NA,NA
1608,Museo de Sitio Zultépec-Tecoaque (cerrado temporalmente),Arqueología,2012-11-28,Secretaría de Cultura/INAH,29,Tlaxcala,6,Calpulalpan,15,San Marcos Guaquilpan,Carr. México-Veracruz Km. 53,Ejido de San Marcos Guaquilpan,90224,246 249 02 00 ext. 2349,,https://inah.gob.mx/zonas/173-zona-arqueologica-de-tecoaque,https://lugares.inah.gob.mx/lugar-388-es,direccion.tlaxcala@inah.gob.mx,https://www.facebook.com/inahtlaxcala/,,,-98.6246,19.58505,1,1,http://sic.gob.mx/ficha.php?table=museo&table_id=1608,1649315139,Tlaxcala,NA,2012-11,2012
2300,Museo Comunitario Juan Arnulfo Huerta Castillo,,2022-08-09,Ayuntamiento de Cuapiaxtla / Secretaría de Cultura de Tlaxcala,29,Tlaxcala,8,Cuapiaxtla,1,Cuapiaxtla,Domicilio conocido,,90560,276 478 22 00,,,,cuapiaxtla303@gmail.com,https://www.facebook.com/Ayuntamiento-de-Cuapiaxtla-2021-2024-103831455374253,,,-97.76917,19.29666,3,0,http://sic.gob.mx/ficha.php?table=museo&table_id=2300,1682327569,Tlaxcala,NA,2022-08,2022
848,Museo Nacional del Títere Rosete Aranda,Arte,1991-08-09,Instituto Tlaxcalteca de Cultura,29,Tlaxcala,13,Huamantla,1,Huamantla,Parque Juárez 15,Centro,90500,247 472 10 33,https://munati.tlx.mx/,,,munatirosetearanda@hotmail.com,,,,-97.92336,19.31283,9,1,http://sic.gob.mx/ficha.php?table=museo&table_id=848,1688736808,Tlaxcala,NA,1991-08,1991
2312,Museo del Pulque,,2023-01-19,"Operadora de Servicios Posada Soltepec, S. de R.L. de C.V.",29,Tlaxcala,13,Huamantla,1,Huamantla,"Hacienda Soltepec. Km.3 carretera Huamantla-Puebla, Huamantla, Tlaxcala.",,90505,247 472 14 66,https://www.haciendasoltepec.com/,,,info@haciendasoltepec.com,https://www.facebook.com/hda.soltepec,,,-97.91911,19.28672,0,0,http://sic.gob.mx/ficha.php?table=museo&table_id=2312,1674758937,Tlaxcala,NA,2023-01,2023
304,Museo Taurino de Huamantla,Especializado,1982-08-15,"Centro Social, Recreativo y Cultural de Huamantla, A.C., Peña Taurina de Huamantla, A.C.",29,Tlaxcala,13,Huamantla,1,Huamantla,Allende Nte. 205,Centro,90500,247 465 09 00,,,,jorgeba_65@hotmail.com,https://www.facebook.com/people/Museo-Taurino-Huamantla/100057228649116/,,,-97.9208,19.31513,9,1,http://sic.gob.mx/ficha.php?table=museo&table_id=304,1689671569,Tlaxcala,NA,1982-08,1982
321,Museo de la Ciudad de Huamantla,Historia,2001-10-18,"Centro Social, Recreativo y Cultural de Huamantla, A.C.",29,Tlaxcala,13,Huamantla,1,Huamantla,Parque Juárez 1,Centro,90500,247 472 15 00,,,,atencionciudadana@huamantla.gob.mx,,,,-97.92283,19.31373,1,-1,http://sic.gob.mx/ficha.php?table=museo&table_id=321,1688734422,Tlaxcala,NA,2001-10,2001
1975,Museo Comunitario de la Cultura Yuhmu de Ixtenco,,NA,Ayuntamiento de Ixtenco,29,Tlaxcala,16,Ixtenco,1,Ixtenco,Juan Ponce de León 1,Centro,90580,247 174 10 73,https://www.facebook.com/profile.php?id=100079306214219,,,yumhuseo@gmail.com,,,,-97.89459,19.2514,0,0,http://sic.gob.mx/ficha.php?table=museo&table_id=1975,1673358281,Tlaxcala,NA,NA,NA
1984,Museo Comunitario Mazatecochco,,2009-02-22,"Municipio de José María Morelos, Pueblo de San Cosme Mazatecochco",29,Tlaxcala,17,Mazatecochco de José María Morelos,1,Mazatecochco,Juárez s/n,Sección 3a. Pueblo de San Cosme Mazatecochco,90870,(246) 480 7397,,,,angeles.tlax@gmail.com,,,,-98.18794,19.18234,1,0,http://sic.gob.mx/ficha.php?table=museo&table_id=1984,1529932949,Tlaxcala,NA,2009-02,2009
308,Museo de Sitio Atoyatenco,Arqueología,2000-03-19,Ayuntamiento de Atoyatenco,29,Tlaxcala,23,Natívitas,8,San José Atoyatenco,16 de septiembre s/n,Centro,90718,(246) 1018561,,,,aguilarpedro@hotmail.com,,,,0,0,-1,-1,http://sic.gob.mx/ficha.php?table=museo&table_id=308,1496852771,Tlaxcala,NA,2000-03,2000
870,Museo de Sitio de Cacaxtla,Arqueología,1985-03-11,Secretaría de Cultura/INAH,29,Tlaxcala,23,Natívitas,9,San Miguel del Milagro,Circuito Perimetral s/n,Col. San Miguel del Milagro,90710,246 416 00 00,http://www.inah.gob.mx/red-de-museos/277-museo-de-sitio-de-cacaxtla,,https://lugares.inah.gob.mx/lugar-163-es,yajaira_gomez@inah.gob.mx,,,,-98.34008,19.24434,3,1,http://sic.gob.mx/ficha.php?table=museo&table_id=870,1649677136,Tlaxcala,NA,1985-03,1985
871,Museo de Sitio de Xochitécatl,Arqueología,1995-01-01,Secretaría de Cultura/INAH,29,Tlaxcala,23,Natívitas,10,San Miguel Xochitecatitla,"Cerro Xochitécatl s/n, Carr. Federal  Zacatelco-Nativitas, San Martín Texmelucan",,90712,246 416 00 00,https://www.inah.gob.mx/museos/278-museo-de-sitio-de-xochitecatl,,https://lugares.inah.gob.mx/lugar-166-es,cacaxtlaxochitecatl@inah.gob.mx; yajaira_gomez@inah.gob.mx; direccion.tlaxcala@inah.gob.mx,,,,-98.35136,19.24401,2,1,http://sic.gob.mx/ficha.php?table=museo&table_id=871,1714418478,Tlaxcala,NA,1995-01,1995
1937,Museo Tlanechticalli,,NA,,29,Tlaxcala,25,San Pablo del Monte,1,Ciudad de San Pablo del Monte,20 de Noviembre Norte núm. 2,Barrio San Pedro,90980,,,,,museo.municipal@spm.gob.mx,,,,-98.16601,19.11547,0,0,http://sic.gob.mx/ficha.php?table=museo&table_id=1937,1509392755,Tlaxcala,NA,NA,NA
279,Museo Textil La Trinidad,Ciencia y tecnología,1997-11-27,IMSS/Centro Vacacional La Trinidad,29,Tlaxcala,26,Santa Cruz Tlaxcala,1,Santa Cruz Tlaxcala,"Av. del Trabajo s/n, Santa Cruz",Centro,90640,246 461 06 92,http://centrosvacacionales.imss.gob.mx/Paginas/tri_atracciones_complementarios.html,,,centros.vacacionales@imss.gob.mx,,,,-98.15253,19.36003,5,2,http://sic.gob.mx/ficha.php?table=museo&table_id=279,1714155303,Tlaxcala,NA,1997-11,1997
2242,Sala de Exposiciones de San Francisco Tepeyanco,,2021-10-19,Secretaría de Cultura/INAH/Ex Convento de San Francisco Tepeyanco,29,Tlaxcala,29,Tepeyanco,1,Tepeyanco,Cuauhtémoc 15,Centro,90180,246 462 93 75,,,,tlaxcala.ci@inah.gob.mx,,,,-98.23559,19.24721,0,0,http://sic.gob.mx/ficha.php?table=museo&table_id=2242,1727922076,Tlaxcala,NA,2021-10,2021
1215,Museo Miguel N. Lira,Historia,2006-10-13,Instituto Tlaxcalteca de Cultura,29,Tlaxcala,33,Tlaxcala,1,Tlaxcala de Xicohténcatl,Av. Independencia 7,Centro,90000,246 117 52 09,,,,redemuseositc@gmail.com,https://www.facebook.com/pages/Museo-Miguel-NLira/150653661698281?sk=timeline,,,-98.23833,19.31492,7,0,http://sic.gob.mx/ficha.php?table=museo&table_id=1215,1673277713,Tlaxcala,NA,2006-10,2006
574,Museo de Arte de Tlaxcala,Arte,2004-05-27,Instituto Tlaxcalteca de Cultura,29,Tlaxcala,33,Tlaxcala,1,Tlaxcala de Xicohténcatl,Plaza de la Constitución 21,Centro Histórico,90000,246 466 03 52,,,,museodeartetlaxcala@gmail.com,https://www.facebook.com/museodeartetlaxcala/,,,-98.23887,19.31706,5,4,http://sic.gob.mx/ficha.php?table=museo&table_id=574,1688732765,Tlaxcala,NA,2004-05,2004
632,Museo Vivo de Artes y Tradiciones Populares de Tlaxcala,Arte,1988-05-30,Gobierno del Estado de Tlaxcala/Casa de las Artesanías de Tlaxcala (CAT),29,Tlaxcala,33,Tlaxcala,1,Tlaxcala de Xicohténcatl,Blvd. Emilio Sánchez Piedras 1,Centro,90000,246 462 23 37,,,,artesanias_tlax@yahoo.com.mx,https://www.facebook.com/muvartlax/?locale=es_LA,,,-98.24144,19.31977,7,1,http://sic.gob.mx/ficha.php?table=museo&table_id=632,1698319765,Tlaxcala,NA,1988-05,1988
635,Museo Regional de Tlaxcala,Historia,1981-03-28,Secretaría de Cultura/INAH,29,Tlaxcala,33,Tlaxcala,1,Tlaxcala de Xicohténcatl,Calz. de San Francisco s/n,Centro,90000,246 462 02 62,https://mediateca.inah.gob.mx/repositorio/islandora/object/guia%3A679,,,museoregionaltlax@gmail.com; diego_martin@inah.gob.mx,https://www.facebook.com/museoregionaldetlaxcala/,,,-98.23783,19.31411,10,1,http://sic.gob.mx/ficha.php?table=museo&table_id=635,1664975483,Tlaxcala,NA,1981-03,1981
1868,Museo de la Plástica Desiderio Hernández Xochitiotzin,,1983-10-28,Instituto Tlaxcalteca de la Cultura,29,Tlaxcala,33,Tlaxcala,1,Tlaxcala de Xicohténcatl,Av. Vicente Guerrero 15,Centro,90000,246 462 15 10,http://turismotlaxcala.com/Atractivos/Atractivo.php?i=18&Atractivo=Museo-de-la-Plastica-Desiderio-Hernandez-Xochitiotzin,,,museodelaplasticaitc@gmail.com,https://www.facebook.com/people/Museo-de-la-Pl%C3%A1stica-Desiderio-H-Xochitiotzin/100066865351971/,,,-98.23992,19.31458,4,1,http://sic.gob.mx/ficha.php?table=museo&table_id=1868,1688732513,Tlaxcala,NA,1983-10,1983
634,Museo de la Memoria de Tlaxcala,Antropología,1999-01-09,Fideicomiso Colegio de Historia de Tlaxcala,29,Tlaxcala,33,Tlaxcala,1,Tlaxcala de Xicohténcatl,Av. Independencia 3,Centro Histórico,90000,246 466 07 92,,,,museomemoriatlaxcala@hotmail.com,https://es-la.facebook.com/museomemoriatlaxcala/,,,-98.23839,19.31563,6,1,http://sic.gob.mx/ficha.php?table=museo&table_id=634,1616678471,Tlaxcala,NA,1999-01,1999
875,Museo de Sitio de Tizatlán,Arqueología,1998-08-01,Secretaría de Cultura/INAH,29,Tlaxcala,33,Tlaxcala,11,San Esteban Tizatlán,Xicoténcatl s/n,Centro,90100,246  462 93 75,http://www.inah.gob.mx/red-de-museos/287-museo-de-sitio-de-tizatlan,,https://lugares.inah.gob.mx/lugar-165-es,tlaxcala@inah.gob.mx; ramon_santacruz@inah.gob.mx,,,,-98.21852,19.33775,2,-1,http://sic.gob.mx/ficha.php?table=museo&table_id=875,1647523621,Tlaxcala,NA,1998-08,1998
1998,"Museo de Historia, Artes y Tradiciones Carlos González",,2016-11-22,Instituto Tlaxcalteca de Cultura,29,Tlaxcala,34,Tlaxco,1,Tlaxco,Juárez 5,Centro,90250,241 418 89 60,,,,adiazdelamora@yahoo.com.mx,,,,-98.12025,19.61349,0,0,http://sic.gob.mx/ficha.php?table=museo&table_id=1998,1689671073,Tlaxcala,NA,2016-11,2016
2240,Ex convento de Nuestra Señora de las Nieves (Cerrado temporalmente),,NA,Secretaría de Cultura/INAH,29,Tlaxcala,36,Totolac,1,San Juan Totolac,El Chamizal s/n,Col. Atzinco,90160,246 462 93 75,https://inah.gob.mx/boletines/5243-intervienen-vestigios-del-ex-convento-de-santa-maria-de-las-nieves-en-tlaxcala,,,tlaxcala.ci@inah.gob.mx,,,,-98.25011,19.32635,0,0,http://sic.gob.mx/ficha.php?table=museo&table_id=2240,1654689003,Tlaxcala,NA,NA,NA
866,Museo de Sitio de Ocotelulco,Arqueología,1991-02-01,Secretaría de Cultura/INAH,29,Tlaxcala,36,Totolac,6,San Francisco Ocotelulco,Av. Grecia s/n,,90165,246 144 5832,http://www.inah.gob.mx/red-de-museos/286-museo-de-sito-de-ocotelulco,,https://lugares.inah.gob.mx/lugar-164-es,eduardo_contreras@inah.gob.mx; eduar1013@yahoo.com.mx,,,,-98.235830000000007,19.32946,1,0,http://sic.gob.mx/ficha.php?table=museo&table_id=866,1651501545,Tlaxcala,NA,1991-02,1991
1968,Museo Comunitario Primer Señorío de Tepeticpac,,NA,Unión Nacional de Museos Comunitarios,29,Tlaxcala,36,Totolac,8,Santiago Tepeticpac,Calle Tlahuexolotzin,La Candelaria,90168,246 122 31 84,https://www.facebook.com/Museo-comunitario-Primer-Se%C3%B1orio-de-Tepeticpac-169073286892754/,,,,,,,-98.22712,19.33457,0,0,http://sic.gob.mx/ficha.php?table=museo&table_id=1968,1673277625,Tlaxcala,NA,NA,NA
1936,Museo Municipal General Máximo Rojas,,2017-04-12,Ayuntamiento de  Papalotla de Xicohténcatl/Dirección de Cultura y Turismo,29,Tlaxcala,41,Papalotla de Xicohténcatl,1,Papalotla,Av. Progreso s/n,Barrio Potrero,90790,222 281 00 60,,,,marinohdez90@gmail.com,https://www.facebook.com/profile.php?id=100041169946189,,,0,0,2,0,http://sic.gob.mx/ficha.php?table=museo&table_id=1936,1729103245,Tlaxcala,NA,2017-04,2017
1406,Museo de Autor Moisés Avendaño,Arte,2010-02-03,"Museo de Autor M.A., A.C.",30,Veracruz de Ignacio de la Llave,11,Alvarado,102,El Conchal,Carr. Boca del Río- Anton Lizardo s/n,Fracc. El Conchal,95264,229 921 55 56,,,,moiaven@hotmail.com,https://www.facebook.com/Museo-de-autor-350570335117481/,,,-96.10196,19.08627,3,-1,http://sic.gob.mx/ficha.php?table=museo&table_id=1406,1685538836,Veracruz,NA,2010-02,2010
687,Museo Comunitario de Atoyac (en remodelación),TND,2000-01-01,Ayuntamiento de Atoyac,30,Veracruz de Ignacio de la Llave,21,Atoyac,1,Atoyac,Av. Francisco I. Madero s/n,Centro,94960,273 735 13 54,,,,,https://www.facebook.com/profile.php?id=100081981663756,,,-96.77891,18.91584,-1,-1,http://sic.gob.mx/ficha.php?table=museo&table_id=687,1697131785,Veracruz,NA,2000-01,2000
2182,Museo Municipal de la Moneda (MUMUMO),,2019-12-05,Ayuntamiento de Boca del Río,30,Veracruz de Ignacio de la Llave,28,Boca del Río,1,Boca del Río,Av. Revolución 1000,Centro,92490,229 202 22 22 ext. 1400,https://mumumo.bocadelrio.gob.mx/,,,mumumo@bocadelrio.gob.mx,https://www.facebook.com/museosboca,,,-96.10574,19.10048,2,0,http://sic.gob.mx/ficha.php?table=museo&table_id=2182,1689330812,Veracruz,NA,2019-12,2019
2228,Museo del Pirata,,2021-11-11,,30,Veracruz de Ignacio de la Llave,28,Boca del Río,1,Boca del Río,Av. Veracruz 320,Centro,94290,229 202 22 22,,,,,,,,-96.10304,19.106,0,0,http://sic.gob.mx/ficha.php?table=museo&table_id=2228,1649765891,Veracruz,NA,2021-11,2021
2191,Museo Patria y Libertad,,2020-12-02,Ayuntamiento de Boca del Río,30,Veracruz de Ignacio de la Llave,28,Boca del Río,1,Boca del Río,Av. Revolución 402,Zona Centro,94290,229 202 22 22 ext. 1405,http://www.museopatriaylibertad.com.mx/,https://www.instagram.com/museo.patria.libertad/,,museos@bocadelrio.gob.mx,https://www.facebook.com/Museo-Patria-y-Libertad-105913868038226,,,-96.10561,19.10122,3,0,http://sic.gob.mx/ficha.php?table=museo&table_id=2191,1620136229,Veracruz,NA,2020-12,2020
324,Casa Museo Agustín Lara,Historia,1992-11-13,Instituto Veracruzano de la Cultura,30,Veracruz de Ignacio de la Llave,28,Boca del Río,1,Boca del Río,Blvd. Adolfo Ruiz Cortinez  s/n esq. Ávila Camacho,Costa Verde,94296,229 937 0209,http://ivec.gob.mx/#,,,sccasalara@gmail.com,https://www.facebook.com/MuseoAgustinLara/,https://x.com/MuseoLara,,-96.11687,19.16918,8,4,http://sic.gob.mx/ficha.php?table=museo&table_id=324,1673517318,Veracruz,NA,1992-11,1992
2304,Museo de la Orquídea Dr. Isaías Contreras Juárez,,NA,,30,Veracruz de Ignacio de la Llave,38,Coatepec,1,Coatepec,Ignacio Aldama 20,Centro,91500,228 304 08 53,http://www.culturacoatepec.org/2017/07/museo-de-la-orquidea.html,https://www.instagram.com/museoorquideacoatepec/,,museorquideascoatepec@gmail.com,https://www.facebook.com/MuseodelaOrquidea/,,https://www.instagram.com/museoorquideacoatepec,-96.95782,19.45315,0,0,http://sic.gob.mx/ficha.php?table=museo&table_id=2304,1685542514,Veracruz,NA,NA,NA
2398,Museo del Mole,,2021-03-31,,30,Veracruz de Ignacio de la Llave,38,Coatepec,1,Coatepec,5 de Mayo 47,Centro,NA,228 388 3941,,,,,https://www.facebook.com/casamercadocoatepec,,,-96.95776,19.45686,3,0,http://sic.gob.mx/ficha.php?table=museo&table_id=2398,1692718117,Veracruz,NA,2021-03,2021
1556,Casa Museo María Enriqueta,Historia,1975-01-23,"Círculo Cultural Amigos de María Enriqueta, A.C.",30,Veracruz de Ignacio de la Llave,38,Coatepec,1,Coatepec,Calle Zaragoza 3,Centro,91500,228 816 04 99,http://casamuseomariaenriqueta.com/Main.aspx,,,casamuseomariaenriqueta@gmail.com,https://es-la.facebook.com/casamuseomariaenriquetaoficial,,,-96.95525,19.45351,-1,-1,http://sic.gob.mx/ficha.php?table=museo&table_id=1556,1685531145,Veracruz,NA,1975-01,1975
1146,Museo Interactivo El Café-tal Apan,Especializado,2006-08-01,Cafe-tal Apan,30,Veracruz de Ignacio de la Llave,38,Coatepec,6,El Grande,Carr. Coatepec - Las Trancas  km 4,,91500,228 816 61 85,https://www.elcafetalapan.com/,,https://www.instagram.com/el_cafe_tal_apan/,contacto@elcafe-talapan.com,https://www.facebook.com/El-caf%C3%A9-tal-apan-320469428046344/,,,-96.91458,19.43266,-1,-1,http://sic.gob.mx/ficha.php?table=museo&table_id=1146,1666261848,Veracruz,NA,2006-08,2006
2309,Museo Vivo del Papel,,2022-11-19,Universidad Veracruzana / Centro de Estudios Creación y Documentación de las Artes (CECDA) / /La Ceiba Gráfica,30,Veracruz de Ignacio de la Llave,38,Coatepec,14,La Orduña,Hidalgo 1,Ex Hacienda La Orduña,91603,228 186 23 68,http://nuevositio.laceibagrafica.org/museo-vivo-del-papel/,,,museovivodelpapel@gmail.com,https://www.facebook.com/museovivodelpapelmx,,,-96.93786,19.45021,0,0,http://sic.gob.mx/ficha.php?table=museo&table_id=2309,1674571450,Veracruz,NA,2022-11,2022
31,Museo del Café de Córdoba,Arqueología,1974-10-19,Ayuntamiento de Córdoba,30,Veracruz de Ignacio de la Llave,44,Córdoba,1,Córdoba,Av. 3 núm. 305,Centro,94500,271 712 43 44,,https://www.cordoba.gob.mx/,,coordinacion.turismo@cordoba.gob.mx,https://www.facebook.com/MuseodelCafeCordobaMx/,,,-96.93513,18.89352,3,0,http://sic.gob.mx/ficha.php?table=museo&table_id=31,1731090314,Veracruz,NA,1974-10,1974
1995,Museo  Nacional de la Caña,,2017-12-06,Ayuntamiento de Córdoba/ Ex.Hacienda de San Francisco Toxpan,30,Veracruz de Ignacio de la Llave,44,Córdoba,1,Córdoba,Calle 6 B,Nuevo Tuxpan,94510,271 714 50 40,,,,,,,,-96.92779,18.90676,0,0,http://sic.gob.mx/ficha.php?table=museo&table_id=1995,1699526621,Veracruz,NA,2017-12,2017
1873,Museo del Café,Especializado,2016-03-18,Ayuntamiento de Córdoba,30,Veracruz de Ignacio de la Llave,44,Córdoba,1,Córdoba,Av. 3 núm. 305,Centro,94500,271 717 1700,http://museodelcafe.mx/,,,info@museodelcafe.mx,https://www.facebook.com/MUSEODELCAFEDECORDOBA/,,,-96.93509,18.89333,2,0,http://sic.gob.mx/ficha.php?table=museo&table_id=1873,1612945620,Veracruz,NA,2016-03,2016
265,Museo Comunitario Tetlalpan,Arqueología,2009-01-01,"Museo Comunitario Tetlalpan, A.C.",30,Veracruz de Ignacio de la Llave,47,Coscomatepec,1,Coscomatepec de Bravo,"Av. Juárez s/n, Parque de la Constitución",Centro,94140,273 737 0480,,,,pinjaro@hotmail.com,https://www.facebook.com/Tetlalpan,,,-97.04785,19.07295,-1,-1,http://sic.gob.mx/ficha.php?table=museo&table_id=265,1586447501,Veracruz,NA,2009-01,2009
437,Museo Ex Hacienda El Lencero,Historia,1986-11-01,"Patronato para la Administración y Conservación del Museo Ex-Hacienda El Lencero, A.C.",30,Veracruz de Ignacio de la Llave,65,Emiliano Zapata,20,El Lencero,Rafael Murillo Camacho s/n,Centro,91640,228 820 08 01,,https://veracruz.mx/atractivo.php?idnota=336,,turismo.ezver@gmail.com,,,,-96.81655,19.48443,-1,-1,http://sic.gob.mx/ficha.php?table=museo&table_id=437,1698752542,Veracruz,NA,1986-11,1986
1734,Museo Tatsugoro,Especializado,2009-10-11,"Museo Tatsugoro, A.C.",30,Veracruz de Ignacio de la Llave,68,Fortín,1,Fortín de las Flores,Priv. de Huatusco 6,Fracc. Fortín,94470,271 713 0990,http://www.museotatsugoro.com.mx/,,,info@museotatsugoro.com.mx,https://es-la.facebook.com/MuseoTatsugoro/,,,-96.99898,18.89336,1,0,http://sic.gob.mx/ficha.php?table=museo&table_id=1734,1685543937,Veracruz,NA,2009-10,2009
2258,Casa Museo Guillermo Landa,,2022-07-23,Ayuntamiento de Huatusco/IVEC,30,Veracruz de Ignacio de la Llave,71,Huatusco,1,Huatusco de Chicuellar,Av. 1 núm. 333,Centro,NA,273 734 00 67,,,,sc.casa.museo.landa@ivec.gob.mx,https://www.facebook.com/CasaMuseoLanda,https://x.com/CasaMuseoLanda,,-96.96201,19.14947,0,0,http://sic.gob.mx/ficha.php?table=museo&table_id=2258,1661449919,Veracruz,NA,2022-07,2022
683,Museo Municipal de Antropología e Historia Malintzin 1524,Arqueología,1977-10-01,Ayuntamiento de Huiloapan de Cuauhtémoc,30,Veracruz de Ignacio de la Llave,73,Hueyapan de Ocampo,43,Santa Rosa Loma Larga,Av. Miguel Hidalgo 3,Centro,94780,272 171 3793,,,,claudiaalcantara_archivo@hotmail.com,,,,-95.08707,18.23085,-1,-1,http://sic.gob.mx/ficha.php?table=museo&table_id=683,1625755276,Veracruz,NA,1977-10,1977
272,Museo Comunitario Popoluca de Santa Rosa Loma Larga,Arqueología,1995-11-12,Ejido Unidad Indígena Gral. Emiliano Zapata,30,Veracruz de Ignacio de la Llave,73,Hueyapan de Ocampo,43,Santa Rosa Loma Larga,Calle San José s/n,Emiliano Zapata,95867,924 945 0363,,,,fjpascual56@gmail.com,,,,-95.08706,18.23096,-1,-1,http://sic.gob.mx/ficha.php?table=museo&table_id=272,1685535701,Veracruz,NA,1995-11,1995
134,Museo de Sitio El Zapotal,Arqueología,1978-01-01,Secretaría de Cultura/INAH,30,Veracruz de Ignacio de la Llave,75,Ignacio de la Llave,5,El Zapotal Número Uno,Ignacio de la Llave esq. Héroes de Chapultepec,Zona Arqueológica El Zapotal,95240,229 934 4208; 229 934 9981,https://www.inah.gob.mx/museos/221-museo-de-sitio-de-el-zapotal,https://lugares.inah.gob.mx/es/zonas-arqueologicas/zonas/14540-el-zapotal.html?lugar_id=14540,https://lugares.inah.gob.mx/lugar-169-es,,,https://x.com/centro_inah_ver,,-96.02481,18.7082,1,0,http://sic.gob.mx/ficha.php?table=museo&table_id=134,1737654110,Veracruz,NA,1978-01,1978
2200,"Kaná, Museo de Ciencia y Tecnología",,2021-05-22,Gobierno del Estado de Veracruz/Consejo Veracruzano de Inv. Científica y Des.Tecnológico,30,Veracruz de Ignacio de la Llave,87,Xalapa,1,Xalapa-Enríquez,Av Rafael Murillo Vidal 1735,Col.  Cuauhtemoc,91069,228 841 97 73,http://kana.gob.mx/wp/,,,contacto@kana.gob.mx,https://es-la.facebook.com/kanamuseodeciencia,,,-96.89417,19.51804,6,0,http://sic.gob.mx/ficha.php?table=museo&table_id=2200,1684328047,Veracruz,NA,2021-05,2021
2380,Pinacoteca Diego Rivera,,NA,Instituto Veracruzano de la Cultura/Subdirección de Artes y Patrimonio,30,Veracruz de Ignacio de la Llave,87,Xalapa,1,Xalapa-Enríquez,J.J. Herrera 5,Centro,91000,228 818 18 19,,,,scpinacoteca@gmail.com,,,,-96.9244,19.52641,1,0,http://sic.gob.mx/ficha.php?table=museo&table_id=2380,1686902951,Veracruz,NA,NA,NA
901,Museo en Honor a los Bomberos,Ciencia y tecnología,2004-08-05,"Patronato de Bomberos de Xalapa, A.C.",30,Veracruz de Ignacio de la Llave,87,Xalapa,1,Xalapa-Enríquez,Ernesto Ortiz Medina 5,Obrero Campesina,91020,228 815 37 67,https://www.xalapaveracruz.mx/el-museo-del-bombero/,,,museobomberos_xal@hotmail.com,https://www.facebook.com/p/Museo-de-Bomberos-Xalapa-Veracruz-100064776824523/,,,-96.92804,19.54234,-1,-1,http://sic.gob.mx/ficha.php?table=museo&table_id=901,1685623266,Veracruz,NA,2004-08,2004
2310,"Casa Doña Falla, Museo de la Música Veracruzana",,2021-12-12,Ayuntamiento de Xalapa/Dirección de Cultura,30,Veracruz de Ignacio de la Llave,87,Xalapa,1,Xalapa-Enríquez,Salvador Díaz Mirón 21,Centro,91000,228 298 23 90,https://xalapa.gob.mx/direccion-de-cultura/casa-dona-falla-museo-de-la-musica/,https://www.instagram.com/museodelamusica_cdf/,,museodelamusica@xalapa.gob.mx,https://www.facebook.com/xalaparecreativa; https://www.facebook.com/XalapaAyuntamiento,,https://www.instagram.com/cultura.xalapa,-96.91601,19.52285,7,9,http://sic.gob.mx/ficha.php?table=museo&table_id=2310,1710421420,Veracruz,NA,2021-12,2021
767,Museo de Antropología de Xalapa (MAX),Arqueología,1986-10-29,Universidad Veracruzana,30,Veracruz de Ignacio de la Llave,87,Xalapa,1,Xalapa-Enríquez,Av. Xalapa s/n,Unidad Magisterial,91010,"228 815 09 20, 228 815 49 52",http://www.uv.mx/max,,,museo@uv.mx,https://www.facebook.com/museodeantropologiadexalapauv,,,-96.93121,19.55037,5,0,http://sic.gob.mx/ficha.php?table=museo&table_id=767,1673516597,Veracruz,NA,1986-10,1986
1263,El Museo Casa de Xalapa (Muxa),Historia,2007-12-15,Ayuntamiento de Xalapa/Dirección de Cultura,30,Veracruz de Ignacio de la Llave,87,Xalapa,1,Xalapa-Enríquez,José Joaquín Herrera 7,Centro,91000,228 841 98 02,https://xalapa.gob.mx/direccion-de-cultura/museo-casa-xalapa-muxa/,,,muxa@xalapa.gob.mx,http://www.facebook.com/pages/Museo-Casa-de-Xalapa/176935742362081,https://x.com/MsCasadeXalapa,https://www.instagram.com/cultura.xalapa,-96.92427,19.52631,7,6,http://sic.gob.mx/ficha.php?table=museo&table_id=1263,1710407349,Veracruz,NA,2007-12,2007
1262,Museo San Rafael Guízar y Valencia,Historia,2008-10-17,Arquidiócesis de Xalapa,30,Veracruz de Ignacio de la Llave,87,Xalapa,1,Xalapa-Enríquez,Av. Juárez 70,Centro,91000,228 812 06 67,www.rafaelguizar.org,,,causasdelossantos@live.com,https://www.facebook.com/SanRafaelGuizarV/?locale=es_LA,,,-96.92343,19.529,7,1,http://sic.gob.mx/ficha.php?table=museo&table_id=1262,1686143380,Veracruz,NA,2008-10,2008
268,Museo Comunitario de Jamapa,TND,1993-01-01,"Ayuntamiento de Jamapa, Veracruz",30,Veracruz de Ignacio de la Llave,90,Jamapa,1,Jamapa,Tenoya s/n,Centro,94260,285 107 85 84,,,https://www.turismo-veracruz.com/portal/art4073_Museo_Comunitario_de_Jamapa.html,,https://es-la.facebook.com/museojamapa/,,,-96.24048,19.04183,3,1,http://sic.gob.mx/ficha.php?table=museo&table_id=268,1686233566,Veracruz,NA,1993-01,1993
1783,Museo del Danzante Xiqueño,Antropología,2015-09-06,Casa de la Cultura de Xico,30,Veracruz de Ignacio de la Llave,92,Xico,1,Xico,Miguel Hidalgo 76,Centro,91240,228 129 66 97,,,,dir.turismo.xico@gmail.com,https://www.facebook.com/danzasxico?fref=ts,https://x.com/VeracruzTurismo,,-97.00366,19.42021,6,0,http://sic.gob.mx/ficha.php?table=museo&table_id=1783,1686827572,Veracruz,NA,2015-09,2015
2383,Museo del Totomoxtle,,2000-01-01,,30,Veracruz de Ignacio de la Llave,92,Xico,1,Xico,Ignacio Aldama 102 esq. Benito Juárez,Centro,91240,,,,,,,,,-97.01069,19.4243,0,0,http://sic.gob.mx/ficha.php?table=museo&table_id=2383,1697047084,Veracruz,NA,2000-01,2000
1762,Museo del Vestido de Santa María Magdalena,Antropología,1999-01-01,Parroquia de Santa María Magdalena,30,Veracruz de Ignacio de la Llave,92,Xico,1,Xico,Sebastián Lerdo de Tejada 17,Centro,91240,228 813 03 81,https://pueblosmagicos.mexicodesconocido.com.mx/veracruz/xico/atractivo/museo-del-vestido,https://veracruz.mx/atractivo.php?idnota=453,,xico042010@hotmail.com,,,,-97.01165,19.42276,0,0,http://sic.gob.mx/ficha.php?table=museo&table_id=1762,1686576653,Veracruz,NA,1999-01,1999
2036,Museo Xicochimalco,,2017-12-28,Ayuntamiento de Xico/Círculo Cultural regional Coatepecano,30,Veracruz de Ignacio de la Llave,92,Xico,76,Malseseca,Domiciio Conocido,,91240,,,,,,https://www.facebook.com/pages/Museo-De-Sitio-Xicochimalco/2370537476565794,,,-97.06032,19.45612,3,0,http://sic.gob.mx/ficha.php?table=museo&table_id=2036,1685972640,Veracruz,NA,2017-12,2017
686,Museo Regional David Ramírez Lavoignet,Arqueología,2008-01-01,Casa de Cultura  El Calvario,30,Veracruz de Ignacio de la Llave,109,Misantla,1,Misantla,Calle 5 de Mayo s/n esq. Ávila Camacho,Centro Histórico,93821,235 323 15 46,,,,casadecultura.elcalvario@gmail.com,https://www.facebook.com/p/Casa-de-la-Cultura-El-Calvario-100080148362631/,,,-96.85146,19.93186,3,-1,http://sic.gob.mx/ficha.php?table=museo&table_id=686,1685539585,Veracruz,NA,2008-01,2008
2436,Museo Comunitario de Historia y Etnografía de Almolonga,,2018-02-24,Ayuntamiento de Naolinco / IVEC,30,Veracruz de Ignacio de la Llave,112,Naolinco,3,Almolonga,Emiliano Zapata s/n,Ex Hacienda de Almolonga,91404,,,https://www.facebook.com/Museocomunitarioalmolonga/videos/1803072273329466,,,https://www.facebook.com/Museocomunitarioalmolonga/,,,-96.78281,19.59079,4,0,http://sic.gob.mx/ficha.php?table=museo&table_id=2436,1717013936,Veracruz,NA,2018-02,2018
2377,Museo de la Historia del Libro,,2016-04-23,Biblioteca Municipal José Bernardo Couto y Pérez,30,Veracruz de Ignacio de la Llave,118,Orizaba,1,Orizaba,Calle Colón Ote. s/n,Centro,94320,272 724 05 08,https://bibliotecamunicipalorizaba.github.io/JoseBernardoCouto/,,,bibliocouto01@hotmail.com,https://www.facebook.com/BIBLIOTECAORIZABACOUTO/?locale=es_LA,,,-97.09623,18.85197,0,0,http://sic.gob.mx/ficha.php?table=museo&table_id=2377,1685706336,Veracruz,NA,2016-04,2016
2273,Planetario Rodolfo Neri Vela,,2010-10-04,Ayuntamiento de Orizaba,30,Veracruz de Ignacio de la Llave,118,Orizaba,1,Orizaba,Fco. I. Madero Norte s/n,Centro,94300,272 728 91 36,,,,turismo@orizaba.gob.mx,https://www.facebook.com/profile.php?id=100064414045206,,,-97.10609,18.84992,1,0,http://sic.gob.mx/ficha.php?table=museo&table_id=2273,1668681758,Veracruz,NA,2010-10,2010
2281,Salón de la Fama,,2018-09-13,Ayuntamiento de Orizaba/Palacio Municipal,30,Veracruz de Ignacio de la Llave,118,Orizaba,1,Orizaba,Colón Poniente Núm. 320 (Sótano del Palacio Municipal de Orizaba),Centro,94300,272 728 91 36,https://www.orizaba.travel/museo-palacio-orizaba/,https://www.facebook.com/pueblomagicorizaba/posts/2103704839649994/,,turismo@orizaba.gob.mx,https://www.facebook.com/profile.php?id=100064414045206,,,-97.10759,18.84706,0,0,http://sic.gob.mx/ficha.php?table=museo&table_id=2281,1685707381,Veracruz,NA,2018-09,2018
420,Museo de Arte del Estado de Veracruz (MAEV),Arte,1992-11-27,Instituto Veracruzano de la Cultura,30,Veracruz de Ignacio de la Llave,118,Orizaba,1,Orizaba,Av. Oriente 4 núm. 1262 esq. Sur 23,Centro,94300,272 724 32 00,,,,scmaev@gmail.com,https://es-la.facebook.com/MAEVorizaba/,https://x.com/MAEVorizaba,,-97.09314,18.85061,8,1,http://sic.gob.mx/ficha.php?table=museo&table_id=420,1686312700,Veracruz,NA,1992-11,1992
2031,Museo de las Raíces de Orizaba (MURO),Antropología,2010-10-04,Ayuntamiento de Orizaba,30,Veracruz de Ignacio de la Llave,118,Orizaba,1,Orizaba,Fco. I. Madero Norte s/n,Centro,94300,272 728 91 36,https://www.turismo-veracruz.com/portal/art4058_Museo_de_las_RaAces_de_Orizaba.html,,,turismo@orizaba.gob.mx,https://www.facebook.com/profile.php?id=100064414045206,,,-97.106,18.84964,6,0,http://sic.gob.mx/ficha.php?table=museo&table_id=2031,1668451550,Veracruz,NA,2010-10,2010
2272,Museo Interactivo de Orizaba  (MIO),,2010-10-04,Ayuntamiento de Orizaba,30,Veracruz de Ignacio de la Llave,118,Orizaba,1,Orizaba,"Francisco I. Madero Norte s/n, entre Pte. 2 y Pte. 4",Centro,94300,272 728 91 36,,,,turismo@orizaba.gob.mx,https://www.facebook.com/profile.php?id=100064414045206,,,-97.106,18.84964,1,0,http://sic.gob.mx/ficha.php?table=museo&table_id=2272,1668540423,Veracruz,NA,2010-10,2010
2381,Museo Religioso,,2022-12-01,H. Ayuntamiento de Orizaba/Coordinación de Turismo,30,Veracruz de Ignacio de la Llave,118,Orizaba,1,Orizaba,Poniente 5 no. 344 entre Sur 4 y 8.,Centro,94300,272 726 2222 ext. 2002,https://www.orizaba.travel/ex-convento-de-san-jose-de-gracia/,,,turismo@orizaba.gob.mx,https://www.facebook.com/ExConventoSanJoseDeGracia,,,-97.10752,18.84497,14,0,http://sic.gob.mx/ficha.php?table=museo&table_id=2381,1686744281,Veracruz,NA,2022-12,2022
2274,Museo de Memorias de Orizaba,,2021-11-30,Archivo Municipal Orizaba,30,Veracruz de Ignacio de la Llave,118,Orizaba,1,Orizaba,Calle Sur 9 Núm. 224,Centro,94300,272 728 96 25,,,,,,,,-97.10116,18.84777,5,0,http://sic.gob.mx/ficha.php?table=museo&table_id=2274,1668615273,Veracruz,NA,2021-11,2021
2279,Museo Geográfico de Orizaba 1 (MUSGO I),,2010-10-04,Ayuntamiento de Orizaba,30,Veracruz de Ignacio de la Llave,118,Orizaba,1,Orizaba,"Francisco I. Madero Norte s/n, entre Pte. 2 y Pte. 4",Centro,94300,272 728 91 36,,,,turismo@orizaba.gob.mx,https://www.facebook.com/photo?fbid=491059826384481&set=pcb.491062609717536,,,-97.106,18.84964,0,0,http://sic.gob.mx/ficha.php?table=museo&table_id=2279,1668540536,Veracruz,NA,2010-10,2010
2179,Museo de la Hotelería Mexicana,,2021-08-07,Ayuntamiento de Orizaba,30,Veracruz de Ignacio de la Llave,118,Orizaba,1,Orizaba,Oriente 6 Núm. 660 esq. Sur 13 y Sur 15,Centro,94300,272 728 91 36,https://www.orizaba.travel/museo-hoteleria-mexicana/,,,turismo@orizaba.gob.mx,https://www.facebook.com/profile.php?id=100063767566965,,,-97.09867,18.84821,0,0,http://sic.gob.mx/ficha.php?table=museo&table_id=2179,1668604472,Veracruz,NA,2021-08,2021
2280,Museo 13 de Junio de 1862,,NA,Ayuntamiento de Orizaba,30,Veracruz de Ignacio de la Llave,118,Orizaba,1,Orizaba,"Plaza Pichucalco, Puente Independencia esq. Pte. 5",Centro,94300,272 728 91 36,,https://glampingycamping.com/ecoparque-cerro-del-borrego-orizaba-veracruz/,,turismo@orizaba.gob.mx,https://www.facebook.com/profile.php?id=100064414045206,,,-97.11683,18.84621,0,0,http://sic.gob.mx/ficha.php?table=museo&table_id=2280,1668607136,Veracruz,NA,NA,NA
2007,Museo Interactivo Francisco Gabilondo Soler,,2017-05-12,Polyforum Cultural Mier y Pesado/Ayuntamiento de Orizaba,30,Veracruz de Ignacio de la Llave,118,Orizaba,1,Orizaba,Oriente 6 núm. 1653,Centro,94300,272 688 5229,https://veracruz.mx/atractivo.php?idnota=1833,,,turismo@orizaba.gob.mx,https://es-la.facebook.com/POLIFORUMMIERYPESADO/,,,-97.08916,18.84808,3,0,http://sic.gob.mx/ficha.php?table=museo&table_id=2007,1685965166,Veracruz,NA,2017-05,2017
2276,Museo de la Cerveza,,2009-12-14,Ayuntamiento de Orizaba / Cervecería Moctezuma,30,Veracruz de Ignacio de la Llave,118,Orizaba,1,Orizaba,Fco. I. Madero Nte. s/n,Centro,94300,272 728 91 36,,,,turismo@orizaba.gob.mx,https://www.facebook.com/profile.php?id=100064414045206,,,-97.106,18.84964,2,0,http://sic.gob.mx/ficha.php?table=museo&table_id=2276,1685622831,Veracruz,NA,2009-12,2009
2378,Museo Nacional del Traje,,2022-04-10,Poliforum Mier y Pesado/Ayuntamiento de Orizaba,30,Veracruz de Ignacio de la Llave,118,Orizaba,1,Orizaba,Oriente 6 núm. 1653,Centro,94300,272 688 52 29,https://es-la.facebook.com/POLIFORUMMIERYPESADO/,,,,,,,-97.08908,18.84801,2,2,http://sic.gob.mx/ficha.php?table=museo&table_id=2378,1692715706,Veracruz,NA,2022-04,2022
2283,Planetario Orizaba,,2021-08-04,Ayuntamiento de Orizaba/Foro Orizaba,30,Veracruz de Ignacio de la Llave,118,Orizaba,1,Orizaba,Av. Cri-Cri s/n,Col. Agrícola Moctezuma,94345,272 688 99 63,,,,planetario@orizaba.gob.mx,https://www.facebook.com/p/Planetario-Orizaba-100064007146890/,,https://www.instagram.com/planetarioorizaba,-97.08593,18.85666,0,0,http://sic.gob.mx/ficha.php?table=museo&table_id=2283,1685707022,Veracruz,NA,2021-08,2021
2277,Museo Cuna del Futbol,,2009-12-14,Ayuntamiento de Orizaba,30,Veracruz de Ignacio de la Llave,118,Orizaba,1,Orizaba,"Francisco I. Madero s/n, entre Pte. 2 y Pte. 4",Centro,94300,272 728 91 36,http://www.orizaba.travel,,,turismo@orizaba.gob.mx,https://www.facebook.com/profile.php?id=100064414045206,,,-97.106,18.84964,1,0,http://sic.gob.mx/ficha.php?table=museo&table_id=2277,1668451589,Veracruz,NA,2009-12,2009
2278,Museo de la Historia de la Aviación,,2021-09-04,Ayuntamiento de Orizaba,30,Veracruz de Ignacio de la Llave,118,Orizaba,1,Orizaba,Prol. de Nte. 2 Núm. 2297,Col. Abelardo L. Rodriguez,94310,272 726 22 22,https://www.orizaba.travel/aeroparque-orizaba/,,,,https://www.facebook.com/pueblomagicorizaba,,,-97.1132,18.86803,0,0,http://sic.gob.mx/ficha.php?table=museo&table_id=2278,1668454147,Veracruz,NA,2021-09,2021
2282,Museo Sala Histórica de Orizaba,,2020-09-28,Ayuntamiento de Orizaba,30,Veracruz de Ignacio de la Llave,118,Orizaba,1,Orizaba,Colón Poniente 320,Centro,94300,272 726 22 22,https://www.orizaba.travel/museo-palacio-orizaba/,,,turismo@orizaba.gob.mx,https://www.facebook.com/watch/?v=4433872936654294,,,-97.10786,18.84723,0,0,http://sic.gob.mx/ficha.php?table=museo&table_id=2282,1686316291,Veracruz,NA,2020-09,2020
2227,Museo de Arte Popular de Veracruz,,2021-07-10,Ayuntamiento de Orizaba,30,Veracruz de Ignacio de la Llave,118,Orizaba,1,Orizaba,Norte 3 entre Poniente 2 y 4.,Centro,94300,,,,,,,,,-97.10673,18.84934,0,0,http://sic.gob.mx/ficha.php?table=museo&table_id=2227,1662641500,Veracruz,NA,2021-07,2021
2226,Museo del Sotavento,,2021-10-09,Ayuntamiento de Otatitlán/Centro Cultural del Sotavento,30,Veracruz de Ignacio de la Llave,119,Otatitlán,1,Otatitlán,Plaza Hidalgo s/n,Centro,95500,287 876 0029 (ayuntamiento),,,,,https://www.facebook.com/MuseoDelSotavento/,,,-96.03427,18.17643,0,0,http://sic.gob.mx/ficha.php?table=museo&table_id=2226,1708695734,Veracruz,NA,2021-10,2021
253,Museo de Historia Regional de Pánuco,Arqueología,1992-04-30,Ayuntamiento de Pánuco,30,Veracruz de Ignacio de la Llave,123,Pánuco,1,Pánuco,Lorenzo Barcelata s/n esq. Malecón,Centro,93990,846 266 1441,,http://panucodistritouno.blogspot.mx/2015/06/museo-de-historia-regional-panuco.html,,,,,,-98.17706,22.05661,1,0,http://sic.gob.mx/ficha.php?table=museo&table_id=253,1592304237,Veracruz,NA,1992-04,1992
601,"Museo de Sitio de la Zona Arqueológica El Tajín (cerrado temporalmente, zona arqueológica abierta)",Arqueología,1992-10-12,Secretaría de Cultura/INAH,30,Veracruz de Ignacio de la Llave,124,Papantla,1,Papantla de Olarte,Carr. 130 Poza Rica San Andrés ku 16 esq. Calz. José García Payón s/n,Comunidad El Tajín,93479,784 842 83 54,https://lugares.inah.gob.mx/es/museos-inah/museo/433-museo-de-sitio-de-el-taj%C3%ADn.html,https://lugares.inah.gob.mx/es/es/museos-inah/museo/433-museo-de-sitio-de-el-taj%C3%ADn.html,,olaf_jaime@inah.gob.mx; direcciontajin@hotmail.com,,,,-97.37783,20.44269,1,0,http://sic.gob.mx/ficha.php?table=museo&table_id=601,1685542887,Veracruz,NA,1992-10,1992
1590,Museo Teodoro Cano,Arte,2007-12-14,Instituto Veracruzano de la Cultura,30,Veracruz de Ignacio de la Llave,124,Papantla,1,Papantla de Olarte,Rodolfo Curti 101,"Barrio del Naranjo, Centro",93400,784 114 62 11,http://ivec.gob.mx/recintos/,http://ivec.gob.mx/,,museo.teodorocano@ivec.gob.mx,https://www.facebook.com/MuseoTeodoroCano,,,-97.32029,20.44453,2,1,http://sic.gob.mx/ficha.php?table=museo&table_id=1590,1686916240,Veracruz,NA,2007-12,2007
688,Museo Comunitario Serafín Olarte (Cerrado temporalmente),TND,NA,Comunitario independiente,30,Veracruz de Ignacio de la Llave,124,Papantla,33,Cuyuxquihui,"Domicilio conocido, junto al sitio prehispánico",,93060,784 596 5300,https://www.cultura.gob.mx/estados/turismo-cultural-detalle.php?id=65990#.Xuj3MkUzbIU,,,,,,,-97.25582,20.31242,-1,-1,http://sic.gob.mx/ficha.php?table=museo&table_id=688,1592306127,Veracruz,NA,NA,NA
2230,Museo de la Ciudad de Poza Rica (MUCI),,2021-11-24,Dirección de Turismo del  Ayuntamiento de Poza Rica/Parque de Las Américas,30,Veracruz de Ignacio de la Llave,131,Poza Rica de Hidalgo,1,Poza Rica de Hidalgo,"Francisco I. Madero s/n, Parque de las Américas",Col. Francisco I. Madero,93260,782 826 7817,https://museodepozarica.com/index.html,,,museodelaciudadpozarica@gmail.com,https://www.facebook.com/MuseoMuCi/,,,-97.45328,20.53108,0,0,http://sic.gob.mx/ficha.php?table=museo&table_id=2230,1680271452,Veracruz,NA,2021-11,2021
1567,Museo Regional de San Andrés Tuxtla,Arqueología,2007-07-04,Ayuntamiento de San Andrés Tuxtla,30,Veracruz de Ignacio de la Llave,141,San Andrés Tuxtla,1,San Andrés Tuxtla,Independencia Oriente 1,Centro,95700,294 947 93 00 ext. 608,,,,detmasat@hotmail.com; detmas@live.com.mx,https://www.facebook.com/museoregionalsat/,,,-95.21145,18.44744,3,-1,http://sic.gob.mx/ficha.php?table=museo&table_id=1567,1686569305,Veracruz,NA,2007-07,2007
682,Museo Tuxteco (Temporalmente cerrado),Arqueología,1975-07-01,Secretaría de Cultura/INAH,30,Veracruz de Ignacio de la Llave,143,Santiago Tuxtla,1,Santiago Tuxtla,Cto. Lic. Ángel Carvajal s/n,Centro,95830,229 934 52 82,https://www.inah.gob.mx/red-de-museos,,https://lugares.inah.gob.mx/lugar-141-es,inahveracruzsur@hotmail.com,,https://x.com/centro_inah_ver,,-95.30199,18.46508,4,1,http://sic.gob.mx/ficha.php?table=museo&table_id=682,1685974684,Veracruz,NA,1975-07,1975
299,Museo de Sitio de Tres Zapotes,Arqueología,1975-07-01,Secretaría de Cultura/INAH,30,Veracruz de Ignacio de la Llave,143,Santiago Tuxtla,81,Tres Zapotes,Estela Núñez s/n,Centro,95839,294 948 66 59,http://www.inah.gob.mx/es/red-de-museos/226-museo-de-sitio-de-tres-zapotes,https://treszapotesveracruz.wordpress.com/museo-de-tres-zapotes/,https://lugares.inah.gob.mx/lugar-171-es,inahveracruzsur@hotmail.com,,https://x.com/centro_inah_ver,,-95.43581,18.47726,2,0,http://sic.gob.mx/ficha.php?table=museo&table_id=299,1664918953,Veracruz,NA,1975-07,1975
2439,Museo de la Casa de Cultura Tantoyuca,,NA,Ayuntamiento de Tantoyuca,30,Veracruz de Ignacio de la Llave,155,Tantoyuca,1,Tantoyuca,Francisco I. Madero 103,Centro,92101,789 893 29 52,,,,aurelio.cruz@tantoyucaveracruz.gob.mx,,,,-98.22616,21.35249,0,0,http://sic.gob.mx/ficha.php?table=museo&table_id=2439,1718316625,Veracruz,NA,NA,NA
679,Museo de Sitio Castillo de Teayo,Arqueología,1975-08-01,Secretaría de Cultura/INAH,30,Veracruz de Ignacio de la Llave,157,Castillo de Teayo,1,Castillo de Teayo,Plaza de la Pirámide s/n,Centro,92940,229 934 9981,https://www.inah.gob.mx/museos/219-museo-de-sitio-castillo-teayo,,https://lugares.inah.gob.mx/lugar-167-es,inahveracruzsur@hotmail.com; patricia_castillo@inah.gob.mx,,,,-97.63338,20.75013,2,-1,http://sic.gob.mx/ficha.php?table=museo&table_id=679,1717603662,Veracruz,NA,1975-08,1975
21,Museo Marino Comunitario de Tecolutla,Historia,1988-10-12,"Museo Marino Comunitario, A.C.",30,Veracruz de Ignacio de la Llave,158,Tecolutla,1,Tecolutla,Matamoros s/n,Centro,93570,766 102 3412,https://tecolutlaveracruz.mx/es/nuestro-municipio/el-museo-marino,,,museomarino93570@gmail.com,,,,-97.0059,20.4755,-1,-1,http://sic.gob.mx/ficha.php?table=museo&table_id=21,1685635849,Veracruz,NA,1988-10,1988
264,Museo Comunitario de la Antigua Estación Ferroviaria,Historia,1998-05-01,Ayuntamiento de Teocelo,30,Veracruz de Ignacio de la Llave,164,Teocelo,1,Teocelo,Francisco I. Madero s/n,La Cohetería,91615,228 821 0502,,,,plateresco@hotmail.com,,,,-96.97874,19.38713,2,-1,http://sic.gob.mx/ficha.php?table=museo&table_id=264,1592326390,Veracruz,NA,1998-05,1998
555,Museo de Sitio de San Lorenzo Tenochtitlan,Arqueología,1995-05-01,Secretaría de Cultura/INAH,30,Veracruz de Ignacio de la Llave,172,Texistepec,19,San Lorenzo Tenochtitlán,Cuauhtémoc esq. Zaragoza s/n,Col. El Rubí,93780,229 934 99 81,http://www.inah.gob.mx/red-de-museos/223-museo-de-sitio-de-san-lorenzo-tenochtitlan,,https://lugares.inah.gob.mx/lugar-366-es,cinahver.sipot@inah.gob.mx; difusion_ver@inah.gob.mx,,,,-94.76151,17.75031,3,0,http://sic.gob.mx/ficha.php?table=museo&table_id=555,1649770553,Veracruz,NA,1995-05,1995
2451,Museo del Oficio Alfarero Tinajeril (MOAT),,2013-07-13,"CUSBIOMAC, A.C. / Foro Cultural Luz de Noche",30,Veracruz de Ignacio de la Llave,178,Tlacotalpan,1,Tlacotalpan,Javier Mina 5,Centro,NA,228 185 41 97,,,,museo.moat@gmail.com,https://www.facebook.com/museodeloficioalfarero,,https://www.instagram.com/museo.taller.moat,-95.65877,18.61311,2,0,http://sic.gob.mx/ficha.php?table=museo&table_id=2451,1724449869,Veracruz,NA,2013-07,2013
187,Museo Jarocho Salvador Ferrando,Arte,1965-01-01,Ayuntamiento de Tlacotalpan,30,Veracruz de Ignacio de la Llave,178,Tlacotalpan,1,Tlacotalpan,"Manuel M. Alegre 6, Parque Hidalgo",Centro,91000,288 884 24 95,,,,carballo_mar@hotmail.com,https://es-la.facebook.com/salvadorferrandomuseo/,,,-95.65996,18.61241,-1,-1,http://sic.gob.mx/ficha.php?table=museo&table_id=187,1685543886,Veracruz,NA,1965-01,1965
1120,Museo Agustín Lara,Historia,2000-01-01,Ayuntamiento de Tlacotalpan,30,Veracruz de Ignacio de la Llave,178,Tlacotalpan,1,Tlacotalpan,Rodríguez Beltrán s/n,Centro,95460,,,,,salexand_@hotmail.com,,,,-95.66214,18.61202,3,0,http://sic.gob.mx/ficha.php?table=museo&table_id=1120,1686570804,Veracruz,NA,2000-01,2000
2438,Museo de Tlapacoyan,,2008-01-01,Ayuntamiento de Tlapacoyan,30,Veracruz de Ignacio de la Llave,183,Tlapacoyan,1,Tlapacoyan,Ferrer 203,Centro,NA,,,,,,,,,-97.2125,19.96265,0,0,http://sic.gob.mx/ficha.php?table=museo&table_id=2438,1718995500,Veracruz,NA,2008-01,2008
206,Museo de la hermandad México-Cuba,Historia,1988-12-04,Ayuntamiento de Tuxpan,30,Veracruz de Ignacio de la Llave,189,Tuxpan,83,Santiago de la Peña,Álvaro Obregón 1,Col. Santiago de la Peña,92770,783 834 61 80,http://tuxpanveracruz.gob.mx/atractivos/,,,museos.bibliotecas@tuxpanveracruz.gob.mx; museo.amistad.mexico.cuba@hotmail.com,https://www.facebook.com/profile.php?id=100078190740261,,,-97.41261,20.94861,4,0,http://sic.gob.mx/ficha.php?table=museo&table_id=206,1675338711,Veracruz,NA,1988-12,1988
594,Museo de Sitio de Cempoala,Arqueología,2001-12-19,Secretaría de Cultura/INAH,30,Veracruz de Ignacio de la Llave,191,Ursulo Galván,20,Zempoala,Francisco del Paso y Troncoso s/n,Centro,91660,297 934 99 81,,,https://mediateca.inah.gob.mx/repositorio/islandora/object/museo%3A1502,cinah_veracruz@inah.gob.mx; inahveracruzsur@hotmail.com,https://www.facebook.com/p/Centro-INAH-Veracruz-100064014366165/,,,-96.40412,19.44711,4,0,http://sic.gob.mx/ficha.php?table=museo&table_id=594,1686574437,Veracruz,NA,2001-12,2001
317,Museo de Sitio de Higueras,Arqueología,1986-08-01,Secretaría de Cultura/INAH,30,Veracruz de Ignacio de la Llave,192,Vega de Alatorre,18,Las Higueras,Carr. Las Higueras s/n,,93965,229 934 9981,http://www.inah.gob.mx/es/red-de-museos/222-museo-de-sitio-de-higueras,,https://lugares.inah.gob.mx/lugar-170-es,inahveracruzsur@hotmail.com,,https://x.com/centro_inah_ver,,-96.62233,20.0362,-1,-1,http://sic.gob.mx/ficha.php?table=museo&table_id=317,1638444762,Veracruz,NA,1986-08,1986
149,Museo Baluarte de Santiago (Cerrado temporalmente),Historia,1979-05-01,Secretaría de Cultura/INAH,30,Veracruz de Ignacio de la Llave,193,Veracruz,1,Veracruz,Francisco Canal s/n,Centro,91700,229 931 10 59; 229 934 9981,http://www.inah.gob.mx/es/red-de-museos/218-museo-baluarte-de-santiago,,https://lugares.inah.gob.mx/lugar-138-es,inahveracruzsur@hotmail.com,,https://x.com/centro_inah_ver,,-96.13332,19.19814,2,0,http://sic.gob.mx/ficha.php?table=museo&table_id=149,1701774989,Veracruz,NA,1979-05,1979
2286,Aquarium del Puerto de Veracruz,,1992-11-13,Gobierno del Estado de Veracruz,30,Veracruz de Ignacio de la Llave,193,Veracruz,1,Veracruz,Blvd. Manuel Ávila Camacho s/n,Col. Ricardo Flores Magón,91900,229 931 10 20,https://www.aquariumpuertodeveracruz.mx/,,,,https://www.facebook.com/AquariumPuertoVeracruz/,https://x.com/AquariumPVer,,-96.15278,19.19032,8,0,http://sic.gob.mx/ficha.php?table=museo&table_id=2286,1670263708,Veracruz,NA,1992-11,1992
163,Museo de la Ciudad de Veracruz,Historia,1970-11-25,Ayuntamiento de Veracruz,30,Veracruz de Ignacio de la Llave,193,Veracruz,1,Veracruz,Av. Ignacio Zaragoza 397 esq. Esteban Morales,Centro Histórico,91700,229 200 22 36,https://www.centrohistorico.veracruzmunicipio.gob.mx/inmueble.php?idreg=246,,,admonmuver@gmail.com; libranover@hotmail.com,http://www.facebook.com/pages/Museo-de-la-Ciudad-de-Veracruz/110492658969029,,,-96.13579,19.19785,4,2,http://sic.gob.mx/ficha.php?table=museo&table_id=163,1685967311,Veracruz,NA,1970-11,1970
157,Casa Museo Salvador Díaz Mirón,Historia,1982-11-01,Ayuntamiento de Veracruz,30,Veracruz de Ignacio de la Llave,193,Veracruz,1,Veracruz,Av. Zaragoza 322,Centro Histórico,91700,229 200 2240,,,,casamuseosalvadordiazmiron@gmail.com,,https://x.com/cmsDiazMiron,,-96.13587,19.19862,2,0,http://sic.gob.mx/ficha.php?table=museo&table_id=157,1673518469,Veracruz,NA,1982-11,1982
2462,Casa Museo Benito Juárez,,2024-09-22,Gobierno del Estado de Veracruz/Secretaría de Hacienda y Crédito Público,30,Veracruz de Ignacio de la Llave,193,Veracruz,1,Veracruz,"Manuel Gutiérrez Zamora 48, esq, Francisco I. Madero",Centro,NA,,,,,,,,,-96.15278,19.19032,0,0,http://sic.gob.mx/ficha.php?table=museo&table_id=2462,1727136204,Veracruz,NA,2024-09,2024
154,Museo Naval México,Historia,1997-06-01,Secretaría de Marina,30,Veracruz de Ignacio de la Llave,193,Veracruz,1,Veracruz,Mariano Arista 418,Centro Histórico,91700,229 931 4078,https://www.semar.gob.mx/museonavalmexico/,,,museonavalmexico@semar.gob.mx,,,,-96.13507,19.1993,28,0,http://sic.gob.mx/ficha.php?table=museo&table_id=154,1709215808,Veracruz,NA,1997-06,1997
923,Museo Local Fuerte de San Juan de Ulúa,Historia,1984-11-01,Secretaría de Cultura/INAH,30,Veracruz de Ignacio de la Llave,193,Veracruz,1,Veracruz,"Pedro Sainz de Baranda s/n, cam. escénico a San Juan de Ulúa",Col. Manuel Contreras,91891,229 938 51 51,https://www.inah.gob.mx/museos/museo-local-fuerte-de-san-juan-de-ulua,https://www.lugares.inah.gob.mx/es/museos-inah/museo/7597-museo-local-fuerte-de-san-juan-de-ul%C3%BAa.html?lugar_id=7597,,fuertedesanjuandeulua@inah.gob.mx,https://www.facebook.com/sanjuandeulua.veracruz?_rdc=1&_rdr,,,-96.1314,19.20945,3,1,http://sic.gob.mx/ficha.php?table=museo&table_id=923,1681328965,Veracruz,NA,1984-11,1984
2351,Museo Ripley,,NA,,30,Veracruz de Ignacio de la Llave,193,Veracruz,1,Veracruz,"Blvd. Manuel Ávila Camacho s/n, Plaza Acuario",Col. Ricardo Flores Magón,91900,229 931 95 00,https://museodecera.com.mx/museo-de-ripley-vcz,https://www.lugaresturisticosdeveracruz.com/puerto/museo-de-cera-y-ripley-veracruz/#:~:text=Costos%20por%20visitar%20el%20museo%20de%20cera%20y%20ripley%20en%202023&text=Museo%20de%20Cera%3A%20adultos%20%24100%20%2F%20ni%C3%B1os%20e%20INAPAM%20%2470,,,,https://x.com/museoripley,,-96.12253,19.1876,0,0,http://sic.gob.mx/ficha.php?table=museo&table_id=2351,1686049921,Veracruz,NA,NA,NA
141,Museo Recinto de la Reforma,Historia,1968-03-01,Ayuntamiento de Veracruz,30,Veracruz de Ignacio de la Llave,193,Veracruz,1,Veracruz,Benito Juárez 1 esq. José Ma. Morelos y Pavón,Centro Histórico,91700,229 200 2241,,,,mrecintodelareforma@gmail.com,https://www.facebook.com/mrecintoreforma/,,,-96.13862,19.20167,4,0,http://sic.gob.mx/ficha.php?table=museo&table_id=141,1685621656,Veracruz,NA,1968-03,1968
1565,Museo de Cera de Veracruz,Especializado,2002-11-27,"Atracciones Culturales de Oriente, S.A. de C.V.",30,Veracruz de Ignacio de la Llave,193,Veracruz,1,Veracruz,"Blvd. Manuel Ávila Camacho s/n, Plaza Acuario",Col. Ricardo Flores Magón,91700,229 931 95 00,https://museodecera.com.mx/museo-de-cera-vcz,,,gerenciaveracruz@grupomuseodecera.com,https://www.facebook.com/MuseodeCeraOficial/,https://x.com/museodecera,https://www.instagram.com/museoderipleymexico,-96.1225,19.18757,14,-1,http://sic.gob.mx/ficha.php?table=museo&table_id=1565,1686049768,Veracruz,NA,2002-11,2002
1116,Museo Regional de Palmillas,Arqueología,2004-12-16,Secretaría de Cultura/INAH,30,Veracruz de Ignacio de la Llave,196,Yanga,14,Palmillas,Carr. Federal Córdoba-Veracruz km 18.7,,94930,229 934 52 82,,https://www.turismo-veracruz.com/portal/art4431_Museo_Regional_de_Palmillas.html,https://lugares.inah.gob.mx/lugar-139-es,fernando_miranda@inah.gob.mx; inahveracruzsur@hotmail.com,https://www.facebook.com/pages/Museo-Regional-de-Palmillas/300179460139130,https://x.com/INAHVeracruz,,-96.77936,18.81961,0,-1,http://sic.gob.mx/ficha.php?table=museo&table_id=1116,1686577383,Veracruz,NA,2004-12,2004
1738,Museo Dr. José Benigno Zilli Manica,Historia,2004-12-04,"Fomento Cultural Zentla, A.C./Ayuntamiento de Zentla",30,Veracruz de Ignacio de la Llave,200,Zentla,1,Colonia Manuel González,Av. Juárez s/n,Col. Manuel González,94220,273 735 30 99,,,,zillimanicamuseojrbenigno@gmail.com,https://www.facebook.com/MuseoJBZM/,,,-96.86079,19.11688,1,0,http://sic.gob.mx/ficha.php?table=museo&table_id=1738,1685525325,Veracruz,NA,2004-12,2004
2265,Museo Comunitario de Tahcabo,,2015-08-23,Comité Comunitario del Comisariado de  Tahcabo,31,Yucatán,8,Calotmul,13,Tahcabo,Domicilio conocido,,97746,,,,,,https://www.facebook.com/museotahcabo/,,,-88.08167,21.05599,0,0,http://sic.gob.mx/ficha.php?table=museo&table_id=2265,1666618413,Yucatán,NA,2015-08,2015
178,Galería de Arte Sacro de la Arquidiócesis de Yucatán,Arte,2001-03-24,Arquidiócesis de Yucatán,31,Yucatán,13,Conkal,1,Conkal,Calle 20 s/n,Centro,97345,999 912 40 49,https://www.facebook.com/galeriadeartesacroarquidiocesisdeyucatan?fref=ts,http://www.blogyucatan.com/2012/04/museo-de-arte-sacro-de-conkal.html,,,,,,-89.51976,21.07575,8,0,http://sic.gob.mx/ficha.php?table=museo&table_id=178,1677010303,Yucatán,NA,2001-03,2001
2294,Museo Bordados del mayab,,2021-12-18,,31,Yucatán,34,Hocabá,1,Hocabá,Domicilio conocido s/n,Centro,97560,999 327 98 79,,,,yahchicristian@gmail.com,https://www.facebook.com/people/MUSEO-Bordados-Del-Mayab/100076723525713/?paipv=0&eav=AfYv5QiXAbxLKGzQIGYEQk0SyM3ylOK5SQZbBjqOA1peQDL8Mwb1yYajRoiYeCInuQE&_rdr,,,-89.24516,20.81621,0,0,http://sic.gob.mx/ficha.php?table=museo&table_id=2294,1670840256,Yucatán,NA,2021-12,2021
159,Museo Comunitario Itzmal Kauil,Historia,1986-09-27,"Unión Nacional de Museos y Ecomuseos, A.C./Unión Estatal de Museos Comunitarios de Yucatán, A.C.",31,Yucatán,40,Izamal,1,Izamal,Calle 31 esq. calle 28,Centro Histórico,97540,995 940 00 32,,https://ilamdir.org/recurso/5796/museo-comunitario-itzmal-kauil,,,https://www.facebook.com/profile.php?id=100064857826950,,,-89.01739,20.93305,2,-1,http://sic.gob.mx/ficha.php?table=museo&table_id=159,1683804267,Yucatán,NA,1986-09,1986
2293,Museo de Comunidad U lu'umil Kuxtal Solar Maya,,2020-10-20,,31,Yucatán,47,Maní,1,Maní,Calle 33 s/n por 12,Fracc. Aviación,79850,997 128 7200,,,,solar.maya@hotmail.com,https://www.facebook.com/solarmayamani/,,,-89.3848,20.37969,0,0,http://sic.gob.mx/ficha.php?table=museo&table_id=2293,1671019985,Yucatán,NA,2020-10,2020
1667,Jardín Botánico Regional Xíitbal neek’,Ciencia y tecnología,1983-01-01,"Centro de Investigación Científica de Yucatán, A.C.",31,Yucatán,50,Mérida,1,Mérida,Calle 43 núm. 130,Col. Chuburná de Hidalgo,97200,(999) 942 83 30,http://www.cicy.mx/jardin-botanico/que-somos,,,webmas@cicy.mx,https://www.facebook.com/CICYoficial/,,,-89.63917,21.02888,-1,-1,http://sic.gob.mx/ficha.php?table=museo&table_id=1667,1667222318,Yucatán,NA,1983-01,1983
1480,Casa Montejo,Arte,2010-12-02,"Fomento Cultural Banamex, A.C.",31,Yucatán,50,Mérida,1,Mérida,Calle 63 núm. 506,Centro,97000,999 923 06 33 ext. 25545,https://fomentoculturalbanamex.org/casasdeculturabanamex/museocasamontejo/historia/,,,contacto@museocasamontejo.com,,https://x.com/FomentoCulturAC,,-89.62412,20.96617,4,3,http://sic.gob.mx/ficha.php?table=museo&table_id=1480,1666370015,Yucatán,NA,2010-12,2010
1583,Gran Museo del Mundo Maya,Arqueología,2012-09-25,SEDECULTA/Instituto de Historia y Museos de Yucatán,31,Yucatán,50,Mérida,1,Mérida,Calle 60 Norte 299 E,Unidad Revolución Cordemex,97110,999 341 04 35,http://www.granmuseodelmundomaya.com.mx/,,,visitas@granmuseodelmundomaya.com.mx,https://www.facebook.com/GranMuseoMaya,https://x.com/granmuseomaya,,-89.62854,21.03444,4,1,http://sic.gob.mx/ficha.php?table=museo&table_id=1583,1666979214,Yucatán,NA,2012-09,2012
2014,Museo Interactivo del Palacio de la Música,,2018-06-25,Gobierno del Estado/Secretaría de Cultura de Yucatán,31,Yucatán,50,Mérida,1,Mérida,Calle 58  x 59 núm.  497,Centro,97000,999 923 06 41,https://palaciodelamusica.yucatan.gob.mx/museo,,,contactopdlm@yucatan.gob.mx,https://www.facebook.com/PalacioDeLaMusicaCNMM/?rf=202894243757325,,,-89.62172,20.96876,8,0,http://sic.gob.mx/ficha.php?table=museo&table_id=2014,1692891839,Yucatán,NA,2018-06,2018
2045,Casa-Museo Montejo 495,,2021-01-15,,31,Yucatán,50,Mérida,1,Mérida,Paseo de Montejo 495,Centro,97000,999 924 00 37,http://montejo495.com/,https://revistaambientes.com/montejo495/,,info@montejo495.com,https://www.facebook.com/montejo495,,,-89.61965,20.97686,0,0,http://sic.gob.mx/ficha.php?table=museo&table_id=2045,1724084070,Yucatán,NA,2021-01,2021
678,Museo de Historia Natural,Ciencia y tecnología,1987-07-31,Ayuntamiento de Mérida,31,Yucatán,50,Mérida,1,Mérida,Calle 59 núm. 648,Centro,97000,999 924 09 94,,,,museohn@merida.gob.mx,https://www.facebook.com/museodehistorianaturalyuc/,,,-89.63918,20.97098,6,1,http://sic.gob.mx/ficha.php?table=museo&table_id=678,1699621202,Yucatán,NA,1987-07,1987
675,Museo de la Canción Yucateca,Arte,1978-11-05,Instituto de Historia y Museos de Yucatán,31,Yucatán,50,Mérida,1,Mérida,Calle 57 núm. 464,Barrio de La Mejorada,97000,999 923 72 24,http://www.museodelacancionyucateca.com/,,,mcy@museodelacancionyucateca.com,,,,-89.61494,20.96854,8,-1,http://sic.gob.mx/ficha.php?table=museo&table_id=675,1667224694,Yucatán,NA,1978-11,1978
386,Museo de Arte Contemporáneo Ateneo de Yucatán MACAY - Fernando García Ponce,Arte,1994-04-29,"Fundación Cultural Macay, A.C.",31,Yucatán,50,Mérida,1,Mérida,Calle 60 núm. 502,Centro Histórico,97000,999 928 31 91,http://www.macay.org/p/1/museo,,,coordinacion@macay.org; direccion@macay.org; fundacion@macay.org,https://www.facebook.com/museomacay,https://x.com/museo_macay,,-89.62301,20.96645,3,13,http://sic.gob.mx/ficha.php?table=museo&table_id=386,1667227742,Yucatán,NA,1994-04,1994
410,Museo de la Ciudad de Mérida,Historia,2007-06-29,Ayuntamiento de Mérida,31,Yucatán,50,Mérida,1,Mérida,Calle 56 núm. 529 A,Centro Histórico,97000,999 924 42 64,,,,museo.ciudad.merida@gmail.com,https://www.facebook.com/museodelaciudaddemerida/,,,-89.62124,20.96441,4,6,http://sic.gob.mx/ficha.php?table=museo&table_id=410,1667231692,Yucatán,NA,2007-06,2007
419,"Museo Regional de Antropología de Yucatán, Palacio Cantón",Arqueología,1959-12-17,Secretaría de Cultura/INAH,31,Yucatán,50,Mérida,1,Mérida,Paseo Montejo 485,Centro,97000,999 923 05 57,https://www.inah.gob.mx/museos/museo-regional-de-antropologia-de-yucatan-palacio-canton,,"https://lugares.inah.gob.mx/es/museos-inah/museo/493-museo-regional-de-yucat%C3%A1n,-palacio-cant%C3%B3n.html?lugar_id=493",palacio.canton@inah.gob.mx; palaciocanton@gmail.com; bernardo_sarvide@inah.gob.mx,https://www.facebook.com/palaciocanton/,https://x.com/PalacioCanton,,-89.61945,20.97802,16,16,http://sic.gob.mx/ficha.php?table=museo&table_id=419,1667244705,Yucatán,NA,1959-12,1959
670,Planetario Arcadio Poveda Ricalde,Ciencia y tecnología,2003-09-29,Ayuntamiento de Mérida,31,Yucatán,50,Mérida,1,Mérida,Calle 62 x 61 Centro Cultural Olimpo,Centro Histórico,97000,999 942 00 00 ext. 80124,https://www.merida.gob.mx/planetario/php/index.phpx,,,planetario@merida.gob.mx,https://www.facebook.com/planetariomerida,,,-89.62462,20.96751,-1,-1,http://sic.gob.mx/ficha.php?table=museo&table_id=670,1667244958,Yucatán,NA,2003-09,2003
1483,Museo Conmemorativo de la Inmigración Coreana a Yucatán,Historia,2007-05-15,Asociación Coreana de Yucatán,31,Yucatán,50,Mérida,1,Mérida,Calle 65  núm. 397-A x 44 y 46,Centro,97000,999 157 28 04,,,,nuevo_museo@hotmail.com,https://es-la.facebook.com/Museo-Conmemorativo-de-la-Inmigraci%C3%B3n-Coreana-a-Yucat%C3%A1n-153347068015960/,,,-89.61376,20.96335,-1,-1,http://sic.gob.mx/ficha.php?table=museo&table_id=1483,1666782579,Yucatán,NA,2007-05,2007
1834,Casa Museo Montes Molina,Arte,2006-04-01,La Quinta Montes Molina,31,Yucatán,50,Mérida,1,Mérida,Paseo de Montejo  469 entre 33 y 35,Centro,97000,"999 925 59 99, 999 258 96 29",https://www.laquintamm.com/casa-museo-quinta-montes-molina,,,marketing@laquintamm.com,,,,-89.61836,20.98393,12,3,http://sic.gob.mx/ficha.php?table=museo&table_id=1834,1732132617,Yucatán,NA,2006-04,2006
418,Museo Pinacoteca Juan Gamboa Guzmán,Arte,1981-07-31,Secretaría de Cultura/INAH,31,Yucatán,50,Mérida,1,Mérida,Calle 59 núm. 499 por calle 58 y 60,Centro,97000,999 924 52 33,https://www.inah.gob.mx/museos/305-pinacoteca-de-merida-juan-gamboa-guzman,,https://lugares.inah.gob.mx/es/museos-inah/museo/502-pinacoteca-del-estado-juan-gamboa-guzm%C3%A1n.html?lugar_id=502,mpinacotecajgg@gmail.com; marcela_palacios@inah.gob.mx,https://es-la.facebook.com/MuseoPinacotecaJuanGamboaGuzman/,,,-89.62234,20.96875,4,0,http://sic.gob.mx/ficha.php?table=museo&table_id=418,1667244557,Yucatán,NA,1981-07,1981
1170,Museo de Arte Popular de Yucatán (Cerrado temporalmente),Arte,2007-07-28,Secretaría de Cultura y las Artes de Yucatán,31,Yucatán,50,Mérida,1,Mérida,Calle 50 núm. 487,Barrio de la Mejorada,97000,999 928 52 63,,,,museodeartepopulardeyucatan@hotmail.com,https://www.facebook.com/pg/artepopularyucatan/posts/,,,-89.61678,20.96885,7,1,http://sic.gob.mx/ficha.php?table=museo&table_id=1170,1699352146,Yucatán,NA,2007-07,2007
2043,Museo Paranormal de Yucatán,,2016-10-30,Jorge Moreno,31,Yucatán,50,Mérida,1,Mérida,Calle 63B núm. 230 x calle 8 y 10,Col. Cortés Sarmiento,97168,999 497 18 02,,,,jorgemorenomisterios@gmail.com,https://www.facebook.com/JorgeMorenoMuseo/?locale=es_LA,,,-89.62444,20.96699,6,0,http://sic.gob.mx/ficha.php?table=museo&table_id=2043,1685547531,Yucatán,NA,2016-10,2016
2406,Museo de La Luz,,2023-11-02,UNAM/Dirección General de Divulgación de la Ciencia,31,Yucatán,50,Mérida,1,Mérida,Calle 50  núm. 419 B,Parque de la Plancha,97000,999 207 41 07,https://www.dgdc.unam.mx/museo-de-la-luz/,,,contactomluz@dgdc.unam.mx,https://www.facebook.com/MuseodelaLuzMID,,https://www.instagram.com/museodelaluzmerida,-89.61413,20.97699,6,1,http://sic.gob.mx/ficha.php?table=museo&table_id=2406,1699649944,Yucatán,NA,2023-11,2023
2044,Museo Lara,,2011-04-09,,31,Yucatán,50,Mérida,84,Cholul,Calle  6 núm. 319,Col. Santa Rita,97305,999 900 3460,,,,,https://es-la.facebook.com/MuseoLaraMID/,,,-89.57255,21.02996,3,2,http://sic.gob.mx/ficha.php?table=museo&table_id=2044,1667244153,Yucatán,NA,2011-04,2011
681,Museo del Pueblo Maya de Dzibilchaltún,Arqueología,1994-01-31,Secretaría de Cultura/INAH,31,Yucatán,50,Mérida,86,Dzibilchaltún,"Zona Arqueológica de Dzibilchaltún, Carr. a Chablekal km 6.5",,97310,999 922 01 93,https://www.inah.gob.mx/museos/150-museo-del-pueblo-maya-de-dzibilchaltun,,https://lugares.inah.gob.mx/es/museos-inah/museo/457-museo-del-pueblo-maya-dzibilchalt%C3%BAn.html?lugar_id=457&lugar_tipo=museos,pueblo_maya@hotmail.com,,,,-89.59786,21.09122,-1,-1,http://sic.gob.mx/ficha.php?table=museo&table_id=681,1667226503,Yucatán,NA,1994-01,1994
1763,Museo de Ciencias del Cráter Chicxulub (Cerrado por remodelación),Ciencia y tecnología,2014-06-05,"UNAM/Centro de Investigación Científica de Yucatán, A.C./Secretaría de Investigación, Innovación y Educación Superior",31,Yucatán,50,Mérida,120,Sierra Papacal,Carr. Sierra Papacal- Chuburná Puerto km. 5,,31267,999 341 00 38,,,,contacto@museodelcrater.com,https://www.facebook.com/MuseoDelCrater?fref=ts,https://x.com/MuseoDelCrater,,-89.78174,21.13127,10,1,http://sic.gob.mx/ficha.php?table=museo&table_id=1763,1676028352,Yucatán,NA,2014-06,2014
204,Museo de Felipe Carrillo Puerto,Historia,1999-02-25,Ayuntamiento de Motul,31,Yucatán,52,Motul,1,Motul de Carrillo Puerto,Calle 29 s/n por 28,Centro,97430,991 915 17 66,,,,,,,,-89.2846,21.09434,3,-1,http://sic.gob.mx/ficha.php?table=museo&table_id=204,1666962940,Yucatán,NA,1999-02,1999
2243,Museo Histórico de Motul,,2021-08-27,Municipio de Motul/Dirección de Turismo,31,Yucatán,52,Motul,1,Motul de Carrillo Puerto,Calle 43 núm. 298 entre 24 y 26,,NA,999 383 4333,http://motul.gob.mx/museo-historico-de-motul/,,,motul.presidencia@gmail.com,,,,-89.28266,21.08389,0,0,http://sic.gob.mx/ficha.php?table=museo&table_id=2243,1666789569,Yucatán,NA,2021-08,2021
2253,Museo del Meteorito El origen de la nueva vida,,2022-08-09,SEDATU/Gobierno del Estado de Yucatán,31,Yucatán,59,Progreso,1,Progreso,Blvd. Turístico Malecón,Col. Parque de la Paz,97320,999 942 19 00,,,,Progresomalecon@gmail.com,https://www.facebook.com/people/Museo-del-Meteorito-de-Progreso-Yucat%C3%A1n/100070705995932/,,,-89.65616,21.2884,8,0,http://sic.gob.mx/ficha.php?table=museo&table_id=2253,1692703637,Yucatán,NA,2022-08,2022
205,Museo de las Momias de Santa Elena,Arqueología,2001-01-20,Ayuntamiento de Santa Elena,31,Yucatán,66,Santa Elena,1,Santa Elena,Calle 18-A s/n,Centro,97890,,,,,,,,,-89.64311,20.32818,-1,-1,http://sic.gob.mx/ficha.php?table=museo&table_id=205,1683556585,Yucatán,NA,2001-01,2001
647,Museo de Sitio de Uxmal,Arqueología,1987-03-01,Secretaría de Cultura/INAH,31,Yucatán,66,Santa Elena,1,Santa Elena,"Antigua Carr. a Campeche, km 78",Zona Arqueológica de Uxmal,97890,997 976 20 64,http://www.inah.gob.mx/es/red-de-museos/215-museo-de-sitio-de-uxmal,,https://lugares.inah.gob.mx/lugar-173-es,zauxmal@gmail.com,,,,-89.76987,20.36072,-1,-1,http://sic.gob.mx/ficha.php?table=museo&table_id=647,1652705289,Yucatán,NA,1987-03,1987
1596,Museo Choco-Story Uxmal,Especializado,2014-07-01,"Choco-Story Uxmal, S.A. de C.V.",31,Yucatán,66,Santa Elena,1,Santa Elena,"Km 78 de la antigua carretera Mérida-Campeche, frente a la zona arqueológica",Col. Lázaro Cárdenas,97890,999 289 99 14,http://www.choco-storymexico.com/,http://www.en-yucatan.com.mx/ruta-puuc/ecomuseo-del-cacao/,,gerenciachocostoryuxmal@gmail.com; info@choco-storymexico.com,https://www.facebook.com/ChocoStoryMexico/?ref=bookmarks,,,-89.76736,20.36373,6,0,http://sic.gob.mx/ficha.php?table=museo&table_id=1596,1682327734,Yucatán,NA,2014-07,2014
122,Museo Comunitario Kaan Pepen,Antropología,1997-09-12,"Unión Estatal de Museos Comunitarios de Yucatán, A.C.",31,Yucatán,75,Teabo,1,Teabo,Calle 32 s/n x 29 y 31,Centro,97881,999 132 73 84,,,,m_rubio_c@yahoo.com,https://www.facebook.com/UnionEstataldeMuseosComunitarios,,,-89.28546,20.39943,2,-1,http://sic.gob.mx/ficha.php?table=museo&table_id=122,1695897627,Yucatán,NA,1997-09,1997
2263,Museo Comunitario Ya’ax Nic,,2011-08-24,Comité Comunitario del Comisariado de Yotholín,31,Yucatán,89,Ticul,14,Yotholín,Calle 26 (bajos del local del comisariado),Centro,NA,,,,,,https://www.facebook.com/UnionEstataldeMuseosComunitarios,,,-89.45491,20.32663,0,0,http://sic.gob.mx/ficha.php?table=museo&table_id=2263,1666782441,Yucatán,NA,2011-08,2011
2092,Museo de sitio de la Zona Arqueológica de Balamcanché,,NA,Secretaría de Cultura/INAH,31,Yucatán,91,Tinum,1,Tinum,,,NA,"999 913 40 34 exts. 398003, 398080",,,https://www.inah.gob.mx/zonas/zona-arqueologica-de-balamcanche,direccion.yuc@inah.gob.mx,,,,-88.5348,20.65813,0,0,http://sic.gob.mx/ficha.php?table=museo&table_id=2092,1702559770,Yucatán,NA,NA,NA
2422,Gran Museo de Chichén Itzá,,2024-02-28,Secretaría de Cultura/INAH,31,Yucatán,91,Tinum,6,Pisté,Comisaría de Pisté,,97750,999 923 0469,https://inah.gob.mx/red-de-museos,,https://inah.gob.mx/boletines/el-gran-museo-de-chichen-itza-una-inmersion-en-la-historia-de-una-ciudad-eterna,miguel_buenrostro@inah.gob.mx,,,,-88.56699,20.68979,0,0,http://sic.gob.mx/ficha.php?table=museo&table_id=2422,1737509395,Yucatán,NA,2024-02,2024
2068,Museo de Ropa Étnica de México,,2018-04-28,"MUREM, AC.",31,Yucatán,102,Valladolid,1,Valladolid,Calle 49 núm. 202 A,Col. San Juan,97780,985 113 6334,https://www.murem.org/,,,info@murem.org,https://es-la.facebook.com/MuremValladolid/,,,-88.20106,20.68371,0,0,http://sic.gob.mx/ficha.php?table=museo&table_id=2068,1674043007,Yucatán,NA,2018-04,2018
2288,Museo Casa Ramón Mendoza Novelo,,2019-06-22,,31,Yucatán,102,Valladolid,1,Valladolid,Calle 41 A  núm.230 x 45 y 49 Calz. de los Frailes,Col. Sidal,97780,9851 1054 04,https://www.casaramonmendoza.com/,,,julio.mendoza.ayora@gmail.com,https://www.facebook.com/CasaRamonMendoza/,,,-88.20863,20.68711,3,0,http://sic.gob.mx/ficha.php?table=museo&table_id=2288,1696337056,Yucatán,NA,2019-06,2019
120,Museo de San Roque,Historia,1985-06-04,Ayuntamiento de Valladolid,31,Yucatán,102,Valladolid,1,Valladolid,Calle 41 núm. 193,Centro,97780,(985) 856 25 29,http://ecoturismob.blogspot.mx/2012/10/museo-de-san-roque-en-valladolid-yucatan.html,,,,,,,-88.19941,20.68969,2,-1,http://sic.gob.mx/ficha.php?table=museo&table_id=120,1619090468,Yucatán,NA,1985-06,1985
2292,Museo Comunitario K’aajsaj,,2021-04-09,Comité comunitario de Xocen,31,Yucatán,102,Valladolid,174,Xocén,Calle 16 s/n,,97785,985 808 96 53,,,,dejesuscanche98@gmail.com,,,,-88.15808,20.59832,0,0,http://sic.gob.mx/ficha.php?table=museo&table_id=2292,1671013058,Yucatán,NA,2021-04,2021
200,Museo Comunitario Xpetén Aak,Antropología,1997-07-27,"Unión Estatal de Museos Comunitarios de Yucatán, A.C.",31,Yucatán,102,Valladolid,192,Yaxché,Domicilio conocido s/n,Centro,97357,999 132 73 84,,,,m_rubio_c@yahoo.com,,,,0,0,-1,-1,http://sic.gob.mx/ficha.php?table=museo&table_id=200,1666781090,Yucatán,NA,1997-07,1997
227,Museo Comunitario de Yaxunah,Antropología,2010-10-16,Centro Cultural Comunitario de Yaxunah,31,Yucatán,104,Yaxcabá,1,Yaxcabá,Calle 25 s/n,Centro,97924,999 268 92 16,,,,nayeli-uicab-261@hotmail.com; YaxunahCCC@gmail.com,https://es-la.facebook.com/CentroCulturalComunitarioDeYaxunahOficial/,,,-88.82412,20.54754,-1,-1,http://sic.gob.mx/ficha.php?table=museo&table_id=227,1666607051,Yucatán,NA,2010-10,2010
2267,Museo Comunitario Jacinto Canek,,2018-10-27,Comité Comunitario de Tiholop,31,Yucatán,104,Yaxcabá,19,Tiholop,Local de la Ex escuela primaria de Tiholop,,97925,,,,,josemarcelo2009@live.com,,,,-88.68889,20.33172,0,0,http://sic.gob.mx/ficha.php?table=museo&table_id=2267,1671541806,Yucatán,NA,2018-10,2018
1730,Museo del Ferrocarril,Historia,2007-01-01,Ayuntamiento de Cañitas de Felipe Pescador,32,Zacatecas,6,Cañitas de Felipe Pescador,1,Cañitas de Felipe Pescador,12 de Octubre s/n y Justo Sierra,Centro,98480,(458) 937 00 83,,,,presidencia_canitas@hotmail.com,,,,-102.72425,23.60368,2,0,http://sic.gob.mx/ficha.php?table=museo&table_id=1730,1631263397,Zacatecas,NA,2007-01,2007
1585,Museo Comunitario Chalchiuites,Antropología,1980-01-01,Ayuntamiento de Chalchihuites,32,Zacatecas,9,Chalchihuites,1,Chalchihuites,Calle Iturbide 200,Centro,98260,(457) 938 03 04,,http://museoscomunitariosdezac.blogspot.com/2020/,,,,,,-103.88499,23.47733,1,0,http://sic.gob.mx/ficha.php?table=museo&table_id=1585,1622710965,Zacatecas,NA,1980-01,1980
1186,Museo de Sitio Alta Vista Chalchihuites,Arqueología,2007-10-30,Secretaría de Cultura/INAH,32,Zacatecas,9,Chalchihuites,41,Rancho Colorado,Carr. a Rancho Colorado s/n,,99260,457 104 65 13,http://www.inah.gob.mx/es/red-de-museos/233-museo-de-sitio-de-alta-vista-chalchihuites,,https://lugares.inah.gob.mx/lugar-362-es,museo_altavista@hotmail.com; patricia_monreal@inah.gob.mx,,,,-103.88603,23.47742,1,0,http://sic.gob.mx/ficha.php?table=museo&table_id=1186,1646729993,Zacatecas,NA,2007-10,2007
158,Museo de Minería Napoleón Gómez Sada (cerrado temporalmente),Ciencia y tecnología,1998-03-18,"Minera Fresnillo, S.A. de C.V.",32,Zacatecas,10,Fresnillo,1,Fresnillo,Av. Hidalgo s/n,Centro,99000,493 932 11 88,,,,,,,,-102.87099,23.16368,6,-1,http://sic.gob.mx/ficha.php?table=museo&table_id=158,1675773008,Zacatecas,NA,1998-03,1998
2338,Sala Museo Daniel Peralta,,2023-03-10,Ágora José González Echeverria,32,Zacatecas,10,Fresnillo,1,Fresnillo,Cerrada Proaño 5,Centro,99000,493 103 19 12,,,,icm_fresnillo@prodigy.net.mx,https://www.facebook.com/profile.php?id=100081183320446,,,-102.87093,23.16457,2,0,http://sic.gob.mx/ficha.php?table=museo&table_id=2338,1730918475,Zacatecas,NA,2023-03,2023
2341,Sala Museo Pedro Valtierra,,2023-02-11,Ágora José González Echeverria,32,Zacatecas,10,Fresnillo,1,Fresnillo,Cerrada Proaño 5,Centro,99000,493 103 1912,,,,icm_fresnillo@prodigy.net.mx,https://www.facebook.com/p/%C3%81gora-Jos%C3%A9-Gonz%C3%A1lez-Echeverr%C3%ADa-100081183320446/?paipv=0&eav=AfY3GvfQ9ZvlGuGY8vr1K1FExzkVJUT_ejCQs_dJUdE-Cqx-TONnjLmxsM7z6s10Ou8&_rdr,,,-102.87084,23.16394,1,0,http://sic.gob.mx/ficha.php?table=museo&table_id=2341,1730916008,Zacatecas,NA,2023-02,2023
2339,Sala Museo Francisco Goitia,,2022-12-08,Ágora José González Echeverria,32,Zacatecas,10,Fresnillo,1,Fresnillo,Cerrada Proaño 5,Centro,99000,493 103 1912,,,,icm_fresnillo@prodigy.net.mx,https://www.facebook.com/profile.php?id=100081183320446,,,-102.87093,23.16457,1,0,http://sic.gob.mx/ficha.php?table=museo&table_id=2339,1730918383,Zacatecas,NA,2022-12,2022
2342,Sala Museo Senderos de Milagros,,2022-11-16,Ágora José González Echeverria,32,Zacatecas,10,Fresnillo,1,Fresnillo,Cerrada Proaño 5,Centro,99000,493 103 1912,,,,icm_fresnillo@prodigy.net.mx,https://www.facebook.com/profile.php?id=100081183320446,,,-102.87093,23.16457,3,0,http://sic.gob.mx/ficha.php?table=museo&table_id=2342,1730918552,Zacatecas,NA,2022-11,2022
167,Ágora José González Echeverría,Arte,1980-09-09,Ayuntamiento de Fresnillo,32,Zacatecas,10,Fresnillo,1,Fresnillo,Av. Hidalgo s/n,Centro,99000,493  932 11 88,,,,icm_fresnillo@prodigy.net.mx,,,,-102.87088,23.16391,9,1,http://sic.gob.mx/ficha.php?table=museo&table_id=167,1689329290,Zacatecas,NA,1980-09,1980
2457,Sala Museo Beto Díaz,,2024-08-22,Ágora José González Echeverria,32,Zacatecas,10,Fresnillo,1,Fresnillo,Cerrada Proaño 5,Centro,99000,493 103 1912,,,,icm_fresnillo@prodigy.net.mx,https://www.facebook.com/p/%C3%81gora-Jos%C3%A9-Gonz%C3%A1lez-Echeverr%C3%ADa-100081183320446/?paipv=0&eav=AfY3GvfQ9ZvlGuGY8vr1K1FExzkVJUT_ejCQs_dJUdE-Cqx-TONnjLmxsM7z6s10Ou8&_rdr,,,-102.87078,23.16395,1,0,http://sic.gob.mx/ficha.php?table=museo&table_id=2457,1730918695,Zacatecas,NA,2024-08,2024
2317,Museo Comunitario de Sitio de Fresnillo,,2022-08-18,Ayuntamiento de Fresnillo,32,Zacatecas,10,Fresnillo,1,Fresnillo,Cerrada Proaño 5,Centro,99000,493 103 19 12,,,,hugoja2003@hotmail.com,https://www.facebook.com/profile.php?id=100081183320446,,,-102.87093,23.16457,0,0,http://sic.gob.mx/ficha.php?table=museo&table_id=2317,1682089211,Zacatecas,NA,2022-08,2022
2458,Sala Museo Los Filarmónicos,,2024-08-22,Ágora José González Echeverria,32,Zacatecas,10,Fresnillo,1,Fresnillo,Cerrada Proaño 5,Centro,99000,493 103 1912,,,,icm_fresnillo@prodigy.net.mx,https://www.facebook.com/p/%C3%81gora-Jos%C3%A9-Gonz%C3%A1lez-Echeverr%C3%ADa-100081183320446/?paipv=0&eav=AfY3GvfQ9ZvlGuGY8vr1K1FExzkVJUT_ejCQs_dJUdE-Cqx-TONnjLmxsM7z6s10Ou8&_rdr,,,-102.87078,23.16416,1,0,http://sic.gob.mx/ficha.php?table=museo&table_id=2458,1730918731,Zacatecas,NA,2024-08,2024
2424,Sala Museo Tomás Méndez,,2023-07-25,Ayuntamiento de Fresnillo,32,Zacatecas,10,Fresnillo,1,Fresnillo,Cerrada Proaño  5,Centro,99000,493 103 19 12,https://www.seguiremoshaciendohistoria.gob.mx/portfolio/agora/,,,hugoja2003@hotmail.com,https://www.facebook.com/profile.php?id=100081183320446,,,-102.87084,23.16428,2,0,http://sic.gob.mx/ficha.php?table=museo&table_id=2424,1730918427,Zacatecas,NA,2023-07,2023
2461,"Sala Museo Pablo Quezada, El Tal Yo",,2023-11-10,Ágora José González Echeverria,32,Zacatecas,10,Fresnillo,1,Fresnillo,Cerrada Proaño 5,Centro,99000,493 103 1912,,,,icm_fresnillo@prodigy.net.mx,https://www.facebook.com/p/%C3%81gora-Jos%C3%A9-Gonz%C3%A1lez-Echeverr%C3%ADa-100081183320446/?paipv=0&eav=AfY3GvfQ9ZvlGuGY8vr1K1FExzkVJUT_ejCQs_dJUdE-Cqx-TONnjLmxsM7z6s10Ou8&_rdr,,,-102.87084,23.16394,1,0,http://sic.gob.mx/ficha.php?table=museo&table_id=2461,1730918618,Zacatecas,NA,2023-11,2023
2460,Museo de Arte Contemporáneo Ágora José González Fresnillo,,2024-07-20,Ágora José González Echeverria,32,Zacatecas,10,Fresnillo,1,Fresnillo,Cerrada Proaño 5,Centro,99000,493 103 1912,,,,icm_fresnillo@prodigy.net.mx,https://www.facebook.com/p/%C3%81gora-Jos%C3%A9-Gonz%C3%A1lez-Echeverr%C3%ADa-100081183320446/?paipv=0&eav=AfY3GvfQ9ZvlGuGY8vr1K1FExzkVJUT_ejCQs_dJUdE-Cqx-TONnjLmxsM7z6s10Ou8&_rdr,,,-102.87084,23.16394,1,0,http://sic.gob.mx/ficha.php?table=museo&table_id=2460,1730918798,Zacatecas,NA,2024-07,2024
2459,Museo Comunitario,,2022-08-19,Ágora José González Echeverria,32,Zacatecas,10,Fresnillo,1,Fresnillo,Cerrada Proaño 5,Centro,99000,493 103 1912,,,,icm_fresnillo@prodigy.net.mx,https://www.facebook.com/p/%C3%81gora-Jos%C3%A9-Gonz%C3%A1lez-Echeverr%C3%ADa-100081183320446/?paipv=0&eav=AfY3GvfQ9ZvlGuGY8vr1K1FExzkVJUT_ejCQs_dJUdE-Cqx-TONnjLmxsM7z6s10Ou8&_rdr,,,-102.87084,23.16394,1,0,http://sic.gob.mx/ficha.php?table=museo&table_id=2459,1730915785,Zacatecas,NA,2022-08,2022
2340,Sala Museo Manuel M. Ponce,,2022-12-08,Ágora José González Echeverria,32,Zacatecas,10,Fresnillo,1,Fresnillo,Cerrada Proaño 5,Centro,99000,493 103 1912,,,,icm_fresnillo@prodigy.net.mx,https://www.facebook.com/profile.php?id=100081183320446,,,-102.87093,23.16457,4,0,http://sic.gob.mx/ficha.php?table=museo&table_id=2340,1730822220,Zacatecas,NA,2022-12,2022
644,Museo de Guadalupe,Arte,1938-01-01,Secretaría de Cultura/INAH,32,Zacatecas,17,Guadalupe,1,Guadalupe,Jardín Juárez Ote. s/n,Centro,98600,492 923 20 89,https://www.inah.gob.mx/museos/212-museo-de-guadalupe,,https://lugares.inah.gob.mx/lugar-109-es,museodeguadalupe@inah.gob.mx,https://es-la.facebook.com/museo.guadalupe/,,,-102.51834,22.74621,29,1,http://sic.gob.mx/ficha.php?table=museo&table_id=644,1681476110,Zacatecas,NA,1938-01,1938
1990,Museo del Agua JIAPAZ,,2017-08-30,Gobierno del Estado/Junta Intermunicipal de Agua y Alcantarillado de Zacatecas (JIAPAZ),32,Zacatecas,17,Guadalupe,1,Guadalupe,Rafael Sánchez s/n,Col. Tierra y Libertad,98615,(492) 156 91 45,http://jiapaz.gob.mx/museo-agua-pascua/,http://jiapaz.gob.mx/cultura-del-agua/,,contacto@jiapaz.com.mx,,,,-102.51028,22.75988,5,0,http://sic.gob.mx/ficha.php?table=museo&table_id=1990,1622634598,Zacatecas,NA,2017-08,2017
1213,Museo Comunitario de Zóquite,Ciencia y tecnología,2003-06-30,"Asociación de Desarrollo Económico Local de Zacatecas, A.C.",32,Zacatecas,17,Guadalupe,43,Zóquite,Santa Cruz 46,Col. Las Margaritas,98631,(492) 923 54 92,http://mcomunitariozoquite.blogspot.com/,,,museo.zoquite@gmail.com,,,,-102.41216,22.78869,1,1,http://sic.gob.mx/ficha.php?table=museo&table_id=1213,1622713864,Zacatecas,NA,2003-06,2003
39,Museo Profr. Arturo Reyes Viramontes,Arqueología,1993-03-13,"Santiago de Jalpa, A.C.",32,Zacatecas,19,Jalpa,1,Jalpa,Colón 206,Centro,99601,463 955 20 03,http://remunomex.uas.edu.mx/index.php/museo-arturo-reyes-viramontes/,,,paqu33@gmail.com,https://www.facebook.com/museocomunitarioarv/?locale=es_LA,,,-102.97518,21.63207,4,-1,http://sic.gob.mx/ficha.php?table=museo&table_id=39,1695135854,Zacatecas,NA,1993-03,1993
702,Museo Interactivo Casa Ramón López Velarde,Historia,2009-06-01,Instituto Jerezano de Cultura,32,Zacatecas,20,Jerez,1,Jerez de García Salinas,Calle De la Parroquia 33,Centro,99300,(494) 945 62 61,,,,museorlvjerez@gmail.com,,,,-102.98941,22.64835,-1,-1,http://sic.gob.mx/ficha.php?table=museo&table_id=702,1619003148,Zacatecas,NA,2009-06,2009
2403,Panteón Museo de Dolores,,2015-09-30,Ayuntamiento de Jerez,32,Zacatecas,20,Jerez,1,Jerez de García Salinas,Dolores,Centro,99300,494 949 56 94,,,,,https://www.facebook.com/profile.php?id=100063555084538,,,-102.98882,22.64505,0,0,http://sic.gob.mx/ficha.php?table=museo&table_id=2403,1697114549,Zacatecas,NA,2015-09,2015
28,Museo Comunitario Arte e Historia,Arte,1995-08-01,Instituto Municipal de Cultura de Jerez/Teatro Hinojosa,32,Zacatecas,20,Jerez,1,Jerez de García Salinas,Del Reloj 29,Ermita de Guadalupe,99300,494 945 43 60,,http://museoscomunitariosdezac.blogspot.com/,,,,,,-102.99176,22.6493,2,-1,http://sic.gob.mx/ficha.php?table=museo&table_id=28,1697051652,Zacatecas,NA,1995-08,1995
170,Museo Comunitario General Juan José Ríos,Historia,2000-05-03,Comunitario,32,Zacatecas,22,Juan Aldama,1,Juan Aldama,García de la Cadena 75,Col. General Juan José Ríos,98310,(498) 767 33 04,,,,juanjosercien100@hotmail.com,,,,-103.38696,24.30439,-1,-1,http://sic.gob.mx/ficha.php?table=museo&table_id=170,1622714836,Zacatecas,NA,2000-05,2000
2392,"Museo  Municipal de Arte e Historia, La Estación",,2023-04-26,"Presidencia Municipal de Loreto, Zacatecas",32,Zacatecas,24,Loreto,1,Loreto,Ferrocarril Sur 102,Centro,98830,496 851 71 98,,,,turismo.loretozac@gmail.com; turismo@loretozac.gob.mx,https://www.facebook.com/loreto.inolvidable/?locale=es_LA,,https://www.instagram.com/loreto.inolvidable,-101.98884,22.272,4,0,http://sic.gob.mx/ficha.php?table=museo&table_id=2392,1697113600,Zacatecas,NA,2023-04,2023
1355,Museo de la Irrigación,Ciencia y tecnología,1982-09-10,Municipio de Loreto/Dirección Municipal de Turismo,32,Zacatecas,24,Loreto,1,Loreto,Ferrocarril s/n,Centro,98830,(496) 108 05 95,,,,javierhernandezgallegos@gmail.com,,,,-101.98804,22.27438,-1,-1,http://sic.gob.mx/ficha.php?table=museo&table_id=1355,1519062050,Zacatecas,NA,1982-09,1982
148,Museo Municipal de Antropología e Historia Marqués de Aguayo,Antropología,1996-03-27,Ayuntamiento de Mazapil,32,Zacatecas,26,Mazapil,1,Mazapil,Juárez 11,Centro,98230,842 424 20 13,http://museomazapil.blogspot.com,http://museomazapil.blogspot.com/2011/10/museo-municipal-marques-de-aguayo_18.htm,,jorgenut89@gmail.com; mazapil2124@mazapil.gob.mx,,,,-101.55413,24.6381,10,0,http://sic.gob.mx/ficha.php?table=museo&table_id=148,1707222104,Zacatecas,NA,1996-03,1996
2421,Museo Comunitario Hermanos Guzmán Aguilera,,NA,Ayuntamiento de Miguel Auza/Instituto Municipal de Cultura Miguel Perales Garay,32,Zacatecas,29,Miguel Auza,1,Miguel Auza,Edmundo Sánchez s/n,Centro,98330,433 984 01 39,,,,alan.padilla73@oulook.es; presidenciamunicipal2021@outlook.es,,,,-103.44963,24.29536,0,0,http://sic.gob.mx/ficha.php?table=museo&table_id=2421,1709043583,Zacatecas,NA,NA,NA
2407,Museo Tesabiosca,,2023-09-21,,32,Zacatecas,30,Momax,1,Momax,Allende 13,Centro,99720,437 991 00 34 (presidencia municipal),,,,,,,,-103.31505,21.92292,0,0,http://sic.gob.mx/ficha.php?table=museo&table_id=2407,1700070118,Zacatecas,NA,2023-09,2023
2446,Casa museo,,2017-01-01,H. Ayuntamiento de Nochistlán,32,Zacatecas,34,Nochistlán de Mejía,1,Nochistlán de Mejía,Rayón 9,Centro,99900,346 713 3490,,,,turismonochistlan@gmail.com,,,,-102.84798,21.36247,7,0,http://sic.gob.mx/ficha.php?table=museo&table_id=2446,1721153749,Zacatecas,NA,2017-01,2017
1352,Museo Comunitario Buenavista,Arqueología,2004-03-21,Junta Vecinal Asociación Cultural Buenavista,32,Zacatecas,36,Ojocaliente,1,Ojocaliente,Domicilio conocido s/n,Centro,98724,458 106 09 02,,,,ma.eugeniajuarez_q@hotmail.com,https://www.facebook.com/profile.php?id=100089916222711,,,-102.25348,22.57227,1,0,http://sic.gob.mx/ficha.php?table=museo&table_id=1352,1700072039,Zacatecas,NA,2004-03,2004
1794,Museo Comunitario Las Lajas,,2015-03-30,,32,Zacatecas,36,Ojocaliente,1,Ojocaliente,Adolfo López Mateos s/n,Centro,98707,458 101 84 89,https://www.facebook.com/Museo-Comunitario-Las-Lajas-627316170702260/timeline,,,bajolarbol@gmail.com; museocomunitario-laslajas@hotmail.com,,,,-102.25056,22.57004,3,1,http://sic.gob.mx/ficha.php?table=museo&table_id=1794,1700072329,Zacatecas,NA,2015-03,2015
168,Museo Comunitario Chepinque,Arqueología,2000-07-25,Asociación Cultural Chepinque,32,Zacatecas,36,Ojocaliente,14,El Chepinque,Plaza Principal s/n,Centro,98727,458 944 11 24,,http://museoscomunitariosdezac.blogspot.com/2020/,,isidroac@hotmail.com; corresponsaliasureste@yahoo.com.mx,,,,-102.22328,22.55302,-1,-1,http://sic.gob.mx/ficha.php?table=museo&table_id=168,1700072296,Zacatecas,NA,2000-07,2000
1803,Museo Comunitario Camino Real Palmillas,Antropología,2015-11-20,"Museos Comunitarios de Zacatecas, A.C.",32,Zacatecas,36,Ojocaliente,28,Palmillas,Av. Juárez s/n,Centro,98700,"458 102 72 34, 458 944 40 13",,,,quetzallysol@yahoo.com.mx,,,,-102.25001,22.54352,3,0,http://sic.gob.mx/ficha.php?table=museo&table_id=1803,1700072238,Zacatecas,NA,2015-11,2015
2251,Museo Comunitario Talayote Pioneros Agraristas,,2022-05-18,Ayuntamiento Municipal de Ojo Caliente,32,Zacatecas,36,Ojocaliente,93,El Talayote,Domicilio conocido,,NA,,,,,,https://www.facebook.com/MuseoElTalayote,,,-102.27583,22.60972,0,0,http://sic.gob.mx/ficha.php?table=museo&table_id=2251,1700074226,Zacatecas,NA,2022-05,2022
171,Museo Comunitario Ismael Girón González,Historia,1996-11-01,Ayuntamiento de Pánuco,32,Zacatecas,37,Pánuco,1,Pánuco,Allende 21,Centro,98540,478 584 70 08,,,,panucopresidencia@gmail.com,,,,-102.54086,22.87552,-1,-1,http://sic.gob.mx/ficha.php?table=museo&table_id=171,1720035181,Zacatecas,NA,1996-11,1996
63,Museo Comunitario  IV Centenario,Historia,1994-05-05,"Instituto Municipal de Cultura/Fundación Civil de la Tierra de Pinos, A.C.",32,Zacatecas,38,Pinos,1,Pinos,Juárez y Morelos,Centro,98920,(496) 864 01 42,,,http://museoscomunitariosdezac.blogspot.com/,museoivcentenario@hotmail.com,,,,-101.57544,22.29959,-1,-1,http://sic.gob.mx/ficha.php?table=museo&table_id=63,1629715676,Zacatecas,NA,1994-05,1994
1172,Museo de Arte Sacro,Arte,2003-02-24,Parroquia de San Matías,32,Zacatecas,38,Pinos,1,Pinos,16 de Septiembre 1,Centro,98920,(496) 864 02 42 parroquia,,,,,,,,-101.57567,22.29757,-1,-1,http://sic.gob.mx/ficha.php?table=museo&table_id=1172,1631175920,Zacatecas,NA,2003-02,2003
2111,Museo Municipal Villa de Llerena,,1981-03-22,,32,Zacatecas,42,Sombrerete,1,Sombrerete,Av.Hidalgo 207,Centro,99100,(433) 93 5 52 05,,,,,https://www.facebook.com/MuseoVillaDeLlerenaSom/,,,-103.64134,23.63138,6,2,http://sic.gob.mx/ficha.php?table=museo&table_id=2111,1631191045,Zacatecas,NA,1981-03,1981
774,Museo Villa de Llerena,Historia,1981-03-22,"Instituto Municipal de Arte y Cultura de Sombrerete, Ayuntamiento de Sombrerete",32,Zacatecas,42,Sombrerete,1,Sombrerete,Av. Hidalgo 207,Centro,99100,(433) 935 14 38,,,,,https://www.facebook.com/MUSEO-VILLA-DE-LLERENA-261767447204980/timeline,,,-103.63883,23.63294,6,1,http://sic.gob.mx/ficha.php?table=museo&table_id=774,1622721393,Zacatecas,NA,1981-03,1981
152,Museo Comunitario Los Cardos,TND,1997-06-12,Ayuntamiento de Susticacán Los Cardos,32,Zacatecas,43,Susticacán,1,Susticacán,"Av. Benito Juárez s/n, Antiguo edif. de la Escuela Guillermo Prieto",Centro,99480,494 936 00 88 y 89,,http://museoscomunitariosdezac.blogspot.com/2020/,,saris9413@hotmail.com,,,,-103.09951,22.61174,-1,-1,http://sic.gob.mx/ficha.php?table=museo&table_id=152,1689257606,Zacatecas,NA,1997-06,1997
150,Museo Comunitario Tepetzil,Historia,2001-06-09,Ayuntamiento de Tepechitlán/Dirección de Cultura,32,Zacatecas,45,Tepechitlán,1,Tepechitlán,Cuauhtémoc 12,Centro,99750,(437) 961 09 23,,,,salvadorgodoyrobles@yahoo.com.mx,,,,-103.32652,21.6712,1,0,http://sic.gob.mx/ficha.php?table=museo&table_id=150,1622717604,Zacatecas,NA,2001-06,2001
2042,Museo y Fábrica de Mezcal Don Aurelio,,2014-08-04,Secretaría de Turismo de Zacatecas/Fábrica Don Aurelio,32,Zacatecas,47,Teúl de González Ortega,1,Teúl de González Ortega,México  s/n. Libramiento Sur  López Mateos 28,Centro,99800,467 100 92 48,,,,mezcalesdecalidad@hotmail.com,https://www.facebook.com/donaureliomezcal,,,-103.46553,21.46008,0,0,http://sic.gob.mx/ficha.php?table=museo&table_id=2042,1685449855,Zacatecas,NA,2014-08,2014
50,Museo Mártires de la Parroquia,Historia,2000-01-01,Parroquia de San Juan Bautista,32,Zacatecas,47,Teúl de González Ortega,1,Teúl de González Ortega,Francisco I Madero 20,Centro,99800,467 952 71 23,,,,knd_7@hotmail.com,,,,-103.46324,21.46526,2,0,http://sic.gob.mx/ficha.php?table=museo&table_id=50,1626449424,Zacatecas,NA,2000-01,2000
1726,Museo Comunitario de Historia General de Teúl de González Ortega,TND,2013-06-01,Secretaría de Turismo de Zacatecas,32,Zacatecas,47,Teúl de González Ortega,1,Teúl de González Ortega,Francisco I. Madero 12,Centro Histórico,99800,467 952 71 14 (presidencia municipal),,,,presidenciateulzac@hotmail.com,,,,-103.46147,21.46466,2,0,http://sic.gob.mx/ficha.php?table=museo&table_id=1726,1685367422,Zacatecas,NA,2013-06,2013
1171,Museo  Comunitario Tlaltenapa,Arqueología,2008-12-22,"Museos Comunitarios de Zacatecas, A.C.",32,Zacatecas,48,Tlaltenango de Sánchez Román,1,Tlaltenango de Sánchez Román,Calle Niños Héroes s/n,Centro,99700,,,http://museoscomunitariosdezac.blogspot.com/,,,,,,-103.30683,21.7814,6,1,http://sic.gob.mx/ficha.php?table=museo&table_id=1171,1622636508,Zacatecas,NA,2008-12,2008
151,Museo Regional de Valparaíso,Antropología,1994-05-05,Asociación de Museos Comunitarios de Zacatecas,32,Zacatecas,49,Valparaíso,1,Valparaíso,Av. Negrete s/n,Centro,99200,(457) 936 00 78,,http://museoscomunitariosdezac.blogspot.com/,,,,,,-103.5676,22.77304,5,-1,http://sic.gob.mx/ficha.php?table=museo&table_id=151,1622631417,Zacatecas,NA,1994-05,1994
147,Museo Municipal del Centro Cultural Niño Minero,Ciencia y tecnología,NA,Ayuntamiento de Vetagrande,32,Zacatecas,50,Vetagrande,1,Vetagrande,Ameca s/n,Centro,98140,"492 922 34 18, 922 71 35",,,,remzcomunitarios@gmail.com,https://www.facebook.com/redmuseoszac,,,-102.55754,22.83305,-1,-1,http://sic.gob.mx/ficha.php?table=museo&table_id=147,1692638145,Zacatecas,NA,NA,NA
1587,Museo Comunitario Las Peñas,TND,2019-12-10,Grupo de Rescate Cultura las Las Peñas/Red Interestatal de Museos y Ecomuseos,32,Zacatecas,51,Villa de Cos,42,Nueva Pastoría (Las Peñitas),Domicilio conocido,,98451,,,,,museosdezacatecas@yahoo.com.mx,,,,-101.91197,23.5867,-1,-1,http://sic.gob.mx/ficha.php?table=museo&table_id=1587,1698072554,Zacatecas,NA,2019-12,2019
1353,Museo Comunitario Montesa,Arqueología,1972-06-19,"Montesa Genealogía, Historia y Patrimonio Cultural Mixto, A.C.",32,Zacatecas,52,Villa García,27,La Montesa,Julián Guerrero 3,Centro,98918,449 116 0725,,,,proyectorescatame@hotmail.com,,,,-101.83225,22.06388,-1,-1,http://sic.gob.mx/ficha.php?table=museo&table_id=1353,1736878884,Zacatecas,NA,1972-06,1972
2408,Museo Comunitario Santa Rita,,2023-05-18,,32,Zacatecas,54,Villa Hidalgo,1,Villa Hidalgo,Domicilio conocido,,98980,,,,,secturismovgo@gmail.com,https://www.facebook.com/TurismoVillaHidalgo/,,,-101.7126,22.35709,0,0,http://sic.gob.mx/ficha.php?table=museo&table_id=2408,1700076990,Zacatecas,NA,2023-05,2023
2195,Museo Profr. Fco. Javier Beltrán Martínez,,2001-09-01,Ayuntamiento de Villa Hidalgo,32,Zacatecas,54,Villa Hidalgo,1,Villa Hidalgo,Hidalgo 6,Centro,98990,496 965 29 64,,,,edgar3170@live.com,https://www.facebook.com/Instituto-Municipal-de-Cultura-Villa-Hidalgo-Zacatecas-108744454393120,,,-101.7126,22.35709,2,0,http://sic.gob.mx/ficha.php?table=museo&table_id=2195,1700075377,Zacatecas,NA,2001-09,2001
865,Museo Arqueológico de La Quemada,Arqueología,1995-09-01,Secretaría de Cutura/INAH/Instituto Zacatecano/Secretaría de Infraestructura,32,Zacatecas,55,Villanueva,1,Villanueva,"Carr. México 54, km 34",,99500,492 111 54 20,,https://www.cultura.gob.mx/estados/turismo-cultural-detalle.php?id=54751,https://www.inah.gob.mx/museos/316-museo-arqueologico-la-quemada,museo_la_quemada@hotmail.com; laquemada_zacatecas@inah.gob.mx,,,,-102.82064,22.45388,2,1,http://sic.gob.mx/ficha.php?table=museo&table_id=865,1699451153,Zacatecas,NA,1995-09,1995
657,Museo Zacatecano,Arte,1995-09-07,Instituto Zacatecano de Cultura Ramón López Velarde,32,Zacatecas,56,Zacatecas,1,Zacatecas,Dr. Ignacio Hierro 307,Centro,98000,(492) 922 65 80,,,,museozac@hotmail.com,https://www.facebook.com/MuseoZac/,https://x.com/MuseoZacatecano,,-102.574,22.7747,11,3,http://sic.gob.mx/ficha.php?table=museo&table_id=657,1631189907,Zacatecas,NA,1995-09,1995
649,Ex Templo de San Agustín,Arte,1972-01-01,Instituto Zacatecano de Cultura Ramón López Velarde,32,Zacatecas,56,Zacatecas,1,Zacatecas,Plazuela Miguel Auza s/n,Centro,98000,(492) 922 80 63,,,,gus_tavohu@hotmail.com,,,,-102.57433,22.77439,-1,-1,http://sic.gob.mx/ficha.php?table=museo&table_id=649,1622635485,Zacatecas,NA,1972-01,1972
156,Museo Rafael Coronel,Arte,1990-07-05,Instituto Zacatecano de Cultura Ramón López Velarde,32,Zacatecas,56,Zacatecas,1,Zacatecas,Cjón. de San Francisco s/n,Centro,98000,(492) 922 81 16,,,,museorafael@hotmail.com,https://www.facebook.com/MuseoRafaelCoronel/,,,-102.56994,22.78206,22,0,http://sic.gob.mx/ficha.php?table=museo&table_id=156,1629730801,Zacatecas,NA,1990-07,1990
345,Museo de las Rocas y Minerales,Ciencia y tecnología,2005-03-19,"Grupo Corporativo Fresnillo, S.A. de C.V./Mina El Edén",32,Zacatecas,56,Zacatecas,1,Zacatecas,Antonio Dovali Jaime s/n,Centro,98000,(492) 922 30 02,http://www.minaeleden.com.mx/movil/interna.php?id=7,,,contacto@minaeleden.com.mx,,,,-102.57981,22.7764,-1,-1,http://sic.gob.mx/ficha.php?table=museo&table_id=345,1561985078,Zacatecas,NA,2005-03,2005
637,Museo Toma de Zacatecas,Historia,1984-06-24,Instituto Zacatecano de Cultura Ramón López Velarde,32,Zacatecas,56,Zacatecas,1,Zacatecas,Cerro de la Bufa s/n,Col. La Bufa,98069,(492) 922 80 66,,,,gustavo.salinas@zacatecas.gob.mx,https://www.facebook.com/MuseoTomadeZacatecas/,,,-102.56609,22.77835,10,-1,http://sic.gob.mx/ficha.php?table=museo&table_id=637,1615462908,Zacatecas,NA,1984-06,1984
2291,Museo Temático Playmohistoria,,2022-12-01,,32,Zacatecas,56,Zacatecas,1,Zacatecas,Plazuela Miguel Auza 306-A,Centro Histórico,98000,492 922 8512,,,,contacto@playmohistoria.com,https://www.facebook.com/playmohistoriamx/,,,-102.57417,22.77395,0,0,http://sic.gob.mx/ficha.php?table=museo&table_id=2291,1670339435,Zacatecas,NA,2022-12,2022
423,Museo Universitario de Ciencias,Ciencia y tecnología,1983-10-11,Universidad Autónoma de Zacatecas,32,Zacatecas,56,Zacatecas,1,Zacatecas,Jardín Juárez 147,Centro,98000,(492) 922 29 24 ext. 44 y 117,,http://www.cienciamx.com/index.php/sociedad/museos/5485-museo-de-ciencias-uaz-reportaje,,museodeciencias@grupoquark.com,,,,-102.56585,22.76904,-1,1,http://sic.gob.mx/ficha.php?table=museo&table_id=423,1627988876,Zacatecas,NA,1983-10,1983
454,Museo Francisco Goitia,Arte,1978-09-08,Instituto Zacatecano de Cultura Ramón López Velarde,32,Zacatecas,56,Zacatecas,1,Zacatecas,Enrique Estrada 102,Col. Sierra de Álica,98050,492 924 02 11,,,,museofgoitia@gmail.com,https://www.facebook.com/museogoitia/,,,-102.57767,22.77035,5,0,http://sic.gob.mx/ficha.php?table=museo&table_id=454,1682078670,Zacatecas,NA,1978-09,1978
1571,Centro Interactivo de Ciencias Zig Zag,Ciencia y tecnología,2005-01-01,Gobierno del Estado de Zacatecas,32,Zacatecas,56,Zacatecas,1,Zacatecas,Cda. Jesús Reyes Heroles 100,Centro,98089,(492) 921 28 16,http://zigzag.gob.mx/,,,recepcionzigzag@cozcyt.gob.mx,https://www.facebook.com/ZigzagZacatecas/?fref=ts,,,-102.57873,22.76114,9,1,http://sic.gob.mx/ficha.php?table=museo&table_id=1571,1622634912,Zacatecas,NA,2005-01,2005
1745,Museo Manuel M. Ponce,Historia,2014-11-26,Instituto Zacatecano de Cultura Ramón López Velarde,32,Zacatecas,56,Zacatecas,1,Zacatecas,Dr. Ignacio Hierro 303,Centro,98000,492 925 57 50,https://museomponce.culturazac.gob.mx/,,,museo.mponce@gmail.com,https://www.facebook.com/Museo-Manuel-M-Ponce-478020112661988/,,,-102.57401,22.77479,7,0,http://sic.gob.mx/ficha.php?table=museo&table_id=1745,1702548166,Zacatecas,NA,2014-11,2014
146,Museo de Arte Abstracto Manuel Felguérez,Arte,1998-09-08,Instituto Zacatecano de Cultura Ramón López Velarde,32,Zacatecas,56,Zacatecas,1,Zacatecas,Colón s/n,Centro,98000,(492) 924 37 05,https://maamf.com.mx/,,,maamf_rp@yahoo.com.mx,https://www.facebook.com/museodearteabstractomanuelfelguerez,,,-102.57266,22.78037,18,3,http://sic.gob.mx/ficha.php?table=museo&table_id=146,1629716727,Zacatecas,NA,1998-09,1998
636,Museo Pedro Coronel,Arte,1983-05-08,Instituto Zacatecano de Cultura Ramón López Velarde,32,Zacatecas,56,Zacatecas,1,Zacatecas,Plaza de Santo Domingo s/n,Centro,98000,492 922 80 21,https://www.zacatecastravel.com/detalle_museo.php?museo=2,,,pedrocoronel.m@gmail.com,https://www.facebook.com/pedrocoronelmuseo/,https://x.com/CoronelMuseo,,-102.57375,22.77622,16,1,http://sic.gob.mx/ficha.php?table=museo&table_id=636,1685703637,Zacatecas,NA,1983-05,1983
2046,Museo de la Industria de Reuniones,,2021-04-07,Gobierno del Estado de Zacatecas/Palacio de Convenciones,32,Zacatecas,56,Zacatecas,1,Zacatecas,Blvd. Héroes de Chapultepec s/n,Cd. Gobierno,98160,,https://zacatecasmeetings.com/mir/,,,zacatecas.convenciones@zacatecas.gob.mx,,,,-102.57184,22.7761,8,0,http://sic.gob.mx/ficha.php?table=museo&table_id=2046,1629460449,Zacatecas,NA,2021-04,2021
1976,Sala Despacho Antonio Aguilar Barraza,,2014-06-18,Instituto Zacatecano de Cultura Ramón López Velarde,32,Zacatecas,56,Zacatecas,1,Zacatecas,Dr. Ignacio Hierro 303,Centro Histórico,98000,492 925 57 50,https://www.facebook.com/CiudadeladelArteZacatecas/,,,culturaldelarte@hotmail.com,https://www.facebook.com/CiudadeladelArteZacatecas?locale=es_LA,,,-102.57403,22.7749,0,0,http://sic.gob.mx/ficha.php?table=museo&table_id=1976,1720465563,Zacatecas,NA,2014-06,2014
2397,Museo Comunitario de Trancoso Mtra. Mary Canizales,,NA,Ayuntamiento de Trancoso/Instituto Municipal de Cultura Mtro. Vicente Jacobo Cuevas,32,Zacatecas,57,Trancoso,1,Trancoso,Hidalgo s/n entre Camino Real y Francisco I. Madero,Centro,98640,492 102 22 10,,,,cultura@trancosozac.gob.mx,https://www.facebook.com/redmuseoszac,,,-102.36604,22.73539,6,0,http://sic.gob.mx/ficha.php?table=museo&table_id=2397,1709208922,Zacatecas,NA,NA,NA
