id_reserva,dias_anticipacion,num_noches,num_noches_finde,num_adultos,num_ninos,num_solicitudes_especiales,num_estancias_previas,precio_total_mxn,descuento_aplicado_pct,tipo_habitacion,canal_reserva,regimen,temporada,forma_pago,pais_origen,cliente_recurrente,tiene_promocion,cancelo
1,103,2,1,3,1,2,2,22426,0.4,estandar,agencia,desayuno,media,deposito_50pct,europa,si,si,no
2,75,4,2,1,0,0,1,17112,9.9,estandar,ota,todo_incluido,alta,en_hotel,mexico,si,si,si
3,48,2,1,1,0,0,1,21188,1.2,junior,ota,media_pension,baja,en_hotel,mexico,si,si,no
4,33,4,2,2,0,0,0,15251,6.8,estandar,agencia,desayuno,baja,en_hotel,mexico,no,si,si
5,123,6,2,3,0,1,1,16123,5,junior,ota,todo_incluido,alta,en_hotel,mexico,si,si,si
6,78,9,1,2,1,2,2,22339,0,estandar,telefono,desayuno,media,en_hotel,mexico,si,no,no
7,47,1,0,1,0,2,0,9920,30.7,estandar,web_propio,media_pension,alta,anticipado,mexico,no,si,no
8,110,2,0,2,0,0,5,24499,0,junior,agencia,desayuno,baja,deposito_50pct,otro,si,no,no
9,32,4,1,1,0,0,1,19471,4.2,junior,web_propio,solo_habitacion,media,en_hotel,mexico,si,si,no
10,75,2,1,1,0,2,1,NA,15.7,estandar,ota,solo_habitacion,alta,en_hotel,mexico,si,si,no
11,94,5,2,2,2,0,1,25434,33.9,estandar,telefono,solo_habitacion,media,anticipado,eua_canada,si,si,no
12,66,3,0,2,0,0,2,12663,3.6,junior,telefono,desayuno,alta,en_hotel,mexico,si,si,si
13,131,2,1,2,0,0,2,11677,0,suite,ota,media_pension,baja,anticipado,europa,si,no,no
14,107,1,0,1,2,0,0,21330,10.3,estandar,ota,desayuno,baja,deposito_50pct,mexico,no,si,si
15,44,1,0,2,0,0,0,7126,0,estandar,web_propio,solo_habitacion,baja,anticipado,mexico,no,no,no
16,70,5,3,2,0,0,1,2190,5.2,estandar,agencia,media_pension,media,deposito_50pct,mexico,si,si,si
17,84,5,3,2,0,0,0,27811,3.9,suite,ota,solo_habitacion,media,deposito_50pct,NA,no,si,si
18,51,3,2,1,0,1,0,6572,2.6,estandar,ota,desayuno,media,anticipado,mexico,no,si,no
19,56,1,0,4,2,1,1,22328,14.1,estandar,ota,solo_habitacion,media,en_hotel,mexico,si,si,si
20,177,1,0,3,0,0,0,27568,1.9,estandar,telefono,desayuno,media,anticipado,mexico,no,si,si
21,125,2,1,2,0,0,4,25387,0.9,estandar,web_propio,solo_habitacion,media,deposito_50pct,eua_canada,si,si,si
22,218,13,8,2,0,2,0,5633,2.8,estandar,ota,solo_habitacion,media,en_hotel,europa,no,si,si
23,169,4,1,1,1,0,0,5223,3.4,estandar,agencia,desayuno,baja,en_hotel,europa,no,si,si
24,31,2,0,1,0,0,1,NA,7.9,junior,ota,solo_habitacion,alta,en_hotel,mexico,si,si,no
25,56,2,1,1,0,1,0,26496,0,estandar,ota,media_pension,media,deposito_50pct,europa,no,no,no
26,100,2,1,2,0,2,1,10248,0.6,estandar,ota,media_pension,baja,en_hotel,mexico,si,si,si
27,8,7,1,3,0,2,1,4572,26.4,junior,ota,desayuno,media,anticipado,mexico,si,si,si
28,9,3,1,2,0,0,0,11647,14.8,junior,ota,todo_incluido,alta,deposito_50pct,mexico,no,si,si
29,11,1,0,2,0,0,1,7572,0,junior,agencia,todo_incluido,baja,anticipado,mexico,si,no,si
30,104,2,0,2,1,0,0,21677,7.5,junior,ota,desayuno,alta,en_hotel,europa,no,si,si
31,51,1,0,2,0,1,1,14311,7.4,estandar,agencia,todo_incluido,media,deposito_50pct,mexico,si,si,no
32,162,4,1,2,3,0,1,21811,0,estandar,agencia,desayuno,media,anticipado,mexico,si,no,si
33,66,5,1,1,0,2,0,25386,0,estandar,telefono,media_pension,media,deposito_50pct,mexico,no,no,no
34,56,6,3,2,1,0,2,1994,7.3,junior,web_propio,solo_habitacion,alta,en_hotel,mexico,si,si,si
35,61,1,0,1,0,3,4,14202,24.5,junior,ota,media_pension,baja,en_hotel,eua_canada,si,si,no
36,40,3,1,1,1,2,1,17904,0,suite,ota,solo_habitacion,alta,deposito_50pct,eua_canada,si,no,no
37,21,2,1,2,0,0,2,13997,12.3,estandar,agencia,media_pension,media,deposito_50pct,mexico,si,si,no
38,17,10,5,2,0,0,0,12964,0,ejecutiva,ota,solo_habitacion,baja,anticipado,mexico,no,no,no
39,19,1,1,1,0,0,1,23492,0,estandar,agencia,desayuno,media,en_hotel,europa,si,no,no
40,104,4,2,4,2,1,1,26695,22.1,estandar,ota,desayuno,media,deposito_50pct,NA,si,si,no
41,96,5,1,2,0,3,4,25272,0.5,suite,ota,desayuno,media,deposito_50pct,eua_canada,si,si,no
42,132,2,1,2,2,0,1,1618,7.1,junior,web_propio,desayuno,media,anticipado,mexico,si,si,no
43,98,7,1,2,2,0,0,7823,0,junior,ota,desayuno,alta,anticipado,otro,no,no,no
44,69,2,1,2,0,0,3,26174,15.8,suite,web_propio,media_pension,baja,deposito_50pct,mexico,si,si,no
45,28,2,1,2,0,1,0,25752,3.9,suite,ota,solo_habitacion,baja,en_hotel,eua_canada,no,si,si
46,50,6,2,1,2,0,1,22879,2.2,suite,ota,solo_habitacion,media,anticipado,mexico,si,si,si
47,190,2,1,3,0,0,2,27752,16.2,estandar,web_propio,desayuno,alta,en_hotel,eua_canada,si,si,si
48,73,4,1,2,0,3,2,25860,24.5,estandar,web_propio,todo_incluido,alta,en_hotel,otro,si,si,si
49,107,5,2,4,1,0,1,8948,2.7,estandar,ota,solo_habitacion,media,deposito_50pct,mexico,si,si,si
50,58,8,3,3,0,0,0,5301,23.7,junior,ota,media_pension,media,deposito_50pct,mexico,no,si,si
51,12,4,1,2,0,4,1,24406,13.1,estandar,web_propio,desayuno,alta,en_hotel,mexico,si,si,no
52,119,1,0,1,0,1,1,20713,12.7,estandar,ota,desayuno,media,en_hotel,mexico,si,si,si
53,48,6,2,1,0,2,0,23479,19.9,estandar,ota,todo_incluido,media,deposito_50pct,mexico,no,si,no
54,31,13,2,2,0,0,3,23693,5.5,estandar,ota,desayuno,alta,anticipado,eua_canada,si,si,no
55,17,6,3,1,0,1,0,8314,3.5,suite,ota,desayuno,alta,anticipado,eua_canada,no,si,si
56,112,7,2,2,1,0,1,24389,0,junior,ota,desayuno,alta,en_hotel,europa,si,no,si
57,27,1,0,4,0,0,3,9445,3.5,estandar,telefono,solo_habitacion,alta,en_hotel,mexico,si,si,no
58,154,2,1,2,0,1,0,26312,3.8,junior,telefono,solo_habitacion,media,anticipado,mexico,no,si,no
59,50,7,1,2,0,1,3,6765,22.6,junior,ota,solo_habitacion,baja,en_hotel,eua_canada,si,si,no
60,166,5,2,2,0,0,1,1566,34.3,junior,ota,desayuno,baja,anticipado,europa,si,si,no
61,78,5,2,3,0,3,3,15032,0,junior,ota,solo_habitacion,alta,deposito_50pct,mexico,si,no,si
62,42,2,1,2,2,1,0,26147,37.7,estandar,web_propio,desayuno,baja,en_hotel,eua_canada,no,si,si
63,138,1,0,1,0,0,0,6355,8.3,suite,ota,media_pension,alta,anticipado,mexico,no,si,si
64,345,4,1,2,0,1,1,22184,20.5,suite,ota,solo_habitacion,baja,en_hotel,mexico,si,si,si
65,16,2,1,2,0,2,2,21279,8,suite,ota,solo_habitacion,alta,en_hotel,eua_canada,si,si,no
66,32,3,1,1,2,0,1,NA,20.3,estandar,web_propio,desayuno,media,anticipado,mexico,si,si,si
67,19,4,2,2,0,0,1,25809,4.9,estandar,ota,media_pension,alta,deposito_50pct,NA,si,si,no
68,81,2,1,2,0,0,1,4532,30.4,junior,ota,desayuno,alta,deposito_50pct,eua_canada,si,si,no
69,62,2,1,2,1,1,4,12904,6.4,estandar,web_propio,solo_habitacion,alta,anticipado,eua_canada,si,si,no
70,22,2,0,2,0,0,2,4329,3.2,suite,web_propio,desayuno,media,en_hotel,mexico,si,si,no
71,23,6,2,1,2,0,0,26125,8.5,estandar,telefono,desayuno,baja,anticipado,mexico,no,si,no
72,7,4,1,2,1,2,0,11425,17.3,junior,ota,media_pension,alta,anticipado,mexico,no,si,no
73,67,4,2,2,1,1,0,27146,1,junior,agencia,desayuno,baja,deposito_50pct,eua_canada,no,si,si
74,40,3,1,2,0,0,0,9776,2.4,estandar,web_propio,desayuno,media,deposito_50pct,europa,no,si,no
75,62,2,1,2,0,0,1,3968,14.4,estandar,web_propio,solo_habitacion,baja,anticipado,otro,si,si,no
76,60,6,2,4,1,0,2,12909,20.3,estandar,ota,solo_habitacion,baja,en_hotel,europa,si,si,si
77,39,3,2,3,2,0,3,11568,4.1,estandar,ota,solo_habitacion,media,anticipado,eua_canada,si,si,no
78,96,2,1,2,0,0,0,6254,24.2,junior,ota,desayuno,alta,deposito_50pct,mexico,no,si,si
79,89,1,0,3,0,2,0,6499,0,estandar,agencia,solo_habitacion,baja,en_hotel,europa,no,no,no
80,153,1,1,2,1,0,2,10055,0,estandar,telefono,desayuno,baja,deposito_50pct,eua_canada,si,no,si
81,59,7,1,2,1,1,2,26678,22.1,estandar,ota,solo_habitacion,baja,en_hotel,mexico,si,si,no
82,97,7,2,2,0,3,1,2099,10.1,junior,web_propio,solo_habitacion,alta,en_hotel,europa,si,si,no
83,107,4,1,2,1,0,0,14570,0,estandar,web_propio,desayuno,alta,en_hotel,mexico,no,no,si
84,15,1,1,2,0,1,0,11771,4.6,junior,ota,solo_habitacion,alta,en_hotel,mexico,no,si,no
85,78,4,0,2,0,1,1,16606,17,junior,agencia,desayuno,media,anticipado,mexico,si,si,no
86,11,3,1,1,0,0,5,12698,NA,estandar,web_propio,desayuno,media,deposito_50pct,mexico,si,si,no
87,81,6,2,2,0,0,1,15948,2.4,estandar,web_propio,solo_habitacion,baja,en_hotel,eua_canada,si,si,no
88,7,7,1,2,0,0,2,9289,4.2,estandar,ota,media_pension,media,deposito_50pct,mexico,si,si,no
89,66,1,0,1,0,3,0,6980,22.3,ejecutiva,agencia,desayuno,baja,deposito_50pct,mexico,no,si,si
90,154,1,0,2,2,0,3,4630,0,suite,web_propio,solo_habitacion,alta,deposito_50pct,mexico,si,no,no
91,52,14,2,2,0,5,0,NA,NA,estandar,agencia,solo_habitacion,baja,deposito_50pct,mexico,no,si,no
92,42,1,0,2,3,0,0,22692,0,suite,ota,solo_habitacion,media,deposito_50pct,mexico,no,no,no
93,37,1,0,2,1,0,2,19765,0,junior,ota,solo_habitacion,baja,en_hotel,otro,si,no,no
94,174,5,1,2,0,0,2,6593,9.2,estandar,ota,solo_habitacion,alta,anticipado,mexico,si,si,no
95,81,6,1,2,1,0,2,12371,6.4,estandar,ota,solo_habitacion,alta,deposito_50pct,mexico,si,si,no
96,57,2,0,4,2,1,1,13959,0,estandar,telefono,todo_incluido,media,deposito_50pct,eua_canada,si,no,no
97,123,8,3,2,1,1,0,9784,15.1,estandar,web_propio,solo_habitacion,alta,deposito_50pct,mexico,no,si,si
98,126,3,1,3,0,0,1,3475,7.5,ejecutiva,web_propio,desayuno,alta,deposito_50pct,mexico,si,si,no
99,64,4,1,2,0,2,0,12994,16.6,estandar,ota,media_pension,media,en_hotel,eua_canada,no,si,no
100,131,2,1,3,2,1,2,7125,23,estandar,ota,desayuno,alta,deposito_50pct,NA,si,si,si
101,42,2,0,1,0,1,1,24642,5.1,suite,web_propio,desayuno,media,deposito_50pct,mexico,si,si,no
102,71,7,2,2,1,1,0,14939,NA,estandar,web_propio,media_pension,media,en_hotel,eua_canada,no,si,si
103,114,2,1,2,1,1,1,11920,9.2,estandar,ota,desayuno,media,anticipado,mexico,si,si,si
104,119,4,2,2,0,0,2,2140,NA,estandar,ota,solo_habitacion,alta,en_hotel,mexico,si,si,si
105,60,1,1,1,0,0,2,22107,2.9,junior,ota,desayuno,media,anticipado,NA,si,si,no
106,88,3,1,1,0,0,0,14524,3.5,suite,agencia,todo_incluido,media,anticipado,mexico,no,si,si
107,38,5,3,3,0,0,0,19445,17.4,junior,ota,desayuno,baja,deposito_50pct,eua_canada,no,si,si
108,8,1,0,2,0,2,2,18033,5.3,ejecutiva,ota,desayuno,media,deposito_50pct,mexico,si,si,no
109,85,2,0,2,0,0,2,19414,0,estandar,ota,desayuno,media,en_hotel,mexico,si,no,si
110,28,8,4,2,0,0,0,23547,0,suite,ota,solo_habitacion,alta,anticipado,mexico,no,no,si
111,76,7,3,2,0,2,2,19721,11,estandar,ota,solo_habitacion,media,anticipado,mexico,si,si,no
112,127,4,1,2,0,0,1,18841,13.9,junior,web_propio,solo_habitacion,baja,en_hotel,eua_canada,si,si,si
113,102,5,1,2,2,1,2,20323,7.3,estandar,ota,desayuno,media,deposito_50pct,europa,si,si,no
114,17,4,2,2,0,1,0,26651,10.9,junior,ota,media_pension,baja,anticipado,mexico,no,si,si
115,44,2,0,2,0,0,1,12288,12.8,ejecutiva,web_propio,todo_incluido,media,en_hotel,eua_canada,si,si,no
116,122,7,1,4,1,0,1,8044,17.4,estandar,ota,solo_habitacion,media,anticipado,otro,si,si,no
117,80,6,3,2,0,0,1,23514,9.7,ejecutiva,ota,todo_incluido,alta,anticipado,mexico,si,si,no
118,121,5,3,1,1,1,1,12559,18.9,estandar,ota,solo_habitacion,media,anticipado,mexico,si,si,si
119,76,2,0,2,0,0,2,2735,13.8,estandar,ota,solo_habitacion,media,deposito_50pct,mexico,si,si,si
120,197,5,1,2,0,1,0,19047,6.4,suite,ota,desayuno,baja,en_hotel,mexico,no,si,si
121,153,6,2,3,0,1,1,19974,19.4,estandar,web_propio,media_pension,media,anticipado,mexico,si,si,si
122,136,5,1,1,0,0,0,16191,1.1,estandar,web_propio,solo_habitacion,media,deposito_50pct,eua_canada,no,si,si
123,58,3,1,3,0,3,1,8826,22.4,junior,agencia,todo_incluido,alta,anticipado,eua_canada,si,si,no
124,49,6,1,3,2,0,1,19604,16.8,junior,ota,solo_habitacion,alta,deposito_50pct,mexico,si,si,si
125,16,2,1,2,0,1,1,14069,22.5,estandar,ota,media_pension,alta,en_hotel,eua_canada,si,si,no
126,49,2,1,4,2,0,0,7093,18.4,estandar,web_propio,solo_habitacion,media,anticipado,mexico,no,si,no
127,44,4,2,2,0,2,1,2927,15,estandar,ota,desayuno,baja,en_hotel,eua_canada,si,si,si
128,82,4,2,2,0,1,0,5577,2.6,estandar,ota,desayuno,baja,en_hotel,eua_canada,no,si,no
129,126,3,1,3,0,0,2,9499,5.6,estandar,web_propio,solo_habitacion,baja,en_hotel,eua_canada,si,si,si
130,85,2,1,2,0,1,2,9809,7.9,estandar,ota,solo_habitacion,baja,anticipado,mexico,si,si,no
131,44,2,0,2,0,1,1,6126,0,estandar,web_propio,todo_incluido,alta,deposito_50pct,mexico,si,no,no
132,67,1,1,2,1,0,3,6803,14.4,estandar,ota,solo_habitacion,alta,en_hotel,mexico,si,si,no
133,158,2,1,2,0,1,1,21386,2.2,estandar,ota,solo_habitacion,media,anticipado,eua_canada,si,si,si
134,165,4,1,1,2,0,0,12351,0,estandar,ota,solo_habitacion,media,anticipado,mexico,no,no,no
135,31,5,2,2,0,1,2,4934,13.1,estandar,ota,solo_habitacion,alta,anticipado,mexico,si,si,no
136,109,1,0,2,2,0,1,25115,NA,estandar,agencia,todo_incluido,media,deposito_50pct,mexico,si,no,si
137,108,10,5,2,2,0,2,5049,10.2,estandar,agencia,solo_habitacion,alta,en_hotel,mexico,si,si,no
138,95,3,1,2,1,4,2,4482,0,suite,ota,todo_incluido,baja,en_hotel,europa,si,no,no
139,46,1,0,3,0,0,0,16624,9,suite,ota,desayuno,media,anticipado,mexico,no,si,no
140,106,4,1,2,2,1,1,5688,0,junior,agencia,solo_habitacion,media,deposito_50pct,mexico,si,no,no
141,41,1,1,1,0,4,0,16294,24.6,estandar,web_propio,desayuno,baja,en_hotel,eua_canada,no,si,no
142,108,3,1,1,0,0,1,24350,12.9,estandar,ota,desayuno,baja,anticipado,eua_canada,si,si,si
143,11,2,1,4,1,4,0,NA,21.6,estandar,ota,media_pension,media,deposito_50pct,europa,no,si,no
144,46,3,0,1,3,0,1,18033,14,estandar,web_propio,desayuno,baja,en_hotel,europa,si,si,si
145,51,2,1,2,0,1,3,2635,1.1,estandar,web_propio,solo_habitacion,alta,en_hotel,mexico,si,si,no
146,43,5,2,2,1,3,2,8754,0,suite,ota,media_pension,alta,en_hotel,mexico,si,no,no
147,152,2,1,1,1,0,3,18369,21.8,ejecutiva,agencia,solo_habitacion,media,deposito_50pct,mexico,si,si,si
148,79,6,1,2,0,0,0,4458,NA,estandar,web_propio,media_pension,media,anticipado,eua_canada,no,si,no
149,61,3,1,1,0,1,0,3052,11.3,estandar,ota,solo_habitacion,baja,anticipado,mexico,no,si,no
150,28,3,1,2,0,0,1,8611,15.6,estandar,web_propio,solo_habitacion,alta,deposito_50pct,mexico,si,si,no
151,35,2,1,2,0,0,1,2681,7.4,estandar,web_propio,media_pension,alta,en_hotel,otro,si,si,no
152,237,1,1,1,0,0,1,10980,2.7,estandar,ota,desayuno,baja,anticipado,mexico,si,si,no
153,98,1,0,2,0,0,0,4374,0,estandar,ota,solo_habitacion,alta,deposito_50pct,eua_canada,no,no,no
154,45,4,1,2,0,0,2,26408,16.9,junior,ota,desayuno,alta,deposito_50pct,eua_canada,si,si,no
155,69,2,0,2,0,0,1,12021,4.3,estandar,telefono,solo_habitacion,baja,anticipado,mexico,si,si,no
156,13,7,4,2,0,0,1,23858,4.2,estandar,web_propio,solo_habitacion,alta,anticipado,europa,si,si,no
157,54,3,0,2,0,1,0,16732,20.7,estandar,agencia,desayuno,baja,anticipado,mexico,no,si,no
158,29,4,2,2,0,1,1,11233,9.5,estandar,telefono,desayuno,baja,deposito_50pct,mexico,si,si,si
159,58,9,1,2,0,1,1,18199,0,junior,ota,todo_incluido,alta,en_hotel,mexico,si,no,no
160,91,2,1,1,0,0,1,13185,24.1,estandar,ota,desayuno,baja,en_hotel,mexico,si,si,si
161,103,3,2,2,0,0,0,14740,0,estandar,agencia,solo_habitacion,baja,deposito_50pct,mexico,no,no,si
162,56,4,1,2,2,0,2,27173,0,junior,web_propio,solo_habitacion,alta,en_hotel,europa,si,no,si
163,68,2,1,4,0,0,2,9351,0,suite,web_propio,solo_habitacion,media,deposito_50pct,mexico,si,no,no
164,63,7,1,3,0,1,1,NA,4.7,estandar,web_propio,solo_habitacion,baja,en_hotel,mexico,si,si,no
165,110,1,0,2,0,0,2,20184,25.3,junior,telefono,media_pension,baja,deposito_50pct,mexico,si,si,si
166,217,12,7,2,1,1,2,19725,0,suite,web_propio,todo_incluido,alta,en_hotel,europa,si,no,si
167,27,7,4,2,0,0,1,10623,NA,estandar,ota,solo_habitacion,alta,en_hotel,mexico,si,no,no
168,41,2,1,1,0,2,2,20220,21.9,junior,web_propio,todo_incluido,baja,anticipado,mexico,si,si,no
169,36,10,2,2,0,1,1,NA,11.8,estandar,web_propio,media_pension,alta,anticipado,mexico,si,si,no
170,68,2,1,1,0,0,1,26981,23.4,junior,ota,desayuno,media,anticipado,mexico,si,si,si
171,156,3,1,2,0,1,3,27870,7.2,junior,ota,solo_habitacion,baja,en_hotel,mexico,si,si,si
172,124,1,0,2,0,0,2,8522,19.4,estandar,ota,solo_habitacion,alta,deposito_50pct,mexico,si,si,no
173,71,9,2,3,2,1,1,11765,26,suite,web_propio,desayuno,media,en_hotel,mexico,si,si,no
174,190,9,3,1,0,0,0,27019,9,ejecutiva,ota,desayuno,baja,anticipado,eua_canada,no,si,si
175,107,5,1,2,0,1,2,9855,25,estandar,web_propio,solo_habitacion,media,en_hotel,mexico,si,si,si
176,52,5,1,2,1,1,1,27341,13.7,estandar,ota,media_pension,media,en_hotel,eua_canada,si,si,si
177,17,1,0,2,1,5,1,19458,22.3,junior,telefono,desayuno,alta,deposito_50pct,eua_canada,si,si,no
178,59,1,0,2,0,5,3,16987,12.4,estandar,agencia,desayuno,baja,deposito_50pct,mexico,si,si,si
179,11,6,2,2,0,1,1,10267,0,junior,ota,todo_incluido,media,en_hotel,mexico,si,no,no
180,228,2,1,2,0,0,0,13213,NA,estandar,web_propio,desayuno,baja,deposito_50pct,eua_canada,no,si,si
181,46,2,1,2,0,1,2,21441,14,junior,ota,solo_habitacion,alta,anticipado,eua_canada,si,si,si
182,61,2,1,2,1,0,1,23070,0.2,estandar,web_propio,media_pension,alta,anticipado,otro,si,si,si
183,105,3,1,1,1,1,0,23305,0,junior,ota,desayuno,media,en_hotel,europa,no,no,si
184,76,2,1,2,0,0,2,27859,6.3,junior,ota,desayuno,media,anticipado,otro,si,si,si
185,87,4,2,2,0,0,2,18159,9.7,estandar,web_propio,solo_habitacion,baja,en_hotel,otro,si,si,no
186,66,1,0,1,1,1,3,26333,11.2,junior,web_propio,solo_habitacion,media,deposito_50pct,europa,si,si,no
187,56,2,1,2,0,3,3,25054,0,estandar,ota,media_pension,baja,en_hotel,europa,si,no,si
188,6,4,1,1,2,0,2,16483,12.4,ejecutiva,ota,todo_incluido,alta,anticipado,mexico,si,si,no
189,112,4,1,1,1,0,0,20232,3.7,junior,ota,desayuno,alta,deposito_50pct,mexico,no,si,si
190,8,5,1,1,0,0,2,18561,2.2,estandar,telefono,desayuno,baja,anticipado,eua_canada,si,si,no
191,58,3,1,2,0,0,1,21903,9.8,estandar,ota,solo_habitacion,baja,en_hotel,mexico,si,si,si
192,28,2,1,1,0,0,0,7378,3.1,estandar,web_propio,media_pension,alta,en_hotel,mexico,no,si,no
193,73,5,1,2,0,0,1,3379,12.8,estandar,ota,solo_habitacion,media,anticipado,NA,si,si,no
194,28,5,3,1,0,0,1,11254,6.6,estandar,ota,solo_habitacion,media,en_hotel,mexico,si,si,no
195,47,6,3,2,0,0,0,24267,0,estandar,web_propio,desayuno,baja,deposito_50pct,mexico,no,no,no
196,54,3,1,2,0,2,1,27524,10.4,estandar,ota,desayuno,media,anticipado,NA,si,si,no
197,88,3,0,3,3,2,0,22542,1.1,suite,ota,desayuno,alta,deposito_50pct,mexico,no,si,si
198,137,1,0,2,0,0,2,23243,0,ejecutiva,ota,solo_habitacion,baja,anticipado,eua_canada,si,no,no
199,15,4,2,2,0,0,0,7866,9,estandar,agencia,desayuno,media,anticipado,eua_canada,no,si,no
200,22,14,2,1,0,0,2,11459,13.5,junior,web_propio,media_pension,alta,en_hotel,mexico,si,si,no
201,123,1,1,2,0,1,1,19784,0,estandar,ota,solo_habitacion,alta,anticipado,mexico,si,no,no
202,36,6,1,3,0,0,3,15545,4.4,estandar,ota,media_pension,baja,en_hotel,europa,si,si,no
203,123,3,1,4,1,2,2,27497,0,estandar,ota,desayuno,alta,deposito_50pct,mexico,si,no,si
204,93,1,0,1,0,0,0,16371,NA,estandar,agencia,desayuno,media,en_hotel,mexico,no,no,si
205,115,3,1,1,0,4,1,3748,NA,estandar,agencia,todo_incluido,baja,anticipado,mexico,si,si,no
206,16,4,1,2,0,0,1,24691,2.4,suite,telefono,todo_incluido,baja,anticipado,otro,si,si,si
207,24,5,3,2,0,0,1,22832,12.5,junior,web_propio,solo_habitacion,alta,anticipado,mexico,si,si,si
208,25,7,1,3,0,0,3,NA,21.3,estandar,telefono,solo_habitacion,alta,anticipado,europa,si,si,no
209,88,1,1,2,0,0,3,13285,2,estandar,ota,solo_habitacion,media,anticipado,mexico,si,si,no
210,72,3,1,1,0,0,1,14642,14.8,estandar,telefono,media_pension,baja,deposito_50pct,eua_canada,si,si,no
211,19,5,2,2,0,4,2,18723,7.9,suite,web_propio,desayuno,baja,en_hotel,eua_canada,si,si,no
212,58,2,0,2,0,0,1,24121,18.5,suite,agencia,desayuno,alta,en_hotel,mexico,si,si,si
213,81,2,0,2,0,0,4,10616,25.7,estandar,web_propio,solo_habitacion,media,en_hotel,eua_canada,si,si,si
214,26,1,0,4,0,1,0,8976,NA,ejecutiva,ota,media_pension,media,deposito_50pct,mexico,no,si,no
215,15,1,0,2,0,2,2,4752,19,junior,ota,todo_incluido,media,en_hotel,otro,si,si,no
216,36,2,0,1,0,4,1,20905,5.9,estandar,web_propio,todo_incluido,alta,deposito_50pct,eua_canada,si,si,no
217,45,11,6,1,0,1,2,27076,26.9,ejecutiva,ota,desayuno,media,deposito_50pct,mexico,si,si,si
218,47,1,1,1,0,0,2,1644,11.8,estandar,web_propio,desayuno,media,en_hotel,eua_canada,si,si,no
219,9,7,3,2,0,0,1,22918,37.5,estandar,web_propio,desayuno,baja,anticipado,mexico,si,si,si
220,199,7,1,2,0,3,1,23024,13.5,estandar,ota,solo_habitacion,media,deposito_50pct,eua_canada,si,si,si
221,23,1,1,2,0,0,1,21707,3.2,junior,ota,solo_habitacion,baja,en_hotel,mexico,si,si,si
222,90,4,2,2,0,0,0,22337,0,ejecutiva,ota,solo_habitacion,baja,en_hotel,europa,no,no,si
223,56,6,3,2,1,1,1,27226,1.9,estandar,ota,todo_incluido,alta,deposito_50pct,europa,si,si,si
224,203,1,0,1,0,0,2,26310,8.1,suite,ota,desayuno,baja,deposito_50pct,eua_canada,si,si,si
225,50,10,5,1,0,3,0,22721,0,junior,ota,media_pension,alta,deposito_50pct,europa,no,no,no
226,71,3,1,2,1,0,1,16816,18.2,junior,agencia,solo_habitacion,baja,en_hotel,mexico,si,si,no
227,6,4,1,2,0,0,1,19081,3.2,estandar,telefono,media_pension,alta,anticipado,eua_canada,si,si,no
228,50,5,3,2,0,2,0,3192,8.8,estandar,web_propio,solo_habitacion,alta,anticipado,mexico,no,si,no
229,117,1,0,2,0,0,3,20239,7.5,estandar,agencia,solo_habitacion,media,anticipado,mexico,si,si,no
230,53,2,1,2,1,0,2,26788,14.8,estandar,web_propio,desayuno,alta,anticipado,mexico,si,si,si
231,89,2,1,2,0,1,1,14174,4.1,junior,web_propio,desayuno,media,anticipado,mexico,si,si,no
232,98,5,3,2,1,0,1,4526,17.3,estandar,agencia,solo_habitacion,baja,deposito_50pct,mexico,si,si,si
233,15,3,1,1,0,0,2,13620,6.8,suite,web_propio,todo_incluido,baja,deposito_50pct,europa,si,si,no
234,11,3,0,2,0,0,2,2060,5.4,ejecutiva,web_propio,solo_habitacion,baja,deposito_50pct,NA,si,si,no
235,36,3,1,2,0,0,2,12306,9.7,estandar,agencia,todo_incluido,alta,en_hotel,eua_canada,si,si,si
236,66,7,2,2,0,2,0,23851,0,suite,web_propio,media_pension,alta,deposito_50pct,eua_canada,no,no,no
237,25,3,1,2,1,1,0,10018,0.9,estandar,agencia,solo_habitacion,alta,anticipado,mexico,no,si,no
238,173,9,1,2,0,4,0,3864,18.9,suite,telefono,todo_incluido,alta,deposito_50pct,otro,no,si,no
239,92,4,1,2,0,0,1,2893,16.5,ejecutiva,ota,desayuno,baja,deposito_50pct,NA,si,si,si
240,61,3,1,2,0,1,1,3886,25.4,estandar,ota,solo_habitacion,baja,deposito_50pct,eua_canada,si,si,si
241,23,1,0,2,0,2,1,14590,11.2,estandar,web_propio,media_pension,alta,deposito_50pct,mexico,si,si,no
242,21,4,1,2,2,0,2,2644,7.4,ejecutiva,ota,desayuno,alta,deposito_50pct,mexico,si,si,si
243,64,1,1,1,0,0,0,14506,0,suite,ota,desayuno,media,en_hotel,mexico,no,no,no
244,48,1,1,1,0,3,2,21084,19.7,estandar,ota,desayuno,alta,en_hotel,otro,si,si,si
245,54,2,0,2,1,0,0,25319,6,estandar,web_propio,desayuno,media,deposito_50pct,mexico,no,si,no
246,36,1,0,1,0,1,1,25371,0,estandar,agencia,solo_habitacion,alta,anticipado,NA,si,no,no
247,56,1,0,1,0,1,1,10251,14.4,suite,web_propio,desayuno,media,anticipado,eua_canada,si,si,no
248,94,2,1,3,1,0,3,4846,0,suite,ota,media_pension,alta,anticipado,eua_canada,si,no,no
249,89,2,1,2,1,2,1,25872,16,junior,agencia,desayuno,alta,anticipado,mexico,si,si,no
250,89,2,1,1,1,2,2,15189,0,ejecutiva,ota,solo_habitacion,baja,deposito_50pct,eua_canada,si,no,si
251,56,3,1,1,0,0,1,1878,29.8,ejecutiva,web_propio,desayuno,alta,deposito_50pct,mexico,si,si,no
252,16,6,3,3,0,0,4,9632,14.2,junior,ota,media_pension,media,en_hotel,mexico,si,si,si
253,25,3,1,4,0,0,0,5812,5.6,estandar,agencia,solo_habitacion,baja,deposito_50pct,NA,no,si,no
254,82,3,0,2,2,0,1,2705,0,junior,ota,solo_habitacion,media,anticipado,mexico,si,no,no
255,5,5,3,4,0,0,1,17631,2.2,estandar,web_propio,desayuno,media,anticipado,europa,si,si,no
256,101,8,4,2,0,0,1,5155,7.5,estandar,ota,media_pension,media,en_hotel,europa,si,si,no
257,65,3,1,2,1,1,1,3753,9.8,estandar,web_propio,media_pension,alta,en_hotel,eua_canada,si,si,no
258,41,1,0,3,0,0,3,26724,0,estandar,ota,solo_habitacion,media,deposito_50pct,mexico,si,no,si
259,41,8,3,3,2,1,0,14206,9.6,estandar,web_propio,media_pension,alta,deposito_50pct,mexico,no,si,si
260,39,3,1,2,2,1,0,NA,14.2,estandar,ota,desayuno,alta,en_hotel,mexico,no,si,si
261,93,3,1,2,0,1,1,24450,0.2,estandar,ota,desayuno,alta,deposito_50pct,eua_canada,si,si,no
262,131,7,1,4,0,0,1,12649,2,estandar,ota,media_pension,baja,en_hotel,mexico,si,si,no
263,181,2,0,1,0,0,1,10893,2.3,estandar,agencia,desayuno,alta,en_hotel,mexico,si,si,si
264,133,3,2,1,1,0,0,19478,0,junior,telefono,todo_incluido,baja,deposito_50pct,eua_canada,no,no,si
265,103,7,2,2,1,0,3,14070,18.6,estandar,ota,desayuno,baja,anticipado,mexico,si,si,no
266,21,6,3,1,0,0,0,3575,15.3,junior,ota,solo_habitacion,baja,en_hotel,europa,no,si,no
267,42,5,1,2,0,0,1,5104,6.5,estandar,ota,solo_habitacion,baja,en_hotel,mexico,si,si,no
268,91,6,2,2,0,5,3,6000,18.9,estandar,ota,solo_habitacion,media,en_hotel,mexico,si,si,no
269,65,1,0,2,0,1,1,22001,7.7,estandar,ota,media_pension,media,en_hotel,mexico,si,si,no
270,101,3,2,2,0,0,1,23810,19.5,estandar,ota,desayuno,media,anticipado,mexico,si,si,si
271,63,5,1,1,0,2,0,15574,27.1,estandar,ota,solo_habitacion,baja,deposito_50pct,eua_canada,no,si,no
272,49,1,0,1,0,0,2,9084,15,estandar,web_propio,media_pension,baja,en_hotel,eua_canada,si,si,no
273,79,2,0,1,0,0,1,13519,2.8,estandar,web_propio,solo_habitacion,media,deposito_50pct,mexico,si,si,no
274,37,7,3,1,0,1,1,4030,12,suite,web_propio,media_pension,media,deposito_50pct,eua_canada,si,si,no
275,125,7,1,1,0,0,0,13281,0,estandar,ota,media_pension,media,en_hotel,mexico,no,no,si
276,26,5,1,2,0,2,0,18304,12.3,suite,web_propio,media_pension,alta,en_hotel,europa,no,si,no
277,36,4,1,2,0,1,0,27528,8.5,estandar,ota,solo_habitacion,media,en_hotel,mexico,no,si,si
278,49,1,0,2,1,0,2,18032,25.8,estandar,web_propio,solo_habitacion,baja,en_hotel,mexico,si,si,no
279,162,6,3,1,0,1,0,11489,3.6,ejecutiva,ota,desayuno,media,en_hotel,mexico,no,si,no
280,161,5,1,2,0,0,3,7893,NA,suite,agencia,media_pension,media,en_hotel,eua_canada,si,si,si
281,30,4,1,4,0,0,3,9219,5.6,estandar,web_propio,desayuno,media,deposito_50pct,europa,si,si,no
282,22,1,0,3,0,0,0,3265,0,estandar,ota,solo_habitacion,media,anticipado,mexico,no,no,no
283,40,13,3,3,0,0,1,3181,NA,ejecutiva,web_propio,solo_habitacion,media,anticipado,mexico,si,si,si
284,33,1,0,3,1,0,1,4443,25.9,estandar,web_propio,desayuno,alta,deposito_50pct,mexico,si,si,si
285,51,2,1,4,0,0,1,18801,3.7,estandar,ota,solo_habitacion,alta,anticipado,eua_canada,si,si,no
286,220,13,3,2,1,0,2,26497,11.5,estandar,ota,desayuno,media,deposito_50pct,mexico,si,si,si
287,66,2,1,2,0,3,1,14412,12.5,estandar,web_propio,solo_habitacion,media,anticipado,mexico,si,si,no
288,30,7,3,4,0,2,1,18202,7,estandar,ota,solo_habitacion,alta,deposito_50pct,eua_canada,si,si,no
289,63,5,2,3,2,1,3,20710,16.7,estandar,ota,desayuno,alta,en_hotel,NA,si,si,no
290,75,2,1,2,1,1,0,1645,NA,estandar,web_propio,desayuno,media,deposito_50pct,mexico,no,si,si
291,3,1,0,2,2,0,1,5294,38.8,estandar,ota,solo_habitacion,media,en_hotel,eua_canada,si,si,no
292,43,2,1,4,1,1,1,26700,12.7,suite,ota,solo_habitacion,alta,deposito_50pct,mexico,si,si,si
293,74,4,2,1,3,0,1,19145,4.4,suite,ota,todo_incluido,media,deposito_50pct,mexico,si,si,si
294,35,6,3,1,0,0,0,14833,3.7,suite,ota,todo_incluido,alta,deposito_50pct,mexico,no,si,si
295,52,3,1,2,0,0,1,19760,14.8,estandar,ota,todo_incluido,alta,en_hotel,eua_canada,si,si,si
296,73,5,1,2,0,0,0,NA,0,estandar,ota,desayuno,media,en_hotel,mexico,no,no,no
297,43,2,0,1,1,2,1,21348,0,estandar,web_propio,media_pension,baja,deposito_50pct,eua_canada,si,no,no
298,22,4,1,3,0,0,1,12386,4,suite,ota,desayuno,baja,anticipado,europa,si,si,no
299,79,4,2,2,0,1,2,13942,0,ejecutiva,ota,media_pension,alta,en_hotel,mexico,si,no,no
300,70,4,2,2,1,1,2,17402,23.1,estandar,web_propio,todo_incluido,alta,anticipado,otro,si,si,si
301,55,6,2,2,0,0,2,23001,1.6,estandar,agencia,media_pension,alta,deposito_50pct,eua_canada,si,si,no
302,79,1,0,2,1,2,1,19294,0,estandar,web_propio,solo_habitacion,baja,anticipado,mexico,si,no,si
303,71,5,1,2,1,0,1,12930,17.7,estandar,ota,solo_habitacion,baja,en_hotel,mexico,si,si,si
304,39,7,4,4,2,0,2,20731,5.5,estandar,ota,desayuno,media,anticipado,mexico,si,si,no
305,92,3,1,1,0,0,2,20399,NA,junior,telefono,solo_habitacion,alta,deposito_50pct,eua_canada,si,si,si
306,53,1,0,1,1,3,0,20296,0,estandar,ota,todo_incluido,media,anticipado,eua_canada,no,no,si
307,192,1,0,1,2,1,0,10171,19.4,estandar,web_propio,solo_habitacion,alta,en_hotel,mexico,no,si,si
308,130,2,1,4,1,0,0,16642,15.8,estandar,agencia,desayuno,alta,deposito_50pct,mexico,no,si,no
309,82,3,1,2,0,2,1,1701,0,junior,ota,desayuno,media,en_hotel,mexico,si,no,si
310,82,6,2,2,0,1,3,23293,7.6,estandar,web_propio,solo_habitacion,baja,deposito_50pct,mexico,si,si,no
311,27,2,1,1,0,0,1,NA,NA,suite,ota,desayuno,media,en_hotel,mexico,si,no,si
312,20,1,1,2,0,0,2,13921,9.3,suite,ota,desayuno,baja,anticipado,europa,si,si,no
313,72,2,1,2,2,1,1,20279,2.5,junior,telefono,desayuno,alta,deposito_50pct,mexico,si,si,no
314,17,1,0,3,0,1,1,7538,9.4,estandar,agencia,todo_incluido,media,en_hotel,eua_canada,si,si,no
315,28,6,2,2,1,5,0,21458,26.6,estandar,web_propio,solo_habitacion,baja,deposito_50pct,eua_canada,no,si,si
316,55,3,2,2,0,1,5,23000,9.3,estandar,web_propio,desayuno,alta,deposito_50pct,eua_canada,si,si,no
317,19,2,1,2,0,0,2,NA,NA,ejecutiva,web_propio,solo_habitacion,alta,anticipado,mexico,si,si,si
318,24,1,0,2,1,0,1,10789,0,junior,ota,solo_habitacion,alta,deposito_50pct,eua_canada,si,no,no
319,25,1,0,1,1,0,1,3937,9.8,estandar,web_propio,solo_habitacion,baja,en_hotel,mexico,si,si,no
320,36,7,1,2,2,0,1,16000,6.9,estandar,ota,solo_habitacion,baja,deposito_50pct,NA,si,si,si
321,91,3,1,1,1,1,1,6046,0,suite,ota,solo_habitacion,alta,anticipado,mexico,si,no,no
322,15,3,0,3,0,0,3,4182,22.6,junior,ota,desayuno,media,anticipado,mexico,si,si,no
323,175,1,0,2,0,3,2,22328,0.1,junior,agencia,desayuno,media,anticipado,europa,si,si,no
324,46,1,0,2,0,3,1,13612,0.2,ejecutiva,agencia,desayuno,media,en_hotel,mexico,si,si,no
325,102,3,1,2,0,0,0,25999,9.5,suite,ota,media_pension,alta,anticipado,europa,no,si,si
326,22,9,3,3,1,0,1,21535,32.1,estandar,ota,media_pension,baja,deposito_50pct,eua_canada,si,si,si
327,15,2,0,2,0,4,0,19887,8,estandar,ota,desayuno,media,anticipado,eua_canada,no,si,no
328,50,2,1,2,0,1,0,17595,16.3,suite,ota,desayuno,media,deposito_50pct,mexico,no,si,si
329,16,1,1,3,0,0,1,15181,0,estandar,ota,desayuno,baja,deposito_50pct,mexico,si,no,no
330,53,11,5,2,0,1,1,11529,8.8,junior,web_propio,solo_habitacion,alta,deposito_50pct,europa,si,si,no
331,91,3,1,2,0,1,2,2298,3.3,estandar,agencia,desayuno,alta,deposito_50pct,mexico,si,si,no
332,74,4,1,1,0,1,2,NA,2.4,ejecutiva,web_propio,desayuno,baja,deposito_50pct,mexico,si,si,si
333,19,3,1,2,2,0,1,15742,28.7,estandar,ota,solo_habitacion,media,anticipado,mexico,si,si,no
334,54,8,4,3,0,1,0,20803,4.2,junior,web_propio,todo_incluido,alta,anticipado,NA,no,si,no
335,88,3,2,2,1,0,0,17926,NA,estandar,agencia,media_pension,baja,anticipado,mexico,no,no,no
336,71,1,1,1,0,0,1,9845,30.3,estandar,ota,desayuno,alta,deposito_50pct,mexico,si,si,si
337,73,7,4,1,2,5,3,9638,7.2,estandar,web_propio,desayuno,media,en_hotel,mexico,si,si,no
338,44,2,0,1,1,2,2,27823,7.6,estandar,web_propio,desayuno,media,en_hotel,eua_canada,si,si,no
339,37,2,1,2,1,1,1,12711,0,estandar,web_propio,solo_habitacion,alta,deposito_50pct,eua_canada,si,no,no
340,5,8,2,2,0,0,1,10860,3.6,junior,web_propio,desayuno,alta,anticipado,mexico,si,si,no
341,35,3,1,2,0,0,1,18215,9.8,estandar,agencia,solo_habitacion,media,anticipado,mexico,si,si,no
342,77,1,0,2,0,0,1,5457,7.4,junior,ota,media_pension,baja,anticipado,mexico,si,si,si
343,126,1,0,2,2,0,0,7915,0,suite,ota,solo_habitacion,baja,deposito_50pct,mexico,no,no,si
344,170,1,0,2,1,0,0,4382,13.3,junior,ota,media_pension,baja,deposito_50pct,mexico,no,si,si
345,29,2,0,2,2,0,3,24607,13.6,estandar,ota,desayuno,alta,en_hotel,europa,si,si,no
346,48,8,3,3,0,1,2,9555,11.4,junior,ota,media_pension,alta,en_hotel,mexico,si,si,no
347,64,1,0,2,0,0,0,8266,2.9,junior,web_propio,desayuno,media,en_hotel,eua_canada,no,si,no
348,49,4,2,3,0,0,0,12446,NA,junior,ota,solo_habitacion,media,deposito_50pct,mexico,no,si,no
349,111,6,1,2,2,0,2,19453,0,junior,ota,desayuno,alta,deposito_50pct,otro,si,no,si
350,14,3,1,2,0,1,1,23766,1.9,junior,web_propio,solo_habitacion,media,anticipado,mexico,si,si,no
351,18,3,1,1,0,0,3,NA,25.6,estandar,ota,solo_habitacion,alta,anticipado,mexico,si,si,no
352,134,2,1,1,0,2,2,5359,13.1,junior,ota,media_pension,media,anticipado,mexico,si,si,no
353,80,1,1,2,0,1,2,10127,0,estandar,agencia,desayuno,baja,anticipado,mexico,si,no,no
354,85,5,2,2,3,0,0,NA,20,estandar,ota,desayuno,baja,en_hotel,mexico,no,si,si
355,128,4,0,3,0,2,0,8481,NA,suite,agencia,desayuno,alta,anticipado,mexico,no,si,no
356,24,10,5,4,0,0,2,11670,31.5,estandar,web_propio,solo_habitacion,media,deposito_50pct,mexico,si,si,no
357,45,3,2,2,0,0,2,25450,0,ejecutiva,web_propio,desayuno,alta,deposito_50pct,eua_canada,si,no,no
358,37,3,1,2,0,0,2,6056,6.6,junior,ota,desayuno,media,anticipado,mexico,si,si,no
359,13,3,1,2,2,0,0,1791,10.3,ejecutiva,web_propio,desayuno,baja,en_hotel,europa,no,si,no
360,47,3,1,2,1,0,0,25263,12.4,suite,ota,solo_habitacion,alta,anticipado,mexico,no,si,si
361,21,4,2,1,0,0,3,11466,18,estandar,telefono,desayuno,alta,anticipado,eua_canada,si,si,no
362,51,6,3,1,0,3,2,5996,0,estandar,web_propio,solo_habitacion,alta,en_hotel,eua_canada,si,no,no
363,59,2,1,1,0,1,2,26417,0,estandar,ota,media_pension,media,anticipado,eua_canada,si,no,no
364,19,2,0,2,1,0,1,21475,26.6,estandar,ota,desayuno,alta,deposito_50pct,eua_canada,si,si,no
365,32,2,1,1,2,0,2,1561,20.9,estandar,agencia,solo_habitacion,media,deposito_50pct,eua_canada,si,si,no
366,53,6,2,1,0,1,1,4945,7.1,junior,ota,solo_habitacion,baja,deposito_50pct,mexico,si,si,no
367,153,2,0,2,0,1,1,22481,0,estandar,telefono,desayuno,media,anticipado,europa,si,no,no
368,77,3,1,2,0,4,2,23622,11.3,suite,web_propio,desayuno,media,deposito_50pct,europa,si,si,no
369,136,7,4,1,0,3,3,23122,0,suite,web_propio,solo_habitacion,alta,anticipado,europa,si,no,si
370,77,2,1,3,2,3,1,7009,0,estandar,ota,desayuno,baja,deposito_50pct,eua_canada,si,no,no
371,40,11,4,1,1,0,0,8445,19.4,suite,agencia,media_pension,alta,en_hotel,eua_canada,no,si,no
372,6,2,0,1,0,0,0,5076,15.8,junior,web_propio,media_pension,baja,deposito_50pct,eua_canada,no,si,si
373,82,1,0,4,1,1,1,21011,4.3,estandar,web_propio,solo_habitacion,media,deposito_50pct,eua_canada,si,si,no
374,58,2,1,2,0,0,1,24034,22.3,estandar,web_propio,desayuno,alta,en_hotel,eua_canada,si,si,no
375,62,5,3,1,0,0,1,21928,20.3,estandar,ota,desayuno,alta,deposito_50pct,mexico,si,si,si
376,23,11,5,2,0,0,2,5438,14.5,junior,web_propio,media_pension,baja,en_hotel,eua_canada,si,si,no
377,49,12,5,2,0,1,0,25247,NA,ejecutiva,ota,desayuno,baja,anticipado,mexico,no,si,si
378,49,1,0,2,0,1,0,17288,7.7,estandar,web_propio,solo_habitacion,alta,en_hotel,eua_canada,no,si,si
379,133,11,2,2,0,0,0,25250,12.5,estandar,telefono,desayuno,baja,en_hotel,mexico,no,si,si
380,10,2,1,2,0,0,0,6324,10.2,suite,web_propio,solo_habitacion,baja,deposito_50pct,europa,no,si,no
381,28,2,1,1,1,1,1,14140,5.2,estandar,web_propio,todo_incluido,media,deposito_50pct,mexico,si,si,no
382,60,1,0,2,0,0,1,22677,NA,estandar,telefono,todo_incluido,baja,anticipado,mexico,si,no,no
383,107,4,1,3,0,1,1,8221,14.5,junior,ota,solo_habitacion,media,deposito_50pct,mexico,si,si,si
384,188,6,1,2,0,0,2,21149,5.2,estandar,web_propio,solo_habitacion,alta,deposito_50pct,mexico,si,si,si
385,48,7,2,2,0,0,1,14473,18.3,estandar,ota,solo_habitacion,baja,deposito_50pct,mexico,si,si,si
386,17,3,1,4,0,2,3,12182,1.7,junior,ota,desayuno,alta,deposito_50pct,mexico,si,si,no
387,52,4,2,2,0,0,0,11983,0,estandar,telefono,solo_habitacion,media,en_hotel,mexico,no,no,no
388,44,5,1,3,1,3,0,9455,14.8,estandar,ota,solo_habitacion,alta,anticipado,mexico,no,si,si
389,58,14,5,2,0,2,1,2147,2.9,estandar,agencia,media_pension,media,anticipado,mexico,si,si,si
390,7,4,2,2,1,0,0,3468,NA,suite,web_propio,solo_habitacion,media,en_hotel,eua_canada,no,si,si
391,46,3,1,1,2,0,1,19831,0,ejecutiva,web_propio,desayuno,baja,anticipado,eua_canada,si,no,no
392,24,9,4,1,0,1,0,14840,14.1,ejecutiva,telefono,todo_incluido,alta,anticipado,europa,no,si,no
393,133,9,2,1,0,0,1,21923,3.2,suite,web_propio,media_pension,baja,en_hotel,otro,si,si,no
394,14,6,1,1,0,0,2,7792,11.8,estandar,telefono,solo_habitacion,media,en_hotel,europa,si,si,no
395,119,6,3,2,0,1,3,7748,20.9,ejecutiva,ota,todo_incluido,alta,deposito_50pct,mexico,si,si,no
396,16,3,0,4,0,4,2,27266,0,ejecutiva,ota,solo_habitacion,baja,anticipado,mexico,si,no,no
397,14,10,5,1,1,0,0,18923,11,junior,web_propio,desayuno,media,anticipado,mexico,no,si,no
398,130,1,0,2,0,0,0,3749,2.8,estandar,ota,desayuno,media,deposito_50pct,mexico,no,si,no
399,24,4,2,2,0,0,2,6993,10.2,estandar,web_propio,desayuno,alta,anticipado,eua_canada,si,si,no
400,33,5,2,2,0,1,2,10220,0,ejecutiva,ota,desayuno,alta,en_hotel,mexico,si,no,no
401,90,11,6,2,0,1,0,NA,0,junior,ota,desayuno,alta,en_hotel,eua_canada,no,no,si
402,61,1,0,4,0,0,1,2087,0,estandar,web_propio,desayuno,media,deposito_50pct,eua_canada,si,no,no
403,148,2,1,2,0,0,0,11120,25.7,suite,web_propio,desayuno,alta,deposito_50pct,mexico,no,si,si
404,47,3,1,2,0,0,0,2106,13.9,estandar,ota,solo_habitacion,media,deposito_50pct,mexico,no,si,no
405,109,2,1,1,0,1,0,14264,21.2,estandar,web_propio,solo_habitacion,baja,en_hotel,eua_canada,no,si,si
406,28,4,2,1,0,0,1,22069,13.4,estandar,ota,solo_habitacion,baja,deposito_50pct,eua_canada,si,si,no
407,65,5,2,1,0,2,3,12693,1.4,estandar,ota,solo_habitacion,media,en_hotel,otro,si,si,no
408,137,5,2,3,0,0,3,14556,0,estandar,ota,todo_incluido,alta,anticipado,otro,si,no,si
409,58,1,0,2,1,2,2,6566,4.6,estandar,agencia,solo_habitacion,baja,deposito_50pct,mexico,si,si,no
410,27,2,1,1,1,3,0,12315,6.3,junior,ota,solo_habitacion,alta,deposito_50pct,eua_canada,no,si,no
411,59,9,3,1,0,0,1,19495,4.6,estandar,agencia,solo_habitacion,media,en_hotel,eua_canada,si,si,no
412,95,5,2,2,1,2,1,3359,4.9,estandar,telefono,solo_habitacion,baja,en_hotel,mexico,si,si,no
413,5,8,4,1,0,0,1,2250,0,estandar,web_propio,desayuno,media,deposito_50pct,europa,si,no,no
414,70,7,2,1,0,2,1,17612,7.2,suite,web_propio,desayuno,alta,deposito_50pct,eua_canada,si,si,no
415,46,4,2,3,0,0,1,9507,0,ejecutiva,ota,solo_habitacion,baja,en_hotel,europa,si,no,no
416,50,3,1,2,0,0,0,24777,7,estandar,web_propio,solo_habitacion,media,deposito_50pct,eua_canada,no,si,no
417,71,3,0,2,0,0,0,NA,15.2,estandar,web_propio,solo_habitacion,media,en_hotel,mexico,no,si,no
418,69,5,2,2,0,0,0,6330,NA,estandar,agencia,desayuno,alta,en_hotel,otro,no,si,si
419,165,6,3,2,0,1,1,11204,17.9,estandar,web_propio,desayuno,media,en_hotel,mexico,si,si,si
420,136,5,1,2,0,0,0,14929,3.1,junior,ota,desayuno,media,anticipado,mexico,no,si,no
421,27,4,2,2,0,0,1,6880,2.4,estandar,ota,desayuno,alta,anticipado,eua_canada,si,si,no
422,43,1,0,2,0,3,1,26639,13.3,ejecutiva,agencia,desayuno,alta,en_hotel,eua_canada,si,si,no
423,52,11,3,4,0,4,1,12691,8.3,estandar,ota,desayuno,alta,anticipado,otro,si,si,no
424,31,5,1,1,1,5,3,6893,6.2,estandar,ota,solo_habitacion,alta,en_hotel,europa,si,si,no
425,130,2,0,2,0,0,1,10608,20.6,estandar,agencia,solo_habitacion,baja,deposito_50pct,otro,si,si,no
426,28,1,0,2,0,1,1,20672,0,suite,ota,media_pension,baja,en_hotel,eua_canada,si,no,si
427,94,4,1,2,0,3,1,14907,9.8,estandar,ota,solo_habitacion,alta,anticipado,mexico,si,si,no
428,104,3,1,2,0,4,1,22300,0,ejecutiva,telefono,desayuno,baja,en_hotel,europa,si,no,no
429,91,2,1,2,0,0,0,11449,3.4,suite,web_propio,solo_habitacion,media,en_hotel,mexico,no,si,no
430,24,2,0,2,0,0,0,12256,29.2,estandar,telefono,media_pension,baja,en_hotel,mexico,no,si,no
431,59,2,0,1,0,4,0,9795,14.3,junior,web_propio,solo_habitacion,media,en_hotel,NA,no,si,no
432,94,3,2,3,0,0,0,10386,4,junior,ota,solo_habitacion,alta,en_hotel,mexico,no,si,si
433,6,2,0,1,1,0,1,16244,5.7,suite,web_propio,desayuno,alta,anticipado,mexico,si,si,no
434,19,4,2,2,0,1,0,20475,3.7,estandar,ota,solo_habitacion,media,en_hotel,europa,no,si,no
435,67,4,1,2,0,2,1,25137,4.2,estandar,web_propio,solo_habitacion,alta,en_hotel,mexico,si,si,no
436,91,3,1,2,0,0,1,5018,16.4,junior,telefono,desayuno,media,deposito_50pct,europa,si,si,si
437,57,2,1,1,0,0,0,13618,12.3,estandar,ota,solo_habitacion,alta,deposito_50pct,eua_canada,no,si,no
438,76,2,1,2,0,1,2,27401,0,estandar,ota,media_pension,media,en_hotel,mexico,si,no,si
439,49,1,0,1,0,1,1,3498,14.5,suite,web_propio,media_pension,alta,anticipado,mexico,si,si,no
440,31,2,1,2,0,0,4,4391,7.1,estandar,ota,solo_habitacion,alta,en_hotel,mexico,si,si,no
441,66,1,0,1,0,1,2,7762,1.5,ejecutiva,web_propio,solo_habitacion,alta,deposito_50pct,mexico,si,si,no
442,36,4,2,2,1,2,1,15076,21.2,estandar,ota,solo_habitacion,baja,deposito_50pct,mexico,si,si,no
443,35,2,1,1,0,0,1,16687,0,estandar,web_propio,solo_habitacion,baja,anticipado,mexico,si,no,no
444,42,7,2,2,0,0,2,17339,2.6,estandar,web_propio,desayuno,alta,deposito_50pct,eua_canada,si,si,si
445,145,2,1,2,0,0,3,9193,0,estandar,telefono,solo_habitacion,media,deposito_50pct,mexico,si,no,no
446,38,4,1,1,0,3,0,6564,14.4,suite,ota,desayuno,media,deposito_50pct,eua_canada,no,si,si
447,187,11,1,2,0,0,0,10151,15.4,estandar,agencia,solo_habitacion,alta,deposito_50pct,mexico,no,si,no
448,96,3,1,3,0,0,0,14212,0,ejecutiva,ota,desayuno,alta,anticipado,mexico,no,no,no
449,15,2,1,1,0,1,0,13355,9.8,junior,ota,desayuno,alta,en_hotel,eua_canada,no,si,si
450,52,1,0,2,2,1,0,18622,13.2,junior,ota,desayuno,media,deposito_50pct,eua_canada,no,si,si
451,21,3,1,1,0,1,1,24233,0,estandar,web_propio,solo_habitacion,baja,en_hotel,otro,si,no,no
452,89,6,1,2,0,3,2,9709,17.4,estandar,web_propio,desayuno,baja,en_hotel,otro,si,si,no
453,34,3,1,2,0,1,4,21902,16.1,suite,ota,media_pension,media,deposito_50pct,mexico,si,si,no
454,97,2,1,1,0,0,2,9421,5.7,estandar,ota,solo_habitacion,baja,deposito_50pct,mexico,si,si,si
455,47,6,1,1,0,0,2,6140,3.4,estandar,web_propio,solo_habitacion,media,en_hotel,europa,si,si,si
456,216,10,4,2,1,1,4,6734,10.5,estandar,web_propio,solo_habitacion,media,deposito_50pct,mexico,si,si,si
457,76,2,1,2,0,3,3,17895,24.6,estandar,ota,media_pension,alta,en_hotel,mexico,si,si,si
458,79,2,1,3,1,3,3,24506,0,junior,ota,desayuno,media,deposito_50pct,mexico,si,no,no
459,15,2,1,4,0,1,0,10353,22.8,estandar,ota,desayuno,baja,deposito_50pct,mexico,no,si,si
460,38,2,0,1,0,2,2,10893,8.9,estandar,ota,todo_incluido,media,anticipado,eua_canada,si,si,si
461,56,4,2,2,0,2,1,13638,9.1,suite,web_propio,desayuno,alta,en_hotel,mexico,si,si,si
462,54,2,1,3,0,0,1,7309,7.4,estandar,ota,desayuno,alta,en_hotel,mexico,si,si,si
463,53,6,2,1,0,1,0,27188,11.5,junior,ota,media_pension,media,deposito_50pct,europa,no,si,si
464,22,2,1,2,0,1,3,2897,0,estandar,ota,solo_habitacion,alta,en_hotel,mexico,si,no,no
465,11,2,1,2,2,0,0,18691,24,estandar,web_propio,solo_habitacion,media,anticipado,mexico,no,si,si
466,44,2,0,3,0,0,1,7645,0,ejecutiva,web_propio,desayuno,baja,en_hotel,mexico,si,no,no
467,12,4,2,2,1,0,1,10738,0,estandar,ota,desayuno,alta,deposito_50pct,mexico,si,no,no
468,82,3,1,4,0,0,0,18405,20.6,junior,web_propio,desayuno,media,en_hotel,mexico,no,si,si
469,57,12,3,2,0,3,1,22511,0,estandar,telefono,todo_incluido,media,en_hotel,eua_canada,si,no,no
470,10,7,2,1,0,0,1,11628,17.4,suite,telefono,desayuno,media,en_hotel,eua_canada,si,si,si
471,36,5,3,1,0,2,0,16178,19.4,junior,web_propio,solo_habitacion,alta,en_hotel,mexico,no,si,no
472,18,1,0,2,0,3,3,18170,1.6,ejecutiva,web_propio,desayuno,alta,en_hotel,mexico,si,si,no
473,168,2,1,2,0,0,2,16311,0,junior,web_propio,media_pension,baja,anticipado,eua_canada,si,no,si
474,51,2,0,2,0,1,0,NA,0,estandar,web_propio,todo_incluido,alta,deposito_50pct,eua_canada,no,no,si
475,71,9,3,2,1,0,0,14328,0,junior,web_propio,solo_habitacion,media,anticipado,eua_canada,no,no,no
476,48,2,0,2,0,0,1,8025,5,estandar,agencia,solo_habitacion,baja,en_hotel,eua_canada,si,si,no
477,46,1,0,2,0,3,1,22064,0,estandar,web_propio,media_pension,baja,deposito_50pct,europa,si,no,no
478,54,4,1,1,3,0,0,22467,7.2,estandar,telefono,media_pension,alta,deposito_50pct,mexico,no,si,si
479,131,3,0,1,0,3,0,16126,11,ejecutiva,ota,media_pension,alta,deposito_50pct,europa,no,si,si
480,72,1,0,2,2,3,2,13541,8.7,suite,web_propio,desayuno,media,anticipado,mexico,si,si,si
481,101,3,2,3,0,0,2,21466,0,estandar,ota,desayuno,alta,deposito_50pct,mexico,si,no,no
482,68,2,0,2,0,0,0,14122,6.2,ejecutiva,ota,desayuno,alta,deposito_50pct,eua_canada,no,si,si
483,95,8,2,1,1,1,1,12332,12.6,estandar,agencia,desayuno,media,deposito_50pct,europa,si,si,si
484,29,9,5,2,2,0,0,14100,7.8,estandar,ota,media_pension,baja,anticipado,mexico,no,si,no
485,34,1,0,2,1,0,1,3557,5.7,suite,ota,solo_habitacion,media,en_hotel,mexico,si,si,no
486,92,1,0,2,0,0,1,22242,14.5,estandar,ota,solo_habitacion,baja,deposito_50pct,eua_canada,si,si,no
487,67,1,0,2,0,0,1,17269,9.6,estandar,ota,media_pension,alta,en_hotel,mexico,si,si,no
488,49,12,2,2,0,0,1,27641,9.2,junior,ota,solo_habitacion,media,en_hotel,otro,si,si,si
489,97,1,0,4,1,0,2,27974,7.8,estandar,ota,solo_habitacion,media,en_hotel,mexico,si,si,si
490,170,12,2,1,0,0,1,11671,26.7,estandar,ota,solo_habitacion,baja,en_hotel,mexico,si,si,si
491,71,1,0,2,0,2,3,13725,NA,estandar,agencia,desayuno,alta,anticipado,mexico,si,si,no
492,222,2,1,2,0,1,0,3216,14.3,suite,web_propio,solo_habitacion,alta,deposito_50pct,mexico,no,si,si
493,146,6,3,1,0,1,2,13620,0.4,junior,web_propio,desayuno,alta,anticipado,mexico,si,si,no
494,154,3,1,2,0,0,1,22725,13.4,estandar,ota,todo_incluido,alta,anticipado,eua_canada,si,si,si
495,86,8,3,2,2,0,1,27183,12,estandar,ota,media_pension,media,deposito_50pct,eua_canada,si,si,no
496,81,3,0,1,0,0,1,9961,2.2,estandar,web_propio,solo_habitacion,media,en_hotel,mexico,si,si,no
497,97,4,1,2,3,0,0,23740,0,junior,ota,solo_habitacion,baja,en_hotel,europa,no,no,si
498,126,11,2,3,0,0,1,16128,0,estandar,ota,desayuno,media,en_hotel,europa,si,no,no
499,152,3,1,2,0,1,0,6025,9.9,estandar,ota,solo_habitacion,media,deposito_50pct,otro,no,si,no
500,71,3,0,4,0,1,2,12485,0,estandar,web_propio,desayuno,alta,anticipado,eua_canada,si,no,no
501,107,2,0,2,0,0,0,4192,22.5,estandar,ota,media_pension,baja,deposito_50pct,eua_canada,no,si,si
502,48,1,1,2,2,0,1,25995,0,junior,ota,desayuno,alta,deposito_50pct,mexico,si,no,no
503,75,7,2,2,0,0,3,3362,14.4,estandar,agencia,media_pension,baja,en_hotel,eua_canada,si,si,no
504,20,2,0,1,0,1,0,20051,20.6,estandar,web_propio,desayuno,media,en_hotel,mexico,no,si,si
505,16,3,1,1,0,2,2,26465,6.4,estandar,web_propio,desayuno,baja,deposito_50pct,mexico,si,si,no
506,113,1,0,3,0,0,0,22916,15.7,estandar,ota,media_pension,media,anticipado,eua_canada,no,si,si
507,22,3,1,3,0,1,1,25226,1.3,ejecutiva,telefono,media_pension,baja,deposito_50pct,mexico,si,si,no
508,33,1,0,2,0,1,0,17415,9.1,suite,ota,desayuno,media,en_hotel,mexico,no,si,no
509,44,4,1,2,1,0,3,15652,12.1,junior,web_propio,solo_habitacion,media,deposito_50pct,eua_canada,si,si,no
510,122,4,1,1,0,0,1,21823,0,estandar,agencia,desayuno,alta,en_hotel,eua_canada,si,no,no
511,19,2,1,2,2,1,1,25073,8.2,junior,telefono,desayuno,media,deposito_50pct,eua_canada,si,si,si
512,115,3,1,1,1,1,0,19297,NA,ejecutiva,ota,solo_habitacion,alta,anticipado,eua_canada,no,no,no
513,16,2,1,2,2,0,4,24516,7.8,estandar,ota,media_pension,media,anticipado,mexico,si,si,no
514,64,8,3,1,0,2,0,19719,0,suite,agencia,desayuno,baja,deposito_50pct,eua_canada,no,no,si
515,8,2,1,2,0,0,1,13043,4.9,junior,ota,desayuno,media,deposito_50pct,mexico,si,si,no
516,30,10,6,2,2,0,2,4310,39.1,estandar,ota,solo_habitacion,baja,anticipado,eua_canada,si,si,no
517,203,2,1,2,0,1,2,5208,11.5,junior,telefono,solo_habitacion,alta,anticipado,mexico,si,si,no
518,135,1,0,4,0,0,1,27914,0,estandar,agencia,solo_habitacion,media,en_hotel,mexico,si,no,si
519,135,3,1,1,1,1,0,8894,3.7,estandar,ota,desayuno,media,anticipado,mexico,no,si,no
520,18,2,0,2,0,4,1,NA,NA,estandar,ota,solo_habitacion,media,deposito_50pct,europa,si,si,no
521,76,3,1,1,0,0,3,12276,10.5,junior,ota,media_pension,baja,anticipado,mexico,si,si,si
522,17,10,4,2,1,0,2,12135,17.4,ejecutiva,ota,desayuno,media,deposito_50pct,mexico,si,si,no
523,49,7,3,1,0,3,0,15682,4.5,estandar,agencia,todo_incluido,media,deposito_50pct,europa,no,si,no
524,19,6,2,2,1,0,2,16978,8.6,estandar,ota,desayuno,media,en_hotel,eua_canada,si,si,no
525,53,3,0,3,1,0,1,24830,9.2,estandar,ota,solo_habitacion,alta,en_hotel,europa,si,si,si
526,51,2,1,2,0,2,1,13064,21.2,estandar,web_propio,solo_habitacion,baja,anticipado,mexico,si,si,no
527,63,1,0,1,0,2,0,9953,1,estandar,ota,desayuno,alta,deposito_50pct,mexico,no,si,no
528,11,2,1,2,0,5,0,7971,0,estandar,ota,desayuno,alta,en_hotel,europa,no,no,no
529,185,1,0,4,1,1,2,NA,13.4,junior,ota,solo_habitacion,media,deposito_50pct,otro,si,si,si
530,6,3,0,1,1,0,2,11065,16.6,estandar,web_propio,desayuno,alta,en_hotel,mexico,si,si,no
531,21,1,0,1,0,4,2,9791,19,estandar,telefono,media_pension,alta,deposito_50pct,NA,si,si,no
532,24,3,1,2,1,2,0,26511,20.6,junior,ota,solo_habitacion,alta,anticipado,europa,no,si,si
533,35,2,1,3,0,1,0,9478,17.8,estandar,web_propio,desayuno,alta,anticipado,mexico,no,si,no
534,107,7,2,2,0,0,1,24661,1.7,suite,agencia,solo_habitacion,alta,deposito_50pct,NA,si,si,si
535,33,7,4,2,0,0,0,16982,10.6,estandar,ota,media_pension,media,deposito_50pct,europa,no,si,si
536,48,7,3,2,0,0,1,9929,6.9,ejecutiva,telefono,desayuno,baja,en_hotel,mexico,si,si,si
537,148,2,1,2,0,2,0,14371,3.8,estandar,agencia,solo_habitacion,alta,anticipado,europa,no,si,no
538,44,2,1,2,0,0,2,1735,21.4,estandar,web_propio,solo_habitacion,baja,anticipado,otro,si,si,si
539,74,5,2,2,0,0,0,15276,3.1,ejecutiva,ota,todo_incluido,media,anticipado,mexico,no,si,no
540,14,5,2,1,1,2,3,25629,1.3,ejecutiva,ota,solo_habitacion,alta,anticipado,mexico,si,si,no
541,29,7,2,1,1,0,0,24718,0,estandar,ota,solo_habitacion,media,deposito_50pct,mexico,no,no,si
542,11,1,0,1,0,0,0,24402,9.4,ejecutiva,web_propio,todo_incluido,media,en_hotel,otro,no,si,si
543,29,4,2,3,0,0,1,18199,16.7,estandar,agencia,media_pension,media,anticipado,mexico,si,si,no
544,44,5,1,2,0,3,2,10516,9.2,estandar,ota,solo_habitacion,baja,en_hotel,mexico,si,si,no
545,37,3,2,3,0,0,2,6535,24.1,estandar,ota,desayuno,baja,deposito_50pct,mexico,si,si,si
546,193,3,1,1,1,0,0,10762,8.3,junior,agencia,desayuno,baja,anticipado,eua_canada,no,si,si
547,100,11,6,2,0,0,2,24498,7,junior,ota,todo_incluido,alta,deposito_50pct,mexico,si,si,no
548,37,5,1,2,2,0,0,20348,10.6,ejecutiva,ota,desayuno,alta,deposito_50pct,mexico,no,si,no
549,88,5,1,2,0,0,1,27805,19.2,estandar,ota,todo_incluido,media,anticipado,mexico,si,si,si
550,132,4,1,1,0,0,2,25188,25,junior,agencia,media_pension,media,deposito_50pct,mexico,si,si,si
551,27,1,0,4,0,1,4,24327,9.6,suite,telefono,solo_habitacion,baja,en_hotel,eua_canada,si,si,no
552,199,3,1,3,0,0,1,6323,13.5,junior,web_propio,solo_habitacion,media,deposito_50pct,otro,si,si,no
553,64,10,5,2,1,3,1,26501,3,suite,web_propio,desayuno,media,en_hotel,mexico,si,si,si
554,35,1,1,2,0,0,0,6281,0,suite,ota,media_pension,baja,anticipado,mexico,no,no,no
555,54,2,0,1,0,3,2,12938,0.6,estandar,agencia,solo_habitacion,media,anticipado,eua_canada,si,si,no
556,166,4,2,2,2,0,1,17179,21.6,estandar,web_propio,todo_incluido,alta,deposito_50pct,eua_canada,si,si,si
557,49,4,2,1,0,0,2,19507,1,junior,ota,media_pension,alta,en_hotel,eua_canada,si,si,si
558,64,2,0,1,1,0,1,15254,11.9,estandar,ota,media_pension,media,deposito_50pct,mexico,si,si,si
559,45,2,1,1,0,0,0,27777,9.3,junior,web_propio,solo_habitacion,media,anticipado,otro,no,si,si
560,49,2,1,2,2,1,1,5034,5.6,estandar,web_propio,solo_habitacion,media,anticipado,mexico,si,si,no
561,49,9,1,2,0,0,1,17363,0,junior,web_propio,solo_habitacion,alta,en_hotel,eua_canada,si,no,si
562,62,1,0,1,0,2,2,27869,4.9,ejecutiva,web_propio,todo_incluido,alta,en_hotel,mexico,si,si,no
563,53,13,3,4,0,1,1,5700,19.8,estandar,ota,solo_habitacion,baja,deposito_50pct,otro,si,si,si
564,71,4,1,4,1,0,3,6479,11.1,estandar,ota,solo_habitacion,baja,deposito_50pct,mexico,si,si,si
565,61,3,0,1,0,0,2,4693,0,estandar,ota,desayuno,media,en_hotel,mexico,si,no,si
566,81,3,1,2,0,2,0,24718,23.9,estandar,web_propio,media_pension,baja,en_hotel,mexico,no,si,si
567,104,4,1,4,0,0,1,18638,15.3,estandar,agencia,solo_habitacion,baja,anticipado,europa,si,si,si
568,55,2,1,3,0,0,1,14155,0,estandar,agencia,solo_habitacion,alta,deposito_50pct,eua_canada,si,no,no
569,33,1,0,4,0,1,2,22561,5.3,junior,telefono,media_pension,alta,anticipado,mexico,si,si,no
570,252,2,1,2,0,0,0,16027,0,estandar,agencia,desayuno,media,deposito_50pct,mexico,no,no,si
571,3,2,1,2,0,0,0,26377,0.1,estandar,ota,desayuno,media,deposito_50pct,eua_canada,no,si,no
572,102,6,2,2,0,1,3,19008,27.2,ejecutiva,agencia,solo_habitacion,baja,deposito_50pct,mexico,si,si,si
573,138,1,0,2,0,1,1,26989,0,estandar,ota,solo_habitacion,alta,anticipado,mexico,si,no,si
574,28,8,4,2,0,1,2,20566,0,estandar,ota,desayuno,media,en_hotel,europa,si,no,no
575,47,4,1,2,0,0,1,18543,0,suite,ota,solo_habitacion,baja,anticipado,mexico,si,no,si
576,97,2,1,1,1,1,1,13577,3.3,suite,ota,solo_habitacion,alta,anticipado,mexico,si,si,no
577,188,4,2,1,0,1,3,22643,4.9,estandar,web_propio,solo_habitacion,alta,en_hotel,eua_canada,si,si,no
578,61,3,1,4,3,0,0,11604,17.2,estandar,ota,desayuno,baja,anticipado,mexico,no,si,no
579,126,5,3,2,1,0,0,7401,3.3,junior,web_propio,desayuno,media,en_hotel,europa,no,si,si
580,61,2,0,2,0,0,1,19950,7,estandar,ota,media_pension,media,anticipado,europa,si,si,si
581,22,1,0,2,2,0,1,25775,12.5,junior,web_propio,solo_habitacion,baja,anticipado,mexico,si,si,no
582,85,5,1,1,0,0,2,17852,17.8,estandar,ota,solo_habitacion,media,deposito_50pct,mexico,si,si,si
583,28,3,1,4,0,1,2,14978,0,estandar,web_propio,solo_habitacion,media,deposito_50pct,eua_canada,si,no,si
584,21,4,1,2,0,1,0,7103,20,estandar,ota,solo_habitacion,media,anticipado,europa,no,si,no
585,93,5,1,2,2,1,1,25234,NA,estandar,web_propio,desayuno,media,deposito_50pct,otro,si,si,si
586,112,8,4,2,0,0,0,2701,2.4,estandar,agencia,solo_habitacion,baja,deposito_50pct,mexico,no,si,si
587,107,3,1,2,2,0,1,14381,4.2,junior,web_propio,solo_habitacion,alta,anticipado,otro,si,si,no
588,24,3,1,2,0,2,1,10402,0,estandar,ota,desayuno,alta,deposito_50pct,europa,si,no,no
589,63,6,4,1,0,0,1,23821,6.8,estandar,ota,solo_habitacion,media,en_hotel,eua_canada,si,si,no
590,101,2,1,1,0,1,2,12811,4.6,suite,web_propio,solo_habitacion,baja,deposito_50pct,eua_canada,si,si,no
591,128,7,3,2,2,0,2,18972,0,estandar,ota,solo_habitacion,media,anticipado,mexico,si,no,no
592,103,3,1,2,0,2,1,23226,4.6,estandar,ota,desayuno,media,en_hotel,NA,si,si,si
593,17,1,0,2,1,1,2,7975,0,estandar,ota,solo_habitacion,media,deposito_50pct,eua_canada,si,no,no
594,242,3,1,1,0,1,4,6574,0.5,estandar,ota,media_pension,media,deposito_50pct,europa,si,si,si
595,37,11,6,1,0,0,0,18338,9.7,suite,ota,desayuno,alta,anticipado,mexico,no,si,si
596,40,3,1,2,0,2,1,26350,0,ejecutiva,ota,desayuno,alta,en_hotel,mexico,si,no,si
597,38,1,0,3,2,0,3,25328,0,junior,ota,solo_habitacion,media,anticipado,europa,si,no,no
598,39,2,1,2,0,0,0,6082,4.5,junior,web_propio,desayuno,media,en_hotel,mexico,no,si,si
599,86,7,2,3,0,2,1,27543,7.1,junior,ota,desayuno,alta,en_hotel,mexico,si,si,si
600,27,3,1,1,0,0,1,14911,0,estandar,ota,desayuno,media,anticipado,mexico,si,no,no
601,124,6,3,2,0,2,4,26504,0,estandar,web_propio,media_pension,media,deposito_50pct,mexico,si,no,si
602,103,4,1,2,0,0,1,27977,3.3,estandar,ota,todo_incluido,media,deposito_50pct,mexico,si,si,no
603,49,3,1,2,0,1,0,19149,14.9,estandar,ota,todo_incluido,alta,deposito_50pct,europa,no,si,no
604,38,5,1,3,1,0,2,20010,7.6,estandar,ota,desayuno,media,deposito_50pct,europa,si,si,no
605,82,3,1,4,0,1,1,24868,18.9,estandar,web_propio,solo_habitacion,alta,deposito_50pct,eua_canada,si,si,no
606,41,4,2,1,0,0,1,13563,0,estandar,web_propio,media_pension,alta,deposito_50pct,mexico,si,no,no
607,10,1,0,1,0,3,1,24727,15.9,ejecutiva,agencia,desayuno,media,en_hotel,mexico,si,si,no
608,41,4,1,2,0,0,1,17889,22.3,estandar,ota,solo_habitacion,media,deposito_50pct,eua_canada,si,si,si
609,76,1,0,3,1,0,1,16363,0,estandar,web_propio,todo_incluido,baja,anticipado,europa,si,no,no
610,83,1,0,1,1,1,1,22654,13.7,estandar,agencia,solo_habitacion,baja,deposito_50pct,mexico,si,si,si
611,15,2,1,2,0,0,1,23952,4.3,junior,ota,solo_habitacion,media,anticipado,eua_canada,si,si,no
612,85,2,1,2,2,0,4,3263,0,junior,web_propio,solo_habitacion,baja,en_hotel,eua_canada,si,no,no
613,54,3,1,2,0,3,1,18940,4.7,estandar,ota,solo_habitacion,alta,deposito_50pct,mexico,si,si,no
614,42,1,0,2,0,0,1,11363,8.7,estandar,ota,todo_incluido,media,en_hotel,eua_canada,si,si,no
615,27,4,2,2,0,0,2,2630,19,estandar,ota,todo_incluido,baja,deposito_50pct,mexico,si,si,no
616,27,2,1,2,0,0,1,11460,38,estandar,telefono,todo_incluido,alta,anticipado,mexico,si,si,no
617,49,4,1,2,1,0,3,NA,12.6,estandar,web_propio,desayuno,baja,en_hotel,mexico,si,si,no
618,29,1,1,2,0,0,1,18790,10.3,estandar,ota,solo_habitacion,alta,anticipado,eua_canada,si,si,si
619,43,5,1,2,0,0,4,12133,8.2,junior,ota,solo_habitacion,media,en_hotel,mexico,si,si,si
620,72,1,0,2,1,0,1,17586,6.1,estandar,ota,desayuno,baja,anticipado,eua_canada,si,si,si
621,18,12,5,1,2,0,2,10010,0,estandar,web_propio,solo_habitacion,alta,anticipado,europa,si,no,no
622,155,1,1,2,1,0,1,18675,0,estandar,ota,desayuno,alta,en_hotel,europa,si,no,si
623,151,9,4,2,0,1,1,16391,16.4,junior,telefono,solo_habitacion,baja,en_hotel,mexico,si,si,si
624,41,7,1,2,0,3,1,4404,8.7,junior,telefono,desayuno,baja,anticipado,mexico,si,si,no
625,74,2,0,2,1,3,2,7349,5.4,junior,web_propio,media_pension,media,en_hotel,NA,si,si,no
626,62,3,2,2,0,0,4,15182,6.9,estandar,web_propio,media_pension,alta,en_hotel,mexico,si,si,no
627,29,2,0,2,1,0,2,23512,20.1,estandar,agencia,solo_habitacion,baja,deposito_50pct,mexico,si,si,no
628,17,4,0,2,0,3,1,11534,12.4,ejecutiva,web_propio,solo_habitacion,media,en_hotel,mexico,si,si,no
629,62,1,0,1,0,2,0,13288,9.5,estandar,telefono,solo_habitacion,alta,deposito_50pct,eua_canada,no,si,si
630,42,1,0,2,0,0,0,NA,27,estandar,web_propio,media_pension,media,anticipado,mexico,no,si,si
631,109,4,1,3,0,0,2,24378,0,ejecutiva,ota,media_pension,baja,deposito_50pct,mexico,si,no,no
632,50,5,2,3,0,3,1,14026,4.2,junior,ota,desayuno,media,deposito_50pct,eua_canada,si,si,no
633,156,11,2,2,1,1,0,17462,13.3,suite,ota,media_pension,media,deposito_50pct,mexico,no,si,si
634,109,3,1,2,0,0,1,23764,7.8,junior,ota,media_pension,baja,anticipado,eua_canada,si,si,no
635,80,9,2,4,1,5,1,22502,17.8,estandar,agencia,desayuno,alta,anticipado,eua_canada,si,si,no
636,177,1,0,4,1,1,1,22790,0.9,estandar,ota,desayuno,baja,deposito_50pct,mexico,si,si,si
637,35,10,4,1,0,0,1,1536,19.4,suite,ota,desayuno,baja,en_hotel,mexico,si,si,no
638,41,2,1,3,0,0,2,24389,8,estandar,ota,desayuno,baja,deposito_50pct,mexico,si,si,si
639,15,8,3,1,0,0,2,19317,5.8,suite,ota,desayuno,alta,en_hotel,eua_canada,si,si,si
640,78,7,4,2,0,4,1,16611,2.7,ejecutiva,ota,solo_habitacion,media,en_hotel,eua_canada,si,si,si
641,28,7,4,1,1,1,1,14759,11.9,ejecutiva,ota,desayuno,media,anticipado,mexico,si,si,no
642,35,4,1,1,2,0,1,16003,0,ejecutiva,web_propio,desayuno,alta,en_hotel,mexico,si,no,si
643,62,2,1,1,0,0,3,3719,0,suite,ota,media_pension,media,anticipado,otro,si,no,no
644,50,1,0,2,0,0,2,18968,5.1,estandar,ota,solo_habitacion,baja,deposito_50pct,mexico,si,si,si
645,110,1,0,2,0,0,0,26484,30.2,estandar,ota,media_pension,media,en_hotel,europa,no,si,si
646,155,6,2,3,1,0,1,13393,0,estandar,ota,media_pension,alta,deposito_50pct,mexico,si,no,si
647,60,2,1,2,0,1,0,9174,0,junior,ota,desayuno,baja,en_hotel,eua_canada,no,no,no
648,30,4,2,4,0,2,1,18801,8.9,junior,web_propio,desayuno,baja,anticipado,mexico,si,si,no
649,58,11,1,2,0,0,0,9670,0,estandar,ota,desayuno,media,en_hotel,eua_canada,no,no,si
650,43,10,2,2,0,0,1,21271,15.2,estandar,telefono,media_pension,alta,anticipado,mexico,si,si,no
651,23,4,1,2,0,0,1,18134,3.7,junior,ota,solo_habitacion,baja,anticipado,eua_canada,si,si,si
652,34,1,0,2,0,3,2,20516,0,ejecutiva,ota,solo_habitacion,alta,deposito_50pct,eua_canada,si,no,no
653,106,1,0,1,1,0,1,15584,0,ejecutiva,ota,desayuno,alta,deposito_50pct,mexico,si,no,si
654,29,3,1,2,0,1,1,19560,5.2,ejecutiva,agencia,solo_habitacion,alta,en_hotel,mexico,si,si,no
655,88,3,1,2,1,0,1,23596,16.3,junior,ota,desayuno,media,en_hotel,otro,si,si,si
656,45,1,1,1,2,0,0,22717,0,estandar,web_propio,solo_habitacion,alta,deposito_50pct,eua_canada,no,no,no
657,150,2,1,1,0,1,0,9821,26,junior,web_propio,media_pension,alta,en_hotel,mexico,no,si,si
658,38,1,0,4,0,1,0,14878,14.1,junior,ota,desayuno,alta,deposito_50pct,eua_canada,no,si,no
659,139,14,4,1,0,1,0,9289,NA,junior,ota,solo_habitacion,baja,anticipado,mexico,no,si,si
660,60,2,0,2,0,0,1,23325,0.1,estandar,agencia,solo_habitacion,media,deposito_50pct,mexico,si,si,no
661,93,2,0,1,1,0,1,12001,14,estandar,telefono,solo_habitacion,media,anticipado,eua_canada,si,si,si
662,60,2,1,1,2,1,2,11131,1.4,junior,agencia,solo_habitacion,media,en_hotel,mexico,si,si,si
663,53,10,3,4,1,0,2,21856,0,estandar,ota,desayuno,media,en_hotel,mexico,si,no,no
664,142,3,1,2,0,0,1,23991,2,junior,ota,solo_habitacion,alta,en_hotel,mexico,si,si,si
665,33,1,0,3,0,1,1,10047,0.7,suite,web_propio,solo_habitacion,baja,en_hotel,mexico,si,si,no
666,43,3,2,3,0,0,5,15870,6.1,estandar,web_propio,todo_incluido,alta,en_hotel,mexico,si,si,no
667,70,6,1,1,2,1,0,8881,0,estandar,agencia,desayuno,baja,en_hotel,mexico,no,no,no
668,5,3,0,2,2,5,1,22218,30.3,estandar,web_propio,media_pension,media,deposito_50pct,eua_canada,si,si,no
669,55,1,0,2,0,1,2,23170,18.5,estandar,ota,solo_habitacion,media,en_hotel,mexico,si,si,no
670,56,9,3,1,0,0,1,23098,6.6,estandar,ota,solo_habitacion,media,deposito_50pct,otro,si,si,si
671,91,5,2,1,0,0,2,5827,0.4,estandar,agencia,solo_habitacion,media,anticipado,mexico,si,si,no
672,21,2,1,2,0,0,2,8162,24.8,junior,ota,solo_habitacion,alta,anticipado,NA,si,si,no
673,33,2,1,2,2,2,1,3972,0,estandar,agencia,desayuno,media,deposito_50pct,otro,si,no,no
674,41,4,2,2,1,3,1,12035,3.4,estandar,agencia,desayuno,media,deposito_50pct,eua_canada,si,si,no
675,3,3,1,2,1,0,0,7423,11.5,estandar,ota,desayuno,baja,anticipado,mexico,no,si,no
676,45,2,0,4,2,1,0,17273,7.9,junior,agencia,desayuno,baja,anticipado,otro,no,si,si
677,25,8,2,2,0,0,3,NA,0,junior,web_propio,desayuno,media,en_hotel,mexico,si,no,no
678,56,5,3,1,0,0,4,3511,17.7,estandar,web_propio,desayuno,alta,en_hotel,mexico,si,si,si
679,155,11,4,2,0,0,0,10352,22.6,estandar,ota,solo_habitacion,baja,en_hotel,europa,no,si,no
680,126,6,1,2,1,1,2,12244,8.8,estandar,ota,todo_incluido,alta,anticipado,mexico,si,si,no
681,50,1,0,3,0,2,1,10919,18.6,estandar,agencia,desayuno,media,anticipado,mexico,si,si,no
682,51,2,1,1,0,0,3,5771,0.4,estandar,web_propio,solo_habitacion,alta,deposito_50pct,mexico,si,si,no
683,130,6,2,2,1,0,1,NA,31.1,estandar,web_propio,todo_incluido,alta,deposito_50pct,eua_canada,si,si,no
684,23,7,2,4,0,3,1,14102,0,suite,ota,desayuno,alta,deposito_50pct,eua_canada,si,no,no
685,28,6,3,4,0,0,0,16620,24.9,estandar,ota,solo_habitacion,baja,anticipado,mexico,no,si,si
686,149,3,1,3,1,3,1,13138,9.7,estandar,web_propio,solo_habitacion,alta,en_hotel,eua_canada,si,si,no
687,27,7,3,2,0,1,3,5685,9,estandar,web_propio,desayuno,alta,anticipado,mexico,si,si,no
688,35,1,0,2,0,1,1,3971,7.6,estandar,ota,solo_habitacion,baja,deposito_50pct,eua_canada,si,si,si
689,154,1,0,2,1,3,2,15388,0,estandar,web_propio,solo_habitacion,media,en_hotel,mexico,si,no,no
690,30,7,4,2,0,0,4,4271,17.5,junior,web_propio,solo_habitacion,media,deposito_50pct,mexico,si,si,no
691,63,3,2,2,0,0,1,17544,4.2,estandar,ota,solo_habitacion,baja,anticipado,mexico,si,si,si
692,48,1,0,2,0,0,0,9886,8,estandar,web_propio,media_pension,alta,deposito_50pct,eua_canada,no,si,si
693,54,5,2,4,0,1,0,4483,15.8,estandar,ota,todo_incluido,baja,en_hotel,eua_canada,no,si,si
694,82,1,1,2,0,0,0,6378,0,estandar,web_propio,desayuno,alta,en_hotel,mexico,no,no,si
695,20,5,2,2,0,4,3,24473,16.5,estandar,ota,solo_habitacion,baja,en_hotel,mexico,si,si,no
696,101,4,2,2,0,0,1,24898,12.9,estandar,agencia,solo_habitacion,alta,deposito_50pct,mexico,si,si,si
697,20,5,1,3,0,2,4,16120,23.6,estandar,ota,media_pension,media,deposito_50pct,mexico,si,si,no
698,88,3,1,2,0,0,0,15471,6.4,estandar,web_propio,solo_habitacion,baja,deposito_50pct,mexico,no,si,si
699,103,1,0,2,2,1,1,1869,17.5,estandar,ota,solo_habitacion,alta,deposito_50pct,mexico,si,si,si
700,160,1,1,2,0,0,3,13532,11.8,suite,ota,solo_habitacion,baja,en_hotel,NA,si,si,si
701,36,3,2,2,2,0,1,11991,0,suite,web_propio,desayuno,alta,en_hotel,mexico,si,no,no
702,109,2,1,1,1,1,0,9600,8.2,junior,web_propio,solo_habitacion,baja,anticipado,otro,no,si,no
703,24,1,0,1,0,1,0,26853,19.5,estandar,agencia,desayuno,alta,en_hotel,eua_canada,no,si,no
704,21,12,2,2,0,2,0,9098,1.1,suite,agencia,desayuno,alta,anticipado,mexico,no,si,no
705,28,3,2,2,1,0,0,19612,14.7,junior,web_propio,desayuno,baja,deposito_50pct,mexico,no,si,no
706,129,3,0,2,1,0,0,14914,19.5,estandar,web_propio,solo_habitacion,media,deposito_50pct,eua_canada,no,si,no
707,17,3,2,2,2,0,0,3735,0.7,junior,telefono,todo_incluido,media,anticipado,eua_canada,no,si,no
708,14,2,1,1,2,0,2,22175,3.6,estandar,ota,desayuno,baja,en_hotel,otro,si,si,no
709,29,2,1,1,1,1,1,13815,13.7,junior,ota,desayuno,alta,deposito_50pct,otro,si,si,si
710,251,2,1,1,0,0,0,2553,0,junior,web_propio,desayuno,media,anticipado,mexico,no,no,si
711,41,4,1,2,0,0,0,15530,10,junior,telefono,solo_habitacion,media,anticipado,mexico,no,si,no
712,90,4,2,2,0,0,2,NA,16.6,estandar,ota,media_pension,baja,en_hotel,mexico,si,si,si
713,35,9,4,2,0,1,3,14268,2.5,junior,web_propio,solo_habitacion,media,deposito_50pct,mexico,si,si,no
714,23,7,4,3,0,2,2,14360,NA,junior,ota,media_pension,alta,en_hotel,eua_canada,si,no,no
715,32,5,1,2,1,0,2,18762,NA,estandar,ota,media_pension,baja,en_hotel,eua_canada,si,si,no
716,122,3,1,2,0,0,3,NA,4.3,estandar,web_propio,solo_habitacion,media,en_hotel,eua_canada,si,si,si
717,142,3,0,3,1,0,0,11096,0,estandar,ota,desayuno,media,en_hotel,europa,no,no,si
718,55,9,4,1,0,0,0,4031,17.5,junior,ota,media_pension,alta,anticipado,mexico,no,si,si
719,10,12,2,4,0,1,1,20700,15.7,ejecutiva,ota,desayuno,media,deposito_50pct,eua_canada,si,si,si
720,84,8,3,3,0,1,0,7336,8.3,estandar,ota,solo_habitacion,media,en_hotel,otro,no,si,no
721,52,6,2,2,0,0,3,21917,9.3,estandar,ota,media_pension,media,anticipado,eua_canada,si,si,si
722,100,1,0,3,0,0,2,26328,4.5,estandar,ota,solo_habitacion,media,deposito_50pct,mexico,si,si,si
723,35,2,1,2,0,1,4,24298,25.2,estandar,agencia,desayuno,media,deposito_50pct,mexico,si,si,no
724,209,3,1,2,0,0,1,24900,8.7,estandar,ota,desayuno,media,en_hotel,eua_canada,si,si,si
725,48,14,5,2,0,3,0,27895,12.1,suite,web_propio,solo_habitacion,media,en_hotel,eua_canada,no,si,no
726,105,2,1,2,0,0,1,5139,0,ejecutiva,ota,solo_habitacion,media,en_hotel,eua_canada,si,no,si
727,39,3,1,2,1,2,2,24619,2.8,junior,web_propio,solo_habitacion,media,deposito_50pct,otro,si,si,no
728,81,3,0,1,0,0,3,17261,13.3,estandar,agencia,solo_habitacion,baja,deposito_50pct,otro,si,si,no
729,23,1,0,3,0,2,2,22861,10.3,junior,web_propio,desayuno,alta,en_hotel,mexico,si,si,no
730,51,2,0,4,2,1,1,22680,15.6,ejecutiva,ota,media_pension,baja,en_hotel,europa,si,si,si
731,155,2,1,2,0,0,2,13448,23.5,estandar,ota,solo_habitacion,alta,en_hotel,mexico,si,si,si
732,233,3,1,2,0,0,0,19689,3.6,estandar,ota,desayuno,alta,deposito_50pct,mexico,no,si,si
733,102,2,0,2,0,0,0,5566,10.9,estandar,ota,todo_incluido,alta,anticipado,otro,no,si,no
734,18,7,3,2,0,0,2,17229,17.1,estandar,agencia,desayuno,alta,anticipado,eua_canada,si,si,no
735,91,8,5,2,0,0,0,5673,8.5,suite,web_propio,desayuno,alta,anticipado,mexico,no,si,si
736,6,10,3,3,1,0,2,22070,0,estandar,agencia,desayuno,media,anticipado,mexico,si,no,no
737,10,3,1,1,0,0,1,16794,0,junior,ota,desayuno,alta,anticipado,europa,si,no,no
738,35,7,2,2,1,1,1,27066,0,ejecutiva,ota,todo_incluido,media,anticipado,europa,si,no,si
739,128,3,1,2,0,0,2,10290,0,estandar,ota,desayuno,media,deposito_50pct,otro,si,no,no
740,76,5,3,4,0,0,4,7068,0.7,estandar,web_propio,solo_habitacion,media,anticipado,otro,si,si,no
741,76,1,0,2,1,0,3,NA,17.7,suite,agencia,media_pension,media,deposito_50pct,mexico,si,si,no
742,10,1,0,1,0,2,0,3428,8.1,junior,ota,solo_habitacion,media,anticipado,eua_canada,no,si,no
743,86,3,1,3,0,0,2,24479,0.2,junior,web_propio,media_pension,media,en_hotel,mexico,si,si,no
744,32,5,3,2,0,0,1,6369,0,suite,ota,solo_habitacion,media,deposito_50pct,mexico,si,no,si
745,90,4,1,2,0,1,3,21303,9.7,junior,web_propio,desayuno,media,deposito_50pct,eua_canada,si,si,no
746,77,3,1,4,0,0,2,23604,23.5,estandar,web_propio,solo_habitacion,alta,anticipado,mexico,si,si,no
747,50,3,0,2,2,1,1,2385,6.8,estandar,ota,todo_incluido,alta,anticipado,mexico,si,si,no
748,37,4,1,2,0,1,0,2908,21,estandar,web_propio,media_pension,alta,en_hotel,eua_canada,no,si,si
749,95,2,1,2,1,1,0,21989,0,estandar,agencia,solo_habitacion,media,deposito_50pct,mexico,no,no,si
750,42,1,0,2,1,1,3,21860,2.2,estandar,ota,desayuno,media,anticipado,eua_canada,si,si,no
751,66,7,2,1,0,4,2,13042,12.8,estandar,agencia,solo_habitacion,media,anticipado,mexico,si,si,no
752,19,4,2,1,0,1,4,17725,6,suite,web_propio,desayuno,alta,anticipado,otro,si,si,no
753,72,5,3,1,2,0,0,10047,5.1,estandar,web_propio,solo_habitacion,media,en_hotel,eua_canada,no,si,no
754,148,2,1,1,0,0,1,17457,24.9,suite,ota,desayuno,media,en_hotel,otro,si,si,si
755,46,4,1,2,0,0,3,12040,16.8,junior,web_propio,desayuno,media,deposito_50pct,europa,si,si,no
756,46,4,2,3,0,0,1,19818,18.1,junior,ota,media_pension,baja,anticipado,mexico,si,si,no
757,57,10,4,3,2,1,1,14877,17.1,suite,ota,desayuno,baja,anticipado,mexico,si,si,no
758,48,1,1,2,0,0,1,11804,NA,junior,ota,desayuno,media,anticipado,mexico,si,si,si
759,80,2,0,2,1,0,1,21934,18.6,estandar,ota,solo_habitacion,alta,en_hotel,europa,si,si,no
760,53,13,2,2,0,0,3,23205,1,estandar,ota,desayuno,alta,deposito_50pct,mexico,si,si,no
761,45,1,0,3,0,0,2,17467,10.4,estandar,telefono,solo_habitacion,media,anticipado,mexico,si,si,no
762,26,5,3,3,0,0,0,1883,7.5,ejecutiva,ota,todo_incluido,alta,deposito_50pct,mexico,no,si,si
763,92,2,1,2,0,0,1,23214,0,estandar,web_propio,solo_habitacion,alta,deposito_50pct,otro,si,no,no
764,72,1,0,2,0,0,2,7257,6.4,estandar,ota,desayuno,media,en_hotel,mexico,si,si,no
765,32,11,5,1,0,2,0,4524,5.5,junior,ota,media_pension,media,en_hotel,europa,no,si,si
766,95,1,1,2,0,2,1,10615,19.7,estandar,ota,desayuno,alta,deposito_50pct,otro,si,si,no
767,86,4,1,4,0,0,2,25541,6.2,junior,ota,desayuno,media,en_hotel,mexico,si,si,si
768,25,13,8,3,0,0,0,26604,18.1,estandar,web_propio,desayuno,media,en_hotel,mexico,no,si,si
769,69,1,1,3,0,1,2,18247,0,estandar,agencia,desayuno,media,en_hotel,eua_canada,si,no,no
770,172,3,1,1,0,0,1,5309,6.5,junior,telefono,solo_habitacion,media,en_hotel,eua_canada,si,si,si
771,66,2,0,2,0,0,2,12688,10.7,suite,web_propio,desayuno,media,en_hotel,europa,si,si,no
772,74,4,2,2,2,0,0,10416,9.8,junior,web_propio,desayuno,baja,en_hotel,mexico,no,si,no
773,108,4,1,1,0,1,0,2686,8.1,estandar,ota,media_pension,baja,en_hotel,mexico,no,si,si
774,159,4,1,2,0,0,2,26838,18.2,suite,web_propio,solo_habitacion,media,anticipado,mexico,si,si,no
775,21,6,2,1,0,0,0,10379,0,suite,ota,solo_habitacion,media,deposito_50pct,mexico,no,no,si
776,43,2,0,4,0,0,1,11030,7.7,estandar,web_propio,media_pension,media,en_hotel,mexico,si,si,si
777,22,5,3,2,0,2,2,9647,0.2,suite,ota,media_pension,alta,deposito_50pct,eua_canada,si,si,si
778,15,5,2,2,0,0,0,24367,4.2,estandar,web_propio,desayuno,media,deposito_50pct,europa,no,si,no
779,66,2,1,1,0,0,1,20265,0,estandar,ota,solo_habitacion,media,deposito_50pct,mexico,si,no,si
780,89,6,3,1,0,0,1,9600,2,suite,web_propio,desayuno,alta,anticipado,otro,si,si,no
781,136,3,1,2,0,1,2,11164,7.4,junior,web_propio,solo_habitacion,alta,en_hotel,eua_canada,si,si,si
782,22,8,2,4,0,0,3,18228,0,estandar,web_propio,solo_habitacion,baja,en_hotel,mexico,si,no,no
783,102,3,1,4,0,1,1,24604,0,estandar,web_propio,solo_habitacion,media,anticipado,mexico,si,no,no
784,50,11,6,2,0,0,1,12208,13.2,estandar,ota,solo_habitacion,alta,deposito_50pct,mexico,si,si,no
785,96,3,1,1,1,2,0,NA,21.5,estandar,web_propio,desayuno,baja,deposito_50pct,NA,no,si,si
786,42,1,0,3,2,0,0,7165,11.6,junior,web_propio,desayuno,media,en_hotel,mexico,no,si,no
787,55,3,1,2,1,0,0,18585,5.5,estandar,ota,desayuno,media,en_hotel,NA,no,si,no
788,130,5,2,2,1,0,0,26976,6.5,junior,agencia,desayuno,alta,en_hotel,europa,no,si,si
789,41,14,4,2,0,0,2,19602,13.7,junior,ota,solo_habitacion,baja,en_hotel,otro,si,si,si
790,81,11,2,2,0,0,2,13306,12.7,estandar,ota,desayuno,media,deposito_50pct,mexico,si,si,si
791,281,2,1,3,0,1,2,19902,17.4,estandar,ota,solo_habitacion,media,anticipado,mexico,si,si,no
792,38,2,1,1,0,1,2,20438,0,estandar,web_propio,media_pension,alta,anticipado,otro,si,no,no
793,84,7,1,2,0,0,0,21409,0,estandar,ota,desayuno,baja,en_hotel,mexico,no,no,si
794,18,2,1,2,0,0,1,12780,NA,estandar,web_propio,solo_habitacion,alta,en_hotel,mexico,si,si,si
795,66,4,1,2,0,0,2,16997,9.8,estandar,ota,desayuno,media,en_hotel,europa,si,si,si
796,46,3,1,2,0,0,0,11889,13,estandar,ota,solo_habitacion,media,anticipado,eua_canada,no,si,si
797,13,2,0,3,0,1,0,4635,18.6,estandar,web_propio,solo_habitacion,media,deposito_50pct,europa,no,si,si
798,7,4,1,4,0,1,0,20689,5,estandar,web_propio,media_pension,alta,deposito_50pct,mexico,no,si,no
799,100,1,0,4,1,0,0,20804,12.7,junior,web_propio,media_pension,baja,anticipado,mexico,no,si,si
800,104,2,1,2,0,1,1,13652,13.5,estandar,ota,media_pension,baja,deposito_50pct,eua_canada,si,si,si
801,38,3,1,1,0,0,0,13515,0,estandar,web_propio,solo_habitacion,baja,en_hotel,eua_canada,no,no,no
802,123,3,2,3,0,1,1,12919,3.4,junior,ota,todo_incluido,baja,en_hotel,mexico,si,si,si
803,116,13,4,1,2,0,0,5804,0,junior,web_propio,media_pension,media,deposito_50pct,europa,no,no,si
804,33,1,0,2,3,1,2,NA,0,estandar,ota,solo_habitacion,media,en_hotel,eua_canada,si,no,no
805,57,6,2,2,0,0,4,15984,8.4,estandar,web_propio,todo_incluido,baja,deposito_50pct,europa,si,si,si
806,50,6,2,3,1,0,2,5621,24.4,estandar,ota,media_pension,alta,deposito_50pct,otro,si,si,si
807,84,4,1,1,1,0,2,13234,9.9,estandar,agencia,solo_habitacion,alta,en_hotel,mexico,si,si,no
808,27,2,1,2,0,1,3,14154,16,junior,telefono,solo_habitacion,baja,anticipado,mexico,si,si,si
809,50,4,1,1,0,0,0,4337,6.4,estandar,ota,solo_habitacion,media,anticipado,mexico,no,si,no
810,60,6,2,1,1,0,1,14141,13.4,ejecutiva,web_propio,solo_habitacion,media,anticipado,mexico,si,si,no
811,70,1,0,4,0,1,1,24572,0,estandar,ota,desayuno,media,anticipado,eua_canada,si,no,no
812,17,7,1,1,0,1,1,5106,0,estandar,ota,solo_habitacion,media,en_hotel,mexico,si,no,no
813,50,8,4,2,0,3,1,25692,0,junior,web_propio,solo_habitacion,media,en_hotel,mexico,si,no,no
814,61,1,1,2,0,0,0,14128,34.8,ejecutiva,web_propio,todo_incluido,alta,anticipado,eua_canada,no,si,si
815,161,3,1,2,0,0,2,24139,12.6,estandar,ota,desayuno,media,en_hotel,otro,si,si,si
816,38,5,1,2,0,0,1,16680,33.3,junior,agencia,desayuno,baja,anticipado,mexico,si,si,no
817,61,1,0,2,0,0,3,8083,0,junior,ota,solo_habitacion,media,deposito_50pct,mexico,si,no,si
818,110,5,1,4,1,2,1,23822,11.5,junior,agencia,solo_habitacion,media,anticipado,eua_canada,si,si,si
819,45,2,1,1,0,0,1,25354,0,junior,web_propio,solo_habitacion,baja,deposito_50pct,mexico,si,no,si
820,155,3,1,2,0,1,0,2627,0,estandar,ota,media_pension,alta,en_hotel,mexico,no,no,si
821,55,2,1,1,1,4,1,21878,9.9,estandar,ota,desayuno,baja,en_hotel,mexico,si,si,no
822,73,2,0,2,0,1,2,23330,12.5,suite,agencia,solo_habitacion,media,en_hotel,mexico,si,si,si
823,49,7,3,2,0,0,0,15326,13.4,junior,ota,media_pension,alta,deposito_50pct,mexico,no,si,si
824,65,7,1,2,0,0,2,NA,5.9,junior,web_propio,todo_incluido,baja,anticipado,mexico,si,si,no
825,38,3,1,2,0,0,1,NA,17,junior,ota,solo_habitacion,media,anticipado,eua_canada,si,si,no
826,23,3,1,3,2,0,2,4318,7,junior,agencia,solo_habitacion,alta,deposito_50pct,NA,si,si,no
827,138,2,1,2,0,0,0,6583,4.1,estandar,web_propio,solo_habitacion,media,en_hotel,eua_canada,no,si,si
828,208,4,1,1,1,2,2,13666,2.4,estandar,web_propio,solo_habitacion,alta,anticipado,mexico,si,si,no
829,35,8,2,2,0,0,3,22472,2.6,estandar,agencia,todo_incluido,alta,en_hotel,mexico,si,si,no
830,21,6,3,4,0,0,0,9305,0,junior,web_propio,desayuno,media,anticipado,europa,no,no,no
831,28,3,1,1,1,0,0,4274,0,estandar,ota,desayuno,media,deposito_50pct,mexico,no,no,si
832,34,2,1,3,1,0,2,5940,6,junior,web_propio,solo_habitacion,alta,deposito_50pct,mexico,si,si,no
833,37,3,0,2,2,1,0,23906,0.4,estandar,ota,solo_habitacion,baja,en_hotel,otro,no,si,no
834,38,3,1,1,0,2,1,5738,8.8,junior,ota,solo_habitacion,media,anticipado,eua_canada,si,si,no
835,220,3,2,2,0,1,2,21116,13.1,suite,telefono,solo_habitacion,alta,deposito_50pct,eua_canada,si,si,no
836,13,3,1,2,0,0,0,9044,NA,junior,ota,media_pension,media,anticipado,eua_canada,no,no,no
837,92,4,2,1,0,0,2,5385,14.3,junior,agencia,todo_incluido,alta,deposito_50pct,mexico,si,si,no
838,89,2,1,2,0,4,0,7805,0,estandar,ota,desayuno,media,en_hotel,mexico,no,no,no
839,134,6,2,2,0,1,1,24066,4.1,junior,agencia,desayuno,baja,en_hotel,mexico,si,si,si
840,129,3,1,2,0,0,4,20858,3,junior,web_propio,solo_habitacion,alta,anticipado,mexico,si,si,no
841,27,2,1,2,0,1,0,25467,0,estandar,web_propio,solo_habitacion,alta,en_hotel,mexico,no,no,no
842,60,2,0,2,0,2,2,11627,9.2,estandar,ota,solo_habitacion,alta,deposito_50pct,eua_canada,si,si,si
843,26,8,3,4,0,0,0,8148,0,estandar,web_propio,solo_habitacion,baja,deposito_50pct,eua_canada,no,no,no
844,177,3,2,2,2,0,2,26417,16.2,estandar,ota,todo_incluido,media,deposito_50pct,mexico,si,si,si
845,17,7,3,3,0,0,2,22206,15.5,estandar,web_propio,todo_incluido,alta,deposito_50pct,mexico,si,si,si
846,66,9,5,3,0,0,2,22145,0,suite,ota,solo_habitacion,baja,deposito_50pct,europa,si,no,si
847,32,3,1,2,0,0,1,13737,18.7,junior,ota,solo_habitacion,baja,deposito_50pct,mexico,si,si,no
848,117,3,0,2,0,0,1,8570,0,estandar,ota,desayuno,media,deposito_50pct,eua_canada,si,no,no
849,27,1,0,4,0,3,4,20110,NA,junior,ota,desayuno,alta,en_hotel,mexico,si,si,no
850,22,1,1,1,1,1,1,14153,22.6,estandar,ota,desayuno,alta,anticipado,mexico,si,si,no
851,85,1,0,2,1,2,0,12254,19,junior,web_propio,desayuno,alta,anticipado,mexico,no,si,no
852,59,3,1,2,0,0,0,9030,1.4,estandar,ota,media_pension,baja,deposito_50pct,mexico,no,si,no
853,122,3,1,2,1,1,1,26970,9.7,estandar,ota,desayuno,media,en_hotel,mexico,si,si,no
854,66,1,0,2,0,0,4,11229,12.6,junior,agencia,desayuno,media,deposito_50pct,mexico,si,si,no
855,91,3,1,2,0,0,1,24719,0.2,junior,telefono,todo_incluido,media,deposito_50pct,mexico,si,si,no
856,30,11,4,2,0,1,1,6382,7,suite,ota,solo_habitacion,media,deposito_50pct,eua_canada,si,si,si
857,20,1,0,2,0,3,1,NA,0,ejecutiva,ota,solo_habitacion,media,anticipado,mexico,si,no,no
858,98,2,0,3,0,0,2,24409,10.1,estandar,web_propio,solo_habitacion,alta,en_hotel,mexico,si,si,no
859,126,1,0,4,0,0,1,26239,14.5,junior,web_propio,todo_incluido,alta,deposito_50pct,mexico,si,si,si
860,38,4,1,1,0,0,2,24495,9.4,junior,web_propio,desayuno,alta,deposito_50pct,europa,si,si,si
861,32,3,1,1,0,3,1,24907,0,junior,ota,solo_habitacion,media,deposito_50pct,mexico,si,no,si
862,14,2,1,2,0,0,1,3219,11.5,estandar,web_propio,desayuno,alta,deposito_50pct,eua_canada,si,si,no
863,41,7,2,2,0,0,0,11566,0.9,estandar,web_propio,todo_incluido,media,en_hotel,mexico,no,si,si
864,103,5,2,2,2,0,0,1539,5.3,suite,ota,solo_habitacion,media,deposito_50pct,eua_canada,no,si,si
865,108,6,1,2,0,0,0,8276,5.6,estandar,ota,solo_habitacion,alta,deposito_50pct,otro,no,si,si
866,150,5,3,2,0,0,3,18876,11.2,estandar,ota,solo_habitacion,alta,deposito_50pct,eua_canada,si,si,no
867,41,1,0,2,0,0,2,26575,12.7,suite,web_propio,todo_incluido,media,en_hotel,mexico,si,si,no
868,100,5,2,2,0,1,0,21455,NA,junior,ota,desayuno,baja,anticipado,eua_canada,no,si,si
869,123,2,1,2,0,2,2,15440,10.4,estandar,ota,solo_habitacion,alta,deposito_50pct,mexico,si,si,si
870,52,8,3,2,0,0,0,6608,15.1,suite,ota,solo_habitacion,baja,deposito_50pct,mexico,no,si,si
871,89,3,1,2,0,1,1,24455,15.1,estandar,ota,desayuno,baja,deposito_50pct,mexico,si,si,si
872,18,1,0,2,0,3,1,18857,8.8,estandar,web_propio,todo_incluido,media,anticipado,eua_canada,si,si,no
873,71,1,0,4,0,0,2,10837,20.2,junior,ota,solo_habitacion,alta,en_hotel,eua_canada,si,si,si
874,40,2,1,1,0,0,3,4941,0,junior,web_propio,media_pension,baja,en_hotel,otro,si,no,no
875,28,5,1,2,0,0,0,20577,17.4,ejecutiva,ota,desayuno,media,en_hotel,mexico,no,si,si
876,107,2,1,1,1,2,1,3510,28,estandar,ota,solo_habitacion,alta,en_hotel,eua_canada,si,si,si
877,30,10,4,2,2,1,0,7158,0,estandar,ota,desayuno,media,en_hotel,otro,no,no,si
878,92,11,1,2,1,3,1,26955,0,estandar,ota,solo_habitacion,alta,anticipado,NA,si,no,no
879,35,2,0,2,0,0,3,19787,NA,estandar,ota,desayuno,media,en_hotel,europa,si,si,no
880,69,2,1,4,2,2,2,2856,9.8,estandar,ota,solo_habitacion,baja,anticipado,NA,si,si,si
881,220,2,0,1,1,0,0,14540,6.8,estandar,agencia,solo_habitacion,alta,anticipado,eua_canada,no,si,si
882,70,6,2,2,0,4,1,13850,6.5,junior,web_propio,solo_habitacion,media,deposito_50pct,eua_canada,si,si,no
883,56,5,1,2,0,0,2,3494,16.5,estandar,web_propio,solo_habitacion,baja,deposito_50pct,eua_canada,si,si,no
884,2,2,1,2,0,0,1,15705,11.3,junior,ota,desayuno,alta,deposito_50pct,otro,si,si,si
885,142,2,0,1,0,4,3,21930,0,estandar,ota,media_pension,media,anticipado,mexico,si,no,no
886,37,3,1,4,0,1,0,23049,0,junior,ota,solo_habitacion,media,deposito_50pct,mexico,no,no,si
887,50,4,2,4,0,0,0,24209,15.7,estandar,web_propio,desayuno,media,en_hotel,eua_canada,no,si,no
888,26,6,3,2,0,0,1,23216,0,junior,web_propio,desayuno,media,en_hotel,mexico,si,no,no
889,12,1,1,4,0,0,4,20410,0,junior,telefono,solo_habitacion,alta,anticipado,mexico,si,no,no
890,61,1,0,1,0,0,0,4055,15.3,estandar,ota,solo_habitacion,baja,anticipado,otro,no,si,si
891,97,8,3,1,0,0,0,8488,14.5,suite,ota,solo_habitacion,alta,deposito_50pct,eua_canada,no,si,si
892,75,2,1,3,1,0,4,NA,12.3,junior,agencia,todo_incluido,media,en_hotel,mexico,si,si,si
893,64,3,1,2,0,0,2,21370,NA,ejecutiva,ota,solo_habitacion,media,en_hotel,eua_canada,si,si,si
894,23,3,1,2,1,1,0,7861,6.4,ejecutiva,ota,media_pension,baja,anticipado,europa,no,si,no
895,68,2,1,1,0,0,3,8463,6,estandar,web_propio,media_pension,alta,anticipado,eua_canada,si,si,no
896,62,2,0,4,2,0,2,2423,1.9,ejecutiva,web_propio,media_pension,alta,anticipado,mexico,si,si,no
897,140,6,1,1,0,0,0,4828,9.5,junior,web_propio,solo_habitacion,baja,en_hotel,mexico,no,si,no
898,54,4,1,2,0,0,2,13364,3.2,estandar,agencia,desayuno,alta,en_hotel,eua_canada,si,si,no
899,46,4,1,2,1,0,1,8547,1.8,ejecutiva,web_propio,media_pension,media,anticipado,eua_canada,si,si,no
900,76,1,0,4,0,0,0,9612,14.8,junior,ota,solo_habitacion,alta,en_hotel,mexico,no,si,si
901,62,7,4,2,0,0,0,20277,35.5,estandar,ota,todo_incluido,media,en_hotel,mexico,no,si,si
902,10,2,0,4,0,0,0,16642,23.1,junior,agencia,solo_habitacion,alta,deposito_50pct,mexico,no,si,si
903,53,3,1,2,0,0,3,16943,2.9,estandar,agencia,desayuno,media,deposito_50pct,eua_canada,si,si,no
904,54,1,1,2,1,0,4,25207,20.6,junior,ota,desayuno,baja,en_hotel,europa,si,si,si
905,24,4,2,1,1,0,1,9388,14.9,suite,web_propio,desayuno,alta,en_hotel,mexico,si,si,si
906,8,3,0,3,0,0,2,14176,6.6,estandar,ota,todo_incluido,baja,anticipado,mexico,si,si,no
907,86,3,1,1,0,1,1,4676,NA,junior,ota,solo_habitacion,alta,en_hotel,mexico,si,si,no
908,106,4,1,2,0,0,0,25570,15,estandar,ota,todo_incluido,media,deposito_50pct,mexico,no,si,si
909,148,4,2,4,0,0,1,2821,17.5,estandar,web_propio,desayuno,alta,anticipado,mexico,si,si,no
910,64,9,3,2,1,1,0,11647,0,estandar,ota,desayuno,media,en_hotel,otro,no,no,si
911,43,2,1,2,1,0,1,3078,0,suite,web_propio,todo_incluido,media,en_hotel,mexico,si,no,no
912,35,6,2,2,0,0,2,4932,10.4,estandar,ota,solo_habitacion,media,anticipado,mexico,si,si,no
913,19,5,2,1,0,0,1,16542,0,junior,agencia,desayuno,alta,en_hotel,europa,si,no,no
914,100,1,0,3,0,1,3,10282,2.8,junior,ota,solo_habitacion,media,deposito_50pct,eua_canada,si,si,si
915,43,1,0,1,0,0,4,19860,17.1,estandar,web_propio,desayuno,alta,deposito_50pct,mexico,si,si,si
916,50,4,1,2,0,1,2,19175,0,estandar,ota,todo_incluido,media,anticipado,mexico,si,no,si
917,64,1,0,2,0,0,0,1717,0,estandar,ota,todo_incluido,baja,anticipado,eua_canada,no,no,no
918,189,3,2,2,2,0,1,16997,4.2,suite,ota,desayuno,baja,anticipado,mexico,si,si,no
919,59,1,0,2,3,1,0,NA,0,estandar,ota,todo_incluido,media,en_hotel,mexico,no,no,si
920,72,2,0,3,0,0,1,22173,21.1,estandar,ota,todo_incluido,alta,anticipado,mexico,si,si,no
921,57,3,1,1,0,0,1,5650,5.6,estandar,ota,solo_habitacion,baja,en_hotel,europa,si,si,si
922,191,1,1,2,1,4,3,19517,0,suite,agencia,desayuno,baja,en_hotel,otro,si,no,no
923,33,6,3,2,0,0,1,25886,10.7,suite,telefono,solo_habitacion,alta,anticipado,mexico,si,si,no
924,67,2,0,3,0,0,2,23933,21.8,junior,web_propio,todo_incluido,baja,en_hotel,mexico,si,si,no
925,40,2,1,3,2,2,1,6019,0,junior,ota,solo_habitacion,baja,deposito_50pct,eua_canada,si,no,no
926,68,2,1,2,0,0,5,15777,5.1,estandar,ota,media_pension,media,anticipado,mexico,si,si,no
927,200,6,3,2,0,0,4,16654,11.9,estandar,ota,media_pension,media,anticipado,NA,si,si,si
928,96,7,1,2,0,0,3,10032,5,suite,ota,todo_incluido,media,deposito_50pct,otro,si,si,si
929,38,7,4,2,0,0,3,NA,11.6,estandar,ota,solo_habitacion,alta,deposito_50pct,mexico,si,si,no
930,21,13,3,2,0,1,2,24677,22.3,estandar,ota,desayuno,media,anticipado,mexico,si,si,no
931,61,1,1,2,2,0,1,25587,0,estandar,web_propio,todo_incluido,alta,anticipado,mexico,si,no,no
932,107,3,1,3,0,0,1,13662,0,estandar,web_propio,desayuno,baja,anticipado,otro,si,no,no
933,28,5,1,2,0,3,0,17604,14.2,ejecutiva,telefono,solo_habitacion,media,en_hotel,mexico,no,si,no
934,57,2,1,4,1,0,0,7827,20.6,junior,web_propio,solo_habitacion,alta,anticipado,eua_canada,no,si,no
935,18,2,1,2,0,1,2,11497,0,estandar,web_propio,desayuno,media,en_hotel,mexico,si,no,no
936,48,10,3,2,0,0,2,26449,11.1,junior,ota,desayuno,media,en_hotel,otro,si,si,si
937,106,2,1,3,2,2,4,21689,17.2,suite,ota,desayuno,media,anticipado,mexico,si,si,si
938,137,4,1,2,0,0,1,4853,15.9,suite,agencia,solo_habitacion,media,en_hotel,otro,si,si,no
939,72,3,1,4,0,5,1,17078,0.2,estandar,web_propio,desayuno,media,en_hotel,eua_canada,si,si,no
940,146,1,0,1,2,0,0,24683,NA,estandar,web_propio,solo_habitacion,media,deposito_50pct,mexico,no,no,si
941,68,2,1,2,0,2,2,11913,15.2,estandar,web_propio,solo_habitacion,alta,deposito_50pct,mexico,si,si,no
942,61,4,1,2,0,0,0,18809,18.8,estandar,telefono,todo_incluido,media,en_hotel,mexico,no,si,no
943,43,2,1,2,0,0,0,19620,19.4,estandar,ota,solo_habitacion,media,en_hotel,mexico,no,si,si
944,30,2,1,4,0,3,2,21045,6.3,estandar,agencia,solo_habitacion,media,en_hotel,mexico,si,si,no
945,99,7,2,2,0,0,2,23975,0,suite,web_propio,solo_habitacion,baja,anticipado,mexico,si,no,si
946,118,11,2,2,2,2,2,25676,18.5,estandar,web_propio,desayuno,alta,en_hotel,europa,si,si,no
947,74,3,2,1,0,3,1,17542,21.5,suite,ota,desayuno,media,deposito_50pct,otro,si,si,no
948,209,2,1,2,2,0,0,19572,17.9,suite,ota,media_pension,baja,anticipado,mexico,no,si,si
949,55,5,1,2,0,4,4,24313,3.5,ejecutiva,web_propio,solo_habitacion,media,anticipado,mexico,si,si,no
950,47,2,0,2,2,0,3,3243,0,junior,web_propio,desayuno,media,anticipado,mexico,si,no,no
951,22,1,1,1,0,2,2,14912,0.4,junior,ota,solo_habitacion,media,en_hotel,eua_canada,si,si,si
952,63,1,0,1,1,0,0,4916,5,ejecutiva,ota,desayuno,baja,anticipado,eua_canada,no,si,si
953,69,3,1,2,0,0,0,19794,15,estandar,web_propio,solo_habitacion,alta,en_hotel,mexico,no,si,si
954,83,1,0,2,1,0,1,12367,5.8,ejecutiva,web_propio,solo_habitacion,baja,en_hotel,europa,si,si,no
955,23,1,0,1,1,2,0,7828,0.8,junior,agencia,solo_habitacion,media,deposito_50pct,mexico,no,si,no
956,111,1,0,4,0,1,1,18465,4.9,junior,web_propio,solo_habitacion,media,deposito_50pct,mexico,si,si,no
957,65,1,0,1,1,0,2,4409,20,estandar,ota,solo_habitacion,baja,en_hotel,europa,si,si,no
958,175,1,0,2,0,0,0,20072,1,suite,ota,desayuno,alta,anticipado,europa,no,si,si
959,66,2,0,2,0,0,1,18483,12.9,suite,web_propio,solo_habitacion,media,anticipado,eua_canada,si,si,no
960,46,6,4,2,2,0,0,25484,8.3,estandar,ota,desayuno,media,deposito_50pct,eua_canada,no,si,si
961,119,3,1,1,0,0,2,20644,0,estandar,ota,media_pension,media,en_hotel,otro,si,no,si
962,42,2,0,2,0,3,0,27516,13.2,estandar,ota,solo_habitacion,baja,deposito_50pct,mexico,no,si,no
963,65,1,0,2,0,0,2,6247,0,junior,web_propio,solo_habitacion,media,anticipado,otro,si,no,no
964,5,4,1,2,0,1,1,9533,15,estandar,web_propio,desayuno,alta,anticipado,eua_canada,si,si,no
965,129,5,2,4,1,1,1,12370,0,estandar,ota,desayuno,baja,en_hotel,mexico,si,no,no
966,46,3,1,1,0,0,2,15146,8,estandar,ota,media_pension,media,deposito_50pct,mexico,si,si,no
967,42,4,1,1,0,0,1,5517,1.7,estandar,agencia,desayuno,media,anticipado,mexico,si,si,no
968,38,2,1,2,2,0,3,17212,3.2,junior,agencia,todo_incluido,media,deposito_50pct,mexico,si,si,no
969,66,2,1,2,0,2,1,13055,1.5,estandar,ota,solo_habitacion,baja,en_hotel,NA,si,si,no
970,110,6,1,2,0,0,1,5301,0,estandar,ota,solo_habitacion,baja,anticipado,NA,si,no,si
971,76,9,4,2,0,1,0,14029,14,estandar,web_propio,desayuno,alta,deposito_50pct,mexico,no,si,si
972,40,1,0,4,0,0,4,NA,0.6,estandar,ota,desayuno,media,deposito_50pct,eua_canada,si,si,no
973,22,14,4,2,0,4,2,2454,0,estandar,web_propio,solo_habitacion,media,en_hotel,europa,si,no,no
974,34,2,1,2,0,0,1,10593,0,estandar,agencia,desayuno,media,deposito_50pct,mexico,si,no,si
975,259,5,1,2,0,3,1,NA,20.6,estandar,web_propio,todo_incluido,media,en_hotel,mexico,si,si,si
976,24,1,0,2,2,0,1,21210,10.8,suite,agencia,media_pension,baja,en_hotel,mexico,si,si,si
977,24,3,1,2,0,0,0,2158,4,junior,ota,desayuno,media,en_hotel,mexico,no,si,no
978,20,1,0,1,0,1,0,21687,8.9,estandar,web_propio,media_pension,alta,deposito_50pct,mexico,no,si,no
979,79,3,0,2,2,4,0,7722,0,estandar,ota,desayuno,baja,deposito_50pct,mexico,no,no,no
980,73,2,1,4,1,3,1,12281,15.9,estandar,agencia,desayuno,media,deposito_50pct,mexico,si,si,no
981,39,8,2,4,0,0,2,9981,0,junior,ota,media_pension,alta,en_hotel,eua_canada,si,no,no
982,26,3,1,1,0,0,4,11013,0,estandar,telefono,solo_habitacion,baja,anticipado,mexico,si,no,no
983,18,3,2,2,2,1,2,15367,0,estandar,ota,solo_habitacion,alta,deposito_50pct,europa,si,no,no
984,139,3,0,2,0,4,0,5538,5.3,ejecutiva,web_propio,desayuno,media,anticipado,mexico,no,si,no
985,51,1,0,1,2,0,1,22469,0,estandar,ota,desayuno,media,en_hotel,mexico,si,no,no
986,31,3,1,2,1,3,0,19315,9.6,junior,web_propio,todo_incluido,baja,deposito_50pct,mexico,no,si,no
987,52,10,1,2,0,0,2,2262,3.6,estandar,ota,desayuno,alta,deposito_50pct,NA,si,si,no
988,99,4,1,2,0,0,1,22662,27,estandar,web_propio,desayuno,alta,deposito_50pct,europa,si,si,si
989,73,3,1,1,0,1,2,3326,0,estandar,ota,solo_habitacion,baja,deposito_50pct,eua_canada,si,no,no
990,83,9,1,2,1,0,3,7938,20.2,estandar,web_propio,solo_habitacion,media,anticipado,mexico,si,si,no
991,166,6,3,3,0,1,1,12712,0,estandar,agencia,desayuno,baja,deposito_50pct,mexico,si,no,si
992,82,3,2,2,0,2,2,NA,16.9,estandar,agencia,desayuno,media,en_hotel,mexico,si,si,no
993,69,9,3,2,0,0,1,9610,0,ejecutiva,ota,solo_habitacion,baja,anticipado,mexico,si,no,no
994,55,6,3,4,1,0,0,13721,7.7,estandar,web_propio,media_pension,media,anticipado,eua_canada,no,si,si
995,86,3,2,4,1,1,2,13722,16.4,estandar,web_propio,desayuno,baja,deposito_50pct,eua_canada,si,si,no
996,4,3,0,2,0,1,0,9667,12.7,junior,ota,solo_habitacion,media,en_hotel,mexico,no,si,no
997,8,4,1,2,2,0,0,16368,1.2,estandar,ota,desayuno,baja,en_hotel,europa,no,si,si
998,92,3,0,2,0,0,1,27383,17.4,junior,ota,desayuno,alta,anticipado,mexico,si,si,si
999,66,3,1,2,1,2,1,18542,6.5,estandar,agencia,media_pension,alta,en_hotel,mexico,si,si,si
1000,72,3,1,2,0,0,3,21413,3.9,junior,ota,desayuno,media,en_hotel,mexico,si,si,no
1001,25,5,3,2,0,1,1,24177,25,ejecutiva,ota,todo_incluido,baja,anticipado,otro,si,si,si
1002,30,3,1,3,2,1,0,23505,10.9,estandar,ota,media_pension,baja,en_hotel,eua_canada,no,si,si
1003,167,3,1,2,3,0,1,21423,23.9,estandar,web_propio,desayuno,media,deposito_50pct,NA,si,si,si
1004,77,1,1,1,0,4,0,27978,10.6,estandar,ota,desayuno,alta,deposito_50pct,mexico,no,si,si
1005,68,1,0,1,0,1,0,NA,33.2,estandar,telefono,solo_habitacion,media,en_hotel,eua_canada,no,si,si
1006,24,10,5,2,2,2,1,5190,10.1,estandar,ota,desayuno,baja,anticipado,mexico,si,si,no
1007,10,1,0,2,0,0,1,14136,11.2,junior,ota,desayuno,baja,deposito_50pct,mexico,si,si,si
1008,116,5,2,1,0,1,1,15282,5.3,estandar,web_propio,desayuno,alta,en_hotel,mexico,si,si,no
1009,48,6,2,1,0,4,5,5263,4.4,estandar,web_propio,desayuno,alta,deposito_50pct,otro,si,si,no
1010,57,4,1,2,0,0,1,19720,19.6,estandar,agencia,media_pension,baja,en_hotel,europa,si,si,si
1011,118,2,1,1,0,1,0,13984,4.2,ejecutiva,web_propio,solo_habitacion,media,deposito_50pct,eua_canada,no,si,no
1012,33,2,1,3,0,1,2,13107,0,estandar,ota,solo_habitacion,media,en_hotel,mexico,si,no,no
1013,160,2,0,2,0,0,1,4791,11,junior,ota,desayuno,alta,deposito_50pct,europa,si,si,si
1014,18,4,1,2,0,1,4,3938,18.4,estandar,agencia,solo_habitacion,media,en_hotel,eua_canada,si,si,no
1015,82,1,0,2,0,0,1,14410,0,junior,web_propio,desayuno,media,deposito_50pct,eua_canada,si,no,no
1016,53,4,2,4,0,0,1,9707,26.6,suite,agencia,solo_habitacion,baja,en_hotel,europa,si,si,no
1017,35,7,2,3,0,0,1,13959,7.8,estandar,web_propio,media_pension,alta,deposito_50pct,mexico,si,si,no
1018,14,1,0,1,0,0,0,4426,10.4,suite,ota,solo_habitacion,alta,en_hotel,mexico,no,si,si
1019,84,2,0,3,0,0,4,14443,0,estandar,ota,solo_habitacion,alta,en_hotel,mexico,si,no,si
1020,86,7,2,2,0,0,0,11038,0,estandar,web_propio,desayuno,media,en_hotel,mexico,no,no,no
1021,74,4,1,1,0,0,1,25064,10.2,estandar,web_propio,desayuno,baja,en_hotel,otro,si,si,no
1022,82,14,8,2,0,0,1,17717,NA,ejecutiva,web_propio,solo_habitacion,alta,en_hotel,mexico,si,si,si
1023,16,7,3,2,2,1,0,12828,11.9,suite,ota,solo_habitacion,baja,anticipado,mexico,no,si,si
1024,88,5,1,2,0,3,0,NA,10.3,estandar,web_propio,desayuno,baja,deposito_50pct,eua_canada,no,si,si
1025,67,6,3,3,1,1,1,17311,0,estandar,ota,desayuno,media,deposito_50pct,mexico,si,no,no
1026,127,10,6,1,2,1,1,12733,15.7,junior,ota,desayuno,baja,en_hotel,eua_canada,si,si,si
1027,64,11,3,1,0,0,0,10219,10.7,junior,web_propio,desayuno,alta,anticipado,mexico,no,si,no
1028,81,1,0,2,0,1,2,15340,15.4,estandar,ota,desayuno,media,en_hotel,mexico,si,si,no
1029,91,8,2,3,0,0,5,20943,8,suite,ota,todo_incluido,media,anticipado,mexico,si,si,no
1030,92,6,3,3,2,0,1,27328,0,estandar,agencia,desayuno,media,en_hotel,mexico,si,no,no
1031,23,3,1,1,1,0,0,NA,2.4,ejecutiva,agencia,media_pension,media,anticipado,eua_canada,no,si,no
1032,49,3,1,3,1,0,0,2590,0,suite,agencia,todo_incluido,media,en_hotel,otro,no,no,si
1033,195,1,0,3,0,1,1,5680,3.2,estandar,ota,solo_habitacion,baja,deposito_50pct,eua_canada,si,si,si
1034,36,13,6,2,0,0,1,20278,8.3,estandar,ota,todo_incluido,media,anticipado,mexico,si,si,si
1035,79,2,1,2,1,0,0,15675,1.7,junior,ota,media_pension,alta,en_hotel,mexico,no,si,si
1036,25,4,2,2,0,0,2,6709,12.8,ejecutiva,ota,solo_habitacion,media,deposito_50pct,eua_canada,si,si,no
1037,41,10,4,4,1,0,1,5325,10.1,estandar,ota,solo_habitacion,baja,anticipado,mexico,si,si,si
1038,39,10,3,1,2,0,0,24117,NA,estandar,ota,solo_habitacion,baja,deposito_50pct,otro,no,si,si
1039,101,1,0,3,0,0,0,24842,17.4,estandar,web_propio,solo_habitacion,baja,deposito_50pct,mexico,no,si,no
1040,32,2,1,4,0,3,1,1711,0,suite,ota,desayuno,alta,en_hotel,mexico,si,no,no
1041,103,4,2,2,3,1,1,18023,6.7,estandar,ota,media_pension,media,en_hotel,eua_canada,si,si,si
1042,58,1,0,1,0,0,1,5449,9.2,estandar,web_propio,desayuno,media,en_hotel,eua_canada,si,si,no
1043,137,2,1,1,0,2,1,9321,12.2,suite,agencia,solo_habitacion,media,anticipado,mexico,si,si,no
1044,68,2,0,1,0,1,2,26303,0,estandar,ota,solo_habitacion,baja,anticipado,mexico,si,no,no
1045,95,4,2,1,0,0,1,3279,NA,estandar,web_propio,todo_incluido,alta,anticipado,mexico,si,si,no
1046,86,11,1,4,0,0,1,8058,1.9,estandar,web_propio,desayuno,alta,en_hotel,mexico,si,si,no
1047,21,4,0,1,0,0,0,24693,10.3,junior,agencia,solo_habitacion,baja,deposito_50pct,mexico,no,si,no
1048,85,10,5,2,0,2,2,3935,8.1,estandar,ota,solo_habitacion,media,en_hotel,mexico,si,si,no
1049,31,5,2,2,1,1,0,18470,3.4,estandar,web_propio,desayuno,media,en_hotel,europa,no,si,no
1050,102,3,0,2,0,0,0,15741,7.3,suite,web_propio,solo_habitacion,media,deposito_50pct,mexico,no,si,no
1051,35,7,2,2,0,0,4,17656,0,junior,ota,desayuno,media,deposito_50pct,eua_canada,si,no,si
1052,90,2,1,3,1,0,2,3501,14,estandar,ota,solo_habitacion,baja,anticipado,europa,si,si,no
1053,39,1,0,1,0,1,2,20975,11.2,junior,agencia,solo_habitacion,baja,deposito_50pct,eua_canada,si,si,no
1054,168,5,2,2,0,1,0,7095,5.1,suite,agencia,solo_habitacion,media,deposito_50pct,mexico,no,si,si
1055,118,3,2,3,0,0,0,27979,6.5,ejecutiva,agencia,solo_habitacion,baja,en_hotel,eua_canada,no,si,si
1056,12,4,0,2,2,2,2,7224,0,junior,web_propio,todo_incluido,alta,anticipado,europa,si,no,no
1057,15,7,3,2,1,0,0,2025,38.7,estandar,ota,solo_habitacion,alta,deposito_50pct,NA,no,si,no
1058,108,8,3,2,0,0,2,14920,13.5,suite,web_propio,todo_incluido,alta,deposito_50pct,mexico,si,si,no
1059,50,2,1,1,0,0,0,18430,10.2,ejecutiva,web_propio,solo_habitacion,media,en_hotel,eua_canada,no,si,no
1060,165,2,0,2,1,1,1,8350,NA,estandar,ota,solo_habitacion,alta,anticipado,mexico,si,si,si
1061,94,4,1,2,1,0,0,12027,8.5,estandar,ota,solo_habitacion,media,deposito_50pct,mexico,no,si,si
1062,24,2,1,2,1,0,2,11901,35.6,junior,agencia,media_pension,alta,anticipado,NA,si,si,no
1063,110,4,2,2,0,1,0,26012,14.3,estandar,ota,solo_habitacion,media,deposito_50pct,europa,no,si,no
1064,61,2,1,1,0,2,0,24530,14.6,estandar,web_propio,desayuno,media,anticipado,eua_canada,no,si,si
1065,69,7,1,2,0,0,1,1797,NA,estandar,web_propio,desayuno,baja,deposito_50pct,mexico,si,si,no
1066,49,8,4,1,1,1,1,9916,8.5,ejecutiva,ota,solo_habitacion,alta,deposito_50pct,eua_canada,si,si,si
1067,8,1,0,2,0,1,2,5427,0,ejecutiva,ota,media_pension,alta,anticipado,mexico,si,no,no
1068,48,7,4,2,0,2,1,8779,0,ejecutiva,agencia,desayuno,media,anticipado,mexico,si,no,no
1069,57,3,1,1,0,0,1,6176,3.9,junior,ota,desayuno,alta,deposito_50pct,mexico,si,si,no
1070,89,5,1,2,0,1,1,8642,13.7,estandar,ota,solo_habitacion,alta,anticipado,mexico,si,si,no
1071,85,9,1,2,0,0,2,25383,10.9,suite,web_propio,desayuno,baja,deposito_50pct,europa,si,si,si
1072,112,3,1,3,0,0,1,25719,7.1,estandar,ota,solo_habitacion,alta,en_hotel,mexico,si,si,si
1073,237,3,1,1,1,0,1,22154,13.3,estandar,ota,media_pension,baja,deposito_50pct,mexico,si,si,si
1074,256,3,2,2,0,0,3,14946,6.1,estandar,web_propio,todo_incluido,media,en_hotel,europa,si,si,si
1075,67,13,4,2,1,0,0,16757,0,junior,ota,desayuno,alta,anticipado,eua_canada,no,no,si
1076,21,8,1,3,0,4,0,17006,1.7,estandar,web_propio,solo_habitacion,baja,en_hotel,mexico,no,si,no
1077,14,1,0,2,0,1,1,21974,4.5,estandar,ota,desayuno,baja,deposito_50pct,mexico,si,si,no
1078,89,3,2,2,0,2,1,5143,5,suite,web_propio,desayuno,baja,en_hotel,mexico,si,si,si
1079,65,1,1,2,0,2,1,15055,NA,ejecutiva,ota,media_pension,baja,anticipado,mexico,si,si,si
1080,23,2,0,1,2,0,1,21921,20.1,suite,ota,media_pension,media,en_hotel,mexico,si,si,si
1081,55,3,1,2,1,1,0,18924,23.4,estandar,ota,desayuno,media,en_hotel,eua_canada,no,si,si
1082,19,2,1,2,0,0,1,19027,3.1,estandar,ota,media_pension,alta,anticipado,mexico,si,si,si
1083,24,6,1,2,0,4,2,14253,13.4,estandar,ota,todo_incluido,media,deposito_50pct,NA,si,si,si
1084,156,5,1,4,0,1,1,2647,8.2,estandar,agencia,solo_habitacion,alta,en_hotel,eua_canada,si,si,no
1085,78,3,1,2,0,3,1,23484,NA,junior,ota,desayuno,media,en_hotel,eua_canada,si,si,si
1086,124,4,1,2,0,0,1,16478,0.2,junior,ota,desayuno,alta,en_hotel,eua_canada,si,si,no
1087,52,3,0,1,1,1,0,22590,0,estandar,telefono,solo_habitacion,alta,en_hotel,otro,no,no,no
1088,43,6,1,2,0,0,1,4949,0,suite,ota,todo_incluido,baja,en_hotel,mexico,si,no,no
1089,91,2,1,1,0,3,2,25549,NA,estandar,web_propio,desayuno,alta,en_hotel,mexico,si,si,no
1090,119,3,1,2,0,0,0,19193,0,estandar,ota,desayuno,media,deposito_50pct,mexico,no,no,si
1091,57,10,2,1,0,0,0,26203,11.3,junior,telefono,solo_habitacion,alta,deposito_50pct,eua_canada,no,si,no
1092,10,2,0,2,2,2,1,18858,4.5,junior,ota,desayuno,alta,en_hotel,mexico,si,si,si
1093,5,2,1,3,0,0,1,4208,0,junior,telefono,solo_habitacion,baja,anticipado,mexico,si,no,no
1094,39,2,0,1,1,0,1,13661,20.7,estandar,web_propio,solo_habitacion,alta,anticipado,mexico,si,si,si
1095,47,6,3,3,1,2,1,8114,0.4,suite,web_propio,desayuno,baja,anticipado,otro,si,si,si
1096,62,2,1,2,1,1,2,6740,22.6,estandar,ota,desayuno,media,en_hotel,mexico,si,si,no
1097,91,2,1,3,0,1,1,5674,13.5,suite,ota,desayuno,alta,anticipado,mexico,si,si,no
1098,54,3,1,1,0,0,0,22803,0,estandar,web_propio,desayuno,baja,deposito_50pct,eua_canada,no,no,si
1099,65,3,1,1,0,0,2,5474,0,estandar,ota,todo_incluido,baja,deposito_50pct,eua_canada,si,no,no
1100,57,1,0,3,0,1,1,17142,NA,junior,agencia,desayuno,baja,deposito_50pct,eua_canada,si,no,no
1101,14,1,0,2,0,1,0,13045,0,estandar,ota,solo_habitacion,media,anticipado,otro,no,no,si
1102,39,2,0,2,0,0,2,14518,2.6,junior,ota,desayuno,alta,anticipado,mexico,si,si,no
1103,135,2,1,3,0,0,2,18906,4.2,estandar,ota,todo_incluido,media,en_hotel,eua_canada,si,si,si
1104,65,2,1,2,0,2,3,11664,13.8,suite,ota,todo_incluido,media,anticipado,mexico,si,si,no
1105,46,8,3,2,0,0,1,12178,5.3,estandar,ota,solo_habitacion,media,deposito_50pct,mexico,si,si,no
1106,14,1,0,4,0,1,1,8742,0,estandar,web_propio,media_pension,baja,en_hotel,europa,si,no,no
1107,49,12,4,1,2,2,1,8543,0,estandar,agencia,solo_habitacion,media,en_hotel,mexico,si,no,si
1108,165,4,1,1,2,3,3,3084,0,estandar,web_propio,media_pension,media,anticipado,NA,si,no,no
1109,128,2,0,1,0,3,0,18370,14.4,estandar,ota,solo_habitacion,media,deposito_50pct,eua_canada,no,si,si
1110,43,3,1,2,0,0,3,23569,14,estandar,ota,desayuno,media,anticipado,eua_canada,si,si,no
1111,62,3,1,2,0,0,1,14036,3.6,estandar,ota,solo_habitacion,alta,deposito_50pct,eua_canada,si,si,no
1112,67,6,3,3,0,2,2,16690,0,estandar,ota,solo_habitacion,alta,anticipado,mexico,si,no,si
1113,47,13,3,1,0,0,1,27035,8.5,junior,ota,desayuno,alta,anticipado,eua_canada,si,si,no
1114,151,2,1,2,0,1,2,5794,0.1,junior,ota,media_pension,media,deposito_50pct,mexico,si,si,no
1115,34,4,2,3,0,0,0,4049,0,suite,ota,media_pension,media,en_hotel,mexico,no,no,no
1116,185,2,1,2,0,0,0,13383,17.5,estandar,ota,solo_habitacion,alta,anticipado,eua_canada,no,si,si
1117,96,3,1,2,1,0,2,23401,9.3,estandar,ota,solo_habitacion,media,en_hotel,mexico,si,si,si
1118,146,2,1,2,0,0,2,25785,0,ejecutiva,ota,todo_incluido,media,anticipado,eua_canada,si,no,si
1119,18,1,0,1,0,1,2,6431,12.4,ejecutiva,web_propio,solo_habitacion,media,en_hotel,mexico,si,si,no
1120,48,5,1,2,0,2,0,3125,8.2,junior,ota,todo_incluido,alta,en_hotel,mexico,no,si,si
1121,17,10,1,2,3,1,2,4714,3.9,suite,agencia,desayuno,alta,en_hotel,mexico,si,si,no
1122,109,3,1,2,0,0,0,6451,11.4,junior,telefono,media_pension,baja,en_hotel,eua_canada,no,si,no
1123,89,2,1,4,0,1,1,25017,2.4,estandar,web_propio,solo_habitacion,baja,en_hotel,mexico,si,si,si
1124,81,3,1,2,0,0,2,23467,4.1,estandar,web_propio,desayuno,media,anticipado,mexico,si,si,si
1125,68,1,0,2,1,0,3,1698,0,ejecutiva,ota,media_pension,alta,deposito_50pct,europa,si,no,si
1126,35,4,2,2,1,0,0,18394,5.8,estandar,ota,desayuno,media,en_hotel,mexico,no,si,si
1127,192,11,2,2,0,4,0,24930,2.5,estandar,web_propio,todo_incluido,alta,en_hotel,europa,no,si,si
1128,46,1,1,2,0,2,2,4492,7.2,estandar,web_propio,media_pension,media,en_hotel,mexico,si,si,no
1129,35,4,2,1,1,3,0,3406,7,estandar,web_propio,solo_habitacion,baja,en_hotel,mexico,no,si,no
1130,39,2,1,1,0,0,1,20912,19.9,estandar,ota,solo_habitacion,alta,deposito_50pct,mexico,si,si,si
1131,15,5,1,2,0,3,1,11737,18,junior,web_propio,solo_habitacion,baja,anticipado,mexico,si,si,no
1132,126,1,0,1,0,1,4,18278,11.6,estandar,web_propio,solo_habitacion,media,en_hotel,mexico,si,si,si
1133,22,2,1,1,0,0,0,25818,6.2,junior,ota,media_pension,alta,en_hotel,NA,no,si,si
1134,133,3,1,3,0,1,0,26511,0.4,junior,web_propio,todo_incluido,media,deposito_50pct,eua_canada,no,si,si
1135,90,3,1,1,0,0,1,11661,0,junior,ota,desayuno,alta,anticipado,eua_canada,si,no,no
1136,98,1,1,2,2,0,2,22126,11.9,estandar,agencia,solo_habitacion,alta,en_hotel,mexico,si,si,si
1137,195,5,2,2,0,4,1,27731,0,estandar,agencia,solo_habitacion,baja,deposito_50pct,mexico,si,no,si
1138,59,4,2,1,2,0,2,2354,0,junior,web_propio,todo_incluido,alta,anticipado,NA,si,no,no
1139,215,2,1,2,0,0,1,3876,4.4,junior,ota,desayuno,baja,anticipado,otro,si,si,si
1140,46,13,4,1,0,0,3,18349,5,junior,agencia,solo_habitacion,media,en_hotel,mexico,si,si,no
1141,79,5,1,2,0,0,1,18917,0,estandar,ota,desayuno,alta,deposito_50pct,eua_canada,si,no,no
1142,184,3,0,2,0,0,0,20776,1.7,estandar,agencia,todo_incluido,alta,en_hotel,mexico,no,si,no
1143,80,1,0,2,0,0,2,25763,25.7,suite,agencia,todo_incluido,media,deposito_50pct,mexico,si,si,no
1144,18,3,1,1,0,0,1,26629,0,estandar,web_propio,todo_incluido,media,deposito_50pct,otro,si,no,si
1145,234,1,0,1,0,1,3,13613,2.1,estandar,web_propio,desayuno,baja,en_hotel,eua_canada,si,si,si
1146,99,3,1,1,0,1,2,13240,20.2,suite,web_propio,solo_habitacion,media,en_hotel,mexico,si,si,si
1147,43,4,1,2,0,0,0,26726,17.9,junior,ota,todo_incluido,media,deposito_50pct,mexico,no,si,no
1148,36,8,5,2,0,3,2,24747,7.2,junior,web_propio,solo_habitacion,media,en_hotel,mexico,si,si,si
1149,57,2,0,2,0,1,2,18430,5.5,suite,agencia,desayuno,alta,deposito_50pct,mexico,si,si,no
1150,55,2,1,2,0,2,3,3540,3,suite,agencia,desayuno,media,deposito_50pct,mexico,si,si,no
1151,100,1,0,1,0,5,3,17966,0,junior,web_propio,todo_incluido,media,deposito_50pct,eua_canada,si,no,no
1152,21,2,1,2,0,0,0,6308,11,estandar,web_propio,desayuno,baja,deposito_50pct,mexico,no,si,no
1153,19,1,0,2,0,0,1,NA,NA,junior,agencia,desayuno,baja,deposito_50pct,mexico,si,si,si
1154,19,3,1,2,0,0,0,6697,23.4,junior,agencia,media_pension,media,anticipado,otro,no,si,no
1155,67,5,1,2,0,2,0,22654,6.9,estandar,ota,solo_habitacion,baja,en_hotel,mexico,no,si,si
1156,36,4,1,2,0,0,1,14673,25.2,junior,agencia,solo_habitacion,alta,en_hotel,europa,si,si,si
1157,76,7,1,4,1,2,1,18570,25.3,junior,ota,desayuno,media,en_hotel,eua_canada,si,si,si
1158,91,2,1,2,0,1,1,5678,0.1,estandar,ota,solo_habitacion,media,en_hotel,mexico,si,si,no
1159,89,3,2,1,0,1,0,1597,NA,estandar,ota,solo_habitacion,media,deposito_50pct,eua_canada,no,no,no
1160,36,12,6,2,0,1,3,18890,10.4,suite,web_propio,solo_habitacion,media,anticipado,mexico,si,si,no
1161,71,7,3,2,0,0,2,13175,4.9,estandar,agencia,todo_incluido,media,anticipado,mexico,si,si,si
1162,105,7,4,2,0,1,0,6947,0,ejecutiva,telefono,desayuno,alta,anticipado,eua_canada,no,no,no
1163,33,7,2,3,0,1,1,5549,7.8,suite,web_propio,desayuno,media,deposito_50pct,eua_canada,si,si,no
1164,108,2,1,1,0,1,0,8710,18.5,estandar,ota,solo_habitacion,baja,deposito_50pct,mexico,no,si,si
1165,47,7,3,1,1,1,4,4035,22.6,estandar,ota,todo_incluido,baja,deposito_50pct,eua_canada,si,si,si
1166,36,3,2,3,0,2,1,14843,0,ejecutiva,web_propio,desayuno,alta,anticipado,eua_canada,si,no,si
1167,161,1,0,3,0,0,2,13042,4.6,estandar,ota,media_pension,baja,deposito_50pct,eua_canada,si,si,si
1168,159,4,2,1,1,0,4,NA,8.3,junior,ota,desayuno,media,deposito_50pct,mexico,si,si,no
1169,157,9,1,2,0,0,2,17327,NA,suite,web_propio,todo_incluido,media,en_hotel,eua_canada,si,si,si
1170,206,1,0,1,1,1,1,23952,8.9,estandar,agencia,desayuno,baja,deposito_50pct,mexico,si,si,no
1171,22,2,1,4,0,0,2,23287,0,estandar,telefono,todo_incluido,alta,deposito_50pct,mexico,si,no,si
1172,135,6,1,4,1,0,3,17308,9.7,suite,ota,desayuno,alta,deposito_50pct,eua_canada,si,si,si
1173,52,1,0,1,0,0,0,24872,3.8,junior,ota,solo_habitacion,alta,anticipado,eua_canada,no,si,no
1174,111,3,1,2,2,1,1,20648,9.7,estandar,ota,desayuno,media,anticipado,eua_canada,si,si,no
1175,24,4,2,3,0,0,1,18966,7.8,estandar,web_propio,solo_habitacion,alta,deposito_50pct,mexico,si,si,no
1176,131,7,2,1,1,0,1,24893,15.9,estandar,ota,desayuno,alta,deposito_50pct,mexico,si,si,si
1177,37,7,2,2,0,0,0,26304,6.5,estandar,agencia,solo_habitacion,baja,deposito_50pct,europa,no,si,si
1178,32,3,2,2,3,0,0,19533,NA,estandar,web_propio,desayuno,media,anticipado,otro,no,si,no
1179,67,5,2,2,3,1,1,3313,0.6,estandar,web_propio,todo_incluido,baja,anticipado,mexico,si,si,no
1180,17,8,2,1,0,0,4,9396,0,junior,agencia,media_pension,baja,deposito_50pct,mexico,si,no,no
1181,163,4,1,2,0,1,2,7586,7.2,suite,web_propio,media_pension,alta,en_hotel,europa,si,si,no
1182,58,1,0,2,0,0,1,11089,5.9,junior,web_propio,desayuno,baja,anticipado,mexico,si,si,no
1183,44,1,0,2,1,0,1,23184,1.1,estandar,ota,desayuno,baja,en_hotel,eua_canada,si,si,si
1184,21,8,2,2,1,2,1,14159,13.6,junior,ota,solo_habitacion,alta,anticipado,mexico,si,si,no
1185,80,7,2,2,0,0,1,14926,23.1,estandar,telefono,desayuno,media,anticipado,mexico,si,si,no
1186,44,3,0,2,0,1,0,NA,12.7,estandar,ota,solo_habitacion,media,anticipado,europa,no,si,si
1187,184,3,1,2,0,0,4,27604,2.5,estandar,ota,solo_habitacion,alta,deposito_50pct,eua_canada,si,si,si
1188,9,3,1,1,0,0,0,2817,0,estandar,agencia,todo_incluido,baja,deposito_50pct,mexico,no,no,si
1189,88,2,0,1,1,0,2,26651,7.4,junior,ota,desayuno,alta,en_hotel,eua_canada,si,si,si
1190,52,2,1,2,1,1,1,7895,3.6,estandar,web_propio,desayuno,alta,anticipado,europa,si,si,no
1191,81,7,1,3,0,0,1,18054,6.6,ejecutiva,ota,desayuno,alta,anticipado,eua_canada,si,si,si
1192,41,7,3,2,0,0,2,9136,23,suite,web_propio,solo_habitacion,media,anticipado,eua_canada,si,si,no
1193,42,6,2,1,1,1,1,4619,5.9,estandar,agencia,desayuno,media,anticipado,europa,si,si,no
1194,40,1,0,3,0,1,1,3041,7.8,suite,ota,solo_habitacion,media,deposito_50pct,mexico,si,si,no
1195,9,4,2,2,0,0,1,5575,15.2,junior,web_propio,desayuno,alta,anticipado,europa,si,si,no
1196,75,3,1,2,0,0,1,15083,13.4,estandar,agencia,desayuno,alta,anticipado,mexico,si,si,si
1197,26,1,0,2,0,1,3,7203,5.1,estandar,telefono,todo_incluido,baja,deposito_50pct,europa,si,si,no
1198,99,4,2,2,0,0,0,17049,16.6,junior,agencia,desayuno,alta,anticipado,eua_canada,no,si,si
1199,78,5,1,1,1,3,1,2745,6.4,estandar,ota,solo_habitacion,alta,anticipado,mexico,si,si,no
1200,93,2,1,2,0,3,0,5435,20.3,estandar,web_propio,media_pension,media,deposito_50pct,mexico,no,si,no
1201,140,1,0,2,1,0,1,25222,0,estandar,ota,desayuno,alta,anticipado,mexico,si,no,no
1202,51,1,0,2,2,3,1,5276,11.5,junior,ota,media_pension,alta,anticipado,eua_canada,si,si,no
1203,29,2,0,1,0,0,2,2352,1.6,suite,agencia,solo_habitacion,alta,anticipado,mexico,si,si,no
1204,40,2,0,1,0,0,0,1731,0,estandar,web_propio,todo_incluido,alta,en_hotel,eua_canada,no,no,no
1205,11,2,0,1,0,2,1,26237,10.3,junior,web_propio,media_pension,alta,deposito_50pct,mexico,si,si,no
1206,82,4,1,4,0,0,0,16866,10.2,estandar,web_propio,todo_incluido,baja,anticipado,mexico,no,si,no
1207,33,1,0,3,0,4,3,22696,0,estandar,ota,media_pension,media,deposito_50pct,mexico,si,no,no
1208,137,2,1,4,2,2,0,14977,0,ejecutiva,ota,media_pension,media,anticipado,NA,no,no,si
1209,11,7,3,4,0,0,1,6419,13.6,junior,ota,desayuno,media,anticipado,eua_canada,si,si,no
1210,133,2,1,4,0,0,2,17492,0,junior,agencia,todo_incluido,media,deposito_50pct,NA,si,no,no
1211,30,1,0,2,0,4,1,NA,16.9,suite,web_propio,solo_habitacion,media,deposito_50pct,europa,si,si,si
1212,77,6,4,2,0,0,1,8385,NA,junior,ota,media_pension,baja,deposito_50pct,otro,si,no,no
1213,124,2,0,2,0,3,1,7428,5.9,estandar,ota,solo_habitacion,alta,en_hotel,eua_canada,si,si,no
1214,34,3,2,2,1,4,1,16400,5.8,estandar,ota,desayuno,media,anticipado,mexico,si,si,si
1215,117,2,1,1,0,1,0,20583,9.9,suite,ota,desayuno,alta,en_hotel,eua_canada,no,si,no
1216,87,2,1,1,2,0,0,7228,0,junior,ota,desayuno,baja,deposito_50pct,eua_canada,no,no,no
1217,24,4,1,1,0,0,1,NA,0,junior,ota,media_pension,media,anticipado,mexico,si,no,no
1218,64,2,1,2,0,0,0,9633,0,junior,web_propio,desayuno,alta,en_hotel,europa,no,no,no
1219,24,3,2,1,0,0,1,14074,18.8,ejecutiva,ota,media_pension,alta,en_hotel,eua_canada,si,si,no
1220,101,6,2,2,0,0,1,4056,10.8,estandar,web_propio,solo_habitacion,media,anticipado,mexico,si,si,si
1221,74,2,0,4,0,3,2,13277,0,junior,agencia,desayuno,alta,deposito_50pct,mexico,si,no,no
1222,39,3,1,1,0,0,2,3942,12.4,suite,ota,desayuno,media,en_hotel,mexico,si,si,no
1223,34,4,1,2,0,4,3,25414,4.1,estandar,ota,media_pension,baja,anticipado,mexico,si,si,si
1224,61,1,0,1,0,2,2,17761,2.3,estandar,web_propio,media_pension,alta,en_hotel,NA,si,si,no
1225,74,3,0,2,0,3,0,23445,16.1,ejecutiva,ota,todo_incluido,media,en_hotel,eua_canada,no,si,si
1226,50,2,1,2,1,2,3,22840,NA,estandar,web_propio,solo_habitacion,alta,anticipado,mexico,si,si,no
1227,214,1,0,3,0,2,1,10497,17.3,suite,ota,desayuno,alta,en_hotel,eua_canada,si,si,si
1228,166,3,1,3,1,3,0,12846,9.1,junior,web_propio,desayuno,alta,en_hotel,mexico,no,si,no
1229,43,3,1,2,0,0,1,NA,8.4,estandar,ota,solo_habitacion,alta,deposito_50pct,eua_canada,si,si,no
1230,34,4,2,3,1,0,2,NA,13.4,suite,ota,desayuno,media,deposito_50pct,mexico,si,si,si
1231,59,4,0,2,0,2,1,26710,3.1,suite,ota,media_pension,alta,deposito_50pct,mexico,si,si,no
1232,1,1,0,1,1,0,0,6545,28.3,estandar,agencia,desayuno,alta,deposito_50pct,otro,no,si,no
1233,68,2,1,2,2,1,1,23473,26.9,estandar,ota,media_pension,alta,deposito_50pct,mexico,si,si,no
1234,54,7,3,3,0,0,2,21637,6.5,junior,agencia,solo_habitacion,baja,deposito_50pct,eua_canada,si,si,no
1235,153,2,1,1,0,0,2,17791,0,estandar,ota,desayuno,media,en_hotel,mexico,si,no,no
1236,127,4,1,2,0,1,0,5180,16.6,estandar,agencia,media_pension,baja,deposito_50pct,mexico,no,si,no
1237,47,3,1,4,0,0,2,11926,NA,estandar,ota,todo_incluido,media,deposito_50pct,eua_canada,si,si,si
1238,30,1,0,1,2,0,0,8316,7.2,junior,web_propio,desayuno,baja,en_hotel,mexico,no,si,no
1239,37,2,1,2,0,0,0,24461,NA,estandar,ota,desayuno,media,anticipado,mexico,no,si,no
1240,69,9,1,2,0,1,3,24351,0.1,estandar,web_propio,solo_habitacion,alta,deposito_50pct,europa,si,si,no
1241,142,1,0,2,0,3,1,9848,0,estandar,agencia,desayuno,baja,en_hotel,mexico,si,no,si
1242,61,4,1,2,2,3,3,26001,10.8,estandar,ota,solo_habitacion,alta,deposito_50pct,eua_canada,si,si,si
1243,152,2,1,2,1,3,1,16337,0,junior,ota,solo_habitacion,baja,anticipado,mexico,si,no,no
1244,76,3,0,1,0,0,1,17357,15.6,estandar,ota,desayuno,media,en_hotel,eua_canada,si,si,si
1245,107,10,5,2,0,1,1,21211,18.6,estandar,web_propio,solo_habitacion,media,deposito_50pct,mexico,si,si,no
1246,118,1,0,1,2,0,0,4582,4.8,suite,web_propio,desayuno,alta,en_hotel,mexico,no,si,no
1247,32,3,1,1,2,0,1,8444,6.4,estandar,ota,desayuno,alta,anticipado,mexico,si,si,si
1248,38,6,2,3,0,1,2,11342,7.7,estandar,web_propio,desayuno,media,anticipado,eua_canada,si,si,no
1249,36,4,2,2,0,0,1,22168,7.2,estandar,ota,solo_habitacion,alta,anticipado,mexico,si,si,no
1250,72,7,1,2,0,0,3,13673,12.1,estandar,ota,solo_habitacion,alta,anticipado,europa,si,si,no
1251,50,3,2,1,0,0,1,15409,6.8,estandar,ota,desayuno,alta,en_hotel,mexico,si,si,si
1252,136,3,2,1,0,0,1,8033,20.5,ejecutiva,ota,desayuno,media,deposito_50pct,eua_canada,si,si,no
1253,52,3,0,2,0,1,2,14721,6.7,ejecutiva,web_propio,todo_incluido,media,anticipado,otro,si,si,no
1254,107,12,1,1,0,0,1,9119,21,estandar,ota,solo_habitacion,baja,en_hotel,eua_canada,si,si,si
1255,23,9,4,2,0,1,0,26475,0,estandar,web_propio,media_pension,alta,deposito_50pct,europa,no,no,no
1256,21,4,2,2,0,0,1,24904,6.2,estandar,ota,desayuno,baja,deposito_50pct,eua_canada,si,si,si
1257,236,3,1,4,0,0,1,4979,0,junior,ota,desayuno,alta,deposito_50pct,europa,si,no,si
1258,140,4,2,1,1,1,0,4236,NA,junior,web_propio,desayuno,media,deposito_50pct,mexico,no,si,no
1259,86,3,1,2,1,0,1,13135,18.6,junior,agencia,solo_habitacion,alta,deposito_50pct,mexico,si,si,si
1260,97,1,0,2,0,2,1,9195,18.3,junior,web_propio,todo_incluido,alta,anticipado,mexico,si,si,no
1261,28,2,1,2,0,0,2,11568,0,estandar,ota,desayuno,baja,en_hotel,mexico,si,no,si
1262,116,6,2,3,1,0,0,9800,18.4,estandar,telefono,solo_habitacion,alta,deposito_50pct,mexico,no,si,si
1263,71,7,1,1,0,1,2,17093,1.3,estandar,web_propio,desayuno,media,anticipado,europa,si,si,no
1264,26,1,1,2,0,0,1,15201,NA,estandar,agencia,desayuno,media,anticipado,mexico,si,si,no
1265,81,5,1,1,1,0,2,22427,0,estandar,ota,solo_habitacion,baja,en_hotel,mexico,si,no,si
1266,2,2,1,2,0,3,1,4292,NA,estandar,ota,solo_habitacion,alta,deposito_50pct,mexico,si,si,no
1267,49,2,1,3,1,0,2,14454,19.3,ejecutiva,ota,solo_habitacion,media,en_hotel,mexico,si,si,si
1268,154,3,1,2,0,0,0,6433,3.4,junior,web_propio,desayuno,media,deposito_50pct,eua_canada,no,si,no
1269,112,9,1,2,0,0,1,2448,23.8,estandar,telefono,solo_habitacion,baja,anticipado,eua_canada,si,si,no
1270,41,3,1,2,0,1,3,26632,18,estandar,web_propio,desayuno,alta,en_hotel,mexico,si,si,no
1271,42,2,1,3,1,2,0,19373,9.1,estandar,web_propio,solo_habitacion,media,anticipado,mexico,no,si,si
1272,56,2,1,4,0,3,2,16350,13.7,suite,ota,media_pension,alta,anticipado,mexico,si,si,no
1273,33,6,1,2,0,0,3,24405,10.1,ejecutiva,telefono,media_pension,alta,en_hotel,otro,si,si,no
1274,47,8,4,3,1,0,4,26797,5,estandar,web_propio,solo_habitacion,alta,en_hotel,mexico,si,si,si
1275,147,1,0,2,2,0,1,2839,NA,junior,ota,media_pension,media,anticipado,europa,si,si,si
1276,10,6,2,2,0,0,1,12207,5.9,junior,telefono,todo_incluido,baja,anticipado,europa,si,si,no
1277,279,7,1,4,0,0,4,2401,15.6,estandar,web_propio,solo_habitacion,baja,anticipado,mexico,si,si,si
1278,103,3,0,1,1,0,3,10825,12.4,estandar,ota,desayuno,alta,en_hotel,mexico,si,si,no
1279,52,4,1,2,0,0,2,1944,2.5,junior,web_propio,todo_incluido,baja,en_hotel,eua_canada,si,si,no
1280,27,4,2,2,1,0,1,10186,26.6,estandar,ota,solo_habitacion,media,deposito_50pct,eua_canada,si,si,si
1281,8,3,2,1,0,1,0,5269,12.1,suite,web_propio,solo_habitacion,baja,deposito_50pct,europa,no,si,si
1282,49,9,2,2,0,0,0,4226,4.8,estandar,web_propio,desayuno,alta,deposito_50pct,eua_canada,no,si,no
1283,17,4,2,2,0,0,1,22752,7.4,ejecutiva,telefono,desayuno,baja,deposito_50pct,eua_canada,si,si,no
1284,91,6,1,2,0,1,2,10043,25.5,estandar,ota,solo_habitacion,alta,en_hotel,europa,si,si,no
1285,23,8,4,2,1,3,1,4993,5.3,estandar,web_propio,todo_incluido,media,anticipado,mexico,si,si,no
1286,63,10,4,2,0,0,0,21739,3.7,estandar,ota,solo_habitacion,media,deposito_50pct,eua_canada,no,si,no
1287,102,2,0,2,1,0,0,2614,0,junior,ota,desayuno,baja,deposito_50pct,mexico,no,no,si
1288,73,3,1,2,2,3,1,15336,14,estandar,web_propio,desayuno,baja,deposito_50pct,mexico,si,si,no
1289,90,3,1,2,2,0,0,13256,9.8,ejecutiva,ota,desayuno,media,deposito_50pct,eua_canada,no,si,si
1290,17,1,0,4,0,0,0,26380,12.9,junior,ota,media_pension,alta,deposito_50pct,europa,no,si,no
1291,56,2,1,1,0,1,0,NA,6.6,junior,ota,solo_habitacion,media,anticipado,eua_canada,no,si,si
1292,68,3,1,3,0,0,0,20101,12.5,junior,telefono,solo_habitacion,baja,anticipado,mexico,no,si,no
1293,47,2,0,2,1,0,2,4323,0.1,suite,agencia,solo_habitacion,baja,en_hotel,europa,si,si,si
1294,178,4,2,2,1,0,0,10055,10.1,junior,ota,desayuno,alta,deposito_50pct,mexico,no,si,si
1295,33,1,0,2,0,4,4,23732,5.2,suite,web_propio,desayuno,media,anticipado,europa,si,si,no
1296,81,5,3,2,0,0,1,25118,NA,estandar,ota,solo_habitacion,media,deposito_50pct,mexico,si,si,si
1297,20,3,0,4,0,3,0,12226,5.4,estandar,ota,desayuno,baja,en_hotel,eua_canada,no,si,no
1298,23,3,1,3,0,0,2,3847,0,estandar,ota,solo_habitacion,baja,en_hotel,europa,si,no,no
1299,72,6,2,2,0,2,0,10729,18.8,estandar,web_propio,solo_habitacion,alta,anticipado,europa,no,si,no
1300,27,3,1,1,1,0,1,18976,19.5,ejecutiva,ota,desayuno,media,anticipado,eua_canada,si,si,si
1301,26,1,1,2,2,2,3,22636,0.5,junior,ota,desayuno,baja,en_hotel,mexico,si,si,no
1302,22,6,1,1,0,1,2,5542,19.8,junior,agencia,todo_incluido,alta,en_hotel,europa,si,si,no
1303,39,1,0,4,0,0,1,22474,12.9,estandar,ota,desayuno,media,en_hotel,eua_canada,si,si,si
1304,52,1,0,2,1,2,2,5144,NA,junior,ota,solo_habitacion,media,anticipado,mexico,si,no,si
1305,80,5,2,2,0,1,0,25126,8.7,junior,ota,todo_incluido,alta,anticipado,mexico,no,si,no
1306,113,2,0,2,2,1,0,3339,17.4,suite,ota,media_pension,baja,anticipado,mexico,no,si,si
1307,10,5,3,3,0,3,3,3627,20.7,suite,agencia,desayuno,baja,deposito_50pct,mexico,si,si,no
1308,37,3,2,2,2,0,2,21262,3.8,estandar,ota,desayuno,alta,anticipado,eua_canada,si,si,si
1309,38,4,1,2,0,0,4,14092,0,ejecutiva,ota,desayuno,media,deposito_50pct,mexico,si,no,si
1310,57,4,1,1,0,3,4,4521,3.3,estandar,web_propio,desayuno,alta,deposito_50pct,mexico,si,si,no
1311,47,2,0,2,0,0,2,8963,2.4,estandar,ota,desayuno,media,deposito_50pct,mexico,si,si,no
1312,24,2,1,4,0,0,2,10534,0,ejecutiva,ota,desayuno,media,en_hotel,eua_canada,si,no,si
1313,18,7,3,2,0,0,4,1613,12.4,estandar,ota,todo_incluido,baja,anticipado,otro,si,si,no
1314,153,1,0,2,2,0,0,21385,5,estandar,ota,media_pension,media,en_hotel,mexico,no,si,si
1315,46,3,1,4,0,4,1,11454,9.9,junior,web_propio,solo_habitacion,alta,anticipado,mexico,si,si,no
1316,25,5,1,3,0,2,3,8092,2.4,junior,ota,todo_incluido,media,anticipado,eua_canada,si,si,no
1317,65,3,1,3,1,0,4,22780,19.8,junior,ota,solo_habitacion,alta,anticipado,mexico,si,si,no
1318,38,2,0,1,0,0,0,11371,10.1,junior,ota,media_pension,alta,deposito_50pct,mexico,no,si,si
1319,73,10,3,2,1,2,1,7259,22,estandar,agencia,desayuno,alta,en_hotel,europa,si,si,no
1320,32,3,1,2,2,0,1,24499,13.6,estandar,ota,desayuno,baja,en_hotel,mexico,si,si,no
1321,10,1,0,2,2,2,1,3720,0,ejecutiva,web_propio,solo_habitacion,baja,en_hotel,mexico,si,no,si
1322,75,2,1,2,0,0,1,11209,1.8,estandar,ota,solo_habitacion,alta,anticipado,eua_canada,si,si,no
1323,61,1,0,2,2,3,2,18043,5.7,estandar,web_propio,desayuno,alta,deposito_50pct,mexico,si,si,no
1324,64,2,0,2,0,0,1,11124,0,estandar,web_propio,solo_habitacion,media,en_hotel,mexico,si,no,si
1325,37,4,2,1,0,0,1,2860,0,estandar,web_propio,desayuno,media,deposito_50pct,eua_canada,si,no,no
1326,40,5,1,2,0,2,0,26463,13.6,junior,web_propio,desayuno,alta,en_hotel,mexico,no,si,no
1327,36,9,2,4,0,2,4,22969,4.1,suite,agencia,solo_habitacion,media,en_hotel,mexico,si,si,no
1328,8,5,3,4,0,2,1,1551,24.4,estandar,ota,media_pension,media,anticipado,mexico,si,si,si
1329,30,1,0,2,0,1,1,6741,0,junior,ota,media_pension,baja,anticipado,mexico,si,no,no
1330,25,1,0,2,0,0,0,11522,30.9,estandar,agencia,solo_habitacion,media,deposito_50pct,mexico,no,si,si
1331,41,1,0,2,1,0,1,17608,19.2,suite,ota,solo_habitacion,baja,deposito_50pct,mexico,si,si,si
1332,139,6,3,1,0,1,0,18748,14.5,estandar,telefono,desayuno,baja,deposito_50pct,mexico,no,si,si
1333,49,10,4,2,0,0,2,18572,8.6,estandar,ota,desayuno,alta,anticipado,mexico,si,si,si
1334,108,7,4,1,1,0,1,25379,0,estandar,agencia,desayuno,media,en_hotel,mexico,si,no,si
1335,17,3,1,2,1,1,1,6339,NA,estandar,ota,todo_incluido,media,anticipado,mexico,si,no,no
1336,37,4,2,2,2,1,2,4957,13.3,estandar,agencia,media_pension,baja,deposito_50pct,mexico,si,si,no
1337,170,3,1,2,0,1,4,21314,4.9,suite,ota,solo_habitacion,media,en_hotel,mexico,si,si,si
1338,17,2,1,1,0,1,1,8286,13.5,estandar,telefono,solo_habitacion,alta,anticipado,europa,si,si,no
1339,35,1,0,2,1,0,0,21241,14.1,estandar,web_propio,solo_habitacion,media,deposito_50pct,mexico,no,si,si
1340,80,2,1,2,0,1,0,26819,22.3,junior,ota,solo_habitacion,alta,en_hotel,mexico,no,si,no
1341,99,8,5,2,0,0,1,7463,11.2,ejecutiva,web_propio,todo_incluido,media,deposito_50pct,europa,si,si,no
1342,60,8,2,1,0,1,0,24522,6,junior,ota,todo_incluido,alta,en_hotel,eua_canada,no,si,no
1343,22,3,0,1,0,0,2,5090,0,junior,agencia,desayuno,media,en_hotel,mexico,si,no,si
1344,55,2,1,2,0,1,1,21142,0,estandar,agencia,solo_habitacion,baja,deposito_50pct,mexico,si,no,no
1345,38,6,1,1,0,0,0,23199,24.6,junior,web_propio,media_pension,media,deposito_50pct,mexico,no,si,no
1346,54,3,0,2,1,0,1,15196,3,estandar,ota,solo_habitacion,baja,anticipado,europa,si,si,no
1347,49,3,1,1,0,1,1,22767,0,estandar,web_propio,solo_habitacion,media,deposito_50pct,eua_canada,si,no,no
1348,79,2,0,3,2,0,0,18010,12.3,estandar,ota,media_pension,alta,deposito_50pct,mexico,no,si,no
1349,21,2,1,2,1,1,0,6902,20.9,estandar,web_propio,desayuno,media,en_hotel,mexico,no,si,si
1350,103,4,2,2,0,0,3,16294,25.9,suite,ota,desayuno,alta,en_hotel,mexico,si,si,si
1351,124,2,1,2,0,1,0,17609,30.9,estandar,ota,desayuno,baja,deposito_50pct,mexico,no,si,si
1352,46,2,0,2,1,1,5,19917,0,estandar,web_propio,desayuno,alta,anticipado,mexico,si,no,no
1353,120,1,0,2,0,1,2,NA,0,estandar,agencia,desayuno,alta,en_hotel,mexico,si,no,no
1354,70,4,2,2,0,4,2,11750,NA,estandar,web_propio,solo_habitacion,alta,deposito_50pct,eua_canada,si,si,no
1355,160,4,2,2,0,0,1,20517,7.2,junior,agencia,solo_habitacion,media,deposito_50pct,otro,si,si,si
1356,70,2,0,2,0,0,1,11632,8.9,junior,telefono,todo_incluido,media,deposito_50pct,otro,si,si,no
1357,17,1,0,3,0,1,0,4793,9.7,suite,ota,desayuno,baja,en_hotel,mexico,no,si,si
1358,94,1,0,1,0,0,2,21543,7.7,junior,web_propio,desayuno,media,anticipado,mexico,si,si,no
1359,63,8,5,2,1,4,0,14274,7.4,junior,ota,desayuno,alta,anticipado,eua_canada,no,si,no
1360,90,6,1,4,0,0,1,12261,0.7,estandar,ota,solo_habitacion,baja,deposito_50pct,mexico,si,si,no
1361,39,7,4,3,3,2,2,12076,30.1,junior,ota,desayuno,baja,anticipado,eua_canada,si,si,no
1362,67,7,2,1,0,2,1,3183,32.5,suite,web_propio,desayuno,alta,en_hotel,eua_canada,si,si,no
1363,20,2,1,2,1,0,0,NA,0,estandar,ota,desayuno,media,anticipado,eua_canada,no,no,no
1364,52,3,1,2,2,1,3,24650,0,junior,agencia,desayuno,baja,anticipado,mexico,si,no,si
1365,19,4,1,3,1,0,2,15347,1.2,estandar,agencia,solo_habitacion,media,en_hotel,otro,si,si,si
1366,150,6,4,1,0,0,2,11042,5.9,estandar,agencia,solo_habitacion,media,deposito_50pct,mexico,si,si,si
1367,51,12,3,1,0,0,0,18172,0,junior,ota,solo_habitacion,alta,anticipado,mexico,no,no,si
1368,95,2,0,4,0,0,3,4701,24.4,estandar,web_propio,media_pension,media,anticipado,mexico,si,si,no
1369,69,3,1,2,2,0,1,NA,23.7,suite,agencia,desayuno,media,deposito_50pct,mexico,si,si,no
1370,35,1,1,2,3,0,0,3426,18.5,estandar,web_propio,desayuno,alta,en_hotel,mexico,no,si,no
1371,124,2,1,2,1,1,4,1631,0,estandar,web_propio,solo_habitacion,alta,deposito_50pct,mexico,si,no,no
1372,35,10,6,2,1,1,1,20419,22.4,estandar,ota,solo_habitacion,media,deposito_50pct,mexico,si,si,no
1373,73,5,2,2,2,1,1,17375,4.2,estandar,ota,solo_habitacion,baja,deposito_50pct,mexico,si,si,no
1374,63,3,1,2,0,1,0,7670,20,estandar,ota,desayuno,media,en_hotel,eua_canada,no,si,si
1375,30,2,1,2,0,0,0,22289,17.6,estandar,ota,solo_habitacion,media,en_hotel,mexico,no,si,no
1376,39,1,0,2,0,1,1,9971,1.4,junior,ota,desayuno,media,en_hotel,eua_canada,si,si,no
1377,105,3,0,3,0,0,0,2955,23,estandar,web_propio,solo_habitacion,baja,anticipado,eua_canada,no,si,no
1378,140,10,3,1,0,0,3,13532,4.3,estandar,ota,solo_habitacion,media,en_hotel,mexico,si,si,si
1379,98,2,0,2,0,0,0,19360,0,estandar,ota,solo_habitacion,alta,deposito_50pct,mexico,no,no,si
1380,29,4,2,1,0,0,1,25309,19.6,suite,web_propio,solo_habitacion,media,anticipado,europa,si,si,no
1381,79,6,1,2,0,1,4,NA,6.6,estandar,ota,media_pension,media,anticipado,eua_canada,si,si,si
1382,30,6,3,2,1,3,2,9684,15.5,estandar,ota,desayuno,media,deposito_50pct,mexico,si,si,no
1383,63,3,0,2,1,3,0,8831,14.5,estandar,ota,todo_incluido,media,en_hotel,mexico,no,si,no
1384,101,2,1,2,0,0,4,14663,10.2,estandar,web_propio,solo_habitacion,media,deposito_50pct,mexico,si,si,no
1385,28,2,1,2,0,0,1,7081,3.5,junior,ota,solo_habitacion,alta,anticipado,europa,si,si,si
1386,12,8,2,1,1,2,0,7515,2.2,estandar,agencia,solo_habitacion,baja,anticipado,europa,no,si,no
1387,60,2,1,2,0,1,1,19637,15.3,junior,ota,desayuno,media,deposito_50pct,eua_canada,si,si,no
1388,19,2,1,3,1,0,3,NA,NA,estandar,web_propio,solo_habitacion,baja,anticipado,eua_canada,si,si,no
1389,27,6,2,2,0,0,0,16039,10.1,suite,agencia,solo_habitacion,media,en_hotel,eua_canada,no,si,no
1390,27,2,0,4,0,1,1,2443,24.3,estandar,agencia,solo_habitacion,media,en_hotel,mexico,si,si,no
1391,46,1,1,1,0,0,0,21090,15.7,estandar,web_propio,todo_incluido,media,anticipado,otro,no,si,no
1392,67,3,1,2,3,4,3,15493,11.7,junior,ota,solo_habitacion,media,en_hotel,mexico,si,si,no
1393,68,5,2,2,1,0,2,4304,11.8,estandar,agencia,media_pension,baja,en_hotel,eua_canada,si,si,si
1394,197,2,1,2,0,0,1,19719,NA,estandar,ota,desayuno,media,deposito_50pct,eua_canada,si,si,si
1395,85,2,0,1,1,1,2,6359,10.9,junior,agencia,solo_habitacion,alta,en_hotel,eua_canada,si,si,si
1396,59,3,1,1,1,0,1,23557,9.3,estandar,ota,todo_incluido,alta,deposito_50pct,europa,si,si,no
1397,65,1,0,1,1,2,3,12913,25.3,estandar,agencia,todo_incluido,media,anticipado,mexico,si,si,no
1398,192,12,7,2,0,0,3,11530,0,estandar,web_propio,solo_habitacion,media,anticipado,eua_canada,si,no,si
1399,24,1,0,2,0,4,2,11832,9,estandar,ota,desayuno,baja,anticipado,mexico,si,si,no
1400,18,2,0,1,2,2,1,2218,0,estandar,agencia,solo_habitacion,alta,anticipado,mexico,si,no,no
1401,229,1,0,3,0,1,0,26550,11.3,suite,web_propio,solo_habitacion,alta,en_hotel,mexico,no,si,no
1402,109,2,1,2,0,0,0,8129,15.4,estandar,web_propio,solo_habitacion,media,en_hotel,eua_canada,no,si,si
1403,13,10,2,2,3,2,1,9962,21.3,junior,web_propio,desayuno,media,en_hotel,NA,si,si,si
1404,51,6,2,1,2,1,1,11588,0,estandar,agencia,media_pension,baja,anticipado,mexico,si,no,no
1405,44,3,0,3,1,0,2,26399,0,junior,agencia,media_pension,baja,en_hotel,eua_canada,si,no,no
1406,122,7,3,2,1,0,3,18277,1.8,suite,ota,solo_habitacion,baja,anticipado,eua_canada,si,si,no
1407,15,1,0,1,0,0,0,27866,1.8,estandar,web_propio,desayuno,alta,deposito_50pct,eua_canada,no,si,no
1408,106,6,1,2,1,1,0,18368,16.6,estandar,agencia,desayuno,alta,en_hotel,mexico,no,si,no
1409,66,2,0,2,1,2,3,NA,11.7,junior,ota,desayuno,media,en_hotel,europa,si,si,si
1410,53,3,1,2,2,0,2,14988,12.4,estandar,ota,desayuno,media,en_hotel,eua_canada,si,si,no
1411,53,5,2,2,0,0,2,1575,0,junior,ota,solo_habitacion,baja,en_hotel,europa,si,no,no
1412,66,5,2,2,0,2,2,5132,0,junior,web_propio,media_pension,baja,deposito_50pct,eua_canada,si,no,no
1413,22,7,2,2,0,0,0,3732,14.3,junior,web_propio,solo_habitacion,alta,deposito_50pct,mexico,no,si,no
1414,107,5,1,2,0,0,1,21755,11.7,estandar,ota,desayuno,media,deposito_50pct,mexico,si,si,si
1415,104,5,3,4,2,0,1,15211,0,estandar,agencia,desayuno,alta,en_hotel,mexico,si,no,no
1416,36,2,1,2,0,1,1,18746,26.3,estandar,ota,desayuno,media,deposito_50pct,otro,si,si,si
1417,215,2,1,3,0,0,2,9019,12.7,junior,web_propio,media_pension,alta,en_hotel,mexico,si,si,si
1418,64,1,0,2,1,0,3,5714,6.7,estandar,agencia,solo_habitacion,baja,anticipado,eua_canada,si,si,no
1419,31,3,0,1,0,0,2,22457,5,junior,web_propio,solo_habitacion,alta,en_hotel,mexico,si,si,no
1420,108,6,1,2,0,0,1,19265,NA,junior,agencia,todo_incluido,media,en_hotel,otro,si,si,no
1421,51,1,0,3,3,3,1,15273,27.3,suite,web_propio,desayuno,media,anticipado,mexico,si,si,no
1422,128,2,1,2,1,3,1,NA,0,junior,ota,solo_habitacion,alta,en_hotel,NA,si,no,no
1423,107,2,1,2,0,1,1,NA,1.5,estandar,ota,solo_habitacion,media,en_hotel,eua_canada,si,si,si
1424,77,6,1,2,0,0,2,9304,16.6,estandar,ota,solo_habitacion,baja,en_hotel,mexico,si,si,si
1425,65,3,2,2,0,0,0,5903,32.6,estandar,agencia,desayuno,alta,en_hotel,mexico,no,si,si
1426,23,2,1,1,1,1,1,25529,14.2,junior,agencia,solo_habitacion,media,en_hotel,mexico,si,si,no
1427,62,4,0,3,0,1,0,25185,NA,ejecutiva,ota,desayuno,baja,deposito_50pct,eua_canada,no,si,si
1428,44,1,0,2,0,0,1,8093,31.5,ejecutiva,agencia,todo_incluido,alta,deposito_50pct,europa,si,si,si
1429,59,1,0,3,0,1,1,7220,9.1,estandar,ota,todo_incluido,media,deposito_50pct,eua_canada,si,si,no
1430,108,1,1,1,1,1,0,19068,12.3,suite,ota,media_pension,alta,deposito_50pct,eua_canada,no,si,no
1431,20,1,0,3,0,4,1,3223,7.8,suite,agencia,solo_habitacion,media,deposito_50pct,europa,si,si,no
1432,41,11,5,3,0,0,1,6215,12,junior,agencia,desayuno,alta,deposito_50pct,mexico,si,si,no
1433,98,4,1,2,2,3,1,13645,17,estandar,web_propio,desayuno,baja,deposito_50pct,mexico,si,si,no
1434,26,2,1,3,2,0,1,20516,31.2,estandar,agencia,desayuno,baja,anticipado,europa,si,si,si
1435,105,5,3,2,0,1,3,11322,20.6,junior,ota,solo_habitacion,media,deposito_50pct,mexico,si,si,si
1436,141,3,1,2,0,1,1,14579,NA,estandar,ota,desayuno,baja,anticipado,mexico,si,si,no
1437,121,5,1,3,0,0,1,8534,19.5,junior,telefono,solo_habitacion,alta,en_hotel,NA,si,si,no
1438,133,6,2,1,0,0,2,15093,0,estandar,ota,desayuno,media,en_hotel,mexico,si,no,si
1439,128,4,2,2,0,1,3,24014,NA,estandar,agencia,solo_habitacion,alta,anticipado,mexico,si,si,no
1440,28,3,1,2,0,2,2,9779,2.4,junior,telefono,solo_habitacion,alta,en_hotel,eua_canada,si,si,no
1441,76,2,1,2,0,0,1,25122,0,estandar,ota,solo_habitacion,media,deposito_50pct,mexico,si,no,no
1442,131,4,0,2,1,0,1,10621,0.3,junior,web_propio,media_pension,alta,en_hotel,otro,si,si,si
1443,32,3,1,2,0,2,3,21482,7.3,estandar,ota,solo_habitacion,baja,en_hotel,eua_canada,si,si,no
1444,79,12,2,2,0,0,1,23670,7,estandar,web_propio,solo_habitacion,baja,deposito_50pct,eua_canada,si,si,no
1445,56,5,1,1,0,0,0,10329,16,estandar,telefono,solo_habitacion,baja,anticipado,mexico,no,si,no
1446,47,10,5,1,1,0,1,16264,NA,suite,ota,solo_habitacion,media,deposito_50pct,mexico,si,si,no
1447,29,2,1,3,0,1,0,10518,NA,ejecutiva,web_propio,media_pension,alta,en_hotel,eua_canada,no,no,si
1448,58,13,5,4,0,0,2,4281,20.1,ejecutiva,ota,solo_habitacion,alta,anticipado,eua_canada,si,si,no
1449,134,4,2,2,0,0,0,23827,18.2,estandar,ota,desayuno,media,deposito_50pct,eua_canada,no,si,si
1450,71,9,5,3,0,1,2,23414,1.2,estandar,ota,solo_habitacion,media,en_hotel,mexico,si,si,si
1451,43,2,1,4,2,2,0,4261,6.8,estandar,telefono,media_pension,media,anticipado,europa,no,si,no
1452,40,13,5,4,0,0,2,8259,2.4,estandar,ota,desayuno,baja,en_hotel,mexico,si,si,si
1453,29,11,5,1,0,0,0,1889,17.1,estandar,telefono,solo_habitacion,media,en_hotel,eua_canada,no,si,si
1454,59,12,2,3,1,1,0,8541,18.5,junior,ota,desayuno,baja,deposito_50pct,mexico,no,si,si
1455,26,3,1,2,0,0,3,3006,3.2,ejecutiva,web_propio,solo_habitacion,alta,deposito_50pct,eua_canada,si,si,no
1456,12,2,0,2,2,2,2,7409,15.6,suite,ota,desayuno,alta,anticipado,mexico,si,si,no
1457,136,4,0,2,0,1,2,14680,29,estandar,web_propio,solo_habitacion,alta,en_hotel,mexico,si,si,no
1458,85,8,2,2,0,0,0,24326,9.2,estandar,ota,todo_incluido,alta,en_hotel,mexico,no,si,si
1459,11,1,0,1,2,0,1,NA,0,estandar,web_propio,desayuno,alta,deposito_50pct,eua_canada,si,no,no
1460,29,4,1,1,2,1,0,1531,6,junior,ota,media_pension,media,deposito_50pct,eua_canada,no,si,no
1461,82,6,2,2,0,0,0,26288,15,estandar,telefono,desayuno,alta,en_hotel,mexico,no,si,si
1462,86,2,1,3,0,0,0,15675,0.7,junior,web_propio,todo_incluido,media,anticipado,mexico,no,si,no
1463,89,1,0,1,0,0,0,NA,14.3,ejecutiva,telefono,desayuno,baja,deposito_50pct,mexico,no,si,si
1464,62,2,1,1,0,3,2,11871,0,estandar,web_propio,media_pension,baja,en_hotel,mexico,si,no,no
1465,12,1,0,2,1,0,0,25467,9.3,estandar,agencia,solo_habitacion,alta,anticipado,eua_canada,no,si,si
1466,62,2,1,1,0,0,2,23408,20.3,estandar,ota,desayuno,alta,en_hotel,mexico,si,si,si
1467,10,4,1,2,0,2,2,16827,0,estandar,ota,todo_incluido,media,en_hotel,eua_canada,si,no,si
1468,27,2,1,2,2,1,1,5099,15.4,ejecutiva,ota,solo_habitacion,alta,deposito_50pct,mexico,si,si,no
1469,30,3,2,1,0,3,2,18136,0,junior,ota,desayuno,media,anticipado,mexico,si,no,no
1470,60,4,2,1,0,3,0,4921,30.9,estandar,ota,desayuno,alta,anticipado,otro,no,si,no
1471,60,3,1,1,0,0,3,27907,25.8,estandar,web_propio,desayuno,media,deposito_50pct,mexico,si,si,si
1472,141,4,2,2,0,0,0,9679,3.8,junior,agencia,media_pension,media,en_hotel,mexico,no,si,no
1473,42,1,0,2,0,2,2,8295,5.1,ejecutiva,web_propio,media_pension,alta,en_hotel,europa,si,si,no
1474,246,3,1,3,0,0,1,26986,0,suite,ota,desayuno,alta,anticipado,eua_canada,si,no,si
1475,77,3,1,2,0,3,1,6596,15.8,estandar,ota,desayuno,alta,en_hotel,eua_canada,si,si,no
1476,87,1,0,1,2,3,2,25604,0,ejecutiva,agencia,solo_habitacion,alta,en_hotel,mexico,si,no,si
1477,25,10,3,2,0,1,1,9672,1,estandar,web_propio,desayuno,media,anticipado,NA,si,si,no
1478,33,6,1,2,2,3,2,20706,0,estandar,ota,todo_incluido,alta,deposito_50pct,otro,si,no,no
1479,12,5,2,2,0,0,2,3221,19,junior,ota,desayuno,baja,anticipado,europa,si,si,no
1480,35,4,1,4,1,0,2,23789,16.2,ejecutiva,ota,media_pension,alta,anticipado,mexico,si,si,no
1481,63,2,0,2,2,1,2,9131,1.3,suite,agencia,todo_incluido,media,deposito_50pct,mexico,si,si,no
1482,22,5,1,4,0,0,2,9550,0,estandar,web_propio,desayuno,alta,en_hotel,mexico,si,no,no
1483,93,4,2,1,1,1,1,NA,0.7,estandar,ota,solo_habitacion,media,en_hotel,mexico,si,si,no
1484,41,3,0,2,2,0,1,24134,6.7,estandar,agencia,solo_habitacion,media,anticipado,mexico,si,si,si
1485,23,4,1,2,0,0,1,7420,13.2,junior,agencia,desayuno,alta,deposito_50pct,europa,si,si,no
1486,72,2,1,2,0,0,1,24120,2,estandar,web_propio,desayuno,baja,deposito_50pct,NA,si,si,no
1487,57,6,1,2,1,0,1,12794,NA,suite,web_propio,solo_habitacion,alta,en_hotel,mexico,si,si,no
1488,118,7,2,2,0,3,3,22264,21.3,estandar,ota,media_pension,alta,en_hotel,mexico,si,si,si
1489,71,6,2,3,0,1,0,15993,15.7,junior,ota,desayuno,alta,deposito_50pct,mexico,no,si,si
1490,101,2,0,2,2,0,3,1970,2.3,junior,ota,solo_habitacion,alta,anticipado,europa,si,si,si
1491,189,1,0,2,0,2,2,15207,6.3,suite,web_propio,solo_habitacion,baja,anticipado,mexico,si,si,no
1492,144,8,1,1,2,0,0,22503,2.9,estandar,web_propio,solo_habitacion,media,deposito_50pct,mexico,no,si,no
1493,34,7,2,2,0,1,0,13608,0.9,estandar,ota,desayuno,baja,en_hotel,mexico,no,si,no
1494,43,6,2,2,2,0,1,9166,3.7,junior,ota,solo_habitacion,media,anticipado,eua_canada,si,si,no
1495,207,11,1,1,0,0,2,17848,13.1,estandar,ota,desayuno,media,en_hotel,mexico,si,si,si
1496,56,3,1,1,2,0,0,23709,6.2,estandar,ota,solo_habitacion,baja,deposito_50pct,otro,no,si,si
1497,104,1,0,2,1,1,0,19766,NA,junior,agencia,media_pension,media,deposito_50pct,otro,no,no,no
1498,211,6,2,2,0,0,0,14463,5.2,junior,web_propio,media_pension,media,anticipado,mexico,no,si,si
1499,18,13,3,3,0,2,1,1956,17.4,junior,ota,desayuno,media,deposito_50pct,mexico,si,si,no
1500,50,6,2,2,0,3,1,16915,6.2,junior,telefono,solo_habitacion,baja,en_hotel,europa,si,si,no
