id_transaccion,monto_transaccion_mxn,monto_promedio_historico_mxn,hora_del_dia,dias_desde_ultima_compra,num_transacciones_24h,distancia_km_domicilio,es_compra_internacional,categoria_comercio,fraude
TX000001,1639,1383,8,1,6,18.7,no,abarrotes,no
TX000002,155,129,4,14,6,24.5,no,entretenimiento,no
TX000003,2426,1352,0,18,5,26.6,no,abarrotes,no
TX000004,2023,2469,9,9,0,NA,no,restaurantes,no
TX000005,1817,1821,20,24,4,96.3,no,abarrotes,no
TX000006,285,553,16,20,8,95.7,no,servicios,si
TX000007,2634,2119,4,2,4,52.6,no,restaurantes,no
TX000008,181,284,23,5,1,49.3,si,entretenimiento,no
TX000009,2272,731,18,7,4,13.8,no,viajes,no
TX000010,416,257,20,10,1,73.6,no,viajes,no
TX000011,402,720,9,11,5,20.1,no,restaurantes,no
TX000012,1743,1469,19,16,3,12.2,si,electronica,no
TX000013,128,153,9,4,2,9.5,no,abarrotes,no
TX000014,717,949,7,4,2,63.3,no,abarrotes,no
TX000015,628,520,0,0,5,97.3,no,abarrotes,no
TX000016,1314,1396,8,3,2,13.5,no,electronica,no
TX000017,1140,1301,7,7,1,15.5,no,viajes,no
TX000018,2111,1097,0,27,4,38.9,no,viajes,no
TX000019,642,606,19,10,5,39.4,no,entretenimiento,no
TX000020,325,367,10,8,2,21,no,abarrotes,no
TX000021,630,580,23,35,4,193.7,no,restaurantes,no
TX000022,702,443,3,9,2,70,no,electronica,no
TX000023,136,194,16,22,2,62.8,no,servicios,no
TX000024,1395,804,20,1,3,4.4,no,viajes,no
TX000025,1719,860,23,1,4,10.9,no,servicios,no
TX000026,521,894,5,3,4,56.6,no,viajes,no
TX000027,1763,1904,18,12,4,11.3,no,entretenimiento,no
TX000028,1023,952,17,18,3,0.5,no,restaurantes,no
TX000029,918,685,12,9,4,28.7,no,electronica,no
TX000030,573,485,8,15,4,2,no,entretenimiento,no
TX000031,239,186,22,3,4,29.2,no,entretenimiento,no
TX000032,854,1057,20,2,5,76.8,no,electronica,no
TX000033,743,829,0,6,1,21.6,no,entretenimiento,no
TX000034,939,823,18,14,2,99.1,no,servicios,no
TX000035,1006,547,0,5,2,37.5,no,abarrotes,no
TX000036,2659,2158,7,20,8,10.7,no,restaurantes,no
TX000037,492,407,4,0,2,90.5,no,servicios,no
TX000038,290,323,15,15,2,22.1,no,restaurantes,no
TX000039,570,1052,22,11,7,4.3,no,servicios,no
TX000040,1257,1314,5,2,3,30.8,no,servicios,no
TX000041,852,449,21,14,4,NA,no,entretenimiento,no
TX000042,454,304,9,1,4,78.6,no,abarrotes,no
TX000043,2616,3652,11,7,5,22.7,no,restaurantes,no
TX000044,1206,1066,10,3,4,44.5,no,electronica,no
TX000045,659,612,11,3,2,57.7,no,servicios,no
TX000046,137,344,15,2,2,57.1,no,servicios,no
TX000047,410,555,3,6,9,66.5,no,entretenimiento,no
TX000048,871,839,19,10,4,6.1,si,abarrotes,no
TX000049,1108,1797,11,1,1,81.6,no,abarrotes,no
TX000050,1318,1611,2,15,2,40.6,si,servicios,no
TX000051,427,547,3,3,3,14.2,no,electronica,no
TX000052,382,268,22,1,1,51.1,no,entretenimiento,no
TX000053,1752,1413,9,1,3,10.7,no,restaurantes,no
TX000054,409,635,22,6,2,45.9,no,abarrotes,no
TX000055,446,570,6,3,2,8.1,no,viajes,no
TX000056,343,231,6,9,4,25.4,no,entretenimiento,no
TX000057,349,616,22,6,0,99.5,no,entretenimiento,no
TX000058,1169,696,22,9,1,6,no,abarrotes,no
TX000059,592,1195,19,17,3,77.5,no,abarrotes,no
TX000060,2121,1620,11,8,2,26.6,si,electronica,no
TX000061,2647,792,11,14,3,51.9,no,abarrotes,no
TX000062,352,402,22,12,4,173,no,viajes,no
TX000063,367,235,9,5,3,8.4,no,servicios,no
TX000064,154,304,5,10,4,22.2,no,entretenimiento,no
TX000065,1112,903,4,1,5,6.7,no,electronica,no
TX000066,1395,1374,14,18,1,51.4,no,entretenimiento,no
TX000067,904,668,4,6,3,67,no,restaurantes,no
TX000068,1492,1493,6,14,2,53.6,no,entretenimiento,no
TX000069,356,446,2,10,6,6.8,no,restaurantes,no
TX000070,1391,696,1,1,5,12.7,no,entretenimiento,no
TX000071,1443,968,20,2,0,39.9,no,servicios,no
TX000072,478,637,12,12,3,103.5,no,viajes,no
TX000073,2309,910,4,5,6,19.2,no,entretenimiento,si
TX000074,1234,902,14,7,2,48.1,no,viajes,no
TX000075,241,224,9,6,2,93.5,no,restaurantes,no
TX000076,426,344,14,7,2,2.9,no,abarrotes,no
TX000077,2513,894,0,4,1,65.1,no,electronica,no
TX000078,833,1130,18,4,4,18.8,no,restaurantes,no
TX000079,433,340,9,4,5,8.2,no,viajes,no
TX000080,1405,1436,18,15,3,11.8,no,abarrotes,no
TX000081,1849,2048,0,4,5,15.3,no,entretenimiento,no
TX000082,1926,1216,20,1,2,36.9,no,abarrotes,no
TX000083,1469,1074,17,18,0,35.6,no,electronica,no
TX000084,1260,1615,17,17,4,17.8,no,viajes,no
TX000085,172,214,9,17,1,28.9,no,restaurantes,no
TX000086,232,790,3,6,4,88.5,no,abarrotes,no
TX000087,615,617,10,22,6,94.5,no,entretenimiento,no
TX000088,1214,1321,5,2,2,14.8,no,entretenimiento,no
TX000089,966,1253,13,11,2,51.1,no,viajes,no
TX000090,869,436,23,3,0,49.2,no,entretenimiento,no
TX000091,801,685,4,3,4,53.1,no,viajes,no
TX000092,2297,3082,7,1,4,118.9,no,servicios,no
TX000093,1201,970,19,5,4,29,no,restaurantes,no
TX000094,5642,1943,15,7,4,26.7,no,servicios,no
TX000095,188,358,16,1,1,35.7,no,viajes,no
TX000096,2800,2034,6,1,4,18.8,no,electronica,no
TX000097,1805,867,8,9,4,5.7,no,viajes,no
TX000098,338,684,19,10,3,12,no,restaurantes,no
TX000099,1762,1000,21,1,7,54.4,no,electronica,no
TX000100,457,676,21,13,2,14,no,restaurantes,no
TX000101,514,339,23,16,3,37.2,no,viajes,no
TX000102,758,322,19,37,5,25.1,no,entretenimiento,no
TX000103,239,775,20,13,4,37.1,no,restaurantes,no
TX000104,1295,1269,3,10,2,NA,no,abarrotes,no
TX000105,2095,929,0,4,3,11.2,no,electronica,no
TX000106,1365,982,0,2,4,6.1,no,viajes,no
TX000107,1127,743,12,0,5,30.3,no,viajes,no
TX000108,844,1039,5,4,4,4.8,no,abarrotes,no
TX000109,1281,590,5,25,3,52.8,no,servicios,no
TX000110,414,492,23,2,3,81.9,no,viajes,no
TX000111,820,992,5,2,4,42,no,electronica,no
TX000112,433,277,5,4,3,45.5,no,abarrotes,no
TX000113,697,520,21,2,3,19.2,no,entretenimiento,no
TX000114,695,458,4,7,3,NA,no,restaurantes,si
TX000115,239,253,20,3,1,17.3,no,abarrotes,no
TX000116,1288,1017,8,6,1,31.1,no,electronica,no
TX000117,471,582,0,14,3,3.3,no,electronica,no
TX000118,848,1219,11,3,4,18.5,no,restaurantes,no
TX000119,391,331,15,3,1,32.1,no,entretenimiento,no
TX000120,6394,2737,23,4,6,36.2,no,restaurantes,no
TX000121,253,411,19,7,2,28.9,no,entretenimiento,no
TX000122,1046,694,2,4,3,26.5,no,entretenimiento,no
TX000123,986,787,12,8,1,114.8,no,entretenimiento,no
TX000124,883,771,6,15,2,69.2,no,electronica,no
TX000125,1075,1233,18,6,0,101.9,no,entretenimiento,no
TX000126,827,414,3,5,1,30.2,no,servicios,no
TX000127,2226,1231,11,3,5,7.7,no,restaurantes,no
TX000128,4403,2033,2,8,5,12.6,no,restaurantes,no
TX000129,424,1043,4,2,4,38.3,si,viajes,no
TX000130,272,311,22,9,2,9.7,no,entretenimiento,no
TX000131,543,574,4,22,1,22.9,no,entretenimiento,no
TX000132,1668,558,5,2,5,106.7,no,abarrotes,no
TX000133,863,644,13,7,4,52.7,no,viajes,no
TX000134,508,407,5,5,5,19.5,no,servicios,no
TX000135,881,1095,16,12,0,11.2,no,servicios,no
TX000136,481,788,9,1,3,59.9,no,restaurantes,no
TX000137,1348,1327,13,4,5,69.9,no,restaurantes,si
TX000138,585,574,1,23,3,43.9,no,electronica,no
TX000139,154,255,18,0,2,22.1,no,electronica,no
TX000140,2482,1067,17,10,4,3.1,si,electronica,no
TX000141,306,198,11,7,3,90.3,no,viajes,no
TX000142,512,1034,12,2,4,23.1,no,viajes,no
TX000143,346,581,2,7,4,33.4,si,abarrotes,no
TX000144,1689,1531,10,6,2,35.6,no,restaurantes,no
TX000145,396,594,9,1,3,13.7,no,electronica,no
TX000146,7001,3547,21,23,1,2.4,no,restaurantes,no
TX000147,733,559,1,7,5,17.9,no,viajes,no
TX000148,942,1308,1,6,2,14.1,no,entretenimiento,no
TX000149,532,303,2,2,5,23.4,no,electronica,no
TX000150,1116,829,17,5,1,51.8,no,restaurantes,no
TX000151,161,249,23,3,1,NA,no,abarrotes,no
TX000152,199,172,15,1,3,3.6,no,restaurantes,no
TX000153,1538,616,4,14,3,21.7,no,abarrotes,no
TX000154,402,764,20,3,4,15.2,no,restaurantes,no
TX000155,2297,3775,20,9,3,11.3,si,electronica,no
TX000156,1155,1819,15,10,2,24.2,no,electronica,no
TX000157,762,446,0,15,1,13.3,no,abarrotes,no
TX000158,344,301,3,8,6,40.1,no,servicios,no
TX000159,679,545,14,12,2,11.5,no,restaurantes,si
TX000160,169,213,17,10,0,120.6,no,abarrotes,no
TX000161,964,1367,2,6,2,0.1,no,electronica,no
TX000162,764,468,22,6,3,24.4,no,servicios,no
TX000163,1475,1195,18,4,1,47.4,no,viajes,no
TX000164,1187,1858,7,10,2,6.9,no,viajes,no
TX000165,1388,1067,0,6,4,23.3,no,electronica,no
TX000166,108,128,4,21,1,31.9,no,entretenimiento,no
TX000167,1027,1100,14,4,1,24.3,no,restaurantes,no
TX000168,898,1029,23,6,4,7.9,no,abarrotes,no
TX000169,993,1341,4,5,3,141.3,no,restaurantes,no
TX000170,1709,794,14,25,3,49.8,no,abarrotes,no
TX000171,367,459,0,13,3,71.2,si,entretenimiento,no
TX000172,523,477,6,6,5,54.7,no,servicios,no
TX000173,415,786,2,22,5,6.2,no,abarrotes,no
TX000174,142,263,8,1,2,2.3,no,entretenimiento,no
TX000175,1627,2131,13,5,3,4.4,no,viajes,no
TX000176,262,240,19,14,2,10.8,no,abarrotes,no
TX000177,1868,1732,16,4,3,39.8,no,entretenimiento,no
TX000178,430,569,11,15,1,7.3,no,abarrotes,no
TX000179,390,738,5,1,2,15.6,no,viajes,no
TX000180,376,335,8,16,4,19.5,no,electronica,no
TX000181,497,888,14,4,5,17.5,no,electronica,no
TX000182,436,328,3,13,2,14.1,no,abarrotes,no
TX000183,633,678,6,1,3,21.7,no,viajes,no
TX000184,627,1497,11,0,1,17.3,no,restaurantes,no
TX000185,958,859,17,2,2,15,no,restaurantes,no
TX000186,1130,652,6,8,5,NA,no,restaurantes,no
TX000187,1015,855,17,1,0,22.3,no,electronica,no
TX000188,444,397,4,26,2,11.6,no,restaurantes,no
TX000189,811,506,15,9,3,68.4,no,electronica,no
TX000190,1962,677,5,19,2,76.4,no,servicios,no
TX000191,474,402,13,12,4,11.5,no,electronica,no
TX000192,1166,587,2,10,6,34.6,no,viajes,no
TX000193,2171,1632,5,21,0,95.1,no,servicios,no
TX000194,1630,617,11,12,3,5.6,no,abarrotes,no
TX000195,646,551,6,11,2,151.8,no,electronica,no
TX000196,1434,1429,6,9,5,22.2,no,servicios,no
TX000197,407,413,6,19,3,85.3,no,viajes,no
TX000198,481,644,17,13,5,31.4,no,viajes,no
TX000199,696,1010,14,3,3,NA,no,restaurantes,no
TX000200,2616,1421,12,14,2,179.8,si,restaurantes,si
TX000201,1101,2042,11,15,3,21.2,no,viajes,no
TX000202,179,621,18,7,2,69,no,electronica,no
TX000203,2952,1596,18,6,2,24.6,no,entretenimiento,no
TX000204,170,186,19,8,0,6.1,no,entretenimiento,no
TX000205,1480,785,2,17,2,27,no,entretenimiento,no
TX000206,977,1163,0,1,6,54.5,no,abarrotes,no
TX000207,1348,1400,17,1,1,119,no,electronica,no
TX000208,1627,847,19,17,5,2.1,no,viajes,no
TX000209,1091,1174,10,10,6,NA,no,abarrotes,no
TX000210,396,219,15,2,5,38.3,no,entretenimiento,no
TX000211,757,839,15,12,2,95.8,si,servicios,no
TX000212,557,473,20,3,4,21.1,no,abarrotes,no
TX000213,769,889,16,2,3,21.3,no,electronica,no
TX000214,269,288,0,3,1,73.8,no,abarrotes,no
TX000215,672,689,9,6,2,18.8,si,electronica,no
TX000216,3518,2189,3,2,2,4.6,no,viajes,no
TX000217,599,389,6,13,7,64.2,no,restaurantes,no
TX000218,270,359,6,4,2,51,no,restaurantes,no
TX000219,195,367,11,10,2,121.4,no,abarrotes,no
TX000220,2599,889,16,4,0,55.3,si,entretenimiento,no
TX000221,90,152,15,9,4,46,no,abarrotes,no
TX000222,1076,1420,16,20,3,17.9,no,abarrotes,no
TX000223,822,1033,6,4,1,81.8,no,abarrotes,no
TX000224,1092,319,23,22,1,27.2,no,abarrotes,no
TX000225,296,363,0,20,6,36.2,no,electronica,no
TX000226,467,352,2,13,1,43.8,no,restaurantes,si
TX000227,776,488,15,6,4,87.8,no,servicios,no
TX000228,1216,1059,18,9,1,42.8,no,restaurantes,no
TX000229,446,916,6,1,5,47.8,no,entretenimiento,no
TX000230,1546,984,2,17,4,31.3,no,servicios,no
TX000231,467,422,22,22,3,18.5,no,servicios,no
TX000232,240,269,13,13,7,7.6,no,viajes,no
TX000233,533,566,11,7,0,37.8,no,entretenimiento,no
TX000234,1283,572,5,14,5,77.9,no,electronica,si
TX000235,250,298,3,0,2,5.7,no,electronica,no
TX000236,379,412,4,12,3,12,no,electronica,no
TX000237,279,368,20,5,4,23.7,no,electronica,no
TX000238,723,453,2,14,3,31.7,no,viajes,no
TX000239,1552,1178,12,4,2,9.1,no,restaurantes,no
TX000240,668,777,8,8,2,16.3,no,electronica,no
TX000241,600,997,21,7,6,16.1,no,electronica,no
TX000242,902,922,16,14,2,1,no,abarrotes,no
TX000243,953,573,20,10,1,24.8,si,servicios,no
TX000244,1585,867,13,4,1,33.3,si,servicios,no
TX000245,308,442,20,10,2,2.2,no,entretenimiento,no
TX000246,524,561,2,8,4,20.4,no,electronica,no
TX000247,746,1550,0,23,4,39.1,no,electronica,no
TX000248,1746,2855,17,4,3,14.5,no,electronica,no
TX000249,256,198,22,4,4,18.9,si,electronica,no
TX000250,1521,1486,20,21,4,37.8,no,servicios,no
TX000251,984,545,10,1,4,54.9,no,restaurantes,no
TX000252,507,855,5,17,3,15.6,si,entretenimiento,si
TX000253,1415,672,0,1,1,84.6,no,servicios,no
TX000254,432,430,1,2,2,77.8,no,electronica,no
TX000255,472,477,19,3,3,19,no,electronica,no
TX000256,874,1345,12,6,3,106.4,no,servicios,no
TX000257,2939,1268,18,3,4,43.9,no,abarrotes,no
TX000258,265,567,7,6,6,75.3,si,abarrotes,si
TX000259,1456,1118,19,10,1,6.1,no,viajes,no
TX000260,1216,719,17,6,3,60.2,no,servicios,no
TX000261,546,252,4,14,2,38,si,restaurantes,no
TX000262,2273,1822,5,6,2,40.8,no,restaurantes,no
TX000263,131,409,12,7,3,74.7,no,viajes,no
TX000264,441,836,22,13,5,11.1,no,viajes,no
TX000265,1622,857,23,3,1,7.2,no,electronica,no
TX000266,1043,1574,9,10,2,114.8,no,entretenimiento,no
TX000267,719,464,11,8,2,19.5,no,restaurantes,no
TX000268,1254,897,6,7,4,59.7,no,restaurantes,no
TX000269,493,565,1,20,3,68.8,si,viajes,no
TX000270,1659,1255,3,10,2,4.7,no,restaurantes,no
TX000271,1458,1580,1,5,4,12.8,no,electronica,no
TX000272,552,534,16,3,2,22.2,no,abarrotes,no
TX000273,703,1208,2,15,5,NA,no,electronica,no
TX000274,1992,809,9,31,3,47.3,no,entretenimiento,no
TX000275,274,338,23,3,0,80.3,no,restaurantes,no
TX000276,859,461,0,23,0,33.7,no,entretenimiento,no
TX000277,633,534,23,24,1,28.7,no,servicios,no
TX000278,131,384,16,11,3,9.7,no,restaurantes,no
TX000279,459,382,4,3,0,28.9,no,viajes,no
TX000280,324,314,3,15,7,10.4,no,entretenimiento,si
TX000281,1339,1204,5,1,2,NA,no,restaurantes,no
TX000282,865,497,21,10,1,NA,no,abarrotes,no
TX000283,648,651,17,17,2,59.3,no,viajes,no
TX000284,136,490,14,7,3,31.6,no,entretenimiento,no
TX000285,627,598,7,20,7,111.2,no,servicios,no
TX000286,1378,767,14,4,3,41,no,restaurantes,no
TX000287,210,563,0,2,2,92.8,no,electronica,no
TX000288,849,470,7,33,1,86.4,no,abarrotes,no
TX000289,467,311,10,3,2,177.5,no,servicios,no
TX000290,217,237,11,4,2,64.2,no,abarrotes,no
TX000291,1572,1361,0,6,2,22.2,no,entretenimiento,no
TX000292,1828,644,10,8,3,87.7,no,abarrotes,no
TX000293,675,866,17,9,4,4.9,no,abarrotes,no
TX000294,311,236,16,4,3,9.9,no,electronica,no
TX000295,935,1322,20,17,5,40.9,no,servicios,no
TX000296,2345,2536,12,1,2,NA,no,restaurantes,no
TX000297,1680,1128,8,21,5,2.7,no,electronica,no
TX000298,340,686,1,5,4,85.2,no,restaurantes,no
TX000299,548,407,6,6,2,76.7,no,electronica,no
TX000300,623,829,11,26,7,62.5,no,abarrotes,no
TX000301,1117,728,12,1,2,17.9,no,electronica,si
TX000302,297,526,17,7,2,44.4,si,restaurantes,no
TX000303,1484,790,3,5,3,40.2,no,viajes,no
TX000304,205,243,22,9,5,10.9,no,servicios,no
TX000305,390,407,1,9,5,12.3,no,restaurantes,no
TX000306,430,199,0,3,2,61.3,no,electronica,no
TX000307,571,1221,15,13,5,57.5,no,electronica,no
TX000308,5146,2214,13,9,6,22.3,no,servicios,si
TX000309,483,237,0,6,1,34.1,no,entretenimiento,no
TX000310,352,466,9,5,1,NA,no,entretenimiento,no
TX000311,113,163,23,8,5,19.6,no,electronica,no
TX000312,761,384,7,12,3,21.7,no,electronica,no
TX000313,475,313,22,17,1,24.2,no,electronica,no
TX000314,1773,818,15,10,6,107.4,no,electronica,no
TX000315,152,334,3,19,4,69.6,no,abarrotes,si
TX000316,1575,2938,23,1,5,36.2,no,electronica,no
TX000317,107,148,9,1,6,109.9,si,restaurantes,si
TX000318,902,1212,4,3,6,NA,no,abarrotes,no
TX000319,1104,1297,9,5,1,167.7,no,entretenimiento,no
TX000320,444,327,17,11,2,69.6,no,viajes,no
TX000321,379,1405,9,4,4,26,no,restaurantes,no
TX000322,58,49,9,32,2,20.8,no,servicios,no
TX000323,2470,2009,10,3,3,18.9,no,restaurantes,no
TX000324,1661,1316,13,4,1,24.9,no,entretenimiento,no
TX000325,393,575,8,4,2,6.8,no,servicios,no
TX000326,259,630,8,7,2,47.2,no,servicios,no
TX000327,2298,1019,0,22,1,34.6,no,electronica,no
TX000328,425,662,23,26,0,74.2,no,restaurantes,no
TX000329,905,927,4,2,6,4.6,no,electronica,no
TX000330,611,703,9,1,2,68.1,no,electronica,no
TX000331,1039,616,8,6,0,12.6,no,servicios,no
TX000332,1451,700,21,13,7,19.3,no,entretenimiento,no
TX000333,1390,1173,15,6,1,96.2,no,electronica,no
TX000334,1942,1869,9,4,4,16.7,no,servicios,no
TX000335,2559,2470,12,2,6,5.1,no,electronica,no
TX000336,2514,2623,11,30,1,41.2,no,servicios,no
TX000337,1971,1386,23,2,3,4.2,no,viajes,no
TX000338,943,1195,13,10,4,56,no,entretenimiento,no
TX000339,1104,3304,16,1,4,104.1,no,entretenimiento,no
TX000340,923,700,15,5,3,33.2,no,entretenimiento,no
TX000341,634,630,7,4,5,15.8,no,entretenimiento,no
TX000342,1603,1124,22,8,2,73.4,no,abarrotes,no
TX000343,227,365,13,4,1,NA,no,viajes,no
TX000344,171,193,20,5,4,27.4,no,viajes,no
TX000345,480,1173,22,6,5,29.6,no,viajes,no
TX000346,768,785,13,3,4,15.8,no,restaurantes,no
TX000347,417,374,5,12,3,59.5,no,electronica,no
TX000348,1274,719,17,11,6,18.3,no,viajes,no
TX000349,110,194,9,15,2,5.8,no,servicios,no
TX000350,1449,1079,23,33,5,37.5,no,abarrotes,no
TX000351,206,317,2,2,2,25.2,si,servicios,no
TX000352,980,545,10,47,6,53.1,no,viajes,no
TX000353,669,700,6,2,3,23.1,no,entretenimiento,no
TX000354,1253,1558,15,6,0,87.8,si,restaurantes,no
TX000355,1099,1026,18,11,1,7.3,no,restaurantes,no
TX000356,373,352,23,39,3,56.6,no,abarrotes,no
TX000357,313,276,10,38,2,5.9,no,electronica,no
TX000358,1485,1206,17,12,6,6.3,no,electronica,no
TX000359,202,236,7,14,2,43.8,no,restaurantes,si
TX000360,826,545,13,36,4,NA,no,servicios,no
TX000361,278,347,9,5,1,33.3,no,electronica,no
TX000362,1290,914,9,8,1,29.7,no,electronica,no
TX000363,318,592,5,26,1,26.8,no,electronica,no
TX000364,694,650,18,23,3,79.3,no,electronica,no
TX000365,461,769,7,4,4,NA,no,entretenimiento,no
TX000366,243,448,23,5,0,103.7,si,electronica,no
TX000367,555,1055,16,10,4,41.6,no,viajes,no
TX000368,2159,651,1,4,1,99.2,no,abarrotes,no
TX000369,316,336,15,23,2,17.1,no,servicios,no
TX000370,360,381,0,12,9,4.5,no,viajes,no
TX000371,1490,1264,10,6,4,10.9,no,entretenimiento,no
TX000372,873,795,17,7,3,39.9,no,entretenimiento,no
TX000373,743,541,18,8,3,156.8,si,viajes,no
TX000374,4759,1012,22,11,0,4.2,no,abarrotes,no
TX000375,328,406,18,2,2,44.3,no,servicios,no
TX000376,796,303,9,5,3,22.2,no,entretenimiento,no
TX000377,641,330,3,4,2,55.7,no,servicios,no
TX000378,1309,1340,6,1,2,26.2,no,servicios,no
TX000379,1878,1265,4,3,3,59.3,no,electronica,no
TX000380,551,332,18,2,2,27.6,no,entretenimiento,no
TX000381,891,583,15,14,4,43.6,no,abarrotes,no
TX000382,1208,899,4,3,4,88.2,si,entretenimiento,no
TX000383,3712,2777,5,6,6,25.4,no,viajes,no
TX000384,369,277,21,5,6,27.7,no,abarrotes,no
TX000385,1544,1385,8,3,3,33.7,no,entretenimiento,no
TX000386,816,896,8,8,4,10.9,no,viajes,no
TX000387,483,902,13,1,1,15.6,no,servicios,no
TX000388,666,431,13,8,2,85.2,no,abarrotes,no
TX000389,499,303,22,19,2,9.3,no,electronica,no
TX000390,912,755,2,14,1,9.4,si,abarrotes,no
TX000391,1518,1296,14,18,6,60.1,no,entretenimiento,no
TX000392,2313,1434,16,9,3,7.4,no,viajes,no
TX000393,133,217,5,4,2,60.3,no,entretenimiento,no
TX000394,311,211,18,34,2,NA,no,electronica,no
TX000395,868,1559,11,12,3,1.8,no,servicios,no
TX000396,453,734,19,17,3,21.6,no,abarrotes,no
TX000397,643,340,16,3,1,19.6,no,abarrotes,no
TX000398,65,94,8,7,4,12.9,no,servicios,no
TX000399,262,301,14,19,2,72,no,entretenimiento,no
TX000400,291,282,8,4,2,7.7,no,servicios,no
TX000401,7896,3433,6,6,1,95.4,no,abarrotes,no
TX000402,892,363,1,3,2,2,no,abarrotes,no
TX000403,200,504,3,11,5,5.3,no,viajes,no
TX000404,1540,1029,9,6,4,27.3,no,entretenimiento,no
TX000405,438,716,14,6,1,101,no,entretenimiento,no
TX000406,1693,1158,7,2,1,23.5,no,abarrotes,no
TX000407,2181,1340,12,2,2,21.9,no,entretenimiento,no
TX000408,235,574,7,1,1,18.2,no,restaurantes,no
TX000409,508,437,16,5,2,38.6,no,electronica,no
TX000410,1087,678,5,12,6,6.6,no,entretenimiento,no
TX000411,606,382,12,0,0,12.8,no,abarrotes,no
TX000412,617,445,22,9,4,35.6,no,entretenimiento,no
TX000413,261,457,1,7,2,11.8,no,entretenimiento,no
TX000414,1081,1106,16,14,3,74.2,no,servicios,no
TX000415,510,671,10,9,1,10.8,si,restaurantes,no
TX000416,3044,1842,4,10,3,6.4,no,electronica,no
TX000417,374,567,9,2,2,15.7,no,abarrotes,no
TX000418,222,166,15,13,6,7.6,no,electronica,no
TX000419,564,439,1,2,4,102.4,no,restaurantes,no
TX000420,320,338,13,35,3,62.8,no,servicios,no
TX000421,2145,1680,20,2,2,117,no,viajes,no
TX000422,114,295,0,30,1,21.7,no,viajes,no
TX000423,1915,2102,22,1,1,80.4,no,abarrotes,si
TX000424,628,791,16,14,3,16.5,no,abarrotes,si
TX000425,430,428,5,6,1,59.5,no,abarrotes,no
TX000426,501,546,8,5,4,57.8,si,viajes,no
TX000427,547,442,11,1,4,104.9,si,servicios,no
TX000428,1705,966,18,6,2,3.3,no,electronica,no
TX000429,658,966,12,3,3,26.6,no,entretenimiento,no
TX000430,361,434,8,5,2,36.3,no,servicios,no
TX000431,5955,2049,3,18,3,25.3,no,abarrotes,no
TX000432,682,391,20,13,4,11.2,si,servicios,no
TX000433,370,564,9,18,3,50.4,no,viajes,no
TX000434,262,302,14,11,5,39.4,no,restaurantes,no
TX000435,1582,742,17,6,1,43.3,no,electronica,no
TX000436,90,324,22,6,2,12.8,no,abarrotes,no
TX000437,512,597,1,20,5,41.4,no,abarrotes,no
TX000438,137,484,21,1,1,11.2,no,electronica,no
TX000439,249,258,16,7,4,8.9,no,electronica,no
TX000440,403,560,20,3,1,23.7,si,electronica,no
TX000441,915,1015,21,3,1,29.4,no,servicios,no
TX000442,399,504,16,13,3,0.7,si,abarrotes,no
TX000443,1188,1615,4,3,4,56.2,no,entretenimiento,no
TX000444,510,564,4,7,5,79.5,no,restaurantes,no
TX000445,545,546,4,9,2,59.7,no,servicios,no
TX000446,875,759,13,3,2,22.8,no,restaurantes,no
TX000447,538,418,0,19,3,21.1,no,electronica,no
TX000448,2434,1320,15,6,5,19.9,no,servicios,no
TX000449,1207,936,20,11,1,24.8,no,servicios,no
TX000450,3352,2031,13,3,6,22.4,no,electronica,no
TX000451,527,324,0,20,3,5.9,no,electronica,no
TX000452,476,559,4,14,1,18.5,no,servicios,no
TX000453,383,494,4,8,4,12.4,no,servicios,no
TX000454,981,865,7,7,3,0.2,si,electronica,no
TX000455,929,1598,21,11,2,72.7,no,servicios,no
TX000456,1658,1100,20,0,2,13.4,no,abarrotes,no
TX000457,1996,1311,22,2,1,36.6,no,abarrotes,no
TX000458,278,171,13,5,4,113.8,no,entretenimiento,no
TX000459,673,690,8,2,3,26.5,no,viajes,no
TX000460,691,564,12,11,1,26.8,no,viajes,no
TX000461,470,809,17,2,4,24,no,restaurantes,no
TX000462,1433,3348,15,7,6,4.5,no,entretenimiento,no
TX000463,1694,1631,7,2,3,52.5,no,abarrotes,no
TX000464,377,473,11,6,1,50,no,entretenimiento,no
TX000465,790,1067,20,3,2,63.5,si,viajes,no
TX000466,1027,769,14,3,2,10.1,no,abarrotes,no
TX000467,1561,1454,0,4,2,23.2,no,electronica,no
TX000468,569,630,0,4,1,11.1,no,restaurantes,no
TX000469,544,766,3,9,4,7.2,no,viajes,no
TX000470,737,1031,3,5,1,7.3,no,entretenimiento,si
TX000471,1382,1039,18,9,2,70.7,no,abarrotes,no
TX000472,2197,2395,17,6,1,31.4,no,entretenimiento,no
TX000473,900,813,17,3,2,21.6,no,restaurantes,no
TX000474,846,1468,4,2,3,20.5,no,abarrotes,no
TX000475,293,348,7,16,5,19.3,no,servicios,si
TX000476,509,662,17,16,2,6.8,no,servicios,no
TX000477,1887,2491,18,2,3,9.5,no,electronica,no
TX000478,614,814,15,13,5,101.1,no,entretenimiento,no
TX000479,439,623,20,13,4,31.5,no,abarrotes,si
TX000480,388,390,12,2,3,13.4,no,servicios,no
TX000481,1790,1035,0,7,0,31.8,no,entretenimiento,no
TX000482,369,365,2,10,4,74.4,no,abarrotes,no
TX000483,502,548,13,1,5,27.5,no,abarrotes,no
TX000484,849,732,3,5,3,7.8,no,servicios,no
TX000485,831,1854,16,19,4,6.1,si,electronica,no
TX000486,854,701,7,2,2,74.3,no,abarrotes,no
TX000487,194,157,5,5,3,42.8,no,abarrotes,si
TX000488,1696,698,9,10,4,47,no,abarrotes,no
TX000489,521,604,14,1,5,NA,no,servicios,no
TX000490,1689,1877,17,2,2,43,no,servicios,no
TX000491,475,242,1,19,7,52.6,no,electronica,no
TX000492,2294,800,16,11,3,5.9,no,entretenimiento,no
TX000493,289,740,1,9,3,44.2,no,electronica,no
TX000494,1139,665,23,0,1,18.5,no,entretenimiento,no
TX000495,538,766,0,8,4,26,no,restaurantes,no
TX000496,2057,1387,7,4,4,51.2,no,servicios,no
TX000497,282,506,7,7,6,74.5,no,restaurantes,no
TX000498,486,304,16,24,3,14.9,no,servicios,no
TX000499,185,189,22,3,4,29.6,no,servicios,no
TX000500,801,567,2,2,3,32.9,no,abarrotes,no
TX000501,945,584,23,7,2,22.4,no,electronica,no
TX000502,625,792,19,8,4,96.9,no,abarrotes,no
TX000503,527,684,3,5,4,84.5,no,abarrotes,no
TX000504,647,736,4,9,3,NA,no,restaurantes,no
TX000505,314,233,23,18,3,121.1,no,restaurantes,no
TX000506,116,96,8,1,4,24.4,no,restaurantes,no
TX000507,359,635,18,0,3,17.5,no,restaurantes,no
TX000508,5658,3458,16,11,1,NA,no,electronica,no
TX000509,1198,900,10,3,3,68,no,entretenimiento,no
TX000510,1253,972,22,26,5,21.7,no,viajes,no
TX000511,909,1081,8,1,3,9.5,no,viajes,no
TX000512,313,388,4,1,3,19.3,no,servicios,no
TX000513,418,400,7,1,1,40.4,no,entretenimiento,no
TX000514,884,699,16,25,6,34.9,no,abarrotes,no
TX000515,1037,645,17,1,2,23.8,no,abarrotes,no
TX000516,773,958,1,8,0,123.8,no,electronica,no
TX000517,505,1122,4,5,2,32.8,no,restaurantes,no
TX000518,448,343,15,5,3,10.4,no,abarrotes,no
TX000519,517,785,7,13,3,17.6,no,servicios,no
TX000520,303,231,10,6,0,16.2,no,restaurantes,no
TX000521,379,253,21,13,5,23.1,no,electronica,no
TX000522,419,577,1,7,1,73.6,no,servicios,no
TX000523,1779,990,23,4,4,3,no,electronica,no
TX000524,262,547,3,3,2,50.8,no,entretenimiento,no
TX000525,714,722,22,2,1,NA,no,viajes,no
TX000526,267,387,18,7,2,51.6,no,electronica,no
TX000527,239,190,18,5,5,24.1,no,servicios,no
TX000528,359,563,3,19,5,12,no,abarrotes,no
TX000529,598,793,19,5,0,33.1,no,electronica,no
TX000530,1275,646,20,1,5,40.5,si,viajes,si
TX000531,991,720,4,29,6,22.7,no,servicios,no
TX000532,3436,1509,23,11,3,48.6,no,abarrotes,no
TX000533,731,1933,13,6,5,30.2,no,electronica,no
TX000534,581,485,11,11,0,68.4,no,viajes,no
TX000535,483,193,9,1,3,34.6,si,abarrotes,no
TX000536,547,630,16,2,4,11.5,no,restaurantes,no
TX000537,557,448,20,10,2,137.5,no,servicios,no
TX000538,399,702,13,11,2,33.1,no,restaurantes,no
TX000539,525,580,6,0,5,64.8,no,entretenimiento,no
TX000540,1047,784,16,3,9,22.3,no,entretenimiento,no
TX000541,593,612,19,5,3,27.8,no,viajes,no
TX000542,616,440,8,5,2,22.8,no,servicios,no
TX000543,1045,565,5,34,2,19.6,no,restaurantes,no
TX000544,535,852,11,2,1,54.1,no,entretenimiento,no
TX000545,1250,621,8,3,2,61.7,no,entretenimiento,no
TX000546,609,682,13,12,1,NA,no,restaurantes,no
TX000547,440,314,18,6,1,50.5,no,viajes,no
TX000548,1037,716,12,3,2,101.5,no,restaurantes,no
TX000549,5993,2089,15,8,3,4.4,no,servicios,no
TX000550,1536,907,1,6,3,20.3,no,abarrotes,no
TX000551,228,441,10,14,2,NA,si,restaurantes,si
TX000552,190,429,8,8,7,39.5,no,restaurantes,no
TX000553,207,305,14,8,6,37.9,no,entretenimiento,no
TX000554,587,453,8,3,7,78.7,no,servicios,no
TX000555,1274,1658,3,2,2,26.1,no,restaurantes,no
TX000556,1888,910,20,8,0,37,no,abarrotes,no
TX000557,99,213,8,14,4,125.1,no,electronica,no
TX000558,585,506,22,10,3,13.6,no,abarrotes,no
TX000559,1041,1326,22,1,1,81.4,no,restaurantes,no
TX000560,4633,2391,9,2,1,53.7,no,abarrotes,no
TX000561,231,229,17,1,6,12.1,no,abarrotes,no
TX000562,1600,1297,4,34,2,70.4,no,viajes,no
TX000563,789,881,18,3,2,48.7,no,servicios,no
TX000564,444,935,11,2,3,NA,no,servicios,no
TX000565,774,706,15,5,1,NA,no,servicios,no
TX000566,1049,1298,3,4,1,1.8,no,electronica,no
TX000567,1115,940,16,3,2,5.6,si,servicios,no
TX000568,200,339,4,13,3,24.7,no,viajes,no
TX000569,553,168,8,5,4,2,no,servicios,no
TX000570,994,1096,11,8,3,8.9,no,viajes,no
TX000571,1427,1029,12,4,2,8,no,viajes,no
TX000572,346,623,11,14,5,32.1,no,entretenimiento,no
TX000573,683,934,17,10,2,5.2,no,electronica,no
TX000574,791,1406,3,4,4,65.6,no,servicios,no
TX000575,372,467,13,20,1,27.5,no,servicios,no
TX000576,690,476,8,15,5,51.8,si,restaurantes,no
TX000577,522,561,4,14,4,6.4,no,entretenimiento,no
TX000578,281,470,20,3,1,19.1,no,viajes,no
TX000579,183,180,22,6,2,14.2,no,abarrotes,no
TX000580,396,365,22,39,1,27.7,no,viajes,no
TX000581,2920,2229,0,15,3,120.9,no,abarrotes,no
TX000582,832,428,22,5,3,44.2,no,entretenimiento,no
TX000583,290,277,7,3,1,14.5,no,electronica,no
TX000584,1953,1558,4,0,4,11.1,no,abarrotes,no
TX000585,178,225,0,14,3,2.2,no,servicios,no
TX000586,1622,2468,6,6,3,75.2,no,entretenimiento,no
TX000587,1845,1069,13,14,2,72.3,no,viajes,no
TX000588,632,529,15,15,3,39.4,no,entretenimiento,no
TX000589,1131,702,8,14,3,50.7,no,electronica,no
TX000590,731,450,22,8,3,43.6,no,electronica,no
TX000591,371,327,19,4,5,9.8,no,electronica,no
TX000592,268,320,8,3,2,52.7,no,electronica,no
TX000593,740,254,13,13,4,61.4,no,abarrotes,no
TX000594,1946,1326,13,11,4,2.8,si,abarrotes,no
TX000595,343,275,11,4,6,34.1,no,viajes,no
TX000596,3039,1807,17,6,5,NA,no,servicios,no
TX000597,1379,1088,12,5,5,10.9,no,abarrotes,no
TX000598,141,364,10,9,4,57.4,no,abarrotes,no
TX000599,765,447,13,2,4,22.1,no,abarrotes,no
TX000600,552,496,11,3,3,46.2,no,entretenimiento,no
TX000601,734,436,5,2,3,15.2,no,viajes,no
TX000602,629,814,18,4,0,32.4,no,abarrotes,no
TX000603,458,425,13,8,5,3.8,no,viajes,no
TX000604,379,715,18,17,4,77.2,no,electronica,no
TX000605,1335,1046,15,4,2,10.8,no,restaurantes,no
TX000606,3837,1145,11,5,3,35.1,no,viajes,no
TX000607,3034,2886,15,24,4,4.5,no,viajes,no
TX000608,1174,960,6,5,6,1,no,restaurantes,no
TX000609,3581,2348,7,3,3,3.4,no,abarrotes,no
TX000610,263,511,0,6,5,41.2,si,abarrotes,si
TX000611,397,515,8,13,0,8.2,no,viajes,no
TX000612,440,448,2,5,4,19,no,servicios,no
TX000613,1765,1465,19,1,3,9.8,no,servicios,no
TX000614,1072,1238,8,1,1,32,si,electronica,no
TX000615,263,273,12,6,1,78,si,entretenimiento,no
TX000616,835,1312,19,9,3,NA,no,restaurantes,no
TX000617,311,505,21,2,2,10.9,no,servicios,no
TX000618,307,646,0,13,2,26.1,no,viajes,no
TX000619,1027,1651,11,3,6,26.4,no,viajes,no
TX000620,1044,829,8,9,2,34.9,si,restaurantes,no
TX000621,474,508,23,3,5,2.4,no,restaurantes,no
TX000622,253,297,15,12,2,27.5,no,servicios,no
TX000623,964,1116,16,12,0,24.6,no,entretenimiento,no
TX000624,454,256,11,10,4,40.4,no,electronica,no
TX000625,570,259,8,4,3,10,no,entretenimiento,no
TX000626,1874,968,2,4,1,26.2,no,entretenimiento,no
TX000627,728,749,13,9,2,71.4,no,servicios,no
TX000628,811,667,9,3,2,36.3,no,restaurantes,no
TX000629,253,177,2,10,2,29,no,restaurantes,si
TX000630,985,1052,7,18,3,14.3,no,restaurantes,no
TX000631,398,298,22,28,2,48,no,electronica,no
TX000632,465,1344,10,9,3,4.4,no,viajes,no
TX000633,288,367,5,10,3,36.2,no,abarrotes,no
TX000634,664,1513,2,12,2,30.8,no,servicios,no
TX000635,960,786,13,4,5,11.8,no,abarrotes,no
TX000636,1447,1925,23,3,4,45.7,no,electronica,no
TX000637,1094,855,16,6,7,125.3,no,viajes,no
TX000638,617,541,18,9,5,32.6,no,abarrotes,no
TX000639,494,397,2,5,1,36.1,no,electronica,no
TX000640,630,687,6,24,1,11.3,no,restaurantes,no
TX000641,456,659,0,3,7,102.7,no,electronica,no
TX000642,2000,661,7,11,2,15.4,no,entretenimiento,no
TX000643,409,555,3,3,1,61.6,no,abarrotes,si
TX000644,1117,1023,1,3,3,3.8,no,entretenimiento,no
TX000645,201,262,16,3,3,2.8,no,viajes,no
TX000646,692,783,18,32,4,16.9,no,viajes,no
TX000647,848,585,8,9,7,69.1,no,restaurantes,no
TX000648,1116,818,13,19,0,43.9,no,entretenimiento,no
TX000649,426,453,2,3,2,31.3,no,electronica,no
TX000650,268,470,16,5,2,43.2,si,servicios,no
TX000651,141,380,20,10,1,55.5,no,abarrotes,si
TX000652,349,578,12,3,1,86.4,no,restaurantes,no
TX000653,597,378,0,9,2,29,no,abarrotes,no
TX000654,607,1053,0,17,1,9.5,si,servicios,no
TX000655,1421,1542,15,8,2,113.8,no,restaurantes,no
TX000656,541,302,2,19,3,NA,no,abarrotes,si
TX000657,582,632,21,6,3,56.4,no,viajes,no
TX000658,1647,1167,20,4,3,21.3,no,abarrotes,no
TX000659,1774,1158,17,20,3,31.2,no,servicios,no
TX000660,986,949,14,4,1,6.3,no,servicios,no
TX000661,1411,535,7,4,2,43.9,no,viajes,no
TX000662,531,354,14,5,4,71.6,no,electronica,no
TX000663,216,295,3,5,6,59.5,no,restaurantes,no
TX000664,242,305,1,7,2,NA,no,electronica,no
TX000665,138,229,12,13,1,7.6,no,electronica,no
TX000666,1054,1560,20,20,5,18.4,no,viajes,no
TX000667,302,689,11,8,2,1.1,no,electronica,no
TX000668,138,389,9,5,2,36.8,no,entretenimiento,no
TX000669,1384,1217,7,3,2,22.3,no,entretenimiento,no
TX000670,3833,2334,12,16,8,28,no,servicios,no
TX000671,4495,2997,23,1,3,16.3,no,servicios,no
TX000672,1383,407,0,4,3,46.4,no,abarrotes,no
TX000673,345,276,19,4,6,69.4,no,servicios,no
TX000674,905,870,17,4,3,84.6,si,entretenimiento,no
TX000675,496,742,6,6,6,16.3,no,viajes,no
TX000676,239,383,17,14,4,125.5,no,abarrotes,no
TX000677,1905,1183,7,26,1,34.7,no,entretenimiento,no
TX000678,741,679,14,9,4,54.1,no,electronica,no
TX000679,213,210,3,8,1,25,no,abarrotes,no
TX000680,690,1144,1,7,2,8.3,no,abarrotes,no
TX000681,782,1102,5,7,6,19.7,no,restaurantes,no
TX000682,978,454,7,19,6,2.9,no,abarrotes,no
TX000683,1125,526,22,22,3,30.8,no,restaurantes,no
TX000684,2080,1995,10,16,1,54,no,electronica,no
TX000685,132,402,21,9,3,200.7,no,viajes,no
TX000686,663,510,20,8,3,19.5,no,servicios,si
TX000687,210,326,5,5,2,9.1,no,abarrotes,no
TX000688,157,224,16,5,2,27.4,no,abarrotes,no
TX000689,901,605,3,3,4,85,no,servicios,no
TX000690,260,362,16,5,0,38.5,no,abarrotes,no
TX000691,932,450,8,5,4,1.2,si,servicios,no
TX000692,1264,1005,7,32,4,3.3,no,electronica,no
TX000693,514,777,9,6,2,32.1,no,viajes,no
TX000694,1105,867,11,5,4,62.9,no,electronica,no
TX000695,413,670,1,26,1,57.6,no,electronica,no
TX000696,3759,3626,17,2,1,16.2,no,viajes,no
TX000697,372,324,12,16,3,118.2,no,abarrotes,no
TX000698,537,774,0,12,6,137.5,no,entretenimiento,si
TX000699,487,1095,22,2,3,2.1,no,viajes,no
TX000700,878,946,8,26,1,85.9,no,restaurantes,no
TX000701,1717,1192,8,14,2,11.7,no,viajes,no
TX000702,241,147,5,6,4,24.4,no,viajes,no
TX000703,265,442,11,7,2,15.6,no,entretenimiento,no
TX000704,1832,826,13,7,4,1,no,abarrotes,no
TX000705,390,552,7,2,2,38.8,no,electronica,no
TX000706,548,1121,12,17,6,30.7,no,viajes,no
TX000707,4431,2154,4,1,2,21.1,no,viajes,no
TX000708,1615,706,15,9,2,19.4,no,restaurantes,no
TX000709,1518,699,6,2,2,74.1,no,servicios,no
TX000710,533,306,1,9,3,55.4,no,viajes,si
TX000711,942,1522,16,3,7,76.3,no,viajes,no
TX000712,969,616,14,11,2,25.8,no,viajes,no
TX000713,2031,549,1,23,3,9.8,no,abarrotes,no
TX000714,164,382,7,2,3,54.1,no,servicios,no
TX000715,4216,1672,19,11,6,NA,no,abarrotes,no
TX000716,267,225,12,6,3,40.5,no,restaurantes,no
TX000717,1210,1923,8,11,1,35.6,no,electronica,no
TX000718,1916,2535,18,17,2,27.1,si,abarrotes,no
TX000719,892,542,11,10,0,7.2,no,abarrotes,no
TX000720,4061,1242,9,9,2,116.8,si,abarrotes,no
TX000721,1805,1780,20,6,4,9.4,no,electronica,no
TX000722,365,347,6,12,6,39.7,no,abarrotes,si
TX000723,980,829,13,2,0,21.4,no,abarrotes,no
TX000724,529,562,20,4,3,78.4,no,electronica,no
TX000725,137,94,22,30,3,41.3,no,restaurantes,no
TX000726,693,886,7,26,1,NA,no,restaurantes,no
TX000727,247,373,4,5,2,30.6,no,servicios,no
TX000728,734,862,1,13,3,49.2,no,servicios,no
TX000729,1108,1075,22,10,1,34.8,no,servicios,no
TX000730,1123,1418,23,20,4,120.1,no,restaurantes,no
TX000731,148,380,15,5,2,6.5,si,entretenimiento,no
TX000732,387,926,22,2,4,109.2,no,restaurantes,no
TX000733,657,680,18,8,2,18,no,abarrotes,no
TX000734,388,551,12,4,2,8,no,viajes,no
TX000735,398,361,15,13,3,31.7,no,viajes,no
TX000736,919,1194,4,6,0,18.5,no,abarrotes,no
TX000737,618,477,5,6,1,129.7,no,electronica,no
TX000738,1118,454,8,19,4,30.4,no,servicios,no
TX000739,247,455,2,1,4,27.2,no,electronica,no
TX000740,803,981,23,5,6,53.9,no,servicios,no
TX000741,1735,1666,12,1,4,3.2,no,restaurantes,no
TX000742,515,772,12,9,5,14.2,no,electronica,no
TX000743,833,527,17,10,6,11.2,no,viajes,si
TX000744,535,1322,5,1,3,42.4,si,restaurantes,no
TX000745,679,504,20,7,5,5,no,servicios,no
TX000746,583,944,20,20,2,45.4,no,servicios,no
TX000747,448,609,22,7,4,194.8,no,entretenimiento,no
TX000748,346,338,5,5,5,20,no,entretenimiento,no
TX000749,128,100,14,14,4,39.9,no,restaurantes,no
TX000750,664,424,8,32,3,3.1,no,entretenimiento,no
TX000751,228,691,15,2,4,22.3,no,viajes,si
TX000752,488,838,13,7,4,34.7,no,viajes,no
TX000753,362,648,11,1,6,3.9,no,viajes,no
TX000754,1399,985,6,6,0,91.1,no,restaurantes,no
TX000755,125,370,6,7,3,37.6,no,restaurantes,no
TX000756,439,476,7,1,4,28.5,no,restaurantes,no
TX000757,524,582,18,6,2,146.9,no,abarrotes,no
TX000758,273,352,14,2,3,76.3,no,entretenimiento,no
TX000759,585,685,3,5,3,56.8,no,electronica,no
TX000760,978,681,22,14,6,25,no,abarrotes,no
TX000761,451,689,22,28,1,76,no,electronica,no
TX000762,308,781,23,10,3,3.3,no,abarrotes,no
TX000763,483,781,17,4,2,2.4,no,abarrotes,no
TX000764,1515,1325,16,8,2,14.9,no,entretenimiento,no
TX000765,1807,1264,10,15,0,31.6,no,restaurantes,no
TX000766,1866,1408,21,4,2,111.3,no,entretenimiento,no
TX000767,464,445,5,5,1,57.2,si,entretenimiento,no
TX000768,1682,1575,23,3,2,17.7,no,servicios,no
TX000769,762,397,8,17,0,13.5,no,entretenimiento,no
TX000770,590,885,16,0,3,7.8,no,servicios,no
TX000771,849,615,5,8,2,NA,no,viajes,no
TX000772,692,942,13,2,4,16.1,no,restaurantes,no
TX000773,146,244,23,5,1,59.9,no,abarrotes,no
TX000774,150,242,13,5,4,38,no,servicios,no
TX000775,1258,512,20,11,0,59.3,no,restaurantes,no
TX000776,403,225,15,4,2,8.9,no,restaurantes,no
TX000777,986,986,16,2,4,106.4,no,servicios,no
TX000778,1290,1058,16,8,5,12.4,no,servicios,no
TX000779,526,502,10,24,4,40.9,no,abarrotes,no
TX000780,2939,1576,20,13,6,28.5,si,restaurantes,no
TX000781,266,117,21,2,1,47.1,no,electronica,no
TX000782,1634,1078,10,4,2,15.9,no,entretenimiento,no
TX000783,211,351,19,3,0,22.6,no,entretenimiento,no
TX000784,1520,1216,21,7,2,67.5,no,entretenimiento,no
TX000785,988,1416,11,12,2,27.6,no,entretenimiento,no
TX000786,660,1434,18,2,1,73.3,no,servicios,no
TX000787,133,121,2,7,3,72.9,no,servicios,si
TX000788,659,2291,1,13,1,74.3,no,entretenimiento,no
TX000789,579,326,19,13,2,49.8,no,viajes,no
TX000790,172,106,10,1,4,42.6,no,servicios,no
TX000791,312,153,14,9,1,11.5,no,servicios,no
TX000792,1394,884,8,9,6,88.4,no,entretenimiento,no
TX000793,1393,667,0,4,1,161.2,si,restaurantes,no
TX000794,125,274,8,16,2,34.1,no,restaurantes,no
TX000795,1415,1132,15,19,3,13.7,no,servicios,no
TX000796,1467,1749,15,5,1,11.9,si,electronica,no
TX000797,2321,1754,7,1,1,29.1,no,restaurantes,no
TX000798,151,362,4,12,1,65.9,no,electronica,no
TX000799,182,357,10,12,5,50.6,no,electronica,no
TX000800,719,533,21,1,3,15.4,no,viajes,no
TX000801,1689,1183,2,6,4,26.5,no,restaurantes,no
TX000802,889,1311,16,10,1,58.9,no,abarrotes,no
TX000803,360,584,16,8,1,28.8,no,viajes,no
TX000804,942,1162,5,7,2,38.7,no,abarrotes,si
TX000805,984,593,2,2,8,102.7,no,electronica,no
TX000806,2794,2745,16,11,4,5.1,no,electronica,no
TX000807,1272,728,1,7,3,13.1,no,viajes,no
TX000808,1112,1105,19,12,4,17.9,no,entretenimiento,no
TX000809,109,269,17,3,2,7.7,no,restaurantes,no
TX000810,1441,968,21,3,4,42.6,no,servicios,no
TX000811,2420,1061,5,12,5,184.7,no,abarrotes,si
TX000812,126,304,9,13,4,10.1,no,viajes,no
TX000813,481,1163,21,8,2,19.8,no,viajes,no
TX000814,912,625,17,2,3,14.1,no,electronica,no
TX000815,2766,3106,5,22,5,17.7,no,abarrotes,no
TX000816,438,495,23,18,1,90.2,no,abarrotes,no
TX000817,366,439,9,1,1,5.3,no,servicios,no
TX000818,869,1070,0,12,2,49.9,si,abarrotes,no
TX000819,987,1010,6,1,0,22,no,entretenimiento,no
TX000820,1528,1847,3,13,4,7,no,restaurantes,no
TX000821,1356,619,23,5,5,11.5,no,entretenimiento,no
TX000822,576,1272,13,5,2,47.5,no,electronica,no
TX000823,986,619,3,19,1,53.9,no,restaurantes,no
TX000824,196,371,13,3,4,23.4,no,servicios,no
TX000825,816,599,14,4,2,59.9,no,electronica,no
TX000826,397,625,19,2,6,66.3,no,restaurantes,no
TX000827,1233,1457,19,7,1,49,no,restaurantes,no
TX000828,473,467,18,19,3,19.9,no,abarrotes,no
TX000829,251,622,12,13,4,14.2,no,abarrotes,no
TX000830,2052,1767,5,12,1,34,no,restaurantes,no
TX000831,1302,711,12,14,6,38,no,abarrotes,no
TX000832,825,1879,13,13,6,3.2,no,restaurantes,no
TX000833,2502,1098,14,9,2,6.7,no,restaurantes,no
TX000834,452,409,7,8,6,103.9,no,entretenimiento,no
TX000835,654,502,23,20,3,36.3,no,abarrotes,no
TX000836,729,712,22,1,3,36.2,no,electronica,no
TX000837,2091,1301,6,1,5,1.6,no,entretenimiento,no
TX000838,896,626,15,6,3,7.2,no,entretenimiento,no
TX000839,819,492,17,8,3,20.6,no,electronica,no
TX000840,558,478,19,19,4,11.4,no,servicios,no
TX000841,395,517,10,6,4,67.8,no,entretenimiento,no
TX000842,2353,1222,19,13,2,40.4,no,abarrotes,no
TX000843,844,829,11,9,2,180.8,no,servicios,no
TX000844,559,478,8,5,5,7.1,no,abarrotes,no
TX000845,801,833,21,1,5,12.9,no,viajes,no
TX000846,140,266,2,10,6,24.3,no,viajes,no
TX000847,288,260,17,17,4,10.1,no,viajes,no
TX000848,1589,1176,9,4,2,25.6,no,entretenimiento,no
TX000849,620,1402,12,6,1,88.5,no,servicios,no
TX000850,899,799,1,5,3,46.4,no,entretenimiento,no
TX000851,527,460,17,1,2,11.3,no,electronica,no
TX000852,873,1094,15,2,1,20.3,no,entretenimiento,no
TX000853,966,811,7,15,3,32,si,servicios,no
TX000854,397,768,21,4,4,14.3,no,entretenimiento,no
TX000855,2793,3340,4,10,5,NA,no,restaurantes,no
TX000856,2414,1270,0,19,5,NA,no,viajes,no
TX000857,169,230,22,1,4,14.2,no,abarrotes,no
TX000858,170,272,15,8,2,66.4,no,abarrotes,no
TX000859,965,573,22,7,2,52,no,restaurantes,no
TX000860,632,666,21,2,4,28.6,no,electronica,no
TX000861,298,427,6,4,3,14.9,no,electronica,no
TX000862,98,183,7,14,4,45.5,no,servicios,no
TX000863,1130,735,12,2,3,18,no,entretenimiento,no
TX000864,1251,1032,9,4,2,NA,no,entretenimiento,no
TX000865,369,569,3,16,3,146,no,servicios,no
TX000866,2898,2285,12,16,5,272.9,no,entretenimiento,no
TX000867,456,448,10,4,2,35.7,no,servicios,no
TX000868,194,241,7,2,2,10.2,no,restaurantes,no
TX000869,1099,1749,10,9,4,45.6,no,electronica,no
TX000870,937,516,9,16,4,32.1,no,electronica,no
TX000871,851,871,19,4,1,75.4,no,entretenimiento,no
TX000872,187,583,4,4,5,13.6,no,servicios,no
TX000873,1964,1899,5,10,1,66.5,no,viajes,no
TX000874,358,367,3,8,4,144.1,no,electronica,no
TX000875,211,368,4,10,5,86.2,no,abarrotes,no
TX000876,1071,2053,18,1,4,16.8,no,viajes,no
TX000877,605,914,6,1,4,61.5,si,viajes,no
TX000878,664,602,6,10,6,72.2,no,restaurantes,no
TX000879,1093,1028,15,12,3,23.4,no,restaurantes,no
TX000880,2254,1104,14,5,5,70.6,no,entretenimiento,no
TX000881,457,617,16,7,1,10.5,no,electronica,no
TX000882,572,831,21,12,0,71.5,no,viajes,no
TX000883,476,274,4,8,2,8,no,viajes,no
TX000884,222,757,9,13,4,15.4,no,electronica,no
TX000885,396,380,5,1,6,55.5,no,servicios,no
TX000886,362,396,16,5,3,30.9,no,entretenimiento,no
TX000887,1143,693,12,4,3,127.1,no,electronica,no
TX000888,4602,5752,15,15,1,36.3,no,entretenimiento,no
TX000889,504,363,23,17,7,12.8,no,entretenimiento,no
TX000890,174,149,10,19,3,61.2,no,abarrotes,no
TX000891,2026,1614,1,3,1,51.5,no,entretenimiento,no
TX000892,727,301,10,8,1,22.2,no,servicios,no
TX000893,704,937,16,6,2,110.9,no,servicios,no
TX000894,3198,2571,2,11,2,20.2,no,servicios,no
TX000895,299,512,10,23,1,34.6,no,servicios,no
TX000896,1095,996,11,4,4,115.6,no,viajes,no
TX000897,866,605,17,2,5,4.6,no,abarrotes,no
TX000898,113,307,21,7,1,22.5,no,entretenimiento,no
TX000899,637,630,8,7,3,19.1,no,entretenimiento,no
TX000900,215,718,15,12,1,5.9,no,viajes,no
TX000901,620,579,12,19,3,22.3,no,entretenimiento,no
TX000902,1461,1597,14,8,1,81.8,no,abarrotes,no
TX000903,2103,2116,5,7,1,16.5,no,restaurantes,no
TX000904,308,402,15,2,2,42.5,no,viajes,no
TX000905,1324,1511,16,6,3,16.2,no,abarrotes,no
TX000906,3892,3250,19,15,2,142.1,no,servicios,no
TX000907,2850,1211,18,7,3,24.4,no,viajes,no
TX000908,259,349,16,22,6,12,no,entretenimiento,no
TX000909,4042,2131,7,55,2,65.6,no,viajes,no
TX000910,1530,583,21,12,3,14.4,no,servicios,no
TX000911,246,780,16,5,2,20.4,no,abarrotes,no
TX000912,1328,1276,15,18,3,35.5,si,servicios,no
TX000913,861,619,12,3,2,40.9,no,electronica,no
TX000914,851,729,7,1,4,26.4,no,electronica,no
TX000915,452,900,10,9,2,16.7,no,restaurantes,no
TX000916,1689,1086,16,6,7,35.3,no,entretenimiento,no
TX000917,426,316,22,2,3,175.3,no,restaurantes,no
TX000918,573,660,0,6,7,28.1,no,servicios,no
TX000919,551,335,11,8,5,NA,no,servicios,no
TX000920,2284,1265,10,1,2,1.8,no,servicios,no
TX000921,1004,652,14,27,3,82.7,no,servicios,no
TX000922,667,610,17,11,6,62.4,no,viajes,no
TX000923,850,963,9,10,5,40.2,no,electronica,no
TX000924,328,496,15,20,1,29.7,no,restaurantes,no
TX000925,944,1037,7,13,2,48.7,no,servicios,no
TX000926,466,442,3,0,4,62.1,no,viajes,no
TX000927,301,361,14,13,5,18,no,abarrotes,no
TX000928,868,606,17,3,6,NA,no,restaurantes,no
TX000929,2523,2894,17,5,3,21.4,no,servicios,no
TX000930,423,1262,8,11,4,20.1,no,abarrotes,no
TX000931,1194,1453,7,2,1,18.8,no,entretenimiento,no
TX000932,288,400,7,5,5,24.8,no,restaurantes,no
TX000933,270,297,18,2,6,56.4,no,servicios,no
TX000934,312,164,8,13,1,45.7,no,servicios,no
TX000935,915,1170,18,34,1,108.9,no,entretenimiento,no
TX000936,328,330,19,33,2,17.4,no,restaurantes,no
TX000937,113,182,9,12,2,65,no,servicios,no
TX000938,1860,1812,23,6,1,33.7,no,restaurantes,no
TX000939,250,377,1,8,4,53.4,no,abarrotes,no
TX000940,643,839,4,11,3,10,no,restaurantes,no
TX000941,655,889,12,2,2,16,no,abarrotes,no
TX000942,360,432,15,17,2,59.1,no,electronica,no
TX000943,1287,1329,14,4,6,43.1,no,restaurantes,si
TX000944,57,280,11,5,2,35.3,no,entretenimiento,no
TX000945,456,1128,5,2,3,114.2,no,abarrotes,si
TX000946,1030,1409,10,5,3,16.4,no,abarrotes,no
TX000947,153,230,19,32,3,63,no,restaurantes,no
TX000948,292,506,7,9,2,80.5,no,viajes,no
TX000949,5112,1178,7,10,6,28.2,no,abarrotes,no
TX000950,473,658,1,7,4,50.9,no,electronica,no
TX000951,116,201,19,10,4,60.5,no,electronica,no
TX000952,148,311,16,7,2,130.8,no,viajes,no
TX000953,1030,701,7,5,2,11.2,no,entretenimiento,no
TX000954,254,344,7,9,5,7.7,no,entretenimiento,no
TX000955,225,242,18,1,3,3.4,no,viajes,no
TX000956,538,716,6,23,2,192,no,electronica,no
TX000957,984,1113,10,10,2,35.1,no,servicios,no
TX000958,2228,1340,22,12,3,68.3,no,restaurantes,no
TX000959,583,659,9,26,3,15.7,no,servicios,no
TX000960,404,698,17,13,4,45.4,no,restaurantes,no
TX000961,415,699,2,9,1,NA,no,abarrotes,no
TX000962,321,270,8,2,8,129.9,no,abarrotes,no
TX000963,481,376,21,3,4,12.1,no,viajes,no
TX000964,1099,1260,13,6,2,116.6,no,restaurantes,no
TX000965,2534,2022,3,0,5,38.4,no,abarrotes,no
TX000966,357,188,1,31,5,33.4,no,servicios,no
TX000967,626,701,1,8,2,34.7,no,viajes,no
TX000968,185,219,17,12,0,109.2,no,entretenimiento,no
TX000969,1718,630,2,3,3,NA,no,restaurantes,no
TX000970,1226,1516,20,13,3,75.2,no,restaurantes,no
TX000971,1211,1052,16,8,4,31.3,no,restaurantes,no
TX000972,311,723,16,21,1,49.8,no,entretenimiento,no
TX000973,229,758,18,3,5,18.3,no,electronica,no
TX000974,2911,1783,4,4,0,52.7,no,servicios,no
TX000975,208,362,10,7,6,1,no,servicios,no
TX000976,483,473,3,24,6,14.1,no,abarrotes,no
TX000977,242,400,2,13,2,19.6,no,electronica,no
TX000978,397,440,16,5,4,95.7,no,restaurantes,no
TX000979,400,216,7,6,2,5,no,viajes,no
TX000980,134,109,0,15,4,10.2,no,servicios,no
TX000981,223,480,8,10,2,38.8,no,entretenimiento,no
TX000982,145,249,13,11,2,25.4,no,electronica,no
TX000983,887,1210,0,20,1,9.8,si,restaurantes,no
TX000984,1120,1134,0,3,1,29.3,no,abarrotes,no
TX000985,303,617,9,20,2,14.3,no,servicios,no
TX000986,399,421,22,2,5,27.4,no,servicios,no
TX000987,5145,1899,19,6,2,NA,no,restaurantes,no
TX000988,1735,1368,14,1,4,6.1,no,electronica,no
TX000989,803,883,11,5,1,23.9,no,servicios,no
TX000990,1359,771,12,20,4,63.1,no,entretenimiento,no
TX000991,512,866,14,9,3,26.9,no,abarrotes,no
TX000992,943,921,21,7,2,32.9,no,electronica,no
TX000993,196,297,13,11,2,NA,no,electronica,no
TX000994,481,754,4,8,4,54,no,entretenimiento,si
TX000995,803,509,13,1,2,14.6,no,entretenimiento,no
TX000996,589,796,18,3,3,12.3,no,viajes,no
TX000997,2192,1974,0,15,4,21,no,abarrotes,no
TX000998,1148,662,8,9,5,113.3,no,servicios,no
TX000999,586,500,3,10,2,51,no,entretenimiento,no
TX001000,1626,854,14,3,7,52.3,si,electronica,no
TX001001,605,787,19,6,4,62.9,no,entretenimiento,no
TX001002,163,323,19,23,2,110.1,no,abarrotes,no
TX001003,245,860,9,1,2,17.4,no,entretenimiento,no
TX001004,642,417,12,35,2,36.8,no,entretenimiento,no
TX001005,1825,1741,6,9,4,36.4,no,viajes,no
TX001006,942,443,22,3,0,105.4,no,electronica,no
TX001007,441,903,21,10,4,8.7,no,restaurantes,no
TX001008,592,814,20,11,2,33.3,no,abarrotes,no
TX001009,796,604,20,13,2,NA,no,servicios,si
TX001010,276,255,10,13,4,50.1,no,servicios,no
TX001011,359,368,18,4,5,15.4,si,abarrotes,no
TX001012,1371,692,3,2,2,61.2,no,restaurantes,no
TX001013,2546,3020,20,15,3,53.9,no,viajes,no
TX001014,2002,1734,6,5,1,83.5,no,entretenimiento,no
TX001015,150,343,1,7,3,13.4,no,restaurantes,no
TX001016,196,235,14,2,3,23.1,no,entretenimiento,no
TX001017,1229,1627,17,4,2,15,no,abarrotes,no
TX001018,1504,899,2,0,2,38.5,no,electronica,no
TX001019,1490,691,10,25,3,16.3,no,viajes,no
TX001020,306,248,17,20,4,40.8,no,viajes,no
TX001021,1271,576,21,2,3,61.4,no,electronica,no
TX001022,667,869,20,7,0,38.2,no,abarrotes,no
TX001023,591,594,5,2,6,104.9,si,servicios,no
TX001024,1032,1259,13,1,7,58.8,no,abarrotes,no
TX001025,1949,1716,13,6,4,9.7,no,restaurantes,no
TX001026,644,812,5,5,1,20.4,no,abarrotes,no
TX001027,786,494,10,5,0,9.1,no,abarrotes,no
TX001028,1989,954,9,1,2,61.5,si,abarrotes,no
TX001029,1032,562,0,16,2,40.4,no,entretenimiento,no
TX001030,267,553,21,4,5,17.4,si,entretenimiento,no
TX001031,1344,1057,5,10,5,33.6,no,restaurantes,no
TX001032,365,386,1,30,6,65.9,no,abarrotes,no
TX001033,1621,1620,23,10,8,60.3,no,entretenimiento,no
TX001034,765,460,20,10,1,22.5,no,viajes,no
TX001035,600,516,14,13,3,56,no,servicios,no
TX001036,1820,778,11,10,2,NA,si,abarrotes,no
TX001037,532,340,2,10,2,131.6,no,electronica,no
TX001038,354,647,20,1,2,34.6,no,electronica,no
TX001039,660,1459,6,24,1,31.8,no,electronica,no
TX001040,5756,3886,12,24,5,28.2,no,abarrotes,no
TX001041,1156,1197,13,4,3,12.8,si,entretenimiento,si
TX001042,269,291,16,36,1,57.9,no,restaurantes,no
TX001043,996,863,14,0,4,15.6,no,servicios,no
TX001044,710,526,7,21,5,32,no,restaurantes,no
TX001045,4163,1101,20,24,6,66.2,no,servicios,si
TX001046,2044,2171,9,9,4,113.3,no,electronica,no
TX001047,1709,1144,16,18,3,3.8,no,abarrotes,no
TX001048,1710,841,2,4,4,32.9,no,servicios,no
TX001049,661,661,23,5,4,36.9,no,electronica,no
TX001050,1548,1506,21,11,3,34.1,no,viajes,no
TX001051,344,640,1,23,2,51,no,viajes,si
TX001052,2410,2002,17,13,2,36.2,no,viajes,no
TX001053,1893,1686,16,18,1,44.4,no,entretenimiento,no
TX001054,125,367,22,1,5,140.9,no,abarrotes,no
TX001055,485,937,7,10,4,6.6,no,electronica,no
TX001056,599,1576,18,39,4,46.6,no,electronica,no
TX001057,5278,2622,4,1,4,46.6,no,servicios,no
TX001058,1446,1188,2,9,6,51.8,no,servicios,no
TX001059,419,771,19,5,6,28.5,no,electronica,no
TX001060,1871,985,11,4,4,82.8,no,abarrotes,no
TX001061,2116,1729,15,4,2,2.2,no,servicios,no
TX001062,2176,818,16,13,0,5.9,no,electronica,no
TX001063,186,358,23,18,3,16.6,no,restaurantes,no
TX001064,1180,776,1,21,1,10.1,no,viajes,no
TX001065,592,777,3,5,4,96.7,no,abarrotes,no
TX001066,253,548,4,19,3,23.1,no,electronica,no
TX001067,1583,1384,22,9,2,25.3,no,abarrotes,no
TX001068,3009,854,22,7,4,NA,no,electronica,no
TX001069,1079,1240,17,10,3,39.3,no,entretenimiento,no
TX001070,113,148,8,6,3,51.5,si,abarrotes,no
TX001071,1066,1175,5,7,1,22.9,no,restaurantes,no
TX001072,977,638,11,16,3,13,no,servicios,no
TX001073,835,619,6,7,3,54.4,no,electronica,no
TX001074,151,164,18,8,2,11.4,no,electronica,no
TX001075,1009,1095,13,11,4,16.8,no,abarrotes,no
TX001076,1242,501,2,4,4,17.5,no,viajes,no
TX001077,794,1058,7,3,4,16.9,no,abarrotes,no
TX001078,1014,1070,5,12,4,50.1,no,servicios,no
TX001079,110,199,13,8,3,23.5,no,servicios,no
TX001080,592,591,6,5,3,122.2,no,viajes,no
TX001081,2261,843,8,7,2,9.6,no,restaurantes,no
TX001082,8798,1776,11,6,3,68.1,no,entretenimiento,no
TX001083,2532,1110,14,7,3,130.2,no,viajes,si
TX001084,646,296,23,12,3,51.2,no,abarrotes,no
TX001085,662,727,19,6,1,1.3,no,electronica,no
TX001086,720,713,6,10,3,17.1,no,abarrotes,no
TX001087,1867,1805,3,4,3,44.1,no,viajes,si
TX001088,725,1403,20,5,1,58.1,no,viajes,no
TX001089,120,302,11,2,4,31.3,no,abarrotes,no
TX001090,3969,2260,16,0,4,22.1,no,servicios,si
TX001091,93,152,0,8,2,37.8,no,electronica,no
TX001092,1010,963,1,38,4,17.8,no,electronica,no
TX001093,391,484,12,7,4,20.9,no,restaurantes,no
TX001094,710,1836,4,8,2,43.2,no,abarrotes,no
TX001095,432,486,22,14,2,59,no,viajes,no
TX001096,387,273,12,6,4,75.2,no,viajes,si
TX001097,1828,1376,9,1,8,28.5,no,viajes,no
TX001098,328,650,5,5,2,81.1,no,viajes,no
TX001099,363,527,4,1,3,56,no,abarrotes,no
TX001100,821,429,0,12,1,16.2,no,restaurantes,no
TX001101,945,1414,19,1,5,37.5,no,abarrotes,si
TX001102,393,452,8,14,4,17.2,no,electronica,no
TX001103,3167,1731,1,30,1,17.8,no,servicios,no
TX001104,462,531,2,3,3,38.1,no,abarrotes,no
TX001105,587,930,12,5,0,28.2,no,restaurantes,no
TX001106,341,822,18,7,1,NA,no,entretenimiento,no
TX001107,183,300,5,7,4,66.6,no,abarrotes,no
TX001108,425,519,12,39,4,118.5,no,restaurantes,no
TX001109,1378,887,14,9,4,12.1,no,restaurantes,no
TX001110,692,539,5,14,6,10.1,no,abarrotes,no
TX001111,657,547,5,10,1,17,no,entretenimiento,no
TX001112,348,780,15,17,3,21.8,no,servicios,no
TX001113,297,610,20,5,7,40.6,no,restaurantes,no
TX001114,648,609,6,30,6,20.2,no,restaurantes,no
TX001115,902,927,2,18,3,168.1,no,servicios,no
TX001116,409,616,2,4,4,8.4,no,abarrotes,no
TX001117,1128,750,3,5,5,34.1,no,abarrotes,no
TX001118,2179,2289,2,10,2,45,no,restaurantes,no
TX001119,1548,2050,7,5,6,51.5,no,electronica,no
TX001120,835,1000,3,20,1,17,no,restaurantes,no
TX001121,332,435,18,14,4,94.6,no,viajes,no
TX001122,480,1066,6,12,2,17.4,no,servicios,no
TX001123,489,867,13,9,0,59.2,no,viajes,no
TX001124,1217,1112,14,7,5,22.6,no,electronica,no
TX001125,641,464,17,1,1,22.8,no,abarrotes,no
TX001126,1148,1106,23,2,5,81.6,no,viajes,no
TX001127,1016,1093,3,2,4,NA,no,viajes,no
TX001128,937,1144,2,9,6,21.6,si,servicios,no
TX001129,121,474,22,8,0,19.3,no,servicios,no
TX001130,13571,4196,6,28,1,32.9,no,servicios,si
TX001131,5792,2519,21,9,1,NA,no,restaurantes,no
TX001132,238,222,12,12,2,74,no,servicios,no
TX001133,2661,2596,17,4,4,40.5,no,restaurantes,no
TX001134,919,712,15,12,0,12.2,no,electronica,no
TX001135,1313,1380,6,10,3,37.2,no,viajes,no
TX001136,3324,2226,12,12,5,33.1,no,electronica,no
TX001137,288,402,16,25,1,21.1,no,viajes,no
TX001138,1992,1475,0,25,3,38.5,no,viajes,no
TX001139,1013,1001,4,8,1,6.3,no,electronica,no
TX001140,2229,2055,23,15,2,103.4,no,entretenimiento,no
TX001141,141,239,6,7,3,99.9,no,servicios,no
TX001142,1517,974,9,4,1,68.5,no,servicios,no
TX001143,531,986,22,8,6,17.6,no,servicios,no
TX001144,148,310,4,7,3,16.8,no,restaurantes,no
TX001145,899,1130,2,2,4,69.1,no,servicios,no
TX001146,786,884,4,6,1,27.7,no,viajes,si
TX001147,1012,1246,1,2,1,15.6,no,abarrotes,no
TX001148,1111,1290,5,9,1,101.7,no,servicios,no
TX001149,4343,1562,21,12,1,81.7,no,electronica,no
TX001150,3957,2327,7,9,6,21.3,no,restaurantes,no
TX001151,1335,781,18,2,3,10.1,no,servicios,no
TX001152,883,808,23,0,2,45.5,no,entretenimiento,no
TX001153,405,312,20,10,3,6.3,no,entretenimiento,no
TX001154,1710,1233,15,7,1,75.8,no,abarrotes,no
TX001155,298,185,21,13,5,52.4,no,electronica,no
TX001156,2106,2707,3,16,3,29.2,no,abarrotes,no
TX001157,1538,1411,14,7,1,32.6,no,electronica,no
TX001158,1077,538,12,16,0,18,no,abarrotes,no
TX001159,580,1142,2,21,2,24.4,no,electronica,no
TX001160,2284,1603,11,8,6,45.1,no,viajes,no
TX001161,1112,1449,16,24,3,110.8,no,entretenimiento,no
TX001162,188,228,15,6,6,198.9,no,restaurantes,no
TX001163,1561,967,8,10,1,92.2,no,electronica,no
TX001164,331,354,13,9,7,NA,no,restaurantes,no
TX001165,562,1472,23,23,2,54.2,no,abarrotes,no
TX001166,308,187,9,3,4,79.8,no,viajes,no
TX001167,153,132,2,14,4,21.9,no,electronica,no
TX001168,763,341,19,2,2,72.7,si,abarrotes,no
TX001169,237,569,23,1,1,23.4,no,servicios,no
TX001170,208,456,2,7,1,NA,no,abarrotes,no
TX001171,689,579,3,5,3,NA,no,abarrotes,no
TX001172,517,458,0,15,6,14.6,no,viajes,no
TX001173,281,890,23,19,0,33.4,no,entretenimiento,no
TX001174,552,696,9,1,4,52.4,no,restaurantes,no
TX001175,691,430,1,6,4,29.5,no,servicios,no
TX001176,268,440,1,5,3,40.9,no,viajes,no
TX001177,901,1053,9,7,0,151.4,no,restaurantes,no
TX001178,935,569,5,7,0,63.3,no,restaurantes,no
TX001179,6217,4350,14,2,1,13.4,no,entretenimiento,no
TX001180,397,912,10,10,8,15.6,no,electronica,no
TX001181,322,451,13,21,3,2.9,no,restaurantes,no
TX001182,442,313,12,8,2,37.3,no,entretenimiento,no
TX001183,417,732,13,3,2,33.8,no,abarrotes,no
TX001184,145,249,15,7,2,5.8,no,entretenimiento,no
TX001185,2605,1272,16,32,7,38.3,no,entretenimiento,no
TX001186,836,409,11,9,4,79.3,no,restaurantes,no
TX001187,508,876,0,3,2,32.9,no,viajes,no
TX001188,402,478,20,1,4,204.5,no,abarrotes,no
TX001189,157,394,18,0,3,45.9,no,servicios,no
TX001190,2456,2630,4,11,6,13.4,no,abarrotes,no
TX001191,293,370,22,3,4,74.3,no,restaurantes,si
TX001192,438,259,20,0,4,41,no,abarrotes,no
TX001193,1935,614,19,1,3,60.6,no,servicios,no
TX001194,486,608,4,1,8,20.8,no,viajes,no
TX001195,504,423,20,5,0,118.9,no,abarrotes,no
TX001196,1337,749,2,10,0,24.6,si,viajes,no
TX001197,512,445,1,2,6,79.7,no,restaurantes,no
TX001198,238,300,8,3,3,34.2,no,restaurantes,si
TX001199,315,288,9,49,1,56.5,no,abarrotes,no
TX001200,525,751,8,5,4,13,no,abarrotes,no
TX001201,680,709,23,9,7,72.2,no,restaurantes,si
TX001202,1138,1228,13,20,1,28,no,servicios,no
TX001203,170,324,9,5,2,31.3,no,servicios,no
TX001204,1367,2119,11,8,5,30.4,no,abarrotes,no
TX001205,681,912,13,10,2,24.1,no,restaurantes,no
TX001206,1245,662,13,3,4,NA,no,electronica,no
TX001207,444,447,5,8,7,21.8,no,electronica,no
TX001208,1962,1996,10,2,2,43.9,no,restaurantes,no
TX001209,243,339,14,8,1,40.7,no,viajes,no
TX001210,738,403,8,19,2,25,no,entretenimiento,no
TX001211,262,367,0,2,4,8.9,no,viajes,no
TX001212,911,1240,11,5,6,11.9,no,viajes,no
TX001213,386,478,5,10,2,5.7,si,entretenimiento,si
TX001214,662,926,5,3,4,23.5,si,abarrotes,no
TX001215,286,658,10,7,0,72.3,no,servicios,no
TX001216,177,306,21,6,4,6.1,no,abarrotes,no
TX001217,34,75,23,6,2,16.7,no,viajes,no
TX001218,1262,2301,8,1,1,13.2,no,entretenimiento,no
TX001219,363,482,18,19,4,15.7,no,servicios,no
TX001220,211,308,5,5,0,21,no,entretenimiento,no
TX001221,3023,1885,17,2,4,43.7,no,abarrotes,no
TX001222,1428,1000,6,1,4,1.7,no,servicios,no
TX001223,219,175,18,13,2,36.3,no,viajes,no
TX001224,826,505,21,2,5,28.1,no,servicios,no
TX001225,474,537,8,0,1,11,no,electronica,no
TX001226,377,207,18,12,5,40.9,no,viajes,no
TX001227,123,284,8,6,3,0.5,no,viajes,no
TX001228,851,735,12,0,1,25.4,no,restaurantes,no
TX001229,3730,1761,14,18,4,1.3,no,servicios,no
TX001230,1056,1338,18,10,6,NA,no,abarrotes,no
TX001231,525,413,16,17,2,16.8,no,servicios,no
TX001232,1031,1394,20,2,1,59.1,no,servicios,no
TX001233,305,357,15,5,6,69.5,no,restaurantes,no
TX001234,333,825,10,9,2,44.7,no,servicios,no
TX001235,494,467,18,14,4,26,no,servicios,no
TX001236,575,869,17,4,4,4.2,no,servicios,no
TX001237,671,681,12,7,3,55.1,no,electronica,no
TX001238,66,180,6,5,2,6.1,no,viajes,no
TX001239,2804,807,10,10,1,23.2,no,electronica,no
TX001240,1691,1748,7,6,1,NA,no,abarrotes,no
TX001241,192,521,10,10,1,13.3,no,restaurantes,no
TX001242,167,507,21,13,1,90.2,no,electronica,no
TX001243,2526,1531,3,6,5,10.3,si,abarrotes,no
TX001244,891,815,10,17,4,36.5,no,servicios,no
TX001245,1437,1692,16,16,1,22.9,no,servicios,no
TX001246,1930,1119,11,20,3,86.5,no,abarrotes,no
TX001247,3742,1022,23,6,5,8.2,no,restaurantes,no
TX001248,500,1449,4,4,3,23.1,si,electronica,no
TX001249,788,778,13,1,2,51.3,no,viajes,no
TX001250,574,594,15,18,2,13.8,no,electronica,si
TX001251,1129,1013,13,18,1,22.3,no,viajes,no
TX001252,605,522,9,5,3,NA,no,restaurantes,no
TX001253,1019,686,11,11,3,4.7,no,abarrotes,no
TX001254,1211,1203,9,15,3,69.5,si,restaurantes,no
TX001255,801,803,19,11,2,42.4,no,restaurantes,no
TX001256,1007,2152,7,51,4,38.7,no,entretenimiento,no
TX001257,526,680,15,6,3,21.9,no,entretenimiento,no
TX001258,834,728,21,2,5,99.1,no,servicios,no
TX001259,1605,1592,3,6,4,52.3,no,abarrotes,no
TX001260,298,299,4,3,5,34.2,no,viajes,no
TX001261,481,472,7,16,6,81.9,no,servicios,no
TX001262,1413,1624,23,28,2,83.1,no,restaurantes,no
TX001263,411,201,4,12,1,60,no,abarrotes,no
TX001264,189,525,4,14,1,8.1,no,electronica,no
TX001265,864,690,10,14,5,47,si,servicios,no
TX001266,195,361,17,9,1,3.1,no,restaurantes,no
TX001267,860,485,10,10,4,0.6,no,abarrotes,no
TX001268,1685,1513,7,13,4,23.9,no,restaurantes,no
TX001269,236,304,7,9,5,12.5,no,servicios,no
TX001270,259,201,18,11,2,61.1,no,viajes,no
TX001271,154,192,14,3,3,34.7,no,servicios,no
TX001272,875,807,14,37,3,23,no,servicios,no
TX001273,1566,1371,12,5,1,80.8,no,restaurantes,no
TX001274,325,205,21,10,3,47.7,no,electronica,no
TX001275,685,452,12,32,4,107.8,no,viajes,no
TX001276,240,261,5,11,1,23.3,no,entretenimiento,no
TX001277,926,411,18,7,2,16.6,no,viajes,no
TX001278,366,427,11,2,1,10.3,no,abarrotes,no
TX001279,1101,1890,4,1,4,132.6,no,restaurantes,no
TX001280,2061,1614,23,11,3,4,no,restaurantes,no
TX001281,468,488,10,15,2,81.3,no,servicios,no
TX001282,587,695,2,9,2,48.8,no,servicios,no
TX001283,1956,1982,17,20,1,54.1,no,abarrotes,no
TX001284,1080,777,20,13,5,85.5,no,entretenimiento,no
TX001285,349,643,4,5,4,23.1,no,restaurantes,no
TX001286,952,804,3,7,4,17.9,no,servicios,no
TX001287,831,1236,11,3,2,7.7,no,restaurantes,no
TX001288,728,686,22,2,3,51,no,abarrotes,no
TX001289,976,1144,21,10,0,2,no,electronica,no
TX001290,653,933,12,6,2,27.6,no,servicios,no
TX001291,637,689,19,34,3,6.4,no,entretenimiento,no
TX001292,750,387,1,13,1,6,no,entretenimiento,no
TX001293,341,708,6,37,2,81,no,electronica,no
TX001294,1339,976,3,21,3,13.7,no,electronica,no
TX001295,790,713,13,5,1,40,no,viajes,no
TX001296,78,167,23,13,5,25.6,no,entretenimiento,no
TX001297,398,459,10,13,2,24.3,si,restaurantes,no
TX001298,130,173,15,23,3,42.3,no,entretenimiento,no
TX001299,2150,793,22,3,3,40.5,si,electronica,no
TX001300,2119,1291,2,8,6,41,no,entretenimiento,no
TX001301,1467,909,20,10,2,59.2,no,restaurantes,no
TX001302,847,592,20,8,4,2.9,no,entretenimiento,si
TX001303,2711,1434,11,5,2,17.6,no,electronica,no
TX001304,2784,2821,20,15,3,23.4,no,viajes,no
TX001305,447,337,2,19,3,NA,no,entretenimiento,no
TX001306,367,581,14,2,2,21.8,no,viajes,no
TX001307,1978,1766,5,1,2,59,no,servicios,no
TX001308,5001,2958,6,7,2,22.5,no,abarrotes,no
TX001309,218,525,2,4,4,17.3,no,viajes,no
TX001310,424,679,2,3,3,3.6,no,electronica,no
TX001311,1129,419,5,3,2,41.3,no,entretenimiento,no
TX001312,83,140,14,6,0,57.1,no,electronica,no
TX001313,439,384,6,2,3,54.1,no,viajes,no
TX001314,1469,1313,10,1,4,22.1,si,entretenimiento,no
TX001315,581,1016,6,8,4,27.7,no,viajes,no
TX001316,383,575,22,11,1,3.1,no,viajes,no
TX001317,1144,480,14,7,4,24,no,viajes,no
TX001318,511,380,17,6,3,23.2,no,entretenimiento,no
TX001319,1705,1029,16,14,5,18.9,no,servicios,no
TX001320,496,789,5,21,4,15.6,no,abarrotes,no
TX001321,4882,4418,7,2,1,10.3,no,servicios,no
TX001322,251,282,21,6,6,101.6,no,abarrotes,no
TX001323,158,290,21,19,2,13.8,no,electronica,no
TX001324,404,514,22,4,3,79,no,servicios,no
TX001325,926,1390,18,13,3,20.7,no,abarrotes,no
TX001326,1077,643,8,13,3,53.3,no,viajes,no
TX001327,125,200,10,19,2,64.9,no,restaurantes,no
TX001328,431,270,17,3,3,32.7,no,electronica,no
TX001329,512,573,10,7,2,23,no,electronica,no
TX001330,265,495,12,6,2,NA,no,entretenimiento,no
TX001331,3521,3487,15,14,4,7.2,no,restaurantes,no
TX001332,2219,2417,15,4,2,NA,no,electronica,no
TX001333,1399,669,12,6,2,129.9,no,electronica,no
TX001334,268,400,14,5,4,21.3,no,servicios,no
TX001335,612,350,9,17,4,49.1,no,viajes,no
TX001336,414,413,21,7,3,95,no,abarrotes,no
TX001337,960,1120,1,5,3,3.6,no,servicios,no
TX001338,86,208,11,27,3,3.3,no,abarrotes,no
TX001339,2240,2301,22,3,2,23.3,no,abarrotes,no
TX001340,465,450,18,24,1,104.6,no,entretenimiento,no
TX001341,974,983,14,5,3,75.2,no,electronica,no
TX001342,3948,2727,10,3,2,49,no,servicios,no
TX001343,3079,1580,14,6,6,35.5,no,entretenimiento,no
TX001344,193,292,0,4,1,9.5,si,abarrotes,no
TX001345,250,428,16,0,3,100,no,restaurantes,no
TX001346,492,237,2,9,2,38.9,no,electronica,no
TX001347,832,483,3,9,8,43.2,no,entretenimiento,no
TX001348,394,689,3,14,3,NA,no,abarrotes,no
TX001349,405,400,16,6,5,13.4,no,servicios,no
TX001350,2733,1915,13,4,3,48.3,no,restaurantes,no
TX001351,647,723,19,10,3,15.3,no,servicios,no
TX001352,1474,1150,12,4,1,22.2,no,restaurantes,no
TX001353,291,715,21,20,0,15,no,electronica,no
TX001354,851,473,16,7,3,15.4,no,viajes,no
TX001355,748,677,8,3,7,4.3,no,abarrotes,no
TX001356,888,1044,8,7,1,66.7,no,abarrotes,no
TX001357,309,366,2,5,3,36.6,no,restaurantes,no
TX001358,2496,855,17,6,1,9.2,no,restaurantes,no
TX001359,2812,954,9,16,0,24,no,entretenimiento,no
TX001360,1728,1130,18,9,4,22.7,no,abarrotes,no
TX001361,654,423,8,9,1,18.5,no,abarrotes,no
TX001362,548,324,8,5,3,6.4,no,restaurantes,no
TX001363,655,772,7,10,5,10.7,no,electronica,no
TX001364,2349,1646,4,5,2,47.7,no,servicios,no
TX001365,1056,1153,9,1,6,34.6,no,entretenimiento,no
TX001366,1113,610,13,4,1,123.5,no,servicios,no
TX001367,1697,1264,18,1,1,51.1,no,abarrotes,no
TX001368,173,231,2,14,5,64.5,no,restaurantes,no
TX001369,2856,1349,20,9,7,1.7,no,abarrotes,si
TX001370,2961,2040,8,27,3,15.8,no,entretenimiento,no
TX001371,1178,1678,2,1,4,18.2,si,servicios,no
TX001372,911,622,1,2,3,55.4,no,electronica,no
TX001373,2088,1427,19,16,1,11.7,no,abarrotes,no
TX001374,492,264,10,1,3,102.3,no,servicios,no
TX001375,2160,991,4,5,2,34.1,no,entretenimiento,no
TX001376,406,329,12,14,5,NA,no,electronica,no
TX001377,507,280,5,4,0,66,no,abarrotes,no
TX001378,1069,671,13,6,5,52.7,no,restaurantes,no
TX001379,102,204,17,14,4,32.7,no,viajes,no
TX001380,1171,854,13,6,5,38.3,si,electronica,no
TX001381,481,707,16,5,4,2,no,electronica,no
TX001382,658,816,16,2,4,25.1,no,electronica,no
TX001383,561,397,6,8,3,11,no,electronica,no
TX001384,789,871,0,19,2,13.3,no,abarrotes,no
TX001385,284,335,14,9,4,54.2,no,entretenimiento,no
TX001386,85,224,4,22,4,13.4,no,entretenimiento,no
TX001387,179,231,11,11,3,21,no,electronica,no
TX001388,839,1529,0,11,3,66.8,no,entretenimiento,no
TX001389,223,387,7,6,1,NA,no,viajes,no
TX001390,132,571,0,8,3,8.4,no,electronica,no
TX001391,534,657,6,4,4,49.3,no,abarrotes,no
TX001392,2622,2741,16,0,1,18,no,electronica,no
TX001393,282,332,12,10,3,37.2,no,servicios,no
TX001394,601,502,13,7,7,39.8,no,entretenimiento,no
TX001395,282,605,14,28,0,30.1,no,restaurantes,no
TX001396,752,608,21,9,1,53.3,no,abarrotes,no
TX001397,505,781,21,10,1,28.1,si,entretenimiento,si
TX001398,2463,1504,21,7,6,35.6,no,abarrotes,no
TX001399,486,520,21,8,2,30.5,si,electronica,no
TX001400,1598,465,13,18,1,80,no,servicios,no
TX001401,1376,1497,2,9,1,16.8,no,restaurantes,no
TX001402,331,197,9,4,4,38.3,no,electronica,no
TX001403,717,226,17,3,3,102.7,no,electronica,no
TX001404,2039,1461,21,1,0,42.7,no,servicios,no
TX001405,636,747,18,2,3,65.4,no,entretenimiento,no
TX001406,953,1299,0,18,1,10.1,no,viajes,no
TX001407,297,381,0,4,5,57.3,no,servicios,no
TX001408,1667,1579,7,8,3,27.9,no,electronica,no
TX001409,479,434,12,8,2,0.3,no,abarrotes,no
TX001410,2751,1848,12,5,2,10.5,no,entretenimiento,no
TX001411,1410,1613,4,14,6,3.4,no,servicios,no
TX001412,527,407,0,5,2,8.3,no,servicios,no
TX001413,1754,1235,6,2,3,100.4,no,viajes,no
TX001414,836,1403,8,6,3,28.4,no,restaurantes,no
TX001415,1187,1056,18,7,2,7.8,no,viajes,no
TX001416,1523,1109,15,19,1,114.2,no,abarrotes,no
TX001417,131,337,8,12,6,3.3,no,restaurantes,no
TX001418,216,255,11,6,5,35.2,no,restaurantes,no
TX001419,1357,909,15,6,4,132.8,no,viajes,no
TX001420,388,611,2,9,2,5.4,no,electronica,no
TX001421,489,334,10,7,1,18.6,no,restaurantes,no
TX001422,3604,3092,19,12,3,NA,no,abarrotes,no
TX001423,1760,1141,17,3,4,12.7,no,viajes,no
TX001424,668,467,22,14,2,15.6,no,entretenimiento,no
TX001425,206,418,6,20,4,79.1,no,electronica,si
TX001426,224,218,22,8,4,23.1,no,electronica,no
TX001427,410,1166,3,17,3,37.3,no,entretenimiento,no
TX001428,974,880,13,15,3,9.8,no,restaurantes,no
TX001429,698,535,17,5,5,NA,no,restaurantes,no
TX001430,450,729,13,1,4,35.3,no,entretenimiento,no
TX001431,1612,2164,1,6,9,NA,no,entretenimiento,no
TX001432,697,910,9,9,1,44.7,no,entretenimiento,no
TX001433,1978,1349,13,8,2,62.9,no,restaurantes,no
TX001434,2436,1736,20,21,2,44.8,si,restaurantes,no
TX001435,674,973,18,11,1,28.5,si,viajes,no
TX001436,619,876,23,11,6,47.9,no,servicios,no
TX001437,535,325,16,3,6,9.4,no,entretenimiento,no
TX001438,1889,1168,10,6,6,28.7,no,restaurantes,si
TX001439,209,131,8,14,3,10,no,abarrotes,no
TX001440,161,352,7,8,3,97.6,no,servicios,no
TX001441,219,804,17,5,2,4.1,no,electronica,no
TX001442,1085,978,12,5,1,11.9,no,restaurantes,no
TX001443,375,322,15,9,3,95.9,no,viajes,si
TX001444,561,602,9,4,2,162.1,no,electronica,no
TX001445,760,1890,1,6,2,NA,no,entretenimiento,no
TX001446,498,354,6,7,2,40.8,no,restaurantes,no
TX001447,658,783,12,1,3,96.9,no,abarrotes,no
TX001448,815,600,0,4,2,118.7,no,restaurantes,no
TX001449,1277,2102,19,2,1,29.7,no,electronica,no
TX001450,1172,885,13,7,5,3.9,no,electronica,no
TX001451,747,443,14,2,1,NA,no,electronica,si
TX001452,754,726,15,13,3,3.6,no,restaurantes,no
TX001453,661,622,5,1,0,77.9,no,restaurantes,no
TX001454,595,499,18,9,2,196.6,no,restaurantes,no
TX001455,848,753,16,5,2,47.8,no,restaurantes,no
TX001456,2044,1480,22,20,3,8.2,no,servicios,no
TX001457,311,213,6,9,1,60.9,no,abarrotes,no
TX001458,1062,689,3,6,2,61.4,no,restaurantes,no
TX001459,4061,2597,10,17,3,87.5,no,restaurantes,no
TX001460,319,265,17,2,4,13.1,no,viajes,no
TX001461,583,625,19,3,5,6.8,no,entretenimiento,no
TX001462,523,374,1,3,0,94.2,no,viajes,no
TX001463,78,326,14,13,3,4.8,no,servicios,no
TX001464,897,662,18,0,5,52.2,no,servicios,no
TX001465,3752,4151,4,6,3,74.7,no,viajes,no
TX001466,433,640,19,21,3,16.2,no,entretenimiento,no
TX001467,483,334,4,4,6,12.4,no,abarrotes,no
TX001468,368,463,23,4,1,0.4,no,electronica,no
TX001469,577,439,2,4,2,12.5,no,abarrotes,no
TX001470,1499,2201,11,8,3,0.5,no,entretenimiento,no
TX001471,1919,1375,1,7,3,45.7,no,viajes,no
TX001472,444,649,10,8,2,NA,no,servicios,no
TX001473,1027,415,19,1,3,25.5,no,viajes,no
TX001474,920,740,2,25,3,74.2,no,servicios,no
TX001475,141,207,2,4,0,48.5,no,viajes,no
TX001476,517,346,10,14,0,40.6,no,electronica,no
TX001477,483,823,12,7,5,93.4,no,servicios,no
TX001478,738,1265,15,6,3,1.6,no,servicios,no
TX001479,257,362,5,3,5,32.8,no,electronica,no
TX001480,126,130,20,10,4,17.9,no,viajes,no
TX001481,377,314,0,13,1,39.5,si,viajes,no
TX001482,186,321,8,4,4,128.9,no,servicios,no
TX001483,989,960,17,11,1,32,no,electronica,no
TX001484,1051,778,5,13,3,78.7,no,entretenimiento,no
TX001485,510,769,12,20,2,30.8,no,abarrotes,no
TX001486,1696,1588,22,15,3,37.7,no,servicios,si
TX001487,449,369,9,4,3,31.7,no,entretenimiento,no
TX001488,371,429,6,28,5,48.2,no,abarrotes,no
TX001489,2018,1583,9,13,5,21.4,no,entretenimiento,no
TX001490,1924,1684,19,10,1,70.3,no,viajes,no
TX001491,376,776,13,7,0,63.7,no,entretenimiento,no
TX001492,1029,333,3,2,3,9.4,no,servicios,no
TX001493,214,360,12,2,2,21.6,no,restaurantes,no
TX001494,626,624,16,13,0,69.2,no,viajes,no
TX001495,293,341,12,2,3,13.3,no,restaurantes,no
TX001496,1059,715,8,12,6,59.5,no,viajes,no
TX001497,1591,1162,5,6,5,150.2,no,abarrotes,no
TX001498,575,573,19,3,2,32.6,no,entretenimiento,no
TX001499,680,666,14,13,1,NA,no,electronica,no
TX001500,909,1030,9,7,1,48.6,no,servicios,no
TX001501,894,463,3,11,4,43,no,electronica,no
TX001502,360,465,3,3,0,54.6,no,electronica,no
TX001503,1326,1059,19,44,4,20.2,no,servicios,no
TX001504,3544,1700,6,9,6,3.8,no,restaurantes,no
TX001505,1129,1145,16,17,2,38.7,no,restaurantes,no
TX001506,608,535,10,11,3,NA,no,servicios,no
TX001507,1055,621,9,2,4,55.9,no,abarrotes,no
TX001508,1124,712,14,3,1,106.3,no,electronica,no
TX001509,1077,370,10,4,2,88,no,abarrotes,no
TX001510,2557,1612,15,6,3,34.4,no,restaurantes,no
TX001511,687,565,23,11,3,22.2,no,servicios,no
TX001512,692,1440,5,15,4,130.5,no,entretenimiento,no
TX001513,439,365,19,6,1,5.6,no,restaurantes,no
TX001514,327,275,9,3,2,131.6,si,entretenimiento,no
TX001515,816,706,0,6,3,23.4,no,entretenimiento,no
TX001516,136,352,5,18,8,1.1,no,restaurantes,no
TX001517,149,208,1,4,4,27.5,no,electronica,no
TX001518,2252,1500,7,7,6,41.3,no,servicios,no
TX001519,2085,896,8,15,1,3.3,no,viajes,no
TX001520,1286,1028,3,8,4,15.3,no,servicios,no
TX001521,1237,1489,6,0,0,29.8,si,electronica,no
TX001522,537,775,2,8,3,7.8,no,abarrotes,no
TX001523,271,679,2,11,1,65.9,no,viajes,no
TX001524,713,930,13,10,3,NA,no,electronica,no
TX001525,4189,1809,4,14,1,2.7,no,electronica,no
TX001526,3451,1490,5,17,1,20.3,no,restaurantes,no
TX001527,361,593,11,18,5,10.5,no,viajes,no
TX001528,315,787,13,5,5,31,no,restaurantes,no
TX001529,234,499,4,3,4,45.4,no,entretenimiento,no
TX001530,2297,2603,22,2,2,40.4,no,servicios,no
TX001531,405,697,6,7,5,11.4,no,viajes,no
TX001532,809,547,3,6,1,61.4,no,viajes,no
TX001533,821,500,19,23,3,180,no,electronica,no
TX001534,1686,1485,0,6,6,39.1,no,servicios,no
TX001535,965,1791,6,5,2,0.5,no,electronica,no
TX001536,1535,1083,20,2,4,29,no,abarrotes,no
TX001537,169,207,13,11,1,23,no,entretenimiento,no
TX001538,599,1198,22,9,5,46,no,restaurantes,no
TX001539,1594,1911,1,6,1,30.2,no,abarrotes,no
TX001540,398,484,10,5,3,56.4,no,restaurantes,no
TX001541,1112,915,9,24,2,8.6,no,electronica,no
TX001542,827,696,3,12,5,93.7,no,viajes,no
TX001543,97,240,13,6,6,27.4,no,electronica,no
TX001544,259,487,6,20,5,25.5,si,electronica,no
TX001545,82,190,17,5,3,NA,no,restaurantes,no
TX001546,241,112,22,1,4,11.9,no,electronica,si
TX001547,490,598,12,6,4,0.9,no,viajes,no
TX001548,431,577,22,12,1,17.7,no,servicios,no
TX001549,873,816,12,16,5,160.2,no,servicios,no
TX001550,1006,1168,22,8,3,NA,no,entretenimiento,no
TX001551,291,338,13,2,1,120.9,no,servicios,no
TX001552,1464,645,9,13,1,11.5,no,viajes,no
TX001553,676,442,10,3,3,35.4,no,servicios,no
TX001554,543,653,7,17,1,48.3,no,restaurantes,no
TX001555,1101,1282,0,17,3,23.3,no,abarrotes,no
TX001556,542,798,8,6,9,21.9,no,viajes,no
TX001557,704,713,12,10,2,58.5,no,servicios,no
TX001558,3164,2756,18,9,3,44,no,electronica,no
TX001559,629,1186,22,33,3,13.4,no,entretenimiento,no
TX001560,1376,916,1,3,2,39.4,si,viajes,no
TX001561,287,812,22,5,4,13.4,no,restaurantes,no
TX001562,753,217,5,11,2,5.8,no,entretenimiento,no
TX001563,940,412,23,9,3,18.3,no,servicios,no
TX001564,913,1005,15,6,4,62.8,no,abarrotes,no
TX001565,412,534,18,6,1,9.6,no,electronica,no
TX001566,2840,1433,9,28,5,3.3,no,electronica,si
TX001567,191,217,5,2,2,0.8,no,abarrotes,no
TX001568,441,187,4,2,4,78.7,no,abarrotes,no
TX001569,569,428,17,12,3,76.3,no,restaurantes,no
TX001570,5264,1409,15,4,3,16.9,no,restaurantes,no
TX001571,983,355,16,10,3,20.9,no,restaurantes,no
TX001572,815,1647,19,10,5,13.3,no,restaurantes,no
TX001573,129,331,8,10,5,3.9,no,abarrotes,no
TX001574,707,456,2,12,5,33.1,no,restaurantes,no
TX001575,655,1099,11,7,2,45.5,si,electronica,no
TX001576,497,497,23,9,3,33.8,no,viajes,no
TX001577,2251,1027,9,10,3,73.7,no,viajes,no
TX001578,807,595,21,5,3,192.8,no,abarrotes,no
TX001579,411,421,9,15,2,91.8,no,abarrotes,no
TX001580,941,1032,4,3,3,17.8,no,restaurantes,no
TX001581,1201,634,16,20,4,41.3,no,electronica,no
TX001582,1375,961,17,8,1,1.2,no,viajes,no
TX001583,1865,1901,6,11,1,NA,no,electronica,no
TX001584,1800,561,2,6,2,7.4,no,servicios,no
TX001585,263,295,9,16,4,35.6,no,viajes,no
TX001586,247,1171,2,13,2,15.9,si,entretenimiento,no
TX001587,450,704,20,13,3,42.8,no,viajes,no
TX001588,297,437,1,8,1,4.1,no,servicios,no
TX001589,262,279,13,11,0,38.8,no,electronica,no
TX001590,994,986,22,14,10,3.6,no,entretenimiento,no
TX001591,1915,905,1,6,5,16.6,no,electronica,no
TX001592,2820,2201,23,7,6,22.2,no,servicios,no
TX001593,2045,1020,10,8,3,12.9,no,entretenimiento,no
TX001594,426,465,12,12,3,10.3,no,restaurantes,no
TX001595,352,377,5,4,3,31.5,no,entretenimiento,no
TX001596,1226,599,5,14,4,2.2,si,servicios,si
TX001597,2896,1936,3,5,2,3.5,no,entretenimiento,no
TX001598,288,622,11,9,1,53.6,no,entretenimiento,no
TX001599,638,445,11,5,6,44,no,viajes,no
TX001600,655,369,3,7,3,63,no,abarrotes,no
TX001601,1117,635,15,2,2,20.6,no,restaurantes,no
TX001602,298,228,15,1,4,34.8,no,electronica,no
TX001603,830,2452,18,2,1,89.2,no,servicios,no
TX001604,357,927,5,1,2,86.1,no,servicios,no
TX001605,1118,474,23,4,4,54.4,no,servicios,no
TX001606,346,664,23,3,5,NA,no,restaurantes,no
TX001607,1707,1951,15,3,3,17.7,no,entretenimiento,no
TX001608,245,249,3,19,2,15.3,no,electronica,no
TX001609,1569,766,22,1,1,8.6,no,electronica,no
TX001610,1055,1775,22,9,3,53,no,abarrotes,no
TX001611,608,297,8,24,2,1.3,no,abarrotes,no
TX001612,513,877,13,17,2,12.8,no,entretenimiento,no
TX001613,1311,973,20,8,3,6.7,no,entretenimiento,no
TX001614,538,665,22,21,1,23.5,no,electronica,no
TX001615,129,175,14,18,4,NA,no,viajes,no
TX001616,462,552,21,1,0,46.6,no,abarrotes,no
TX001617,327,264,3,19,5,41.1,no,electronica,no
TX001618,439,393,10,8,1,98.2,no,electronica,no
TX001619,5072,3451,5,7,3,1.9,no,electronica,no
TX001620,365,518,4,1,2,8.2,no,entretenimiento,no
TX001621,700,555,10,15,4,80.3,no,electronica,no
TX001622,488,439,18,10,5,48.6,no,servicios,si
TX001623,257,192,17,21,3,16.9,si,electronica,no
TX001624,3255,1112,19,11,3,171.2,no,electronica,no
TX001625,1029,825,14,11,4,115.7,no,servicios,no
TX001626,308,368,2,7,1,71.6,no,entretenimiento,no
TX001627,217,448,7,6,0,224.8,si,abarrotes,no
TX001628,640,473,6,5,3,76.4,no,entretenimiento,no
TX001629,1621,599,10,8,4,20.4,no,servicios,no
TX001630,1009,1603,13,10,2,11.2,no,viajes,no
TX001631,598,518,0,6,6,15.3,no,restaurantes,no
TX001632,1214,1066,13,1,4,29.8,no,electronica,no
TX001633,241,179,0,3,5,76.2,no,electronica,no
TX001634,1647,601,6,4,0,2.8,no,abarrotes,no
TX001635,758,1066,21,1,2,178.7,no,abarrotes,no
TX001636,838,601,4,3,5,27.6,no,restaurantes,no
TX001637,625,528,1,3,3,59.9,no,servicios,no
TX001638,1191,1239,21,4,6,24.4,no,electronica,no
TX001639,1299,1090,19,18,2,23.2,no,abarrotes,no
TX001640,860,895,23,14,3,14.2,no,servicios,no
TX001641,1966,1547,23,1,5,46.4,no,abarrotes,no
TX001642,269,531,5,4,4,11.9,no,viajes,no
TX001643,341,266,8,29,4,1.2,si,restaurantes,no
TX001644,467,310,14,1,2,5.5,si,abarrotes,no
TX001645,201,185,20,24,3,32.4,no,electronica,no
TX001646,842,467,10,12,6,30.2,no,abarrotes,no
TX001647,1463,572,11,3,3,33.1,no,viajes,no
TX001648,435,442,22,22,3,60.7,no,restaurantes,no
TX001649,443,609,23,15,4,9.2,no,restaurantes,no
TX001650,2088,1241,16,10,1,40.3,no,restaurantes,no
TX001651,412,419,2,8,3,28.5,no,servicios,no
TX001652,237,399,21,3,1,89.6,no,abarrotes,no
TX001653,657,538,17,17,3,19.1,no,electronica,no
TX001654,615,971,1,21,3,6.8,no,electronica,no
TX001655,597,577,8,5,0,60.8,no,electronica,no
TX001656,428,417,11,6,6,66.4,si,viajes,no
TX001657,833,1359,11,11,6,52.9,no,viajes,no
TX001658,714,665,6,6,3,4.1,no,restaurantes,no
TX001659,876,682,2,27,5,68.1,no,entretenimiento,no
TX001660,315,311,5,39,2,47.1,no,abarrotes,no
TX001661,541,424,14,2,2,19.2,no,electronica,no
TX001662,636,420,11,20,3,4.3,no,abarrotes,no
TX001663,602,660,13,12,2,32.1,no,restaurantes,no
TX001664,385,475,5,8,4,39.1,no,abarrotes,no
TX001665,759,918,5,3,0,117.5,no,electronica,no
TX001666,201,370,0,19,4,67.5,no,abarrotes,no
TX001667,1260,1045,3,4,4,43.8,no,electronica,no
TX001668,693,422,5,5,2,20.7,no,entretenimiento,no
TX001669,1050,528,11,6,3,77.4,no,restaurantes,no
TX001670,2091,2108,7,10,2,55.5,no,electronica,no
TX001671,763,712,11,14,3,13.4,si,servicios,no
TX001672,636,479,7,14,1,64.1,no,electronica,no
TX001673,1502,911,9,7,3,13.4,no,viajes,no
TX001674,3170,2295,19,5,4,24.3,no,abarrotes,no
TX001675,495,684,14,2,2,12.1,no,viajes,no
TX001676,270,660,3,8,1,1.9,no,abarrotes,no
TX001677,393,184,19,12,2,70.2,no,electronica,no
TX001678,985,1017,4,2,7,71,no,servicios,si
TX001679,148,243,6,35,0,55.3,no,viajes,no
TX001680,733,553,6,6,2,95.2,no,electronica,no
TX001681,1325,1296,12,2,3,64.9,no,electronica,no
TX001682,5154,4094,20,1,3,42.4,no,servicios,no
TX001683,1158,792,10,31,3,2.2,no,restaurantes,no
TX001684,472,908,4,13,1,106.9,no,restaurantes,no
TX001685,769,545,19,13,2,13.6,no,abarrotes,no
TX001686,136,240,12,10,5,41.5,no,servicios,no
TX001687,438,740,2,6,7,NA,no,electronica,no
TX001688,298,390,23,21,3,22,no,restaurantes,no
TX001689,1006,649,16,5,1,56.4,no,viajes,no
TX001690,950,1070,8,15,4,44.3,no,viajes,no
TX001691,1099,1141,18,8,0,74.4,no,restaurantes,no
TX001692,762,481,21,16,3,65.3,si,viajes,no
TX001693,116,186,6,6,3,29.1,no,servicios,no
TX001694,2175,975,11,14,3,NA,no,viajes,no
TX001695,2197,3013,23,5,5,40.8,no,electronica,no
TX001696,122,412,18,8,4,106.2,no,viajes,si
TX001697,469,484,12,15,4,23.3,no,viajes,no
TX001698,856,799,1,3,2,14.8,no,electronica,no
TX001699,487,721,0,6,3,66.8,no,electronica,no
TX001700,769,846,5,1,1,72.9,no,abarrotes,no
TX001701,372,369,20,12,4,107.6,no,servicios,no
TX001702,1237,1004,22,2,1,52.7,no,entretenimiento,no
TX001703,353,344,23,12,4,58.4,no,viajes,no
TX001704,1047,1144,5,3,0,35.8,no,servicios,no
TX001705,1024,662,5,4,6,60.9,no,entretenimiento,no
TX001706,180,172,13,0,3,90.1,no,viajes,no
TX001707,577,504,4,5,4,168.9,no,abarrotes,no
TX001708,414,618,14,8,2,15.9,no,restaurantes,no
TX001709,1435,1226,21,11,4,46.2,no,abarrotes,no
TX001710,627,502,20,35,3,80.8,no,abarrotes,no
TX001711,959,2147,20,21,8,41.3,no,viajes,no
TX001712,636,521,11,13,1,9.7,no,restaurantes,no
TX001713,264,386,5,2,3,121.6,no,electronica,no
TX001714,2745,1439,17,1,4,28.3,no,viajes,no
TX001715,485,302,16,12,1,15.8,no,restaurantes,no
TX001716,794,808,18,34,5,17.4,no,entretenimiento,no
TX001717,1419,1007,11,14,1,28.1,no,electronica,no
TX001718,1887,1474,6,4,3,7,no,entretenimiento,no
TX001719,941,860,16,3,0,44.2,no,abarrotes,no
TX001720,871,1462,21,15,1,108.6,no,servicios,no
TX001721,426,910,11,48,3,11.3,no,abarrotes,no
TX001722,1051,725,21,8,2,19.7,no,restaurantes,no
TX001723,593,601,6,14,2,10.4,no,electronica,no
TX001724,1389,923,1,6,1,11.4,no,restaurantes,no
TX001725,1658,606,20,5,1,22.5,no,restaurantes,no
TX001726,1198,419,22,21,0,16.2,no,viajes,no
TX001727,846,616,14,19,6,64.2,no,viajes,no
TX001728,546,532,10,5,4,79.3,no,abarrotes,no
TX001729,271,565,17,11,3,12,no,entretenimiento,no
TX001730,275,322,10,6,2,55.4,no,restaurantes,no
TX001731,1854,1719,2,6,3,45.9,no,servicios,no
TX001732,519,518,7,26,2,28.4,si,electronica,si
TX001733,521,728,21,7,2,13.4,no,electronica,no
TX001734,545,862,11,2,3,39.1,no,abarrotes,no
TX001735,638,1081,7,6,0,7,no,viajes,no
TX001736,634,1444,9,3,3,20.8,no,entretenimiento,no
TX001737,692,379,10,8,7,36.9,no,servicios,no
TX001738,1012,992,8,14,0,61,no,electronica,si
TX001739,472,1388,3,5,2,1.6,no,restaurantes,no
TX001740,1256,651,2,3,6,12,no,abarrotes,no
TX001741,619,1118,15,9,4,89.7,no,restaurantes,no
TX001742,443,572,19,10,2,6.7,no,restaurantes,no
TX001743,391,663,9,29,4,17.5,no,viajes,no
TX001744,710,620,9,15,1,12.1,no,entretenimiento,no
TX001745,525,456,15,4,5,51.9,no,restaurantes,no
TX001746,1466,2510,13,3,2,53.4,no,servicios,no
TX001747,1049,551,3,10,5,33.3,no,restaurantes,no
TX001748,547,631,0,2,4,65.1,no,abarrotes,no
TX001749,1924,1384,2,10,4,25.5,no,viajes,no
TX001750,890,603,7,11,2,80.4,no,electronica,no
TX001751,474,1252,12,2,4,22.8,no,servicios,no
TX001752,709,1155,4,22,1,26,no,electronica,no
TX001753,791,738,16,6,1,50.1,no,restaurantes,no
TX001754,225,156,22,18,1,36.4,no,abarrotes,no
TX001755,139,247,6,3,2,NA,no,servicios,no
TX001756,548,752,12,3,2,39.7,no,viajes,no
TX001757,326,655,18,3,0,32.2,no,servicios,no
TX001758,601,788,6,7,1,13.1,si,viajes,no
TX001759,817,559,2,8,2,76.7,no,viajes,no
TX001760,236,308,15,1,1,6.5,no,servicios,no
TX001761,543,567,12,9,2,10.2,no,electronica,no
TX001762,291,448,21,5,7,16.3,no,electronica,no
TX001763,1054,1130,4,22,1,29.1,no,restaurantes,no
TX001764,925,696,3,4,0,194.7,no,electronica,no
TX001765,284,197,18,1,3,2.8,no,electronica,no
TX001766,211,311,12,2,2,10.3,no,electronica,no
TX001767,789,507,6,9,3,27.8,no,entretenimiento,no
TX001768,3401,3843,9,21,6,60.2,no,restaurantes,no
TX001769,2096,1285,4,18,4,11.4,no,abarrotes,no
TX001770,348,950,8,4,3,31.8,no,viajes,no
TX001771,758,269,1,14,3,12.3,no,restaurantes,no
TX001772,607,874,3,5,1,33.6,no,servicios,no
TX001773,1349,744,21,7,4,12.4,no,restaurantes,no
TX001774,1159,1123,17,13,1,1.7,no,viajes,no
TX001775,891,962,19,8,4,31.2,no,viajes,no
TX001776,380,261,12,3,3,34.7,no,entretenimiento,no
TX001777,756,1112,21,13,2,8.9,no,electronica,no
TX001778,2630,2851,5,14,3,11.1,si,abarrotes,si
TX001779,491,741,16,5,4,12,no,entretenimiento,no
TX001780,500,440,12,7,0,118.8,no,electronica,si
TX001781,822,762,23,14,0,69.5,no,electronica,no
TX001782,100,121,19,7,4,NA,no,servicios,no
TX001783,1281,592,8,36,2,41.3,si,viajes,no
TX001784,224,332,8,9,3,33.1,no,servicios,no
TX001785,329,199,18,26,4,11.8,no,servicios,no
TX001786,851,598,22,13,3,8,no,abarrotes,no
TX001787,130,408,20,11,4,6.1,no,entretenimiento,no
TX001788,373,1906,14,3,1,42.1,si,viajes,no
TX001789,857,858,23,16,2,114,no,abarrotes,no
TX001790,897,939,12,0,3,25.1,no,entretenimiento,no
TX001791,628,800,10,1,2,93.5,no,servicios,no
TX001792,2112,2290,18,7,2,44.3,no,abarrotes,no
TX001793,495,375,2,14,3,33.6,no,restaurantes,no
TX001794,748,415,19,3,3,28.7,no,servicios,no
TX001795,1469,1076,5,4,3,12.4,no,entretenimiento,no
TX001796,2006,3557,14,20,3,4.6,no,electronica,no
TX001797,276,764,7,0,2,57.3,no,entretenimiento,no
TX001798,200,453,18,4,3,20.5,no,entretenimiento,no
TX001799,1043,1035,6,23,2,19.5,no,electronica,no
TX001800,1108,438,7,3,1,28.8,no,servicios,no
TX001801,321,430,12,14,2,7,no,restaurantes,no
TX001802,112,210,0,8,4,114.8,si,entretenimiento,no
TX001803,1168,1468,12,10,4,46.3,no,electronica,no
TX001804,558,605,16,11,1,23.5,no,servicios,no
TX001805,533,398,6,8,4,2.5,no,abarrotes,no
TX001806,956,1287,22,5,2,22,no,electronica,no
TX001807,408,147,4,2,3,25.3,no,entretenimiento,no
TX001808,1677,1554,21,13,5,4.4,no,electronica,no
TX001809,1044,1948,17,3,0,6.9,no,restaurantes,no
TX001810,3497,2817,2,11,2,2.5,no,restaurantes,no
TX001811,765,901,8,6,3,48.5,no,viajes,no
TX001812,2607,3817,2,9,2,68.7,no,restaurantes,no
TX001813,1430,650,21,1,3,17.7,no,viajes,no
TX001814,563,488,9,3,5,57.3,no,electronica,no
TX001815,286,600,1,12,0,70.6,no,servicios,no
TX001816,862,1505,8,2,5,32.3,no,servicios,no
TX001817,214,257,13,14,1,55.6,no,abarrotes,no
TX001818,332,470,5,19,3,86.1,no,electronica,no
TX001819,614,241,6,12,1,35.9,no,entretenimiento,si
TX001820,326,268,20,5,4,192.9,no,viajes,si
TX001821,197,329,14,3,5,15.9,no,entretenimiento,no
TX001822,678,537,2,16,5,62.9,si,abarrotes,no
TX001823,787,1325,11,3,4,23.6,no,entretenimiento,no
TX001824,762,691,17,4,5,15.6,no,entretenimiento,no
TX001825,1402,1028,8,13,2,29.5,no,abarrotes,no
TX001826,2318,1531,22,3,3,35.8,no,abarrotes,no
TX001827,155,206,14,8,3,29,no,viajes,no
TX001828,682,698,15,17,2,36.7,no,electronica,no
TX001829,881,947,5,3,3,7.2,no,abarrotes,no
TX001830,2139,1712,14,2,5,11.9,no,restaurantes,no
TX001831,270,348,23,13,2,12.2,no,restaurantes,no
TX001832,1225,915,10,5,5,17.9,no,electronica,no
TX001833,2154,779,10,12,5,8.9,no,servicios,no
TX001834,168,359,16,4,2,76.3,no,abarrotes,no
TX001835,580,389,3,3,4,9.5,no,electronica,no
TX001836,144,339,4,13,5,NA,no,entretenimiento,no
TX001837,497,658,2,3,0,17.8,si,entretenimiento,no
TX001838,90,113,17,4,2,43.2,no,entretenimiento,no
TX001839,1237,1503,9,12,1,17.3,no,entretenimiento,no
TX001840,985,1423,14,2,7,75.6,no,viajes,no
TX001841,1933,844,10,6,8,46.1,no,restaurantes,no
TX001842,264,229,8,10,3,55.5,no,abarrotes,no
TX001843,6227,4168,7,3,1,123.5,no,viajes,no
TX001844,972,1030,6,8,8,4.2,no,abarrotes,si
TX001845,861,918,0,3,4,18,si,abarrotes,no
TX001846,1866,893,3,25,5,91.7,no,servicios,no
TX001847,932,572,5,1,1,63.2,no,abarrotes,no
TX001848,2598,1049,13,6,1,36.7,no,electronica,no
TX001849,1332,926,5,2,2,44.8,no,restaurantes,no
TX001850,278,377,7,3,2,89.2,no,restaurantes,no
TX001851,162,267,21,2,4,14,no,abarrotes,no
TX001852,1034,1267,23,18,4,45.1,no,viajes,no
TX001853,705,1211,21,22,3,32.9,no,electronica,no
TX001854,315,183,15,3,0,128.6,no,abarrotes,no
TX001855,361,573,12,3,4,38,no,entretenimiento,no
TX001856,943,1035,11,3,1,28.9,si,abarrotes,no
TX001857,355,344,14,18,4,9.5,no,abarrotes,no
TX001858,2955,818,19,0,6,2.9,no,electronica,no
TX001859,443,527,11,3,5,50.2,no,entretenimiento,no
TX001860,1038,3060,22,13,2,78,no,servicios,no
TX001861,1683,1120,22,12,4,4.9,si,electronica,no
TX001862,1603,824,23,12,1,16.2,no,electronica,no
TX001863,476,755,17,10,4,22.4,no,servicios,no
TX001864,154,532,5,6,1,31.7,no,viajes,no
TX001865,1079,735,0,12,3,43,no,restaurantes,no
TX001866,350,383,5,8,5,18.7,no,viajes,no
TX001867,1290,2362,19,12,3,82.1,no,entretenimiento,no
TX001868,3516,2312,9,36,5,112.9,no,electronica,no
TX001869,1241,2279,14,29,3,86.1,no,entretenimiento,no
TX001870,396,194,14,3,4,30.5,no,abarrotes,no
TX001871,77,123,6,11,1,12.2,no,viajes,no
TX001872,958,1089,14,9,4,53,no,electronica,no
TX001873,385,741,8,6,5,7.9,si,viajes,no
TX001874,193,275,0,21,5,66.2,no,restaurantes,no
TX001875,705,2229,7,8,4,106.3,no,electronica,no
TX001876,6311,3831,23,6,3,98.6,no,restaurantes,no
TX001877,1495,1006,14,11,3,39.4,si,entretenimiento,no
TX001878,1517,673,18,2,2,27,no,viajes,no
TX001879,880,962,7,9,2,159.9,no,electronica,no
TX001880,861,932,1,7,6,26.4,no,electronica,no
TX001881,792,1061,1,6,2,1.3,no,restaurantes,no
TX001882,446,292,10,5,6,65.7,no,restaurantes,no
TX001883,1126,1630,12,14,2,22,no,abarrotes,no
TX001884,1027,736,19,10,5,41,no,entretenimiento,no
TX001885,1128,899,22,9,5,40.6,no,restaurantes,no
TX001886,630,1210,22,10,4,33.1,no,servicios,no
TX001887,430,504,23,5,4,67.7,no,electronica,no
TX001888,166,270,6,7,2,12.1,no,entretenimiento,no
TX001889,293,187,16,7,0,3.6,no,servicios,no
TX001890,142,254,12,12,1,25.2,no,abarrotes,no
TX001891,722,1006,8,16,4,27.4,no,servicios,no
TX001892,542,422,14,0,4,50.6,no,restaurantes,no
TX001893,191,341,3,3,1,50.2,no,servicios,no
TX001894,1057,795,4,2,6,64.7,no,servicios,no
TX001895,1212,1402,1,8,2,29.5,no,viajes,no
TX001896,82,196,4,9,4,55.5,no,entretenimiento,no
TX001897,762,520,6,15,1,47,no,restaurantes,no
TX001898,567,584,7,8,5,5.4,no,restaurantes,no
TX001899,331,569,2,33,3,31.5,no,restaurantes,no
TX001900,171,402,10,1,3,19.4,no,viajes,no
TX001901,427,609,11,1,1,51.4,no,electronica,no
TX001902,250,132,18,16,6,9.7,no,electronica,no
TX001903,380,437,14,9,5,22.5,no,entretenimiento,no
TX001904,732,1014,10,3,0,62.8,no,restaurantes,no
TX001905,963,796,22,18,0,104.5,no,restaurantes,no
TX001906,77,632,0,5,2,29.9,no,entretenimiento,no
TX001907,285,339,5,15,3,8.1,si,abarrotes,no
TX001908,5505,2913,4,2,3,14,no,servicios,no
TX001909,526,697,17,4,1,90,no,abarrotes,no
TX001910,805,478,2,11,3,33.3,no,servicios,no
TX001911,598,877,11,3,4,34.4,no,restaurantes,no
TX001912,352,573,18,5,0,27.5,no,abarrotes,no
TX001913,158,282,21,13,4,22.4,no,restaurantes,no
TX001914,905,1017,22,4,2,57.1,no,entretenimiento,no
TX001915,553,301,14,8,3,123,si,electronica,no
TX001916,559,319,14,19,1,12.4,no,viajes,no
TX001917,2063,1282,9,10,2,30.6,no,entretenimiento,no
TX001918,948,900,3,8,3,41.2,no,abarrotes,no
TX001919,2160,2703,15,2,5,93,si,abarrotes,si
TX001920,2418,1064,0,7,1,14.3,no,viajes,no
TX001921,306,266,13,2,2,4.7,no,viajes,no
TX001922,501,998,14,6,4,6.2,no,entretenimiento,no
TX001923,169,453,12,9,2,15.2,no,abarrotes,no
TX001924,3206,2704,5,18,1,80.9,no,restaurantes,no
TX001925,358,652,8,4,2,156.1,no,abarrotes,no
TX001926,764,555,20,4,2,NA,no,viajes,no
TX001927,156,285,21,4,4,109.1,no,restaurantes,no
TX001928,1043,738,9,5,6,68.5,no,entretenimiento,no
TX001929,221,466,16,12,1,49.4,no,electronica,no
TX001930,191,436,3,17,4,27.6,no,electronica,no
TX001931,1600,592,15,7,4,25.9,no,entretenimiento,no
TX001932,154,211,22,24,2,57.2,no,restaurantes,no
TX001933,4194,3077,16,11,2,2.3,no,restaurantes,no
TX001934,321,335,0,31,3,NA,no,viajes,no
TX001935,273,367,3,11,3,74,no,viajes,no
TX001936,1742,754,6,6,5,NA,no,restaurantes,no
TX001937,609,784,12,7,4,98.5,no,electronica,no
TX001938,146,193,19,15,5,111.5,no,electronica,no
TX001939,234,694,18,14,2,42.3,no,abarrotes,no
TX001940,646,391,9,3,5,4.8,no,abarrotes,no
TX001941,178,223,5,8,4,75.5,no,restaurantes,no
TX001942,3385,4534,10,16,3,68.5,no,abarrotes,no
TX001943,526,358,13,4,3,9.1,no,restaurantes,no
TX001944,831,900,3,12,1,9.8,no,entretenimiento,no
TX001945,1066,638,11,1,2,NA,no,viajes,no
TX001946,141,225,0,4,3,96.1,no,electronica,no
TX001947,638,632,15,2,1,45.4,no,restaurantes,no
TX001948,911,869,17,2,6,32.3,no,restaurantes,no
TX001949,4478,2234,13,1,4,81.8,no,restaurantes,no
TX001950,470,456,20,10,2,16.9,no,restaurantes,no
TX001951,2621,3120,10,3,3,11.1,no,electronica,no
TX001952,883,918,3,9,3,21.2,no,viajes,no
TX001953,492,325,22,8,2,27,no,restaurantes,no
TX001954,3468,1877,17,1,5,31.9,no,viajes,no
TX001955,468,434,11,4,7,19.4,no,viajes,no
TX001956,269,237,4,9,4,90.2,no,viajes,no
TX001957,2698,1651,21,3,2,161.7,no,abarrotes,no
TX001958,450,379,14,3,3,101.4,si,restaurantes,no
TX001959,1050,798,12,9,1,9,no,viajes,no
TX001960,1016,1691,19,5,1,39.9,no,entretenimiento,no
TX001961,2106,1127,23,2,2,44,no,electronica,no
TX001962,1656,536,1,3,2,24.1,no,viajes,no
TX001963,1436,1082,4,6,4,85.4,no,entretenimiento,no
TX001964,1221,853,21,8,7,59.9,no,abarrotes,no
TX001965,3613,3646,4,4,2,40.8,no,restaurantes,no
TX001966,756,599,18,11,3,37.6,no,electronica,no
TX001967,297,341,6,3,3,61.2,si,viajes,no
TX001968,144,256,17,1,3,19.7,no,entretenimiento,no
TX001969,536,957,22,3,3,13.2,no,abarrotes,no
TX001970,958,870,0,9,4,66.3,no,restaurantes,no
TX001971,208,684,19,3,6,11,no,electronica,no
TX001972,3679,2349,9,3,4,5.6,no,electronica,no
TX001973,1261,1016,19,2,1,37.7,no,restaurantes,no
TX001974,3176,1638,22,1,4,9.6,si,electronica,no
TX001975,4406,2548,6,6,2,36.9,no,abarrotes,no
TX001976,1433,1466,20,0,3,24.2,no,servicios,no
TX001977,150,106,10,8,1,27.4,no,restaurantes,no
TX001978,355,496,8,7,4,37.3,no,servicios,no
TX001979,820,822,12,3,1,14.2,si,entretenimiento,si
TX001980,1043,570,13,19,2,66.7,no,servicios,no
TX001981,2818,3036,21,5,5,19.3,no,electronica,no
TX001982,191,197,4,5,3,12.4,no,entretenimiento,no
TX001983,3586,1535,15,1,3,70.6,no,restaurantes,no
TX001984,531,820,21,8,1,44.8,no,entretenimiento,no
TX001985,336,498,16,10,5,4.1,no,restaurantes,no
TX001986,2602,2122,14,2,1,89.1,no,restaurantes,si
TX001987,1248,928,16,13,1,5.2,no,electronica,no
TX001988,1715,795,3,3,5,41.8,no,entretenimiento,no
TX001989,1151,1079,1,2,3,32.5,no,abarrotes,no
TX001990,2629,2456,5,10,2,44.2,no,viajes,no
TX001991,1254,1620,17,8,2,35.4,no,electronica,no
TX001992,179,232,7,8,3,77.7,no,electronica,no
TX001993,1456,1876,23,13,6,7,no,viajes,no
TX001994,102,238,16,0,5,47.5,no,entretenimiento,no
TX001995,1265,1789,19,5,5,64.1,no,servicios,no
TX001996,923,640,18,7,4,NA,no,restaurantes,no
TX001997,1023,715,7,14,2,52.3,si,viajes,no
TX001998,1686,774,2,9,6,71.7,no,restaurantes,no
TX001999,215,278,23,12,1,8.3,no,servicios,no
TX002000,623,1063,9,12,2,4.6,no,servicios,no
TX002001,894,743,18,4,3,52.8,no,abarrotes,no
TX002002,1066,716,12,7,4,17,no,viajes,no
TX002003,1665,1729,3,4,1,23.1,no,electronica,no
TX002004,185,174,2,6,4,27.9,no,viajes,no
TX002005,685,546,18,4,3,36.1,no,abarrotes,no
TX002006,2103,1135,17,3,1,13.8,no,entretenimiento,no
TX002007,1689,1851,19,9,3,39.6,no,servicios,no
TX002008,360,820,22,14,1,48.4,si,viajes,si
TX002009,581,867,11,3,3,104.8,no,electronica,no
TX002010,894,742,9,2,1,40,no,servicios,no
TX002011,2087,3257,17,14,5,58.5,no,electronica,no
TX002012,899,687,21,29,3,128.6,no,restaurantes,no
TX002013,632,454,9,2,1,45,no,servicios,no
TX002014,680,726,12,5,1,10.3,no,entretenimiento,no
TX002015,605,950,23,9,4,35.6,no,restaurantes,no
TX002016,1951,1676,4,3,3,26.3,no,viajes,no
TX002017,162,247,4,11,3,48.8,no,viajes,no
TX002018,1212,2082,23,7,0,33.6,no,electronica,no
TX002019,356,700,16,17,3,23.7,si,servicios,no
TX002020,943,966,3,40,8,23.1,no,entretenimiento,no
TX002021,883,1009,12,12,2,43.4,no,electronica,no
TX002022,305,584,2,6,3,28,no,restaurantes,no
TX002023,225,219,18,36,2,32.4,no,abarrotes,no
TX002024,1526,671,18,0,4,21.7,no,electronica,si
TX002025,334,684,7,15,3,8.2,no,viajes,no
TX002026,547,477,6,16,3,55.3,no,abarrotes,no
TX002027,424,306,3,5,2,25.8,no,abarrotes,no
TX002028,479,372,13,11,2,30.5,no,restaurantes,no
TX002029,453,399,21,1,3,NA,no,entretenimiento,no
TX002030,333,948,9,10,2,80.2,no,viajes,no
TX002031,763,769,12,12,4,89,no,servicios,no
TX002032,838,1394,20,4,4,110.3,no,electronica,no
TX002033,682,892,13,3,8,5.8,no,servicios,no
TX002034,108,219,2,3,0,17.9,no,servicios,no
TX002035,1401,1539,1,1,2,36,no,entretenimiento,no
TX002036,894,1233,0,7,3,52.3,no,abarrotes,no
TX002037,381,333,14,5,6,16.3,no,viajes,no
TX002038,7137,3813,22,5,2,29.7,no,abarrotes,no
TX002039,755,731,11,12,5,13.2,no,electronica,no
TX002040,329,284,15,7,2,13.6,no,servicios,no
TX002041,1524,504,13,5,0,42.5,no,viajes,no
TX002042,210,605,3,2,3,36.7,no,viajes,no
TX002043,187,869,22,3,1,45.6,no,servicios,no
TX002044,307,647,5,21,2,58.4,no,servicios,no
TX002045,244,186,9,16,4,34.2,no,entretenimiento,no
TX002046,2004,2213,5,7,4,43,no,entretenimiento,no
TX002047,1314,1407,4,10,1,58.4,no,abarrotes,no
TX002048,4343,2377,20,24,1,70.1,no,electronica,no
TX002049,91,130,7,6,4,76,no,servicios,no
TX002050,785,1196,14,28,1,34.5,si,entretenimiento,no
TX002051,1768,1733,23,5,1,18.3,no,entretenimiento,no
TX002052,379,630,9,9,3,33.2,no,abarrotes,no
TX002053,509,430,18,7,3,17.6,no,entretenimiento,no
TX002054,980,389,6,24,4,17,no,electronica,no
TX002055,478,644,2,11,1,5.9,no,electronica,no
TX002056,1145,1695,12,6,5,65,no,restaurantes,no
TX002057,536,776,4,17,3,45.6,no,entretenimiento,no
TX002058,528,323,23,22,2,58.1,no,entretenimiento,no
TX002059,649,1162,9,5,1,74.1,no,restaurantes,no
TX002060,2077,785,2,6,4,106.7,no,entretenimiento,no
TX002061,441,315,19,5,4,8.7,no,restaurantes,no
TX002062,251,292,7,5,2,59.3,no,abarrotes,no
TX002063,456,302,13,14,2,38.6,no,abarrotes,no
TX002064,1112,755,1,0,2,15.9,no,electronica,no
TX002065,559,524,15,14,4,55,no,abarrotes,no
TX002066,631,857,15,3,3,14.1,no,viajes,no
TX002067,712,513,0,11,4,60.5,no,restaurantes,no
TX002068,544,449,14,9,4,109.4,si,abarrotes,no
TX002069,430,503,1,13,4,15.2,no,abarrotes,no
TX002070,243,261,19,8,3,16.1,no,servicios,no
TX002071,375,388,15,2,4,27.4,si,restaurantes,no
TX002072,931,593,23,4,2,11.5,no,restaurantes,no
TX002073,653,695,0,19,3,42.3,no,electronica,no
TX002074,1127,826,20,14,3,43.3,no,servicios,no
TX002075,178,429,3,3,3,22.9,no,viajes,no
TX002076,1914,2394,11,6,1,78.4,no,servicios,no
TX002077,430,358,13,3,0,52.7,si,restaurantes,no
TX002078,465,725,4,5,5,NA,no,abarrotes,no
TX002079,1098,806,13,21,1,25.6,no,servicios,no
TX002080,1238,1350,9,17,2,28.1,no,electronica,no
TX002081,692,865,4,2,4,5.9,no,entretenimiento,no
TX002082,1692,1826,19,9,2,28,si,viajes,no
TX002083,2212,1785,23,16,4,6.9,no,viajes,no
TX002084,1930,923,3,3,2,93.5,no,abarrotes,no
TX002085,364,533,13,12,3,109.2,no,electronica,no
TX002086,762,918,20,5,2,3,no,abarrotes,no
TX002087,620,842,5,9,4,87.4,no,servicios,no
TX002088,281,169,1,12,0,5.9,no,viajes,no
TX002089,549,351,14,16,1,14,no,entretenimiento,no
TX002090,1730,986,20,30,3,60.9,no,abarrotes,no
TX002091,1011,770,21,7,2,46.8,no,abarrotes,no
TX002092,60,244,0,14,3,31.2,no,restaurantes,no
TX002093,428,859,1,10,5,29,no,abarrotes,no
TX002094,1424,1295,0,14,3,124.4,no,viajes,no
TX002095,1655,1486,22,8,5,69.2,no,restaurantes,no
TX002096,248,276,10,19,4,14.5,no,electronica,no
TX002097,579,374,5,3,2,79.5,no,restaurantes,no
TX002098,388,532,12,9,2,57.4,no,entretenimiento,no
TX002099,450,419,20,1,7,58.5,no,viajes,no
TX002100,691,553,20,4,3,24.7,no,servicios,no
TX002101,251,391,1,18,5,103.5,no,servicios,no
TX002102,259,258,6,10,4,30.4,no,entretenimiento,no
TX002103,229,460,6,3,4,57.1,no,electronica,no
TX002104,392,165,4,3,2,34,si,restaurantes,no
TX002105,516,255,4,3,2,11.2,no,servicios,no
TX002106,363,333,3,14,2,53.7,no,electronica,no
TX002107,280,340,8,21,4,15.1,no,viajes,no
TX002108,1016,716,16,11,3,13.4,no,restaurantes,no
TX002109,1406,1642,19,9,5,5,no,restaurantes,no
TX002110,841,691,18,7,4,54.1,no,electronica,no
TX002111,600,851,18,19,5,61.5,no,abarrotes,no
TX002112,543,430,20,6,2,105.5,no,servicios,no
TX002113,1310,1271,14,23,1,41.9,no,viajes,no
TX002114,327,900,13,4,3,5.8,no,viajes,no
TX002115,731,905,20,27,4,22.5,no,abarrotes,no
TX002116,993,2588,8,4,2,20.9,no,abarrotes,no
TX002117,727,519,0,13,1,52.4,no,servicios,no
TX002118,1015,705,4,8,4,9.6,no,restaurantes,no
TX002119,674,1002,6,2,4,7.7,no,electronica,no
TX002120,637,558,7,2,3,16.3,no,abarrotes,no
TX002121,325,427,14,6,2,16,si,entretenimiento,no
TX002122,772,1290,7,10,2,18.9,no,restaurantes,no
TX002123,1136,1360,15,4,6,54.6,no,abarrotes,no
TX002124,630,471,0,7,1,114,no,restaurantes,no
TX002125,2824,1038,20,11,3,33.4,no,abarrotes,no
TX002126,214,238,11,13,3,113.8,no,viajes,no
TX002127,606,993,13,8,2,50.6,no,servicios,no
TX002128,394,556,10,5,2,10.2,no,servicios,no
TX002129,3265,1199,18,21,4,66.5,no,viajes,no
TX002130,1279,2378,9,5,3,32.4,no,restaurantes,no
TX002131,304,395,8,29,2,37.8,no,viajes,no
TX002132,308,322,10,2,7,72.6,no,restaurantes,no
TX002133,598,495,20,7,4,64.6,no,viajes,no
TX002134,425,382,1,3,4,90.6,no,abarrotes,no
TX002135,117,188,3,3,4,25.1,no,abarrotes,no
TX002136,216,203,20,7,4,18.3,si,servicios,no
TX002137,932,598,7,5,3,21.5,no,viajes,no
TX002138,348,459,3,4,3,84.3,no,entretenimiento,no
TX002139,127,221,16,2,6,38.1,no,electronica,no
TX002140,468,757,16,0,2,29.7,no,electronica,no
TX002141,2435,1218,12,11,4,35.2,no,abarrotes,no
TX002142,575,1192,2,3,2,25,no,abarrotes,no
TX002143,402,589,5,3,3,76.4,no,electronica,no
TX002144,204,415,3,6,4,39.4,no,restaurantes,no
TX002145,252,462,17,15,3,27.2,no,electronica,no
TX002146,1993,1219,7,12,1,102.2,no,restaurantes,no
TX002147,3289,2525,3,37,2,25.3,no,servicios,no
TX002148,224,243,23,18,5,25.4,no,abarrotes,no
TX002149,4129,3718,1,1,1,66.7,no,viajes,no
TX002150,777,623,7,2,3,20.3,no,viajes,no
TX002151,778,468,12,9,1,40.6,no,abarrotes,no
TX002152,390,398,17,1,3,28.9,no,viajes,no
TX002153,536,513,12,15,1,16.7,no,viajes,no
TX002154,268,217,6,13,3,46.8,no,viajes,no
TX002155,607,887,18,11,3,30.3,no,entretenimiento,no
TX002156,343,304,6,3,1,5.8,no,restaurantes,no
TX002157,1647,1311,15,1,3,88.7,no,servicios,no
TX002158,1341,373,21,9,3,11.7,no,abarrotes,no
TX002159,1009,633,3,4,1,10,si,entretenimiento,no
TX002160,456,268,17,1,3,83.4,no,viajes,no
TX002161,4992,1873,14,7,5,113.5,no,restaurantes,no
TX002162,1285,1677,8,11,2,20,no,entretenimiento,no
TX002163,418,395,12,1,2,72.4,no,entretenimiento,no
TX002164,1810,866,11,8,2,102.6,no,viajes,no
TX002165,182,209,4,11,6,89.7,no,restaurantes,no
TX002166,1394,2041,12,10,5,90.6,no,entretenimiento,no
TX002167,1722,2236,0,7,5,101.7,no,electronica,si
TX002168,164,339,3,4,2,22.9,no,abarrotes,no
TX002169,406,821,22,22,1,45.6,no,restaurantes,no
TX002170,580,669,5,7,2,40.8,no,abarrotes,no
TX002171,644,555,12,1,3,24.4,no,servicios,no
TX002172,1715,2555,10,14,7,73.5,no,servicios,no
TX002173,394,301,13,17,3,23.1,si,abarrotes,no
TX002174,1410,531,23,3,7,3.4,no,servicios,no
TX002175,2217,1551,6,0,6,44.1,no,entretenimiento,no
TX002176,230,195,15,1,1,140.7,no,viajes,no
TX002177,797,1071,10,4,3,38,no,entretenimiento,no
TX002178,319,429,18,6,4,43,no,electronica,no
TX002179,385,670,23,12,6,71.6,no,abarrotes,no
TX002180,941,742,18,12,3,4.5,no,servicios,no
TX002181,466,808,2,4,3,3.6,no,viajes,no
TX002182,654,782,4,5,0,44,no,electronica,no
TX002183,1662,1331,21,8,3,18.1,no,entretenimiento,no
TX002184,249,237,19,15,3,7.6,no,abarrotes,no
TX002185,2336,1927,2,27,1,32.7,no,viajes,no
TX002186,226,740,15,1,2,62.8,no,servicios,no
TX002187,1701,875,22,8,2,NA,no,servicios,no
TX002188,725,730,1,3,2,16.6,no,servicios,no
TX002189,3216,1414,6,11,1,61.6,si,abarrotes,no
TX002190,631,1934,23,13,3,43.2,no,entretenimiento,no
TX002191,1227,1305,5,12,2,88.2,no,electronica,no
TX002192,487,297,13,14,3,23.2,no,abarrotes,no
TX002193,402,480,9,12,4,5.9,no,servicios,no
TX002194,427,681,3,9,1,20.4,no,entretenimiento,no
TX002195,167,225,18,10,4,106.8,no,abarrotes,no
TX002196,544,778,20,34,4,56,no,servicios,no
TX002197,404,818,23,4,4,23.7,no,electronica,no
TX002198,896,1616,4,11,2,41.1,no,viajes,no
TX002199,571,648,10,2,3,9,no,abarrotes,no
TX002200,141,177,5,2,1,12.9,no,entretenimiento,no
TX002201,211,221,14,4,2,42,no,entretenimiento,no
TX002202,1654,944,20,5,3,56.8,no,viajes,no
TX002203,1343,934,13,9,1,12.6,no,electronica,no
TX002204,276,211,3,0,2,7,no,electronica,no
TX002205,93,102,17,8,5,106.4,no,abarrotes,no
TX002206,3437,2435,7,1,3,33.7,no,servicios,no
TX002207,340,337,12,6,2,29.5,no,servicios,no
TX002208,760,493,12,1,1,31.8,no,viajes,no
TX002209,195,495,11,5,5,2.3,no,servicios,no
TX002210,252,274,6,18,4,105.6,no,viajes,no
TX002211,2284,1650,7,1,2,60.8,no,servicios,no
TX002212,437,303,12,1,1,21,no,entretenimiento,no
TX002213,2044,2515,12,8,4,36,no,viajes,no
TX002214,414,1074,23,8,2,50.4,no,abarrotes,no
TX002215,737,363,8,1,1,25,no,entretenimiento,no
TX002216,606,442,12,3,2,22.2,no,entretenimiento,no
TX002217,1382,721,1,1,5,27.9,no,servicios,si
TX002218,372,253,8,15,1,66.4,no,abarrotes,no
TX002219,1070,1553,1,8,4,NA,no,entretenimiento,no
TX002220,314,387,2,15,1,47.1,no,servicios,no
TX002221,177,331,12,5,1,18.2,no,electronica,no
TX002222,1959,1438,4,4,7,22.4,no,viajes,no
TX002223,690,630,16,19,1,18.7,no,entretenimiento,no
TX002224,410,638,20,0,6,27.5,no,viajes,no
TX002225,163,179,10,3,3,16,no,abarrotes,si
TX002226,477,818,2,18,3,9.7,no,electronica,no
TX002227,3306,1239,1,4,3,64.2,si,restaurantes,si
TX002228,1184,792,2,4,4,56.5,no,entretenimiento,no
TX002229,742,268,2,7,2,48.3,no,entretenimiento,si
TX002230,1817,931,0,20,1,48.1,no,electronica,no
TX002231,264,336,3,6,1,17.2,no,restaurantes,no
TX002232,771,902,13,9,1,6.4,no,restaurantes,no
TX002233,1252,439,23,7,4,136.9,no,viajes,no
TX002234,431,666,3,5,4,94.1,no,electronica,no
TX002235,816,601,12,0,4,21.8,no,viajes,no
TX002236,670,373,4,43,3,75.6,no,servicios,no
TX002237,143,438,15,40,3,32.7,no,entretenimiento,no
TX002238,1081,1442,22,5,6,62.7,no,servicios,no
TX002239,643,613,21,2,3,6,no,entretenimiento,no
TX002240,423,411,13,5,4,18.6,no,abarrotes,no
TX002241,2066,1889,8,7,2,NA,no,viajes,no
TX002242,294,423,4,10,3,114,no,electronica,no
TX002243,507,538,21,3,2,122.3,no,abarrotes,no
TX002244,815,451,5,5,1,27.7,no,abarrotes,no
TX002245,257,182,20,9,2,20.4,no,electronica,no
TX002246,533,882,20,15,2,69.7,no,electronica,no
TX002247,82,302,7,11,3,28.1,si,entretenimiento,no
TX002248,3526,3656,22,10,1,34.5,no,viajes,no
TX002249,2323,1975,5,3,3,169.1,no,entretenimiento,no
TX002250,2407,1600,11,10,4,24.5,no,abarrotes,no
TX002251,1007,480,12,9,1,32.5,no,entretenimiento,no
TX002252,135,92,3,5,4,51.2,si,viajes,si
TX002253,678,1237,3,1,3,16.6,no,restaurantes,no
TX002254,866,695,11,20,1,7.4,no,viajes,no
TX002255,762,551,4,1,2,6.9,no,servicios,no
TX002256,616,977,0,19,4,232.5,no,servicios,no
TX002257,292,130,19,13,4,53.9,no,abarrotes,no
TX002258,559,618,7,1,2,53.2,no,servicios,no
TX002259,1593,1351,1,0,5,NA,no,entretenimiento,no
TX002260,1039,1018,13,2,6,NA,no,restaurantes,no
TX002261,1465,1415,20,10,2,30.8,no,restaurantes,no
TX002262,558,835,10,12,3,39.8,si,electronica,no
TX002263,492,567,19,8,2,32.3,no,electronica,no
TX002264,1461,2230,23,9,7,22,no,abarrotes,no
TX002265,1605,1209,10,18,4,18.5,no,restaurantes,no
TX002266,148,478,15,5,1,47.1,no,abarrotes,no
TX002267,509,532,17,4,4,31.2,no,entretenimiento,no
TX002268,506,903,3,18,5,36.7,no,servicios,no
TX002269,581,685,4,8,3,59.1,no,abarrotes,no
TX002270,1487,1355,15,4,4,29.7,no,electronica,no
TX002271,1176,1016,18,10,2,37.8,si,entretenimiento,no
TX002272,1797,3183,0,1,8,11.1,no,abarrotes,no
TX002273,591,716,15,15,2,13.6,no,abarrotes,no
TX002274,157,181,14,4,6,49.7,no,abarrotes,no
TX002275,932,1061,18,16,2,12.1,no,servicios,no
TX002276,2311,2526,8,4,4,19.8,no,servicios,no
TX002277,558,440,14,2,4,28,no,restaurantes,no
TX002278,819,1087,10,0,2,145.4,no,entretenimiento,no
TX002279,342,578,1,13,1,64.8,no,abarrotes,no
TX002280,899,1462,1,25,2,19.2,no,abarrotes,no
TX002281,958,1131,12,7,2,12.5,no,servicios,no
TX002282,1007,688,6,7,1,57.7,no,abarrotes,no
TX002283,461,687,1,7,2,102.9,no,servicios,no
TX002284,375,964,15,16,0,65.4,no,electronica,no
TX002285,1351,772,4,3,4,41.9,no,restaurantes,no
TX002286,1168,917,19,3,3,73.5,no,entretenimiento,no
TX002287,266,172,18,3,3,28,no,servicios,no
TX002288,1958,971,4,9,7,12.1,si,abarrotes,no
TX002289,361,499,18,12,4,64.3,no,electronica,no
TX002290,914,1088,20,5,4,26.1,no,entretenimiento,no
TX002291,111,156,16,5,4,46.1,no,abarrotes,no
TX002292,235,326,18,10,5,22.3,no,abarrotes,no
TX002293,6230,2452,1,8,2,66.5,si,viajes,no
TX002294,242,480,23,2,7,53.7,no,restaurantes,no
TX002295,873,760,5,0,2,11.8,no,electronica,no
TX002296,370,917,10,1,7,56.8,no,servicios,no
TX002297,529,616,16,16,4,12.9,no,electronica,no
TX002298,226,287,6,10,2,59.7,no,viajes,no
TX002299,373,590,2,15,4,13.4,no,viajes,no
TX002300,878,976,21,13,0,54,no,servicios,no
TX002301,508,383,22,8,1,18.4,no,servicios,no
TX002302,3414,2195,0,5,3,101.5,no,entretenimiento,no
TX002303,380,714,7,2,1,19.5,no,restaurantes,no
TX002304,525,346,20,0,0,27.9,no,abarrotes,no
TX002305,411,203,3,12,2,17.7,no,abarrotes,no
TX002306,1295,571,19,2,3,30.5,si,restaurantes,no
TX002307,728,844,16,7,5,20.8,no,entretenimiento,no
TX002308,698,510,0,4,4,NA,no,servicios,no
TX002309,1699,2221,8,3,2,NA,no,viajes,no
TX002310,2670,1473,18,14,3,6.4,si,servicios,no
TX002311,1246,656,13,7,2,16.5,no,viajes,no
TX002312,790,1184,18,13,4,14,no,entretenimiento,no
TX002313,646,533,14,7,3,14.7,no,abarrotes,no
TX002314,703,711,13,20,1,58.8,no,electronica,no
TX002315,1117,730,7,11,2,67.9,no,abarrotes,no
TX002316,1179,888,22,2,1,49.7,no,entretenimiento,no
TX002317,2814,1885,23,8,1,66.6,no,electronica,no
TX002318,3022,1397,7,5,4,44.3,no,electronica,no
TX002319,241,250,13,2,3,25.9,no,entretenimiento,no
TX002320,124,247,1,26,7,65.5,no,entretenimiento,no
TX002321,285,498,13,26,1,28.5,no,servicios,no
TX002322,960,648,15,3,1,163.3,no,electronica,no
TX002323,612,1036,6,15,3,64.1,no,abarrotes,no
TX002324,920,614,10,21,2,26.9,no,electronica,no
TX002325,589,299,2,4,2,61.3,no,entretenimiento,no
TX002326,882,547,10,4,4,36.9,no,abarrotes,no
TX002327,1036,1178,9,9,3,43.3,no,restaurantes,no
TX002328,270,500,12,1,5,42.4,no,abarrotes,no
TX002329,961,889,10,24,5,8.5,no,entretenimiento,no
TX002330,923,848,9,15,3,27,no,abarrotes,no
TX002331,1507,1113,13,3,3,69.8,no,servicios,no
TX002332,253,317,1,13,2,32.2,no,entretenimiento,no
TX002333,1206,929,3,8,2,37.1,no,viajes,no
TX002334,387,523,9,2,3,NA,no,abarrotes,no
TX002335,880,1652,15,6,3,40.1,no,abarrotes,no
TX002336,239,158,17,7,1,6.4,si,servicios,no
TX002337,200,403,9,7,4,27.1,no,electronica,no
TX002338,799,1097,12,9,3,5.1,no,viajes,no
TX002339,177,273,10,1,2,10.1,no,servicios,no
TX002340,994,756,9,4,2,2.8,si,entretenimiento,no
TX002341,941,625,6,2,2,52.4,no,viajes,no
TX002342,985,570,19,9,2,31.5,si,abarrotes,no
TX002343,1073,1084,3,5,3,29.3,no,viajes,no
TX002344,547,659,19,2,0,35.8,no,electronica,no
TX002345,906,1421,0,8,1,40.9,si,viajes,no
TX002346,649,1236,18,2,1,100.5,no,viajes,no
TX002347,876,694,0,1,4,29,no,entretenimiento,no
TX002348,160,357,18,1,0,4.9,no,electronica,no
TX002349,1340,1442,3,22,2,26,no,electronica,no
TX002350,635,498,6,11,4,8.9,no,viajes,no
TX002351,4411,2036,5,23,4,122.2,no,viajes,si
TX002352,2252,1060,5,12,1,23.8,no,viajes,no
TX002353,6533,3534,18,11,2,27.6,si,restaurantes,no
TX002354,643,857,7,30,2,71,no,electronica,no
TX002355,87,189,7,17,2,47.6,no,viajes,no
TX002356,893,1182,9,14,3,14.8,no,abarrotes,no
TX002357,1557,1679,18,10,1,55.3,no,entretenimiento,no
TX002358,1326,536,0,18,4,21.4,no,entretenimiento,no
TX002359,1715,774,2,15,3,34.8,no,viajes,no
TX002360,487,443,6,13,6,7.2,no,restaurantes,no
TX002361,492,501,0,13,4,16.1,no,viajes,no
TX002362,860,1351,22,23,2,34.2,no,electronica,no
TX002363,680,519,0,10,2,14.4,no,servicios,no
TX002364,818,473,6,20,3,81.1,no,viajes,no
TX002365,1375,2580,17,5,5,52.8,no,entretenimiento,si
TX002366,175,150,16,4,4,8.7,no,entretenimiento,no
TX002367,1030,1071,0,14,1,59.6,no,restaurantes,no
TX002368,674,1046,19,3,1,4,no,entretenimiento,no
TX002369,332,422,19,22,0,93.2,no,restaurantes,no
TX002370,246,281,10,9,1,68.2,no,restaurantes,no
TX002371,298,254,12,15,3,82.9,no,entretenimiento,no
TX002372,4870,3198,8,2,5,16.9,no,restaurantes,no
TX002373,247,268,4,10,6,27.4,no,entretenimiento,no
TX002374,677,1021,18,4,3,34.4,no,restaurantes,no
TX002375,469,567,8,16,6,22,no,entretenimiento,no
TX002376,1271,1616,20,4,7,126.2,no,viajes,no
TX002377,686,1135,12,2,4,116.9,no,viajes,no
TX002378,1621,834,14,4,8,33.5,no,servicios,si
TX002379,656,1541,12,10,1,57.9,no,servicios,no
TX002380,482,821,22,22,3,14,no,electronica,no
TX002381,735,932,13,15,2,28.3,no,servicios,no
TX002382,1080,864,16,6,2,81.1,si,servicios,no
TX002383,7253,2570,0,17,5,111.3,no,entretenimiento,no
TX002384,411,389,4,4,4,20.1,no,restaurantes,no
TX002385,631,564,22,9,3,80.7,no,abarrotes,no
TX002386,566,931,20,1,2,38.4,no,electronica,no
TX002387,180,165,5,27,4,24.9,no,entretenimiento,no
TX002388,636,337,15,34,2,53.4,si,servicios,no
TX002389,209,521,15,6,3,13,no,restaurantes,no
TX002390,1896,2717,13,2,4,23.7,no,restaurantes,no
TX002391,519,617,17,13,4,18.9,no,servicios,no
TX002392,430,695,23,9,1,16.7,no,entretenimiento,no
TX002393,884,484,4,9,1,46.5,no,restaurantes,no
TX002394,886,1163,22,11,4,18.9,no,servicios,no
TX002395,130,259,18,0,2,58.2,no,electronica,no
TX002396,949,794,16,15,5,44.4,no,viajes,no
TX002397,269,451,18,1,2,84.4,no,entretenimiento,no
TX002398,383,470,3,7,4,35.5,no,entretenimiento,no
TX002399,566,500,12,1,2,34,no,restaurantes,no
TX002400,181,341,17,12,1,15.8,no,servicios,no
TX002401,442,668,6,14,4,121.4,no,restaurantes,no
TX002402,391,444,4,20,2,85.2,no,abarrotes,no
TX002403,319,315,16,11,0,67.2,no,viajes,no
TX002404,800,713,0,4,5,56,no,abarrotes,no
TX002405,449,477,5,12,5,14.1,no,viajes,no
TX002406,1642,1566,23,5,1,36.5,no,restaurantes,no
TX002407,1461,1064,1,8,3,NA,no,restaurantes,no
TX002408,490,298,11,16,2,82.2,no,entretenimiento,no
TX002409,1065,924,9,12,3,2.6,no,restaurantes,no
TX002410,575,482,23,14,0,NA,no,entretenimiento,no
TX002411,231,581,23,21,2,107.3,no,servicios,no
TX002412,808,884,0,9,4,24,no,viajes,no
TX002413,1164,612,20,16,2,14.8,no,entretenimiento,no
TX002414,1056,1105,20,13,5,7.9,no,entretenimiento,no
TX002415,1126,1615,21,7,2,40.2,no,electronica,no
TX002416,815,486,3,6,3,2,no,servicios,no
TX002417,5214,3777,22,19,2,11.6,no,abarrotes,no
TX002418,188,599,7,4,4,54.5,si,abarrotes,no
TX002419,90,80,1,16,3,14.5,no,restaurantes,no
TX002420,1577,1149,1,8,2,116.9,no,abarrotes,no
TX002421,150,637,1,9,4,48.8,no,abarrotes,no
TX002422,102,323,19,9,4,20.6,si,entretenimiento,no
TX002423,1020,1144,18,8,3,35.8,no,electronica,no
TX002424,583,441,17,18,2,111.4,si,electronica,no
TX002425,440,215,5,8,3,17.2,no,entretenimiento,no
TX002426,2284,1495,17,8,3,56.2,no,servicios,no
TX002427,431,497,11,7,1,29.7,no,viajes,no
TX002428,384,341,5,25,4,151.7,no,electronica,si
TX002429,306,282,16,7,2,1.6,no,electronica,no
TX002430,309,403,23,17,5,12,no,viajes,no
TX002431,3099,1326,12,2,3,121.4,no,restaurantes,no
TX002432,315,187,23,12,6,33.2,no,restaurantes,no
TX002433,660,670,0,8,0,11.8,no,entretenimiento,no
TX002434,895,722,3,1,5,30.4,no,servicios,no
TX002435,195,107,1,12,3,24.9,no,entretenimiento,no
TX002436,1279,1158,7,29,6,12.3,no,restaurantes,no
TX002437,297,217,7,1,2,20.9,no,restaurantes,no
TX002438,733,1046,12,4,4,56.7,no,viajes,no
TX002439,595,629,17,3,6,41.7,no,restaurantes,si
TX002440,304,151,22,25,4,10.4,si,servicios,no
TX002441,886,524,1,22,8,24.2,no,entretenimiento,no
TX002442,2056,1261,7,8,2,45.9,no,viajes,no
TX002443,3584,1350,6,6,2,15.2,no,viajes,no
TX002444,893,324,9,6,4,111.7,no,electronica,no
TX002445,2907,1470,17,1,5,35.6,no,electronica,no
TX002446,455,883,17,6,3,23.6,no,abarrotes,no
TX002447,138,270,17,5,3,4,no,abarrotes,no
TX002448,315,364,14,5,3,10.6,no,electronica,no
TX002449,278,259,21,6,4,NA,no,servicios,no
TX002450,967,1147,3,19,2,27.3,no,electronica,no
TX002451,968,494,22,1,1,29.2,no,viajes,no
TX002452,1043,1080,4,17,3,52.5,no,restaurantes,no
TX002453,682,919,22,1,4,13.3,no,abarrotes,no
TX002454,201,510,8,5,5,19.8,no,entretenimiento,no
TX002455,333,364,0,9,1,40.2,no,servicios,no
TX002456,1125,1283,13,19,1,6.3,no,viajes,no
TX002457,554,287,4,16,2,111.2,no,restaurantes,no
TX002458,335,479,23,12,3,86.2,no,viajes,no
TX002459,1849,628,10,24,3,40.5,no,abarrotes,no
TX002460,568,424,0,12,0,63.1,no,viajes,no
TX002461,1950,1920,12,11,3,21.3,no,servicios,no
TX002462,1185,1347,18,6,4,33.2,no,servicios,no
TX002463,2232,1099,5,3,3,26.7,no,entretenimiento,si
TX002464,286,336,14,11,4,27.6,no,viajes,no
TX002465,1501,1854,4,2,1,42.6,no,abarrotes,no
TX002466,201,140,5,21,3,41.4,no,servicios,no
TX002467,364,524,13,7,2,4.1,no,entretenimiento,no
TX002468,1006,1083,6,2,2,74.8,no,servicios,no
TX002469,687,368,3,1,4,198.5,si,viajes,si
TX002470,1221,968,4,9,3,39.8,no,servicios,si
TX002471,460,795,15,5,2,22.3,no,abarrotes,no
TX002472,207,379,23,5,2,100.2,no,abarrotes,no
TX002473,1782,1672,22,6,1,7.4,si,servicios,no
TX002474,921,654,5,1,3,69.1,no,entretenimiento,no
TX002475,273,365,7,14,2,170.8,no,viajes,no
TX002476,390,744,3,13,3,35.6,no,entretenimiento,no
TX002477,260,142,11,12,4,77,no,servicios,no
TX002478,743,1283,4,6,1,21.6,si,electronica,no
TX002479,2899,2721,20,13,2,4.7,no,restaurantes,no
TX002480,107,185,15,7,4,NA,no,servicios,no
TX002481,672,1024,0,4,6,34.9,no,viajes,no
TX002482,410,418,3,2,3,57.7,no,electronica,no
TX002483,352,698,10,5,5,51.1,no,viajes,si
TX002484,852,505,15,2,3,24.2,no,entretenimiento,no
TX002485,723,745,20,1,2,13.9,no,servicios,no
TX002486,932,570,19,7,3,43.2,no,restaurantes,no
TX002487,403,277,18,6,6,28.6,no,servicios,no
TX002488,854,838,20,16,3,30.4,no,entretenimiento,no
TX002489,131,116,7,10,2,31.2,si,restaurantes,no
TX002490,5196,3057,1,4,1,51.3,no,abarrotes,no
TX002491,467,375,11,22,0,34.2,no,restaurantes,no
TX002492,285,964,16,13,2,34.9,no,restaurantes,no
TX002493,147,236,6,3,7,47,si,entretenimiento,no
TX002494,535,932,19,2,2,2.6,no,entretenimiento,no
TX002495,592,916,9,3,1,44.7,no,viajes,no
TX002496,351,359,13,12,4,7.3,no,restaurantes,no
TX002497,305,267,9,3,5,269.1,no,restaurantes,no
TX002498,261,448,9,3,2,50.2,no,entretenimiento,no
TX002499,861,581,19,11,4,42.1,no,electronica,no
TX002500,400,211,10,5,2,42.5,no,viajes,no
TX002501,201,372,21,11,3,61.6,no,viajes,no
TX002502,193,150,2,5,4,76.4,no,entretenimiento,no
TX002503,380,350,12,15,1,74.2,no,restaurantes,no
TX002504,223,550,9,16,3,39.6,no,abarrotes,no
TX002505,1247,1265,3,6,2,25.1,no,abarrotes,no
TX002506,283,240,5,2,4,43.1,no,entretenimiento,no
TX002507,272,327,3,4,3,6.5,no,electronica,no
TX002508,614,751,16,13,2,16.5,no,viajes,no
TX002509,929,1013,6,6,6,5,no,entretenimiento,no
TX002510,930,925,22,8,1,32.8,no,servicios,no
TX002511,3610,2047,8,46,3,13.2,no,viajes,no
TX002512,3391,1869,8,4,0,25.3,no,servicios,no
TX002513,1590,374,17,14,1,37.7,no,electronica,no
TX002514,97,179,13,8,2,4.7,no,abarrotes,no
TX002515,340,190,4,6,3,54.1,no,viajes,no
TX002516,741,614,1,15,2,60.3,no,entretenimiento,no
TX002517,5523,3942,22,9,4,76.5,no,servicios,no
TX002518,4118,1026,1,15,2,35.6,no,entretenimiento,no
TX002519,248,397,10,12,2,41,no,restaurantes,no
TX002520,240,395,17,3,3,87,no,abarrotes,no
TX002521,693,493,15,2,2,19.2,no,electronica,no
TX002522,387,457,6,2,5,33.4,no,abarrotes,no
TX002523,1088,1144,23,22,2,9.2,no,entretenimiento,no
TX002524,3490,1424,22,0,3,31.8,no,electronica,no
TX002525,890,623,20,7,3,54.5,no,abarrotes,no
TX002526,953,812,1,24,2,42.7,no,entretenimiento,no
TX002527,1728,1546,22,1,4,31.4,no,abarrotes,no
TX002528,2489,1954,9,10,1,53.6,no,viajes,no
TX002529,622,780,18,6,3,12.7,no,entretenimiento,no
TX002530,366,283,20,6,4,91.2,no,servicios,si
TX002531,3447,2164,11,6,2,84.5,no,viajes,no
TX002532,462,500,14,1,2,93.9,no,entretenimiento,no
TX002533,465,259,12,4,3,21.5,si,restaurantes,no
TX002534,442,473,6,4,2,35.9,no,entretenimiento,no
TX002535,834,434,22,9,3,4.9,no,servicios,no
TX002536,442,319,23,2,10,30.5,no,abarrotes,no
TX002537,556,903,21,14,0,19.2,no,electronica,no
TX002538,634,480,21,6,2,19.7,no,abarrotes,no
TX002539,277,1057,11,3,5,30.2,no,abarrotes,no
TX002540,1009,1914,2,4,2,48.9,no,entretenimiento,no
TX002541,281,277,2,8,3,18,no,servicios,no
TX002542,89,250,19,5,1,26.3,no,electronica,no
TX002543,747,771,9,6,3,50.9,no,servicios,no
TX002544,1305,707,16,1,2,21.9,no,restaurantes,no
TX002545,3999,2011,21,11,1,37.1,si,restaurantes,no
TX002546,1619,1707,4,12,4,NA,no,entretenimiento,no
TX002547,1414,869,16,26,2,42.9,no,abarrotes,no
TX002548,173,303,7,16,3,83.2,no,viajes,no
TX002549,736,1078,13,11,3,NA,no,entretenimiento,no
TX002550,1676,1080,12,6,5,4.4,no,abarrotes,no
TX002551,706,1031,17,0,3,NA,no,entretenimiento,no
TX002552,723,455,20,9,4,48.1,no,electronica,no
TX002553,836,340,20,12,6,5.6,no,servicios,no
TX002554,1410,457,14,7,1,63.8,no,abarrotes,no
TX002555,270,581,16,1,4,33.1,no,restaurantes,no
TX002556,362,364,11,15,3,73,no,electronica,no
TX002557,990,707,14,8,4,39.3,no,servicios,no
TX002558,618,656,15,5,1,36.8,no,servicios,no
TX002559,187,505,4,9,5,4.1,no,restaurantes,no
TX002560,257,224,22,12,5,37.6,no,electronica,no
TX002561,548,421,3,7,0,33.8,no,electronica,no
TX002562,1968,1623,14,5,2,36.2,no,abarrotes,no
TX002563,372,242,6,3,4,5.6,no,viajes,no
TX002564,699,491,4,13,3,32.6,no,abarrotes,no
TX002565,311,417,23,0,2,83.8,no,viajes,si
TX002566,113,273,4,4,0,110.4,no,servicios,no
TX002567,1368,663,4,1,1,39.7,no,entretenimiento,no
TX002568,2822,1044,21,23,4,35.7,no,restaurantes,no
TX002569,1285,1231,15,24,4,22.6,no,abarrotes,no
TX002570,3891,2281,7,7,5,29.3,no,entretenimiento,no
TX002571,923,584,5,13,0,NA,no,electronica,no
TX002572,1075,1181,11,37,4,38.1,no,entretenimiento,no
TX002573,1895,3030,0,13,4,40.7,no,restaurantes,no
TX002574,3761,2779,20,3,6,22.2,no,servicios,no
TX002575,1412,1382,22,1,1,72.2,no,entretenimiento,no
TX002576,1044,500,1,11,2,18,no,entretenimiento,no
TX002577,627,1466,20,1,3,29.3,no,abarrotes,no
TX002578,827,1234,22,23,3,85.1,no,entretenimiento,no
TX002579,3044,1407,13,2,3,19.9,no,servicios,no
TX002580,989,1083,3,17,3,9.6,no,abarrotes,no
TX002581,229,270,16,3,1,195.9,no,abarrotes,no
TX002582,536,806,23,12,3,37.7,no,abarrotes,no
TX002583,335,676,6,16,4,36.2,no,electronica,no
TX002584,400,607,3,5,4,71.6,no,restaurantes,no
TX002585,428,654,7,4,2,42.9,no,servicios,no
TX002586,261,537,22,3,4,NA,no,electronica,no
TX002587,187,381,21,11,3,82.9,no,restaurantes,si
TX002588,763,365,18,5,2,36.7,no,restaurantes,no
TX002589,968,982,4,13,1,22,no,servicios,no
TX002590,449,708,15,1,3,109.8,no,restaurantes,no
TX002591,628,427,14,5,2,52.1,no,electronica,no
TX002592,272,374,12,4,1,41.2,no,servicios,no
TX002593,4220,2426,23,2,3,6.3,no,abarrotes,no
TX002594,485,465,16,6,2,6.8,no,viajes,no
TX002595,2158,1401,13,22,2,92.4,no,servicios,si
TX002596,374,472,19,6,4,13.7,no,restaurantes,no
TX002597,1089,1524,11,6,5,61.5,no,electronica,no
TX002598,494,1108,1,6,3,58.6,no,restaurantes,no
TX002599,573,666,9,2,3,38.7,no,viajes,no
TX002600,919,446,8,6,7,10.2,no,entretenimiento,no
