dia,estacion,indice_trafico,viento_kmh,humedad,temperatura_c,velocidad_promedio,no2_ppb,co_ppm,entregas_urbanas,lluvia_mm,inversion_termica,pm25_ug_m3
2024-01-01,invierno,70.28637293677302,12.384458729167116,83.57585106694447,22.191048427266782,30.573980595084247,38.47775121193327,1.0040995752357709,2245.40463754064,2.0952860139798393,1,51.283973502874076
2024-01-02,invierno,64.39458303104851,5.896941860489832,45.137947973021326,27.38995140207103,34.94522689153349,35.79477440455846,0.9001050776962537,2038.7864713878973,3.41053180840554,1,42.85974674345725
2024-01-03,invierno,73.79904092909887,16.404254553047263,42.91316533271565,24.579885827499943,27.803003242077178,38.359105426278305,1.0941563356981936,2290.4531305847704,1.0645180372702925,1,37.47442193937883
2024-01-04,invierno,69.27240321434331,2,65.83003621411503,20.0860474404679,36.02605374849421,34.12989348637373,1.2070546238594884,2127.329003258636,2.2519167891830296,0,51.04378528574638
2024-01-05,invierno,68.92196014422763,7.483716290963186,63.64327746898642,16.174307117673884,30.14429690599888,38.18760070998217,1.0822350627428952,2277.316407667717,5.5830586104457405,1,48.48263312106441
2024-01-06,invierno,53.91830715726339,15.644979571649413,50.27332307357545,23.973579653755497,37.788807682239515,29.127719528705878,0.7317081567071013,1947.0276137897954,3.235419621877975,0,17.861021432261538
2024-01-07,invierno,65.79116879852724,8.1125528029045455,45.28513781945518,23.865826674327625,28.150551058040303,39.271120812573784,1.1227249564883393,2158.477476094919,0.935328838034315,0,48.53607755185313
2024-01-08,invierno,51.33943833896649,9.42994269117699,48.908009536407434,23.18378491903922,35.1107395768019,29.474476297712727,0.6998958335455445,1963.1242133450492,1.906363187816813,0,31.392355377374653
2024-01-09,invierno,64.59710095964488,20.46433960386313,76.55992113490082,17.31213047856936,28.100795364672475,33.40199211424603,0.8644985577260473,1874.5140770182416,3.934386303778445,1,30.04963878162907
2024-01-10,invierno,81.00844824705769,14.782321496648919,59.98607813625824,23.578223520759447,19.88996827500883,42.878064311610494,1.2043674679633947,2186.9756462962996,0.5434313355820671,0,37.36632139599072
2024-01-11,invierno,25.903963190491638,5.3955730097161965,80.41326793988951,25.678239660278336,36.44721734366233,19.246236807771346,0.6364820704549753,1629.5472594844164,0.4844634750179614,0,29.21154095122322
2024-01-12,invierno,61.320327269893006,9.016395439262025,71.03524234209485,17.682416639733972,38.13751628077037,30.582242908375356,0.9554251029580743,2073.0942892549856,3.7133372693395974,0,32.453059911731714
2024-01-13,invierno,65.93379548751446,7.404222971103238,68.00991138166408,27.846298155377742,26.116092112119876,36.23242364386683,1.0018036295841075,2158.039070050679,1.6327304903184936,1,51.45411703431741
2024-01-14,invierno,55.3546757286734,11.372079414127048,76.26791154187619,23.27157610167575,25.805164714712653,30.977330867175592,0.9462210788968638,1971.4179533945178,4.473501111996009,0,41.93691309148036
2024-01-15,invierno,53.46392163625394,5.571250254643419,53.62980542239683,18.44721799295891,32.00664706376331,34.08642148112559,0.8860979172451414,1848.2865114130611,1.072414204691962,1,46.00352840052181
2024-01-16,invierno,91.61996239557126,9.825109386769702,71.14586872543472,19.000775137587528,19.691679972693812,47.12605890741261,1.322197131224872,2569.9435693096484,2.059412931628179,0,41.960124021163615
2024-01-17,invierno,78.60167427263515,16.708600262237137,72.482127816346,20.917777462997822,28.30190595625491,39.84723611233386,1.2163114577557703,2534.4182483634577,9.017165430080835,0,37.65583558754913
2024-01-18,invierno,56.51808858178535,13.659912964524176,53.021069065440244,25.088044444808844,31.654354761955975,34.40804858057998,0.9047045942612755,2023.8665879162234,7.381814368356111,1,36.13352871802836
2024-01-19,invierno,72.42116981689652,13.013461423938987,91.19088053934395,23.21729577990985,28.359487144055397,43.18677037531665,1.1181106388005504,2002.7797623391243,3.0553372903928024,0,40.6067761082835
2024-01-20,invierno,63.67324222304577,8.787167608617583,71.49979198215762,28.61683917796714,29.18877374594685,37.08158269469781,1.0108612928180274,2179.3577465864487,0.8821946101849627,1,43.87150152844653
2024-01-21,invierno,57.689845065743114,9.738151289735331,64.87516297827264,23.687515026483354,31.969488582203414,29.912584830114135,0.7415296471204285,2157.3155334598696,4.128523537293274,0,30.173026992746674
2024-01-22,invierno,76.1701686499192,12.586885665734265,67.07698586350774,14.24408614062018,28.78415535322829,35.15192590528516,1.151732113549389,2272.1184436383755,4.3058285822302205,0,30.513302066577765
2024-01-23,invierno,78.45244613171445,5.512170033644272,64.64754921517671,16.242963814556383,29.249202228600502,34.050603083441615,1.1440115712671086,2414.161809673798,1.217429212785064,1,52.414448615274274
2024-01-24,invierno,57.424806214976876,2,80.7478402611889,29.224282278666486,29.4223757958036,35.629175221465644,0.8332441935041115,2079.749504793514,2.0985442170175803,1,58.66999856343114
2024-01-25,invierno,96.40952450889051,9.6239056674447,56.50819795854263,23.53027377675257,27.905057872985978,45.135347379130174,1.3534076018844552,2410.493176048188,3.8189682236126883,1,41.713882373619256
2024-01-26,invierno,56.907355088068854,9.55920982701535,70.56913663690835,28.139491122418175,36.06709741725332,38.6901970527841,0.8548413440071587,1969.8309505703298,0.7610562918461246,1,52.75390132741539
2024-01-27,invierno,80.18606342179974,14.187699942401307,50.18337773440325,22.93819692694467,24.103416733111043,45.72174154793524,1.1256812470932547,2327.995995430871,3.8162036002500423,0,27.794512385091643
2024-01-28,invierno,69.93302687717882,8.765524803577161,32.898228646739,18.108976858827106,25.620949534084104,34.34813350299551,1.0312579857800153,1987.727512931213,1.3000816460737084,0,33.2569263894458
2024-01-29,invierno,64.91624387039279,7.9494091133233855,45.745608622601516,18.22108092879358,32.34838710947843,35.86758193221031,1.0012125672799683,1844.8397717694902,2.8810570618699747,1,38.27191609883473
2024-01-30,invierno,68.52377365519604,13.019333575628504,79.33953662866482,20.035050202303857,26.063969557681173,46.8662075232741,0.8570110968494609,2054.456907776196,4.156236587169575,0,47.709936279218994
2024-01-31,invierno,86.82368709833781,8.167026024462277,75.98605278259659,15.14394782418237,19.731309627522002,46.664563393274435,1.325851996589462,2285.2622833308164,8.342824408083946,0,42.572711737725356
2024-02-01,invierno,85.12761252300953,17.252466533152667,58.79078454670315,26.030629952036552,19.021133478731432,49.249008469347416,1.2639634182778514,2262.8864236519735,3.7134697983526546,0,40.646917505864856
2024-02-02,invierno,70.16715745126434,6.852768621832291,65.68601236515877,16.704805969966355,29.440058723268624,36.29464676442189,1.085050102711841,2150.121194028558,7.101547268865339,1,45.75990210817726
2024-02-03,invierno,81.31683015794425,14.36136515407749,42.07100653246269,26.74454541000103,27.765935013581853,46.61460012685417,1.1673784473718611,2302.682951978508,0.1824509074717656,0,43.863683869460715
2024-02-04,invierno,69.1453376020893,2.7364460519364098,61.65516336504599,28.754916123911606,26.30851444190906,38.49355518803854,1.077093984445699,2057.7204278247127,5.424864641284302,0,44.244656722966994
2024-02-05,invierno,81.40938612476629,17.019387910544502,63.32448584459662,24.235809550514016,29.971636847323992,55.4428898172218,1.1546375725765516,2321.3554775941884,0.6748627275404463,0,39.81527813672129
2024-02-06,invierno,68.44281334124321,10.465153841749508,51.13608960924462,18.657577451712054,22.712065063866664,33.211881137208835,1.027047605554002,2118.1737319196122,0.5611549589840626,0,38.55479535581326
2024-02-07,invierno,89.21288980126452,2.7299673378660945,64.58206542519002,7.27153995238433,20.258441128498085,43.07063424420029,1.2890877019031977,2350.869400136529,4.25980292561324,0,53.56119409915827
2024-02-08,invierno,48.32410519903741,5.153347827834066,55.46453686234133,20.495830880187526,34.46877117572892,27.59208573065069,0.6568362559242793,1943.6429455827024,5.4881032314333185,0,31.46478026600758
2024-02-09,invierno,86.13189218290677,10.333431530125889,60.025289206842025,23.66853550119106,24.57475441839451,44.28643492967385,1.2997980731151357,2518.375157654413,0.7315616198076568,0,29.326036140442028
2024-02-10,invierno,72.46546393712644,17.982454931203385,52.6279406512432,25.79257096286202,23.223886163265448,38.53668680834128,0.9292447648853449,2048.061550190142,0.8743042901923047,0,41.89519627841338
2024-02-11,invierno,82.96373299379793,8.578321405420148,63.575973423898226,27.554206601155695,25.821468023572713,40.41660791107879,0.9627294026703174,2143.619026097145,0.7233862914160147,0,44.93128224396978
2024-02-12,invierno,91.97012094197567,10.3301485250473,75.53228965544126,27.771580645751467,20.60501697145404,50.92977002365516,1.339298743581537,2501.8741308215563,0.9845811208934749,0,46.367240973511706
2024-02-13,invierno,83.11413455705215,14.497340199935357,69.58860064540102,27.08976524975362,22.387102216264324,47.18722275827607,1.1209521671820175,2228.170963096145,4.088876381848677,0,46.83996967075099
2024-02-14,invierno,95.45520651756304,10.80999048078022,57.105564050571004,22.56052876552419,15.565048170315011,52.915784600924,1.370999032197235,2452.7941134355524,2.715545772558478,1,46.255848647767955
2024-02-15,invierno,78.08344736417017,9.873794017806603,66.12239454555169,27.188482211409397,25.153723961765124,34.66414600770036,1.0287271138864156,2202.9324055356647,2.069632790880334,0,42.96887686412069
2024-02-16,invierno,46.917613218560014,10.695258404598299,55.71907111993878,16.832767884704534,33.982300069396835,25.394353080852163,0.7140233865326332,1965.3115161257438,2.2408094445789666,0,35.48895327675834
2024-02-17,invierno,63.472823290732165,9.593554734266117,39.37514877389563,21.50440727884752,33.85870245053787,36.445189459661194,0.8827501018032019,1908.6241006080909,0.9040425561000205,0,38.24474127605585
2024-02-18,invierno,82.86847882094749,11.717989704921056,37.89792729787814,23.16705049435508,17.658239121809267,40.087292353052256,1.1856187113516339,2444.939406206142,1.7751457309788516,1,44.38537477259102
2024-02-19,invierno,63.57316646367966,12.682518434607498,42.635585905087,23.74254815504203,37.0574258827642,35.59136547541449,1.0094985110049164,2229.391334296772,0.3191665528072778,0,31.068783027003313
2024-02-20,invierno,74.98009148761423,4.4687461451697725,68.22350215876332,19.982450356888883,25.665848820390977,37.79765676825046,1.3486203869054463,2186.6296369117595,3.903595930831528,0,46.1587780757609
2024-02-21,invierno,63.81159179813361,9.623342557833082,78.68934821316248,25.53973460471463,33.77985552610371,42.2845485734766,1.0024283226541943,1969.9996989061326,1.776176772698937,0,44.059747922893116
2024-02-22,invierno,75.66816709547537,7.594154945432881,60.762838507048386,21.988401662512473,27.535149742500437,41.68248524624038,1.2053492771884144,2360.580639145959,6.812433912289203,0,43.326763744073794
2024-02-23,invierno,69.9756406221409,13.02891912361493,52.13195317775349,17.83460467760121,31.1976556132328,33.67609787587997,1.2106168345505994,2263.3728504183896,0.12702307248731634,1,49.115873411884294
2024-02-24,invierno,69.41811041789039,10.624398711094074,74.21556498606522,30.122135532789567,29.725989588324307,40.30040859821245,1.1031261119053597,2074.99860962621,1.9517215122065057,1,51.4267272878699
2024-02-25,invierno,77.45555783149683,5.636145167965692,66.38550132786618,19.046395979159826,24.59964181288767,43.44686272243346,1.1403044403254472,2225.84660453326,0.05810943173314715,1,57.58729715196817
2024-02-26,invierno,87.7533094858355,12.50328806305158,84.60869114832082,19.77534911090375,21.395738516630917,39.76115446641127,1.252707437084431,2398.665823682846,0.8203847455206923,1,45.03206395382823
2024-02-27,invierno,64.80206753942535,2.199362528705306,68.7737456847207,25.076871982281435,25.21278071507173,36.90150069915323,0.9422187490372144,1966.0609538993,0.6125194283857351,0,43.27526737298284
2024-02-28,invierno,55.66502750016363,14.603366391366459,70.35166544282194,20.075250385855465,33.876337774363265,31.507664654040816,0.9952151335714631,1821.9341656567537,8.092132865066885,1,40.24488515862374
2024-02-29,invierno,83.86373932451606,4.58519574926369,76.53586012718084,17.71135059298625,19.806061034518752,52.82831682578436,1.2756808224738414,2322.486072693179,8.877967137522113,0,46.69553771749835
2024-03-01,primavera,53.12968218445961,17.98849219833223,73.42635771729965,31.70547797341401,32.69942942111661,22.809799310277242,0.676482750482774,1926.6790771283806,3.0812700267553086,0,10.699142337058074
2024-03-02,primavera,74.02710707765144,8.544339211175657,48.86664140937872,24.838842249938445,25.107503417252715,37.63612658090122,0.9925076316345979,1819.4391790554437,4.7029505986367965,0,35.26611340927527
2024-03-03,primavera,79.3094249841949,9.239888084683031,78.27683241131587,17.113882096143794,26.23163162225991,60.00042543801672,1.110919434601521,2187.0568970741247,5.352450373698875,0,34.02207728934493
2024-03-04,primavera,72.88010267206225,6.069006407388403,59.913116025518136,18.54050418793646,31.554574296036392,34.92153176787809,0.901681840642891,2082.2727106350244,0.5772558350029454,0,34.919029332444126
2024-03-05,primavera,92.3872927901412,3.7263517410398723,76.84115802918865,22.517510478156247,16.19919013208545,41.335155489608994,1.226861315351917,2412.392510647172,6.244290328977849,0,41.660272019284704
2024-03-06,primavera,68.76575173475295,11.878003614147556,70.14584743795224,22.924448393754165,29.650125128623223,39.24744921890101,1.085775839273977,1997.4125953867556,2.5372839498916675,0,29.01664099631584
2024-03-07,primavera,83.90999315676804,4.871257351806361,58.71748052718189,17.89938447241344,22.950839526100303,36.765648781311,1.160737198242474,2182.635510848967,2.3122989256533906,0,40.04667533962762
2024-03-08,primavera,87.3379512561508,13.871349840450893,66.48964090935262,22.502140261948398,25.019961797900745,53.31027232348215,1.336752495370531,2309.455791342612,10.480960947012,0,30.48572128546183
2024-03-09,primavera,69.56552713004379,2.834504009780469,59.66068272671642,12.685322826548063,24.722534592430854,34.54576669477005,1.030135685074307,2027.5874810729606,2.541313434234928,0,32.0904263214593
2024-03-10,primavera,76.956361810437,8.126310221596095,77.50187680619665,19.43694604436791,21.53509313077826,45.37464204372323,1.198669426434263,2223.1422881512,4.491581315903516,0,44.909921429431286
2024-03-11,primavera,60.68374778494999,13.160139882568881,54.32055815952174,16.56050285796811,32.0383105675839,36.57281429806563,0.7557409433683006,1931.222521087816,4.0703711444518875,1,29.50782248084963
2024-03-12,primavera,84.97939062101571,10.100802339007158,71.67984426735123,18.699245438006315,25.07900410204336,43.81378348635428,1.1906494373868508,2186.59769973912,3.6917762606956406,0,33.29255207729965
2024-03-13,primavera,78.6368052687498,13.44790894231295,32.064056328117225,23.41508536665648,27.907615302022396,40.265251893245114,1.1417066253008594,2063.9277515433346,2.01173953905022,0,32.88597716600665
2024-03-14,primavera,49.91859137207139,11.650138846176908,51.476930497419914,28.8623506450675,30.17051487633004,20.67619188931824,0.8431828414651076,1841.7023378514045,1.4733143630502306,0,23.50951005049637
2024-03-15,primavera,71.50125221872561,10.894640869476175,58.47770230956444,22.81969794318628,21.36187176802516,32.01622818348621,1.0314987695221778,2111.244610621993,0.11256687816114136,0,37.0401495474542
2024-03-16,primavera,76.12599338671804,18.219898460842018,45.1099154041369,23.280185930572586,31.991540835405914,33.539919757204956,1.1352082361133633,2191.45273428466,0.2598163015068303,0,19.985038443113957
2024-03-17,primavera,80.86255590404284,6.7595669622927685,79.23571630392911,17.7523003527665,24.526942264962138,41.00817479124929,1.081480134973002,2364.3594328607005,2.59133068462438,0,41.34682536310118
2024-03-18,primavera,70.52627864576566,10.429732782604148,53.80984928264559,24.734051255305836,28.172828278988554,46.84259803071467,1.106122231040064,1983.8172533534264,0.30834191577260106,0,34.5246329833924
2024-03-19,primavera,56.74692439208033,7.6194406339824345,39.22337122355221,23.939292757123123,32.02848370382355,33.19882902718539,0.834897693349171,2014.2959945222278,1.0523646548010217,0,24.802370700596867
2024-03-20,primavera,68.77731322955808,7.527209079387649,52.73918190989896,25.043827955137772,27.1063862977187,42.47724731301234,1.1518501204101779,2097.0285054103947,2.2111720960694905,0,35.133564937239456
2024-03-21,primavera,91.88914403266263,9.660733721322412,74.97133584509878,14.298190098385081,17.036929931681154,43.76104666257733,1.2691050362239997,2496.090125887314,0.5046031117186827,0,30.669842166352083
2024-03-22,primavera,57.72461539880546,7.087795935139618,38.40155705380631,19.6843877988482,32.24231895715436,29.18527861531529,0.8699852355412523,1877.7494505797486,0.2858564779295246,0,37.45296279711456
2024-03-23,primavera,57.94651635120919,13.84728392073012,54.66328565655131,18.543974713513823,29.048203489012437,35.49707415251602,0.898808767714329,2017.9086399264393,1.606092839993005,0,19.642042155570373
2024-03-24,primavera,65.15515063859378,14.276836004616921,69.11018477108777,12.175495122195825,27.935100000334835,31.392931928985895,0.990782862178176,2070.1571555306664,1.139939107058876,0,24.84557851674355
2024-03-25,primavera,41.41593573673315,12.54548659027457,44.384846638486216,20.82975255501217,41.558867585809615,19.054875332305627,0.5962169449390543,1915.9439690614272,0.5170249319945671,0,15.064265209390658
2024-03-26,primavera,54.60575516991166,3.0835923712085576,65.58250606033525,17.08284058166983,32.94735667418382,29.599570048840608,0.8961550502637438,1979.0442754066057,2.642650460010388,0,37.76860995598389
2024-03-27,primavera,49.264967173888316,8.963480974095438,65.62038518489756,16.670336709841344,29.539485705866902,25.136941257368836,0.9949116912900102,1828.4355372869124,2.06390956374235,0,24.309731528935707
2024-03-28,primavera,83.52652873358535,12.371531022206561,66.52946711052653,18.992682007495745,21.6948135526397,36.03218528835518,1.1260986454130446,2409.84314233605,0.7190157314832996,0,36.79917984827538
2024-03-29,primavera,81.75350535452111,10.074159986073992,79.11532244758415,21.355484324969293,23.84087058242693,48.21252741449332,1.2132144360495134,2432.4488558021767,3.678167878261746,0,35.38751727023934
2024-03-30,primavera,56.48708150175541,16.4392870044549,56.778049995357065,14.865230407350303,38.6956211450856,30.149867493156837,0.9233754182234193,2051.969283688485,0.7911343582891699,1,38.77608702163995
2024-03-31,primavera,75.86688007005881,9.162993740065867,56.6304916035599,23.635962204071284,27.892535309313548,45.00703645683184,0.9660025055374016,2270.567481694745,6.114938001525963,0,38.37400941712463
2024-04-01,primavera,65.67801541628616,10.237434560313877,52.549312453590815,20.46194713913591,29.93235417893933,39.96029649790262,0.9352691250236138,2001.1173307461238,13.376851624662434,0,26.903161942768282
2024-04-02,primavera,70.87164292334893,11.857889941747237,79.45807036024263,29.047007664174224,28.319554026835863,40.67870198775155,1.0687643412851615,2116.04931384362,0.26859896328440797,0,34.18681352879222
2024-04-03,primavera,88.25644562257611,12.629294192106546,52.804110402333215,21.738820946569295,22.969884319626118,46.9998935469643,1.2528300604796114,2222.3319886619306,2.8948452179836117,0,32.834648646181066
2024-04-04,primavera,46.29300838059203,12.441545420435741,72.14010678727757,11.25030111818458,32.54919933546661,20.683690748798053,0.8421331040048479,1802.2856158093057,2.194437063391905,0,19.953216570025816
2024-04-05,primavera,66.48101948372863,8.73716917632121,65.39985889996942,21.847128589335828,28.258601447581125,33.59739013208106,1.0204109796182022,2182.884023183813,1.682296125345721,0,38.481054356287316
2024-04-06,primavera,74.10622648482321,16.508505460323967,63.58373589803611,18.833602695395804,29.85503168316933,34.99625716172419,1.0854053032664008,2151.903773439485,0.16987083848233658,0,27.507463117207283
2024-04-07,primavera,46.1519012688054,12.548614537876178,91.26121620878251,12.005486037396729,32.70610518929617,27.53837477443401,0.8225036778865281,1729.0306766009717,2.3546538033145956,0,27.638732022466005
2024-04-08,primavera,70.91209156198568,12.283699085791753,67.9287562271306,25.469048763743793,21.62140998136751,31.284280007718234,1.040347383148949,2244.8872744753085,2.0723097467629135,0,25.803086761890757
2024-04-09,primavera,80.91140982588506,6.819328915629517,55.5377870813263,18.932778333848287,30.708542538450203,37.09904155621228,1.0951884332871697,2314.2240468260625,3.0309741691671905,0,36.84658531972601
2024-04-10,primavera,67.80431219764901,6.977238149787589,38.69292124436227,12.933906960781368,29.029756714997294,40.889087186289075,0.8534780967084187,2156.7838834163526,0.5568963511413274,0,21.409185014240368
2024-04-11,primavera,70.82876385231548,8.198666126813478,60.140660701247285,22.714435447271995,31.029823715833867,39.121565242482774,0.986035863374055,2120.3828861295096,1.6353288459508373,0,32.07287649009612
2024-04-12,primavera,70.36070338630272,8.229713121344085,90.92854694827358,23.48869680190914,26.96564797796801,30.67125470916582,1.1617445259232642,2307.052750941395,1.8908384108869492,0,29.0643231463908
2024-04-13,primavera,72.8094065159969,14.31077244961645,37.93016338533086,18.83719847021517,31.72001699192503,42.36442652685286,1.1431655730023063,2105.296275316758,8.91094341017564,0,25.41656377178557
2024-04-14,primavera,77.4277075882053,14.367601269799195,80.49639056857447,26.17883406751197,27.97346541974381,39.454760005499956,0.982825335866987,2350.7860001327267,0.34923799836431046,0,39.77903367747224
2024-04-15,primavera,68.20774263736304,13.975762057089483,71.70562524433986,19.092577624036185,33.30679152475346,45.36559706867611,1.067959707347827,2019.619354075286,7.099164693345852,1,37.805561211753556
2024-04-16,primavera,46.403482146974504,10.465060583821368,46.9062047982243,18.933047527874766,38.788082029091505,32.28045294128422,0.7192862020798375,1845.780672947019,0.07230426974614512,0,21.665741322728728
2024-04-17,primavera,88.02439054365338,8.004039001692535,67.35625789387424,23.349224022119756,25.51645291560171,41.5258695935724,1.238725852213538,2461.545316950423,4.064531067323268,0,44.025494503158875
2024-04-18,primavera,60.72050196201849,4.577829698793166,95,23.688554517045862,22.485571548180882,38.883882257275005,0.8674588688170602,1998.527233081412,1.6805218935690815,0,42.922224406777595
2024-04-19,primavera,64.00877068257316,5.6896798939647315,67.53101042987836,32.609427361706864,27.88490966076036,29.859157488867275,0.8438954746561165,2219.9176198031964,1.9936964354083317,0,40.40955233599101
2024-04-20,primavera,64.52306506640825,16.938413473966268,90.12546304782053,17.954287628381763,24.23238566640339,34.984194981122705,1.0072317991514423,1837.9989737601773,5.891459171262057,0,21.27547775493033
2024-04-21,primavera,72.67722080147112,7.601649410090658,43.76176285489059,22.040825283780205,23.578301183696357,35.30758673237313,1.015528167997335,2010.9496072231082,0.4110658169014996,0,26.46809951998218
2024-04-22,primavera,68.6078580054145,7.056571372994815,59.383883516261236,23.607572178772926,27.179847551090567,35.29580671043721,1.0523796784241783,2131.8553201739005,4.597754804068709,0,43.20448465706498
2024-04-23,primavera,74.7524474236232,8.569653783313516,58.033258421775066,14.84766657385471,26.768294905843184,40.66821185596961,1.0858955713235234,2123.187398394457,2.4893466936957696,0,34.65714222418013
2024-04-24,primavera,64.36953875057401,7.0178441337237745,75.2602540759457,11.417804788867276,29.174495248986435,38.68218284820916,1.041082072146995,1836.5989286959668,4.216879251786435,0,38.42544831989825
2024-04-25,primavera,70.68119972642033,7.595421288306943,56.472614150532536,18.448105569273523,33.423563496446384,27.22339356669211,0.9140434198690742,2136.874588113634,4.515123514310004,0,22.047976195708443
2024-04-26,primavera,73.28976688652227,18.000958963163445,80.04055705044948,32.87828040412099,27.959188673217717,43.21185047312784,1.2344766944145815,2213.212333127899,7.132433838962216,0,35.82743703469413
2024-04-27,primavera,79.01309847964535,7.962018544169384,54.351347993937374,18.329685468923596,31.281279968733635,47.1919709298689,1.1248485430460913,2132.4047637787203,8.84503767295814,0,31.870766719150478
2024-04-28,primavera,63.353397447064346,8.95413543390848,61.194232048547384,21.48932073532761,31.624892846550388,39.708485316407796,0.8242349492485339,2135.971169758558,4.175407422335824,0,24.815131907667002
2024-04-29,primavera,73.41084552547792,10.579925740603512,75.18050531779316,25.930203758169426,26.690124333012395,46.23408485221184,1.0410954044285499,2235.096536286607,0.6380719122841119,0,32.54544218091765
2024-04-30,primavera,75.29798452702681,18.84645460720456,82.09071336051022,21.76599272284319,27.955043576828558,38.56420910283336,1.0902607337417232,2449.2953000350917,2.5198187326996044,0,19.27865299321463
2024-05-01,primavera,69.55622655124503,9.275183922694595,60.761227426322044,25.419804201495086,21.74609885702112,39.67458869294587,1.0295483568179415,2116.1897534593736,4.165488285734609,0,35.870435121458925
2024-05-02,primavera,66.89181265066004,11.926811388875072,41.227017997094556,17.73045411487144,34.05816191750993,38.97212822320059,0.8787355839006766,2060.3568985785164,0.15238198494519226,0,31.11764943737674
2024-05-03,primavera,82.82627247226422,12.220148953415716,51.08380309840645,23.71367975116756,24.7183658948089,37.940500324388495,1.1416134690178241,2228.197299613651,1.1457889183460817,0,33.33470440999927
2024-05-04,primavera,73.40397433611291,9.658407079720869,67.24379519324923,14.825941176744816,31.26454471195627,28.90117341346321,0.9931868415404551,2148.687023580061,10.014001031916912,0,24.835066916742207
2024-05-05,primavera,37.2242619202345,2.076268976364757,55.30864847366544,25.325869670450274,39.376151706041355,24.630953231460403,0.5601222094354542,1811.2608864542938,4.301444076350349,0,36.29526678576953
2024-05-06,primavera,67.98552545797328,16.424425785626575,85.83397798252398,16.514689814626465,29.28186572705968,22.95938906837084,1.0183770144560642,2068.636960690008,2.5970073025495797,0,20.369564608768805
2024-05-07,primavera,64.78181400362082,10.17565033228231,85.62352593147597,23.817471978629705,29.658718557647003,31.2824409087564,0.92597257285213,1981.224180299567,0.4155337688715978,0,42.25393292562942
2024-05-08,primavera,72.48942252855329,12.726629950289354,47.10049420442721,24.19450288428707,31.53471830849707,33.13234030371536,1.204435904554868,2177.060905296189,7.972032851747703,0,29.427822527184727
2024-05-09,primavera,74.5573936769259,8.002903478938132,39.12188944221134,18.655282207899983,27.0954010899896,39.70316834694169,0.9623392000117968,2200.6878706453904,0.9491846693933835,0,38.51567109242877
2024-05-10,primavera,74.77312659379484,13.259851580466437,51.927336057304885,27.173785806165192,25.666340405130477,46.5418557849458,1.0076438005449375,2163.3880536796273,1.3514474174082578,0,33.63732609252073
2024-05-11,primavera,78.63384305532045,14.382428743943192,57.370429505645674,19.37062024565978,29.96556075725493,48.167401988333864,1.0596884201997139,2123.6456571390704,3.3339830828873738,0,32.99933339090847
2024-05-12,primavera,56.847464949073554,16.88126388400108,40.3793007690399,30.278918881366614,32.00095292117757,35.399044945592124,0.8202047983689562,1921.73720969432,1.387024262395522,0,22.907545805227414
2024-05-13,primavera,51.14908577666964,7.261777076617351,40.24566657672804,12.959711382197334,33.612741872457086,31.13454205708382,0.813994162643859,1809.0784090475997,0.18079463786858313,0,28.308365843244747
2024-05-14,primavera,68.25267058733436,11.872247119800726,63.90338339079335,17.1215365272913,31.47221932466603,31.162210517008482,1.0249889606185587,1967.2345532402421,5.835102322367447,0,26.24019457874914
2024-05-15,primavera,66.54207017376135,10.046853400207164,47.9543826277732,23.601475406074897,32.185018145904174,36.12208417858362,0.8807573503668292,2088.3376209933804,3.6054257328121233,0,22.77427737061368
2024-05-16,primavera,78.7436675209852,9.335616223795537,63.1698524942726,24.577918263918978,26.847999077628543,35.43503586034983,1.1085781980948006,2410.73985945693,4.387301076370424,0,35.66225281556976
2024-05-17,primavera,85.0965024979492,7.185930150888828,54.284744809649524,22.683509582125943,25.490873227996854,38.36511981212834,1.1887186812252364,2359.7758440227994,7.056922616425903,0,31.12717173600987
2024-05-18,primavera,68.54945244880793,13.283619429497119,67.49413208463112,24.09345108115998,31.262743939035417,39.13519723867458,1.0007001520593022,2235.23696586468,0.2683738995211149,0,24.93989875372384
2024-05-19,primavera,49.10966775843722,12.639735509947753,69.7836743456595,25.171326524158328,36.45801790082188,28.427685119729457,0.7086751326725456,1707.7870529385275,3.7755720539209037,0,24.479780408492164
2024-05-20,primavera,86.11145250273242,18.584146891278557,71.51206347641896,12.652736065614688,18.546621166687707,46.65440602253626,1.257190624434584,2325.2421511538205,1.649980843642258,0,29.086563558637025
2024-05-21,primavera,74.97135199059117,2.5346660326964123,50.326376567353954,29.981076285495483,29.34700846976515,39.844110947914714,1.0141236137226524,2279.06631363549,2.27037203302457,0,52.6498714525281
2024-05-22,primavera,67.78316294874206,18.906219209238625,85.43935220320596,18.342975607927396,28.305613577640756,34.55602349575692,1.0723695712429833,2029.89292712226,0.025728754832655614,0,35.67547469852355
2024-05-23,primavera,78.31670314001649,8.583958022078047,40.40918047294984,24.015110505704005,20.958680820991415,35.01884921831202,0.9565930584376869,2204.5393894037747,0.8203025972459633,1,38.47924120443863
2024-05-24,primavera,70.30305858322033,15.485095204032127,63.901245640714805,18.711953679723102,22.98019494355561,45.290639076140415,0.911247973600663,2161.333656295063,2.633212645452751,0,31.348068438771243
2024-05-25,primavera,98.62790679794352,11.617046901461475,50.69392262040126,25.668951232409363,16.679446876253166,55.673964196199634,1.3469352399808785,2307.306216819097,0.41318177894611036,0,38.26878177314687
2024-05-26,primavera,63.03363232564576,13.069467357882246,54.99381839633112,19.110401134835687,35.77597343305298,33.34563056618561,0.9918562159901297,1782.3283936882244,1.1954047208798306,0,31.961919215498064
2024-05-27,primavera,71.30298915662337,11.938950437353,54.41333493082542,20.532170933598497,30.904649060841297,39.918887055195015,1.072261508856078,2113.490445626843,0.752504581573572,0,28.006228598493745
2024-05-28,primavera,56.59288448610637,15.998697400867314,78.28428120039707,24.865932109962,31.445389660907498,34.52751080238264,0.9274049548422315,1774.8423950472081,3.3720442279595564,1,27.055789825581815
2024-05-29,primavera,52.775784215561444,8.37049642768913,50.500694107125916,31.795384842910234,35.96750682918319,38.85570553228506,0.858918038616193,1885.7041945500032,1.1376418772380936,0,35.51630714080592
2024-05-30,primavera,78.94666155932484,13.930875990501407,70.24846789791097,19.14270068960676,25.69821370161572,42.09044574402427,1.0466544153976707,2396.4464733085815,3.1498028626731216,0,30.193066120838907
2024-05-31,primavera,85.63604307900015,5.015832526233598,67.6669714711007,25.415308920961117,15.983692934625543,44.66701150699653,1.1760945974992396,2416.5318733588388,0.7923813210600195,0,40.534377848645576
2024-06-01,verano,78.73461448598394,7.535032506240507,86.03076495795301,16.52317758490684,27.262390213501646,46.59294271976248,1.2579956537699886,2298.1037627315973,0.3270309868074262,0,40.43811718969278
2024-06-02,verano,53.073550503170935,13.192545559792176,73.3236550857369,24.81643379381953,33.90806711594186,37.100592112587336,0.6969079667975655,2050.556827106104,2.9235199739620703,0,11.725564933339152
2024-06-03,verano,74.95754093569735,12.278279087222758,33.85748925645901,18.248801194774558,29.156594299742174,44.88867234829749,1.0441135688449403,2132.6587413395487,1.7060391531934815,0,25.125561613865234
2024-06-04,verano,58.12643095782339,10.031998517425409,72.58634851602292,25.72142511164936,29.33875423812288,37.11849273267308,0.8159014529035608,1918.1785732105525,8.86405196569611,1,27.374924313594608
2024-06-05,verano,74.81188247263034,10.50436106448955,77.48874010358921,24.380657009327827,29.952485969599422,42.944964654391,1.1309409666250008,2167.4437223479836,1.3640351438233227,0,31.534532812092994
2024-06-06,verano,44.03825300688428,11.756642947634349,50.75485786286754,26.482105438465766,34.69051924313822,25.071118030632622,0.7588386093474359,1856.2465490063328,6.20510671744152,0,21.547001750138442
2024-06-07,verano,84.58724646337663,14.512158371283086,71.97192358870822,19.406544341312678,22.09934959028172,45.32053979993641,1.196643108106214,2469.839162775653,3.6646576713307595,0,23.794154261187245
2024-06-08,verano,92.50624299364573,3.792536400309273,38.272626007759804,20.04205832131286,17.85070822888681,45.307494708381164,1.3391357651103633,2376.3057774827735,3.627886964136728,0,39.13339151136664
2024-06-09,verano,71.87789160824462,11.876187411206706,56.837204845568195,18.457113722970316,29.419124417656107,29.82289407764139,1.0402467427123308,2537.170601716459,5.370441269238614,0,21.908182600249226
2024-06-10,verano,85.93091944702681,4.640540417653977,62.98480292863762,16.68274782974493,19.74441097236503,48.542964455904524,1.1388783385666463,2576.0596729044655,0.9169682678753351,0,36.08091228597483
2024-06-11,verano,60.98727042620408,16.505599272441472,67.51498279154042,15.993691807804788,28.99229789804805,31.439097867758598,0.87020628636073,1940.177128976203,1.9956309837575466,0,15.918848047263422
2024-06-12,verano,67.62082335700178,14.442072165866707,68.069187215947,15.739204022978068,35.9288975868612,31.87590885443889,0.9678875861361365,2038.1199972122988,6.200309754159934,0,22.935549330549982
2024-06-13,verano,79.57328126684754,9.753517003827621,74.07152908989245,26.162916529342603,21.07059760071872,44.5554990052226,1.0837142890817846,2240.473900823711,5.201229783748877,0,28.5175703944907
2024-06-14,verano,70.46845074829596,15.686166781125625,53.720719337918986,12.826389798806446,28.382933794469526,36.228118850922186,1.098585698789817,2074.382934377344,9.507495789130807,0,12.98786204652113
2024-06-15,verano,54.65458426470236,9.078933604370741,45.71271896899361,16.234406332776448,35.3639070974301,18.22374817405659,0.9553270758815728,1810.8722981323815,0.44266171326240217,0,8.16643892048753
2024-06-16,verano,67.88063882016712,2.052724749851354,72.0587119298944,19.281930689372206,30.932685666154022,33.80904584339486,1.0034964388445282,2259.093905492125,0.9738383449663275,0,31.707481136753703
2024-06-17,verano,65.40919232170843,5.208197236921635,61.47406053036554,24.829255468956333,27.808570509991842,24.677225582209203,0.9504996451093287,2091.071966009239,1.7045395833288668,0,31.840246210896787
2024-06-18,verano,64.5498669622209,10.632205626222849,50.677379239905044,11.889364899801164,30.737681786387675,37.32023797381111,1.0767696628884473,2096.1213164938345,5.779378787690383,0,20.581448061374193
2024-06-19,verano,79.09031866199302,7.287445028193758,75.85289347330821,25.248745037176935,25.818393012940412,34.99022413040661,1.1927542907568944,2082.6461958038026,3.5955860037758556,0,30.521138491542267
2024-06-20,verano,88.10240205214939,11.954574674549189,59.202088382127826,20.043628254194942,22.795273083775406,47.967198328481956,1.1181901784857635,2194.9689784256375,1.7663974548011703,0,30.696092111874286
2024-06-21,verano,72.58557287177615,18.06749885222182,69.50446751512372,22.428782112187385,28.19093910997909,37.43637439634059,1.2804155664494632,2180.496248963996,2.380023699193847,0,24.520041308431004
2024-06-22,verano,74.23046761771863,9.718504657028083,58.82376019983616,18.01555614492117,21.65066264417868,45.5315845103329,1.044090330843939,2261.1285890411777,6.039882284579398,0,38.7731726439211
2024-06-23,verano,78.28574616450786,11.219859356953958,73.41636401436287,19.4047138633403,32.84751940981258,34.28366386046301,1.1400028776939073,2345.4824878848244,0.6990087242117764,1,29.16503150371501
2024-06-24,verano,70.0240623459306,14.766477474122398,76.18547323552744,23.966888949785655,31.302412800968842,35.92894595944763,1.2078409440148878,2081.8376616741602,2.0468508836934274,0,31.591931950202046
2024-06-25,verano,96.4769452143642,18.346337741122653,53.595828841070826,22.56631164024096,24.465573491253387,43.013116911640594,1.2656344537993283,2450.441780134524,1.4726222741226471,0,24.11192564629882
2024-06-26,verano,73.40980003382903,2,60.85577084998902,18.95706293784731,29.60675828069792,47.37372733907684,1.1555646417808627,2014.1942496114327,1.7204548734905951,0,34.0128994341585
2024-06-27,verano,73.72671912314185,14.324692782998202,73.10599911675187,14.327783729427086,32.56050871130574,28.882199549664676,1.0999590333414333,2020.049178915611,9.051175689506936,0,21.78729581889422
2024-06-28,verano,90.13634027393798,7.897481900676963,71.12399068654472,25.666223397150823,21.504864779883206,50.626984171228344,1.3232752705759372,2244.5392955157927,0.8568432327618153,1,39.661054116913
2024-06-29,verano,42.924943291073596,10.90363599431186,63.935536727751746,22.379491595975878,34.87168287447395,29.328857528647525,0.7134136391170228,1749.2854013273482,7.777014758098843,1,26.204993650039516
2024-06-30,verano,75.49333130007462,2.93704950384757,58.142602769791296,9.7288764627033,26.112942703207178,37.39551497041266,1.1517700625978913,2306.882897820873,2.188920987929475,0,28.88514794657533
2024-07-01,verano,65.2574011113206,8.259444600408154,71.90632064217868,12.177679389955603,33.489331005282295,34.25450917253395,0.917494946318195,2209.5189004646227,0.7356618080079581,0,34.202764791765205
2024-07-02,verano,63.393569143532275,15.983740102649058,48.20335821278083,16.774330040026292,32.24933799877112,39.671276195944145,0.9024198147785987,2070.347457127523,1.074114184453892,0,22.357082075206318
2024-07-03,verano,68.16812917433235,13.906771911447303,47.19133329566477,20.86576327209493,28.937128758635087,38.628183094147225,0.9791348056802113,2244.7712658014175,1.3640999502237716,0,29.464502611959617
2024-07-04,verano,100.03686238279599,6.884582613457134,42.19071861426059,12.344133271907227,21.197495887824502,50.87463137747966,1.3376940159372135,2516.832058856743,2.1060137414716666,0,35.63621444994949
2024-07-05,verano,75.20832262520837,11.694132420390789,72.39520767610028,21.871588727728508,30.2760013285174,39.4023325266134,1.175061983457068,1933.3649096942922,2.3642021479574304,0,27.653506451461684
2024-07-06,verano,65.9036804374867,9.468581087385244,86.18594488580959,21.816460201289942,24.933749453914267,25.53069322298414,0.9656482849021012,2216.044237129823,2.8478195836361704,0,25.99026873997074
2024-07-07,verano,55.412237952984,4.3882189486250684,67.37702032108807,25.3379595974666,28.252231749121968,29.99319717373072,0.9043737964210464,1890.7107443540992,4.1179903016650465,0,25.120636459299188
2024-07-08,verano,94.21482551980202,8.164694215759425,79.4119969844137,23.819495448567103,17.300021177469862,44.0556981156816,1.2274415740987812,2371.030539881135,1.2936022352680674,0,34.7695396020407
2024-07-09,verano,58.446609623778144,16.42299260479646,74.5157226139352,22.86773130111644,35.59968288238994,32.126925632335364,0.8826260936717273,1790.8985964584322,9.16690660066201,0,17.650435670242686
2024-07-10,verano,74.91283666066951,9.027656144584249,51.8308249406875,22.56285514647041,34.90947973778175,40.627656141086646,1.168757163185152,2260.6844379596023,4.520101572659516,0,37.69235071898431
2024-07-11,verano,79.41890908521214,6.301749178911965,63.93471634171358,28.619550865892016,24.984482049778197,39.46960400076399,1.044733232512807,2357.6096070361423,1.6122983975311251,0,29.882630792758867
2024-07-12,verano,78.55637934343801,13.693323151380397,46.497757033404,23.522257170819625,23.20767811641337,42.30357860907393,1.0072016136801951,2230.7460815585523,1.4309871874758158,0,35.50488634554809
2024-07-13,verano,61.98653069137925,10.745643249094087,74.4524438552209,23.1741850006407,33.60766977435018,37.23370209245271,0.9879926861916383,2016.8698484207257,1.6905907558215933,0,23.627621206712547
2024-07-14,verano,59.755751399364684,7.838392671806625,73.16176471636653,11.934820500482235,26.023429155376846,42.8172310588362,0.7606861595295127,2249.6127931335413,2.048177491706758,0,34.43723595226062
2024-07-15,verano,56.70415648685577,11.520432709600138,66.46069031893352,24.292072357456618,30.004533744196657,37.83556883977962,0.8171470805143095,1682.3948057522166,1.0378794882791842,1,38.869738114123166
2024-07-16,verano,73.81057591265308,2,60.282568139950335,19.110075358696903,33.34733024008388,45.25837296442077,1.0812521101040347,1873.7061370139888,4.0112714492273716,0,32.57774432952208
2024-07-17,verano,73.40838844436063,13.646942727054459,67.63240253127304,18.207207355150157,24.213668846249337,43.319558057774856,0.9664660989947431,2160.5561711178216,1.2695810094346132,0,23.65459560225268
2024-07-18,verano,67.75723188671942,7.348646281382173,42.77473143438358,16.434333648124632,27.152280572370238,37.285722944319446,0.8177234112702425,2051.4022326587424,0.9963598286083317,0,34.94647337837268
2024-07-19,verano,54.67353005310953,13.964800556041904,65.91258954806787,22.535864355153628,27.60567013427439,27.549868611445472,0.7715912548421989,1883.3193753580358,0.4038364601394062,0,22.22002653701225
2024-07-20,verano,51.772463665981356,17.76810489887559,90.52543845834705,30.084103186135753,35.00074115521767,29.347371400630948,0.7621866135136189,1880.0381676126374,2.291656674534014,0,29.782941319642983
2024-07-21,verano,83.85020272834528,13.477013552282461,51.90437791913823,25.412530114782342,21.714281665099953,52.78275513297789,1.2140921098421174,2357.9794788608933,3.939459928284059,0,35.65494083757979
2024-07-22,verano,69.55197378793893,10.849739095194307,41.12766799030373,20.14797347278293,28.77652328225308,37.53015387748093,1.0096415255556788,1959.4303671438213,8.096025637890468,0,22.78961137837958
2024-07-23,verano,71.37962601290909,5.183850549354056,52.58665742144455,24.503143377028415,32.34145224365684,36.36166671577214,1.039358882619788,2297.757663782478,0.9987160047842462,0,31.42281589426608
2024-07-24,verano,80.62945742406453,4.831750870842381,75.80204901978888,22.511474651827974,31.709330903594356,42.176776419852494,1.0103601429581794,2338.819612243572,0.541391797946647,0,53.782370908310455
2024-07-25,verano,75.64945221559758,10.501287120800546,64.16713982013314,22.744223755650825,29.87457173464697,35.946609123001984,1.1283181041394224,2055.0632310511774,1.0933973962949808,0,31.19492515115978
2024-07-26,verano,58.7374463407131,6.357229385655512,50.39076643052424,14.57507834215067,32.222105242713845,34.66513954276742,0.9993613740675787,1795.234292061244,0.5217129356619318,0,30.618863596677333
2024-07-27,verano,55.78131499495352,9.22369821687488,47.78980515169905,19.528172266224004,33.796878407790366,31.048536173630097,0.8142117707453493,1918.7272010292518,3.2091086111755462,0,29.9449066037158
2024-07-28,verano,50.77377647996039,6.046492050585916,54.22274001984287,25.965315211013262,31.497895742701722,27.120711966169946,0.7853868530829085,1776.169801665025,7.136447429520878,0,20.622358524525676
2024-07-29,verano,57.366690110361546,17.441998041645142,79.03467432025316,31.253851256402932,25.802327464623378,20.471108898977963,0.9573116938727563,1859.1686354736398,1.8638828571231045,0,19.915712678844862
2024-07-30,verano,71.45205886416458,8.753817367142208,69.50432113888746,16.38702100043711,22.76439917771799,39.40229842928567,1.0288704763578511,1974.2599691634307,4.798041206101151,0,23.076994239453924
2024-07-31,verano,73.80299999400364,11.806783055125297,51.38534101899607,21.93588307654628,26.41983351311842,42.472330454691544,1.0607439858794576,2233.549003138536,1.2167427684661125,1,31.97773422762264
2024-08-01,verano,57.88098006892734,11.692602621825168,74.24843210566733,20.73901844131894,32.64527477410439,29.402732169635012,1.03436433913815,1888.4836496413764,1.1213922591123926,0,27.796622146004225
2024-08-02,verano,87.92965009629987,11.504910251771943,52.03631783597739,27.799047672673503,20.969084323152874,47.19551128620364,1.15633511249041,2326.582226741323,0.8824570876962358,0,29.277628555842437
2024-08-03,verano,74.60305565428018,6.636953408647645,57.90140674218203,20.139705053634966,29.909236965120346,41.774663383098776,1.202589005557603,2017.3207734845607,1.8820165235388693,0,29.599235595039307
2024-08-04,verano,98.02489796683338,11.695568483017572,72.42928796779496,18.456726331799253,23.364442886266293,48.36288559285065,1.2991522995031948,2543.911950213961,4.95617972593795,0,35.68345562485158
2024-08-05,verano,79.39424230635726,13.579195136524806,73.79301433539891,19.137876064733547,25.764171958836602,41.565991939283435,1.2311378750162112,2180.92869152518,1.8917159211159857,0,32.461542501666436
2024-08-06,verano,68.71590340508982,7.357282189672102,33.11301938418421,8.549905441354852,32.25542691864565,33.31711540534228,1.022276797591397,2034.1470463396508,1.5289257339048365,1,27.254871799875524
2024-08-07,verano,81.6577340420823,21.907627326921926,81.58304174273246,27.56085622716234,27.213411642168943,42.80849139294872,1.2123731355513745,2178.5595568649915,0.8169711887490375,0,21.6015531926649
2024-08-08,verano,74.40035267343073,10.070629197182036,69.86522619800596,27.96303330388118,31.819292276234293,33.50937508030652,1.0774555081299357,2133.3469932042885,0.630892348817924,0,23.526120088607705
2024-08-09,verano,75.94169990957595,9.539848119652067,59.7506994730063,16.957417838100756,33.771657514459086,45.33649061007681,1.0107920154011363,1984.389317674619,3.77604746071395,0,24.81769187763674
2024-08-10,verano,85.74925931212633,7.913342867674233,47.976729933541534,26.053999368797733,19.98333238537701,46.3725198337203,1.2242677108345161,2353.005151647144,0.7077619793713793,0,42.39385372376205
2024-08-11,verano,88.60422312045337,16.280867009951923,57.509533539564714,25.580608387191763,25.76289555111399,42.003089614275865,1.1575552799326536,2517.4053652258526,1.9741620558802477,0,25.525993474613575
2024-08-12,verano,70.82103151553133,21.70776972380957,58.68605404516354,13.194486502857186,26.642068767908196,38.58605024059319,0.9562761669416074,1969.6461782965653,0.7647462768981997,0,22.700799385202988
2024-08-13,verano,70.8978306200936,8.381700448344795,49.223887969503686,10.631799183854959,29.96568406353146,41.15244340407819,0.9632423015022439,2127.1148796239922,0.6678214121405228,0,36.917680108147195
2024-08-14,verano,75.7006166622475,7.836856555404436,64.58009251714545,23.66218589910997,26.307771065700038,39.334374664710914,1.094240268683153,2248.381879864528,0.3038151831392452,0,32.145347097840386
2024-08-15,verano,62.828382754888466,8.970784778282262,75.24555710213608,13.660297972862523,24.751400001637307,34.778767020226226,0.7467641982448268,1894.7787098787526,0.2930034734078898,0,27.877726132101692
2024-08-16,verano,88.21197928773225,5.5740358372407,74.80409007504903,23.651676450114753,20.849797971315187,36.939791360099754,1.275185399061013,2279.531233989895,0.8215370674437592,0,25.37750395682622
2024-08-17,verano,80.64313523546896,17.479807065808558,45.238048878404385,16.4417689541761,20.58946187339111,37.453499639225065,1.0426360284286487,2433.7825472442814,0.7373071417137405,0,19.337020472611457
2024-08-18,verano,57.62432737400281,8.021328904793078,57.58147945237224,14.593312039226916,27.493691486895095,33.63273325112688,0.8791020411080555,1888.6319956888362,0.40426991360650794,0,27.42264344044571
2024-08-19,verano,66.84717446629908,5.064344424851847,45.724084851150835,27.67100843848484,21.569332489240114,38.20406142165541,1.1696570718651118,2134.972462051633,1.45105949657841,0,32.86537219583973
2024-08-20,verano,71.41574203246333,5.89499495410847,66.8485387610072,22.279896799878337,27.525176536447326,33.38300487091353,0.9981760827662757,2158.7724752794184,0.880935036795763,0,28.113720408389263
2024-08-21,verano,83.61853788971668,9.487912656325097,63.09505830540833,18.828618027946543,19.64090109098978,43.32398849065939,1.159100717231288,2200.8733884621056,1.596668091574849,0,30.434141365076528
2024-08-22,verano,81.81818692315589,5.202537397503932,79.57009854267648,18.435254536519007,24.062078859935998,35.49276488905724,1.0729989239961055,2306.708582650077,0.5532718559309815,0,26.559517472638397
2024-08-23,verano,86.06404256542804,12.161817406946572,49.67737912940249,22.60616104484612,23.775824561446406,47.247534609790044,1.2483901545330247,2440.3921530515818,0.5086035294280149,0,29.2701608972048
2024-08-24,verano,88.54941398921906,7.8352169239717,42.21112434885467,23.84552462462794,22.57625570063493,38.381924095633,1.2756049759361814,2426.451923548096,2.119260638768481,0,40.34581510066037
2024-08-25,verano,73.93804325670271,14.825007347917644,52.40679434427996,25.40747910025058,24.72343507000321,45.359206049489444,1.1289108594721358,2066.2403722980266,4.799784792131141,0,29.073154302490497
2024-08-26,verano,70.32456345466886,14.627275526328615,72.86808130176598,23.51084648531085,27.143136262716247,43.82037950326018,0.9972710568286963,2072.7275622202983,0.17077846963549934,0,28.80625895516771
2024-08-27,verano,68.40799975764367,11.750390424746719,67.37792087288501,13.3776224566576,26.475388643238063,42.12182678478843,0.9548395531295388,1962.6267550013831,0.6850269739209847,0,28.860155812583088
2024-08-28,verano,67.63014831732616,12.277204420612259,77.59719189373513,13.412380135776557,30.008995765704015,25.283699213546033,1.001959409560058,2059.588211212283,1.8551041332036524,0,25.665283281325053
2024-08-29,verano,88.11701102723625,11.885300628972145,56.8575969380464,16.945595765560014,17.906905433748417,41.41467677407822,1.1524412535816853,2259.4065009484666,2.026468723769113,1,40.48013491157056
2024-08-30,verano,96.37248160828494,9.78751020887303,50.65787920454047,28.97824103425864,25.49041850110158,58.67423841111117,1.2517725636970745,2512.0127850287263,4.356163709469941,0,39.170658871320725
2024-08-31,verano,85.33301178759126,9.396343263413748,95,23.99436320800315,19.65992371476456,41.8972021812143,1.03418503099581,2217.7565045636447,3.1230486121612016,0,37.98028737354472
2024-09-01,otono,79.04857612769214,12.239682351517027,55.09951381960927,26.234608347930262,23.78000145870119,28.533070357221643,0.9775488508499023,2239.209493402316,3.6649935438294166,1,36.07561796960106
2024-09-02,otono,95.816634158453,8.450766304955089,56.64795739132375,21.152446045259705,21.175301404871245,44.947350552201385,1.2422601947003415,2424.075310057872,0.5367406574565522,0,50.81835325720142
2024-09-03,otono,68.39797777736568,9.487744552188614,83.33288993403151,25.70467242067908,24.711734289611442,33.784069085815474,0.953381668068289,1989.683176863153,4.891436545357077,0,33.92940215458774
2024-09-04,otono,52.5262902071887,9.306938661186258,36.607589563765615,15.836412964243245,32.13450030291845,30.44747099499192,0.734621174230746,1782.5064193136527,2.7411848864120407,0,26.89282242146951
2024-09-05,otono,43.99984331024075,10.116090291259793,58.575465048671916,21.543126007020035,40.806948774104626,29.580533327453033,0.6582339230151764,1906.3600588135398,1.8149297722185485,0,31.816724744931854
2024-09-06,otono,65.31282764791715,5.951654309275955,68.65685343777271,27.77860886161049,29.836841108618632,25.21675286156588,0.9890705091439123,2099.0665724710984,1.7892307211141518,0,30.264292665977784
2024-09-07,otono,64.57556401811392,11.830605092803966,82.52141918953954,14.982746343939581,31.142394311428202,37.88776188174158,0.965808798050531,1895.7468242570442,2.2044722054459753,0,46.529992365892326
2024-09-08,otono,65.85828083434387,13.718702043168593,63.78199180449699,28.953171232200926,33.01669332958838,37.06391741521584,1.156000850450079,2019.0544424256855,1.0537594406528965,0,29.98454986681445
2024-09-09,otono,65.75545561750346,14.659467346346391,64.84681937504202,22.389463970668523,31.30713529486744,34.866816894422975,1.0020660976338172,1940.3562022067674,5.115106180508062,0,26.685728724384987
2024-09-10,otono,65.76931158728499,3.984994755297376,43.73647078595977,25.660661728634743,29.883215463208376,34.30744871593944,0.9668258836674252,1922.0956143488597,6.57220201975051,0,31.71169604383705
2024-09-11,otono,55.710102337132696,7.323575233510253,78.11623978723908,19.757177134158745,34.02804688369305,37.30815216827517,0.884316514462195,1789.00665247476,2.116074211800022,0,27.735697473734852
2024-09-12,otono,84.10403872417108,16.31144509117791,54.05613360768016,23.996017818462562,24.23423752446207,48.414455839026914,1.1123552402667765,2462.6913791365673,5.549186063745772,1,39.04528412116558
2024-09-13,otono,63.14520106710032,18.793250140464906,57.43673941963704,22.401933900718305,32.79860549113898,32.41410899062604,1.011267203383563,2072.4953400211402,5.272821090515615,0,29.49367540328057
2024-09-14,otono,66.86802676405172,8.38367030815268,64.22829329472502,17.322989458132298,27.303417456395962,38.48509301835315,0.9120625324508713,1923.3544930879996,3.7963380890850766,0,38.221347671574065
2024-09-15,otono,59.19381742937627,11.149999370801039,58.71807321675966,17.636207427745095,29.327731967393575,31.791113975704697,0.6970526841270914,2072.4938597710957,1.2028913311423226,0,34.100573860046445
2024-09-16,otono,43.17072747346465,7.885623548300573,74.65794609350823,21.46975626823868,40.01775354846083,30.130042295266886,0.6900183441026577,1711.0842064018295,18.21519386490815,0,25.115928955250425
2024-09-17,otono,72.86139532735459,2.3075308283439337,50.52489401282298,24.166946755919387,37.264524545281354,42.37976310984285,1.136489264064519,2340.4142031876136,5.0037113771337145,0,43.23445453211243
2024-09-18,otono,78.63232657269732,13.260618659820645,57.342174517327095,26.299223348638797,26.605438228379676,38.40327387229994,1.0147727091341332,2265.592745899013,4.4340746584249,0,26.787106826802102
2024-09-19,otono,62.04242713711821,7.390536006120591,87.31904462320969,21.237743228925588,33.36888847066643,39.123880212236536,0.9828963107346653,2132.1758069132443,3.0967613805477963,0,30.57822229656466
2024-09-20,otono,88.07611401143106,12.822497893790972,72.79058968849353,20.37970406906209,23.134550262113304,47.310711844816225,1.1365086780840192,2373.1780963482506,2.5609667532562863,0,33.624633913678664
2024-09-21,otono,76.28069088651529,16.421767491884143,59.07838266937416,20.7479140263936,20.20272349586953,40.783737517583475,1.1852260211672514,2149.953340050788,1.11756543062557,0,32.37737732760028
2024-09-22,otono,48.283498032240765,8.879001921092502,63.66593500058199,21.599950056548465,30.651473976810607,28.989639908581708,0.8419332258463335,1795.6266193244123,2.4168343957145892,0,28.206579637098958
2024-09-23,otono,84.22947468469917,16.486038863219292,52.55038367734912,21.26106725872842,26.901549113890834,39.432840837359315,1.1498257159980576,2426.433171870018,1.5312546705557433,1,41.73714943166366
2024-09-24,otono,95.17801213911389,8.982393866421146,83.17374568367404,21.913219766398804,20.010386120655696,45.73538650590947,1.4775880491078688,2251.652582658482,1.5923775635360755,0,44.113246235536934
2024-09-25,otono,60.02185127183064,17.76113547070382,58.631621589584064,22.01446083455498,33.30586056688754,30.492248421293382,1.0366022686952376,1861.0170244464857,4.2828137425868595,0,21.447331348778707
2024-09-26,otono,58.13460598901658,14.334302258403527,51.3915543263134,20.64721738917296,29.059463736478833,41.07793931754978,0.9151882346353921,1845.084011771487,2.5261038388524244,0,34.4796388132506
2024-09-27,otono,70.55410193016424,11.502580738435585,55.876465249036904,14.78423215785314,34.16150816415448,40.043020396255365,1.0164643705494203,2078.4954550156126,0.951141962653159,0,26.85134742015652
2024-09-28,otono,72.9424905922655,12.924812873409204,51.205009627820964,21.151735209178003,30.802516258869097,40.42378423841548,0.9242266695571584,2267.941364917186,2.591117251213616,1,42.873927316526526
2024-09-29,otono,66.56568246852225,10.819861381460441,61.55840281824216,22.197700584167393,30.12814071281366,35.83750414811095,1.022168671413477,2220.9170455963113,0.19558797375020173,1,46.06952496263934
2024-09-30,otono,67.74870163450284,11.627078327570683,55.76821131310151,29.306579596140622,23.256703367134243,30.053570396819232,1.0762858141691498,2027.2059987136217,0.7967782442519737,0,27.5833120152888
2024-10-01,otono,66.97300688527099,10.527517723054833,72.35326862587117,20.637931469083252,25.07610604261284,39.29623368646257,0.9753866131078693,2103.424517811722,2.5460389673039625,0,25.983144754629365
2024-10-02,otono,76.89082834356208,8.127367800637066,63.55772104030155,16.893923106335112,30.48542818265475,34.468362564944535,1.1515437737220986,2124.807182206782,5.712632145208224,0,30.73945944185395
2024-10-03,otono,76.42203806534623,17.28060038451486,46.485866973944816,9.519845042453584,26.852065925501527,35.2218119424994,1.1748195120602145,2311.1100951703056,2.1921071838703057,0,17.26477881992868
2024-10-04,otono,73.71785158601693,6.560744985945256,81.146682655792,20.91769430947163,26.442406498897924,37.13297788982061,1.1168084561725047,2248.330040974881,0.7650292456955827,0,39.8793730295083
2024-10-05,otono,73.17986713580625,14.262504303359693,74.23485861533325,9.053064710628139,25.6654856766471,32.791495532455855,1.2269582989566639,2334.3299827844025,1.8675920253289717,0,28.80654696136977
2024-10-06,otono,69.11942066744122,18.933140073134368,65.13479199580752,16.090024265806683,26.832161241505446,32.225044098517756,1.0374739803957247,1943.2713059376315,0.16124730787133254,0,37.02037851256628
2024-10-07,otono,72.62983783149876,4.796458508551699,68.51607877894294,11.134116505808276,22.829394162018314,44.106806341008216,0.9642002572997097,1979.609099433457,1.1692948978927376,0,47.0013091778771
2024-10-08,otono,86.49873666645237,6.7603928435046345,76.60852561017865,19.434564379135992,24.07305143324621,40.344440424886564,1.3201107629119917,2328.8953348608093,2.384866962794262,0,40.325972226780216
2024-10-09,otono,83.1557028490449,6.3035580454921005,67.4453459231714,25.587383264323947,19.815221542062424,39.738068752550745,1.1231154860761285,2257.0596669593183,0.4752133155336326,0,40.839385232647736
2024-10-10,otono,56.598144028866386,11.062381832921819,76.89468534312286,25.009208645549087,33.21555875227854,22.830357159390893,0.8468984566483001,1998.0920586067227,0.7981502551914985,0,33.93661496770708
2024-10-11,otono,79.6849505315091,8.880428912389487,71.73385097387715,16.12966042710618,25.69778719201333,41.8333097691001,1.0900453282138587,2250.9027520217724,7.195107494933936,0,35.26649866251512
2024-10-12,otono,56.924520156303586,14.45059987944181,60.46448435541453,22.558425910685344,35.68154527470005,34.56662684677229,0.8526278946061348,1847.7326774713042,0.300657366338543,0,26.850356973347363
2024-10-13,otono,64.63479652849252,15.764715819728865,77.55753956073356,17.43918344153382,31.243488158656984,35.84177960349061,1.1057821444007228,2162.2472584881107,5.2160099258275645,0,24.059173669522124
2024-10-14,otono,82.47791951807673,17.700452503644414,38.90266492092054,24.455977487441423,20.414884202532434,42.833852829995664,1.1247830810247892,2172.788266679109,3.3329650332198373,0,33.08608072914035
2024-10-15,otono,72.55091376592011,9.244772167949126,62.95977864649633,18.622184271748502,30.194553760511614,40.22853739702453,1.0382317494498505,2170.9932693814117,5.309290921929418,0,33.48692733261585
2024-10-16,otono,82.40571126532944,10.639468153942959,56.34028833609736,23.932981623618847,21.159288862796064,43.51115832405592,1.1871244189286787,2314.3035119247465,0.22828391890848476,0,30.981050005874707
2024-10-17,otono,66.41959553337362,10.905687226261135,71.65891246555373,16.522834400479507,28.443014815596378,29.897870944479983,0.9398445799610021,1980.85341401349,0.8139373561763928,0,29.060013381013373
2024-10-18,otono,70.14133779458811,6.366626750590519,64.41312321947632,21.75919743004985,25.1083783949955,27.636124036105485,0.9468651480002495,2073.320527989803,13.152796087069186,0,31.48150679343935
2024-10-19,otono,38.050528436959866,5.601701948742323,78.20629922044455,16.717759658744512,37.647038219451744,23.100289828472302,0.6052275186840962,1767.518822355088,1.0330502238428156,0,26.729653053044746
2024-10-20,otono,71.55643596120862,6.10627787727693,63.493366743998564,18.71651452692949,28.760821370154893,46.99418485295442,1.055147450155943,2248.9368356364043,11.173723541719289,0,27.046399445728227
2024-10-21,otono,74.35986102388858,10.220733403982745,66.25906036933503,25.60817285864962,27.737420605650865,43.083099115451816,1.20554194725899,2256.060556080344,1.9976366568271542,0,34.241618695604664
2024-10-22,otono,87.37012053667506,9.615748169693417,69.51732509788867,28.359110012079206,21.19665325265662,43.459992344100854,1.1203981179253337,2138.4020969033363,0.4757119509273244,0,38.97970432005795
2024-10-23,otono,99.99592257535049,11.40512201733191,81.1556553428256,21.413472834585228,20.263832699984402,41.404744482241185,1.344969304848074,2603.673363030703,0.23323843847030132,0,41.74402820738587
2024-10-24,otono,70.87724458985821,9.962871467862911,54.73721036007235,24.060162764593027,31.51517431724983,32.01970142977216,1.103850604812286,2167.9835743031463,5.222795940885816,0,30.771189023258874
2024-10-25,otono,60.96561547884599,6.244742088831347,85.37062046215324,24.853314850738386,32.45893167842349,31.76981245924895,0.813350653092455,1670.9147120893904,2.668089908528038,0,45.374221762768805
2024-10-26,otono,71.91441864927513,3.2656728564864173,53.30386650874239,17.404801432282255,28.274963478201727,41.41222663628217,1.0331559963170418,2122.116675552995,3.804817786357035,0,42.11451153670907
2024-10-27,otono,55.61419347525217,6.494030993668174,47.79332656715604,14.446173485382822,38.80033710781804,30.561399761220994,0.8731893986487007,1985.0736367949617,0.8973960506414567,0,26.235702867881404
2024-10-28,otono,71.92742907742318,13.694792334757643,77.51816554538324,23.03674062680624,32.71608839244905,37.19283688801446,1.2601989434563603,2248.0281958881587,3.706784693985128,0,47.43780608968227
2024-10-29,otono,68.7807578755468,5.1711004337004445,68.12638813540923,21.3488887571065,30.619347719086527,35.194953392902804,0.9795192006083039,2101.3093150439427,0.7462624017410362,0,46.52167686152063
2024-10-30,otono,78.12956309217647,12.186577635018406,55.83046897089523,21.495583213196355,22.805504755813885,35.91672695996766,1.1635715837230844,2231.462279021714,2.5644486659479204,0,40.70896899752849
2024-10-31,otono,67.77645873515655,8.713679435848798,79.25252780199598,19.49289325696277,25.576594361044904,35.92622349752926,0.997764174567603,2179.076096482329,0.34981668260683746,1,45.64829621904905
2024-11-01,otono,74.21219646146201,9.221185177949295,69.48673748771597,13.669250796764825,33.96123923170232,39.38366227841597,0.9478799348765744,2075.7683811472434,0.8798082271093892,0,33.150998843681386
2024-11-02,otono,88.17763010679238,13.395491865336718,51.50947958273571,28.28659015192724,18.325580303699432,44.96964548634845,1.2661734508468017,2245.6566646270016,3.105362712934692,0,36.93973219157271
2024-11-03,otono,67.62027355635983,9.041934713478456,65.94716798909491,19.451553433819353,31.35604149155248,33.91517472789429,1.1363300163807224,2179.332913361398,0.7382560633377436,0,45.01007517349279
2024-11-04,otono,65.2020133580042,13.562994257670306,61.43178180309913,25.68006509862377,38.813606848202,30.473678310222038,1.0646394129334722,2098.3521383919924,4.569357444805352,0,29.959934494959167
2024-11-05,otono,79.52817694439592,16.438071810598043,48.11592132645702,17.38027869903453,22.588935878684197,44.04305411158576,0.9580464294848914,2204.141771092757,6.485910266413671,0,35.82489137490388
2024-11-06,otono,49.23863928158205,15.690513113205952,70.10149030553222,23.866973448028016,38.65766171563999,30.294194023090242,0.8255773883836056,1600.9498762192698,3.1119070743319392,0,29.781625978718097
2024-11-07,otono,69.04674856449047,7.130424881531287,65.47829727151466,19.732783053823084,26.0810951321964,27.307049209570366,0.8498958073606382,2112.926050485049,2.4452761719149803,1,44.52678857544133
2024-11-08,otono,47.7174643520379,11.761785739818727,65.04773233691795,24.448734143809546,32.174845296202164,32.32366094750511,0.7528800037121901,2012.6991005275838,5.5854188094536905,0,25.297269461176462
2024-11-09,otono,62.08090865219629,11.93479084340677,52.60607580152116,24.913043355479065,29.414405987624377,27.150559944132205,0.8744040858649775,1997.444083905332,3.2239947807931224,0,25.807810494147855
2024-11-10,otono,95.45813613811747,6.084830850045842,61.34709758727173,22.80606723941166,21.797863818548823,38.49396860968826,1.3273231711550235,2415.086834067797,2.130529562439749,0,38.48111543363068
2024-11-11,otono,88.00591009087826,9.4377950935247,57.1188115164434,18.5666268294906,21.502898340302906,34.56949743710253,1.2111320700582913,2396.0703807973996,6.410243066615672,0,35.08303402571029
2024-11-12,otono,86.94345296883814,14.861214975947343,49.846796884141405,19.20666999926575,20.340581682952017,54.99881725886699,1.137693548499084,2300.1429070952627,1.0710791051609538,1,41.73947257721132
2024-11-13,otono,85.24513805871871,14.116745259634516,60.23976631816755,19.18978146143218,25.95322084785634,39.806427657545385,1.2433083610305098,2330.748886251975,2.3379616605981206,0,38.56212981809592
2024-11-14,otono,80.2245364678263,11.873722309208198,44.63917434328434,18.746457111728695,27.48522550984123,47.15234731795681,1.1165213048515268,2277.022409127023,0.8551277003299174,0,34.98745805448326
2024-11-15,otono,52.56872279078145,12.190208351195876,63.013493239619265,20.371418752069168,34.16643589082444,29.376955484458758,0.8302374364874263,1781.2758701852208,1.8023348185162347,1,40.68419435410344
2024-11-16,otono,83.80639088439005,8.667545562488339,40.21370210240926,20.621564425941887,27.913015470626526,45.51273449465104,1.1134727702912737,2270.3454423860303,1.5419252031077137,0,41.14181030532247
2024-11-17,otono,72.37148974169821,13.108846964890027,61.32582968805905,24.21895534235868,24.916859187651514,40.915417339277425,1.031037737917876,2191.031150398059,6.829811730745205,0,34.28182144556063
2024-11-18,otono,57.11171271089678,12.49799820811555,62.67611897002159,22.017922992579038,32.62144050637328,23.53334372707453,0.8691446678877954,2020.013988596842,4.458433200212108,0,28.60673118539138
2024-11-19,otono,83.86573845779638,11.628526080840293,28.083148793145824,17.98368147084236,33.83491845954346,34.609178484854446,1.1703647703510498,2452.9027207049726,4.972172493596715,0,31.105102021057785
2024-11-20,otono,73.3081383091549,15.923671814621429,87.86382461282956,23.615257504576636,18.756622648090953,43.797395748616424,0.9838248016895131,2295.3720069437095,4.926138481281479,0,39.516461739695345
2024-11-21,otono,70.43527326191315,8.904276837447796,68.08282287263542,23.53403345939355,25.472761311788886,35.28396910866071,1.0046105608785336,2084.28388372271,1.523979848653283,0,32.79459711127656
2024-11-22,otono,82.86106136774328,7.431135541419364,51.935878550982736,19.345094968850585,28.447676536576317,34.787448538249905,0.9885008179136658,2139.199163573657,0.6452482330779226,0,44.12114720697951
2024-11-23,otono,75.28742912386758,11.281910963805938,85.688659265768365,22.66564297476598,28.64593730123382,42.58453007952564,1.0509930914978112,2208.012144823305,0.18367646677886798,0,40.8011607760712
2024-11-24,otono,50.0446941293289,8.594293522706216,81.99088627016539,21.082419385628086,33.98880899917922,25.584649346685303,0.7033858359184786,1975.7809574851292,2.120426111869834,0,21.985582334394373
2024-11-25,otono,69.06799219266512,6.31146581181507,39.982864283817975,19.945388611998055,23.004172768659092,47.592868893003484,0.9840303243667569,2220.894972997969,3.680165675103489,1,46.14432464134156
2024-11-26,otono,57.377117460478736,4.283056557229271,61.48992126769697,18.88457692708993,31.20100565806275,40.45357614401108,0.7287640356974403,1814.536023224376,3.469906309447732,0,41.7587029096181
2024-11-27,otono,87.26906769364574,10.351109256577997,50.90761190074749,16.05567685024031,23.940314250571962,45.4141925229251,1.2358359469854905,2391.555285926946,4.2776477824631245,0,27.949097048910854
2024-11-28,otono,91.5524334573486,16.215019596831418,69.45990084970286,19.120624247291726,23.336663744161907,43.43932049499708,1.3467710045606693,2225.4725561377813,7.4109142653191675,0,27.551979747200384
2024-11-29,otono,55.57848775157666,13.2281880015234,36.46382111227592,18.006153783382544,30.94398014738381,35.949452794823515,0.9221905337521982,1909.5376808066883,2.211409851635166,0,30.708969393161112
2024-11-30,otono,69.36405700351926,13.63984758876194,82.34248037544268,17.167671330376884,29.957435271643035,39.092535453688754,1.002383771349382,2262.2525845326313,3.822066345485007,0,32.58724922625964
2024-12-01,invierno,67.17620943550388,13.306997191452416,45.63846725516652,20.95800307960133,29.040557417526625,35.302880359536985,0.9694021385101126,2085.009335650039,2.975136287709175,1,48.7861921580907
2024-12-02,invierno,81.49581076610366,5.986046995321764,56.351743205657286,21.12133031411868,30.040491717215712,49.43106159696314,1.1557449673416142,2324.765486577264,6.920834072481904,0,45.292779891158936
2024-12-03,invierno,67.69903345369562,5.763356279242471,67.41201200404059,24.873202387348467,36.41569475710645,31.90461296913263,0.9867840475660612,2170.951910609932,5.82366271333337,1,33.9948541258826
2024-12-04,invierno,72.62057075790455,13.138760956845376,79.038784148427,21.599484830043917,26.501462746802563,38.75154086349903,1.023361612339003,2427.7289323705068,1.874750669397917,1,41.03837974249502
2024-12-05,invierno,71.0840737292579,9.602194545008471,57.07070051376194,24.634767257181334,24.96864241130335,28.455266038630043,1.00361468711858,2029.6487199393316,7.676302263017271,0,39.11173256241379
2024-12-06,invierno,49.701612906238395,6.357564423892377,58.8300185141758,18.47325462700408,38.27134171811872,25.698916085459995,0.7465953738767757,1758.390957852404,2.3784124592258693,0,33.98533762864445
2024-12-07,invierno,62.014568550660776,7.260221314062813,78.48086226501995,11.870133912376229,29.281576034613423,35.94175279172843,1.1073961958449767,1885.937971790943,6.269108541745608,0,41.68252836469232
2024-12-08,invierno,60.092669413352986,8.684799060261767,85.52837895673248,25.204101366892814,29.459352924370048,37.76162305708017,1.0522649653164027,2116.240871378092,3.2953599955046937,0,43.554120676510294
2024-12-09,invierno,53.90378876720336,17.475182502854917,73.28239314328857,11.844522754979739,29.01472216825141,29.864111137255964,0.868307542445564,1917.3678793596023,4.629971044435318,0,29.685002182441842
2024-12-10,invierno,65.82449772508481,6.006200245523894,63.31409549934766,26.001642848727414,29.014082018700826,33.898756621426735,1.0016099193752217,1973.2442629508075,1.0912628259946104,0,38.13347526576979
2024-12-11,invierno,55.14157879328707,12.361657718669305,63.71818513430547,19.220963867884784,31.762814322479674,28.18910830731785,0.8054712411244838,1948.0960440752908,3.337036292513824,1,29.63304767240018
2024-12-12,invierno,83.31765000900394,10.161684504996545,52.67928892248169,27.054746695101155,19.90437628898499,44.375209564498476,1.0455726863912254,2321.181396994665,2.888357291321739,0,40.93925222290664
2024-12-13,invierno,69.18357663713637,18.24355714680248,42.60172649845795,24.003965573397945,34.761257234176874,38.69787701464488,1.0823535574568608,2143.120118511498,5.605015159046986,1,42.53233761667544
2024-12-14,invierno,69.63909514375092,5.715749226678067,80.55750083657199,15.939492075239595,24.405485113202758,39.45060618353128,1.0231344652864909,2092.5750387494986,0.9743214492351571,0,43.71776576392807
2024-12-15,invierno,75.62350197522899,6.387020447260989,62.10029675050442,20.806200663268136,28.373400804525907,35.8491398448336,1.006419048622466,2041.146504242159,1.120931981649738,0,44.490438733274395
2024-12-16,invierno,65.42861364183909,8.097419052923183,77.91085428866512,16.62483628637319,28.383104403321013,33.837140765182355,1.078990868770284,1988.1476559340324,0.36513260441336337,1,54.347634461340995
2024-12-17,invierno,77.70576436564966,3.557353188665119,88.122971033879,8.567881090240363,25.349923647784394,49.35187366944055,1.1366614924487244,2067.801603145309,2.3292684400808046,1,49.688167372009715
2024-12-18,invierno,85.43086910587098,9.285612275087376,62.29873661527415,26.785854936579007,22.084454159052452,39.614605051379314,1.1440216479126868,2325.932257549573,3.8992356283256053,0,37.3356329843438
2024-12-19,invierno,63.79072928824807,6.108142892688079,68.6565547818631,20.403787559279145,24.203888355264166,32.43118797869246,0.9885735784633848,1879.2691896036395,0.5123673490051053,0,40.30784729600281
2024-12-20,invierno,59.53893140919142,7.9270232723441145,49.17606845090209,22.100003737400122,36.192748228434404,39.4051250061944,0.8279953807773526,2005.0705837759353,4.205795956627211,0,39.59621698284883
2024-12-21,invierno,94.50084464281525,16.433782837412153,67.89408214214048,13.058578002287764,23.907266720847264,42.19400078045943,1.3871511121687132,2623.933330815009,3.4122768871060374,1,47.615576940593485
2024-12-22,invierno,68.31443506986653,11.241543825342896,56.55925839214376,22.89247791180568,33.067244898577286,38.91403452936382,1.0854631208124106,1915.217441686202,0.7394271939234897,0,37.26105132248127
2024-12-23,invierno,75.2183593405081,15.359685164686905,49.69510267986757,17.19627866286648,27.617161128575958,45.19500900014624,1.1700579124031043,2024.3571541691051,5.419401564614722,0,30.704000157135994
2024-12-24,invierno,83.87856941060001,10.795849942037027,60.93468340456004,20.32897562674569,19.249986266991606,39.07211067523194,1.1672901238926578,2305.701139056422,0.6406176728024722,0,41.61529275460769
2024-12-25,invierno,72.69979917456986,7.715927885563959,47.69932022389861,15.09418576306133,26.002164969843143,40.935230139965974,1.0554996130082137,2392.138658985762,6.634312212326467,0,42.82245022415535
2024-12-26,invierno,53.557233005144425,11.58266319606998,65.7515880238989,22.325452605669565,34.15418617400368,31.644854435777795,0.8098655522946476,1850.1096585125367,2.234339659683016,1,38.86712390861972
2024-12-27,invierno,59.13229310415893,9.880034266993421,63.92113855084458,20.71818578190113,22.32470071141519,28.145236757970384,0.8786456209872071,1932.6001590555875,0.486491277695107,0,36.73530926094956
2024-12-28,invierno,56.484037670226186,13.635784474538404,71.54641254607373,21.53028162343024,28.21938476034439,26.505212022193646,1.1526056137559568,1950.803044404319,6.002491559622553,0,31.761797011444017
2024-12-29,invierno,58.452497038860614,7.681785092957685,67.10799565296773,34.89864602545661,31.381528191251878,27.646499957889578,0.8028487554693998,1988.6708521825606,8.440081030704073,0,28.755195076539152
2024-12-30,invierno,92.04185048623027,12.256218233738455,45.32353415051569,21.632383128907115,18.861605167369166,53.25547147250675,1.3540885368672975,2287.7601742176103,2.0522246304637455,0,45.13224154945511
2024-12-31,invierno,65.36832879287203,7.2490672039789175,32.218766958990045,18.174275477891904,27.13023088145647,25.860900605054617,0.7635963349233389,2121.541539256049,4.488177318472301,1,38.61022434572994
2025-01-01,invierno,65.95272005783293,13.116665637670712,76.06044516285063,20.951762163855456,29.304677020837474,38.030637646407186,0.920980272371324,1962.948083611994,1.634984420100582,1,34.156988413241834
2025-01-02,invierno,73.31808258311804,9.653891203845006,72.81559846936894,13.324598676206705,23.447156019893477,39.43091212929557,1.0741650381699097,2175.029173910454,0.5256913750215665,0,44.447135684514215
2025-01-03,invierno,55.140280441295005,15.422381505331755,68.2154392920722,21.212297242770536,29.48880290095093,28.86360986565605,0.7842404596025334,1874.856429937592,2.8010532098240652,0,26.271791344427356
2025-01-04,invierno,62.200400346131175,10.692473212613917,47.44930053473223,16.884234492870505,35.44489300382348,34.64409438801446,1.0017145916552779,2125.1663093272077,9.931838519934129,1,30.4489183799003
2025-01-05,invierno,69.06889989752653,12.916176384455516,50.42916710751584,20.21532580326712,27.19123276218274,37.60365654697008,1.0128206169799578,2037.2425865307628,0.2195150045766424,1,45.04683186494302
2025-01-06,invierno,58.077463433050404,16.010891711856946,52.55854804953906,25.90101717301839,38.197416302001784,34.313593986271904,0.9285426036035296,1932.3047265321088,10.448061373454623,1,30.39122419773222
2025-01-07,invierno,58.9276844832557,13.686500520406751,63.04104324496266,20.015674169773572,31.456101759005552,35.54662450375182,0.9257900387981959,2009.0871246752606,2.2319899254264794,1,39.854603859795695
2025-01-08,invierno,44.80550852643044,11.614573876832313,81.49693202387996,22.80430704435907,43.341151149714776,33.50749944083969,0.7975702259666527,1816.1811514863098,2.4454588567723103,1,43.17790948593036
2025-01-09,invierno,49.35579361128357,6.230427209604269,81.92482527343957,21.79452063571882,32.955389034027505,27.940031223430054,0.7563556499318054,1963.5035695029512,0.05196866803266925,0,51.727557041127696
2025-01-10,invierno,77.60540466643718,12.725427792021625,66.4640678736875,32.0588204661765,21.45826648761049,46.33538916324116,0.9166754659611163,2280.1083732788043,0.029739780183732856,1,47.89002072052951
2025-01-11,invierno,65.74358220511546,5.4169239955710955,48.71885822931441,27.649159787752353,30.192864860443656,44.35177201353167,0.9713472874699246,2063.5801003003294,2.7502524285981176,1,44.06345438604392
2025-01-12,invierno,74.40396418621918,14.808517197927694,74.07752875128708,22.83661771681832,27.500487367261762,43.63216403403264,0.9524652391675067,2124.2160750734215,4.296747408893139,0,40.569097827831094
2025-01-13,invierno,33.61044742836246,8.515180226838712,58.555564543715505,14.796659234449876,39.916123478320316,15.383160187749851,0.6758144048388486,1672.8057272902922,5.70044838654935,0,32.646221329120976
2025-01-14,invierno,63.27062974630089,12.0541286867068,44.37640269316287,30.695774295803247,30.609827384446838,38.602039460315645,0.9471161681920305,1944.15521652957,5.457955686913884,0,37.54894129585285
2025-01-15,invierno,81.81834410993919,7.227039127510068,49.33424958559489,26.525548871887665,21.955237410996173,36.240776001104734,1.1948170239331233,2174.863711389341,4.293948067799238,1,42.15139205573392
2025-01-16,invierno,59.63705517107918,11.532667834040396,53.8031705735697,20.62148850925028,31.589353069937108,26.746242564554972,1.0843210377300707,1875.9814856192006,0.8861470634959722,1,34.110554318616614
2025-01-17,invierno,86.48026087846006,11.194025333586815,57.79822068126351,19.92348753611996,17.787294802792555,37.95249450243538,1.3156290526474308,2311.2200061370554,7.4658058472987685,0,36.78160549257393
2025-01-18,invierno,68.22043250047577,10.58458796458771,79.53558684993908,16.346847622721114,26.36034529068681,31.273912895563058,1.2016013178808573,2187.9627439684105,1.3454320309458363,0,28.735531627253756
2025-01-19,invierno,71.29079124755232,9.156100148897671,72.51672819322275,21.593821761790124,34.21799373101917,32.875430856981644,1.0149149331160339,2058.4330632726223,4.1749088554439995,0,48.46935218719884
2025-01-20,invierno,69.47493104015436,5.209416055811465,59.3656585877576,27.227370749810973,27.782125313764496,48.69306983198613,1.0684688231477844,2120.4575540031556,5.429211985946336,1,46.4812339621114
2025-01-21,invierno,72.46231518066591,21.474618284225414,84.83590972440484,16.64087643808538,26.95945030770825,34.904639582130244,1.0576542447502018,2330.2712328922194,4.321472724093522,0,31.22195753343023
2025-01-22,invierno,74.12472794199891,6.479432468136586,82.3261839188605,19.34730028178651,30.34720545720735,26.56485244361771,1.0965377592464278,2202.115464070017,1.7109724072487231,0,35.336691322892094
2025-01-23,invierno,59.93813728524445,13.528812076705456,61.970922532015855,22.307797194769638,40.901079648220275,28.509469139821526,0.8280046173739788,2002.336392988026,1.3538204451114881,1,30.38321918158563
2025-01-24,invierno,74.45288286852345,7.455335861679581,58.53958686208202,25.22887277399634,29.115801570368603,34.23390287657986,1.1192697585212035,2242.213765750238,8.50575478348369,0,37.79835180220862
2025-01-25,invierno,55.38079190318544,5.847680161094611,76.34348480307327,21.035875907075823,31.1578431550244,39.24290812669551,0.8797790559238009,2015.6569506080534,1.2282957624457334,0,44.71437317631925
2025-01-26,invierno,82.04195166097051,16.87609176102505,95,24.656603356301055,27.88734710201356,40.469781774648176,1.0920967995403708,2266.8229996696477,2.076441572876406,1,37.885582924143925
2025-01-27,invierno,86.06222112049227,9.05015782828064,29.957029466795923,15.273814259840508,22.35122382030445,39.99328044432257,1.1481209509839678,2337.9234418356614,0.9020427803628579,0,44.74016468522906
2025-01-28,invierno,76.03951979817606,10.384657907282733,54.73210561097788,22.074772124681644,26.6418823537882,38.15639538899652,1.0567679684416893,2131.808424697678,0.4285049532373707,0,40.1428385987004
2025-01-29,invierno,56.417317695748345,18.692643565406424,55.971157651624154,24.671633011847618,22.659106726243294,38.98469911071993,0.9323968194374677,1888.69374643907,1.8414696964094799,1,39.55818083009781
2025-01-30,invierno,62.52833726960589,13.931664752046734,82.54592846539254,15.512998073341981,27.078634384852087,34.436580450279614,0.9687260538839746,2278.6311351717954,0.498355356281459,1,38.9051379439773
2025-01-31,invierno,48.31085801505229,12.305049341548441,81.40486026158965,11.793119848818169,35.523005087318616,30.125011695184856,0.8689412782521101,1896.1551639639347,6.872182272794677,0,35.1379340791963
2025-02-01,invierno,83.49392056008566,9.01226068733173,62.39600797901626,15.311348788438153,19.930939511149443,41.531675715701844,1.155728192341217,2164.591431096455,2.461399362787309,1,51.1754868373432
2025-02-02,invierno,65.36220328524996,9.980917676133789,53.5547726197607,22.44157589588372,27.64973937620026,36.49229736710714,0.9496253596651633,2064.0126989610353,0.4757459370186332,0,30.09367041812489
2025-02-03,invierno,74.92590049800543,9.986705251494001,56.22940379850627,17.737719554292525,25.284028472662026,45.29255138563613,0.9007190970778343,2198.7611842742813,0.9924735401096811,1,53.87936273288187
2025-02-04,invierno,66.1644564825504,9.422736549815294,68.21981001387408,21.431759677288326,28.094425734229773,34.20960918260138,0.9754334996997043,2087.7354232145717,1.0833474635979239,1,36.67701748330994
2025-02-05,invierno,59.614856422085246,16.76552640703182,68.80345272326431,18.56772705017607,27.6658363736302,30.902900542973107,1.056807783562912,2321.455950875533,4.031419986540943,0,20.68734323052091
2025-02-06,invierno,61.5734619739481,10.950772099561236,44.10075206148411,10.949352850595242,28.53203042625951,32.03089593215327,0.9961763945539824,2038.6843366982525,13.648759597340383,1,28.90295339377306
2025-02-07,invierno,71.85951367779835,7.925613917931542,63.61569443146721,11.004752153275371,31.069009780642435,37.065335992592125,1.0291038046530445,2258.25097010451,2.021976936036155,0,42.78883326661466
2025-02-08,invierno,64.63173833483982,14.710219086496782,67.4749473373865,14.073274338209156,27.934848061989804,36.21765537979916,1.0456074753169122,1827.9400418452883,0.5846195346358274,1,43.11895073628734
2025-02-09,invierno,70.13447742659524,11.499071324848105,60.13410374730139,16.870764716808768,36.73202928706791,38.11056810116623,1.0490424619202967,2196.009939536657,8.396500667446016,1,40.151700071843784
2025-02-10,invierno,63.093698482513055,3.6099178986493063,68.37094788140158,20.533496615577963,26.37328598196315,36.919202035150455,0.9455535456722043,2139.2332795294155,2.975130780748669,0,46.5504415673493
2025-02-11,invierno,66.74410266635314,7.317544783645015,49.26238897245855,11.3394522174894,29.70868792335037,30.385467026472366,0.9920136228100379,2000.4645028620378,0.407660768200526,1,37.72244857585923
2025-02-12,invierno,90.13941559345258,8.709598252427698,56.63343665647019,27.61553665951789,25.04802107321531,40.627961503498135,1.156469820799069,2698.3861360324468,7.050515406976165,1,43.9860173270106
2025-02-13,invierno,71.11293936718415,12.681188135708902,94.05514757492641,8.363199013792576,31.157421453628693,45.65681910053423,0.9890653216111539,2249.71307918259,1.0461848373013318,0,34.83307790970828
2025-02-14,invierno,73.30583172876817,7.852384576185755,72.07674613842437,21.852192517776107,26.9283684840712,39.21653750910042,0.9811287097231883,2106.0190185188562,0.1518595849816045,0,47.33771367396125
2025-02-15,invierno,72.24213686873692,10.89708433673334,61.64232753695809,13.101515757175612,33.31276609765647,42.937973220890655,0.988058213508056,2147.281188146928,6.379989889915028,0,36.93127602608575
2025-02-16,invierno,73.25330789987302,6.834151439073851,77.40431314547092,26.385209036438063,27.42595037627221,50.50349451810478,1.1161730237526322,2101.0639270113065,3.4369029498520502,0,43.1855765221338
2025-02-17,invierno,81.92300823340821,15.59848834324112,66.63063843815618,22.87533630682255,21.743055062754884,51.51161402830505,1.2111416481270085,2168.276366520004,0.3555496367432213,1,46.74375196103193
2025-02-18,invierno,76.42472554468354,10.558216611784589,68.0784163403545,21.909582761796788,28.472976396634934,43.14309986705558,1.204592081837296,2313.4774812121145,1.0706987269885608,1,52.358068029384455
2025-02-19,invierno,50.37659815722426,10.608924208927581,87.90488870883343,18.926958371774546,35.195395912952996,33.42567741132616,0.8808522428029224,1770.4515190640063,2.990046498091265,1,38.89846656772337
2025-02-20,invierno,80.2528679552611,6.821274226301928,40.911735767419344,31.738380738122178,17.32326934584431,39.92447182237842,1.1204860291333474,2125.4047010091267,0.7399551368630906,0,44.77132236761599
2025-02-21,invierno,64.65926571315543,9.669336061007174,72.55120039087059,16.937716622796813,28.266037514831385,31.01491951044529,0.9129462254861196,2136.4221179128635,0.29888633186531827,0,34.414785517320496
2025-02-22,invierno,75.83092104218703,14.322273280288258,45.295293683471996,22.739878866230207,25.410449747496326,37.08469839325908,1.1425906506085688,2353.325673326017,1.6669366922114313,1,47.42074768588206
2025-02-23,invierno,65.38350917141864,7.737222043430944,42.34523737383583,20.97536725714196,30.19043114893173,34.22396117990448,1.0058447406116502,2035.2418695110844,2.1653435081506376,0,32.08824312290045
2025-02-24,invierno,58.694191420441975,9.06170344547045,39.155141660070164,30.828513080005457,35.29706012768651,30.600378604123723,0.8747538661976885,1817.5225287909223,2.339279195716286,0,35.87622358110651
2025-02-25,invierno,63.90000107233189,9.88264782395591,58.105281380530506,17.268813217160982,23.595578122166984,29.98530670318335,0.8988520103113424,2105.0437091082413,2.6301129335402207,1,47.25076810494862
2025-02-26,invierno,61.18872757973236,2.647763815088936,54.25557402695662,28.10297513427868,30.674684321884673,38.01781542987976,0.9005559689239989,1926.608348452137,1.3395362292070105,0,36.5810809166046
2025-02-27,invierno,68.44630852047065,11.117875327815801,75.30012392670103,21.63348005904876,17.136419017136998,37.056794691263235,0.9723450186666226,2050.3967212501734,2.0567319391786154,1,48.14685781397744
2025-02-28,invierno,67.25314884329866,2.2934813614858722,78.2193491229243,19.931608637831314,27.539517804981937,45.549359460620465,0.9568344139346314,2497.637624212973,0.8728543922584305,0,41.12058956634347
2025-03-01,primavera,56.588083169053995,17.55994040063362,50.0824898390524,29.020524580396533,32.72617589663706,29.58060180252411,0.9399599422197106,2039.353442956633,0.9952218169887979,0,20.53596777984283
2025-03-02,primavera,78.71494756868802,10.688549012318862,60.76781703721968,28.00376150574006,24.2167885170124,40.46059986457887,1.1211049600701055,2374.8014140787686,7.199350763406943,0,27.018886395073444
2025-03-03,primavera,78.31933096329331,9.058497235561648,24.724727991362542,17.966479486290687,27.163098359054196,40.83042415434934,1.0937756561753516,2044.6096747367187,5.9595606934787115,0,27.946308325934222
2025-03-04,primavera,66.8528710611611,10.065904691844928,48.03749676718773,18.48051787127409,32.88701818153315,46.748611607886644,0.971043027052894,1943.3801197027524,2.329589009519473,0,35.79699796376063
2025-03-05,primavera,50.30060789307741,13.626938416269248,83.54224431401249,15.43419626919317,34.910962794889585,33.22615264581853,0.7765065589726093,1981.9892010790693,3.3416010454271543,0,28.147612630044666
2025-03-06,primavera,59.086357027842155,10.23934528198077,66.99647749831215,19.012790605619696,29.927461845134157,35.27650363063808,0.8874424515212934,2136.414194178882,0.48750442754604795,0,30.265339373709725
2025-03-07,primavera,77.3516807168951,11.805757214245666,59.98506333262866,18.435189626693514,24.943075579471618,46.46874351957641,1.2502513349592088,2277.3857327910396,6.772797606845397,0,23.67691271091082
2025-03-08,primavera,67.92136425380681,12.983102145182992,54.69118279188669,21.573229560483735,27.21643104413129,46.57756233594073,1.0925567112566272,2095.028120773847,0.4938214520950711,0,34.25380195403673
2025-03-09,primavera,80.99393465805088,8.542529467115138,49.16507084212276,25.98788910375683,26.040046891996795,44.211187411565795,0.9969075414864297,2156.092711982246,3.2979923378307006,0,35.76959597813447
2025-03-10,primavera,63.74794163606205,8.576916131751387,52.82923748822838,20.365582922309486,28.6668219329315,43.27499393393184,0.8459381024991109,2048.54419884725,1.0966752473709525,0,38.93220419651918
2025-03-11,primavera,67.78478573334142,13.078100866452136,70.40669326088913,22.228055076692794,33.65010537050321,44.38177406828098,0.9593733213692894,2015.349131404255,4.972786943520439,0,26.51836622874722
2025-03-12,primavera,52.59725591495852,11.814687437439234,66.14188247515185,14.19645446508925,27.72698271335155,32.02388827182902,0.8274657040700012,1751.9561172643193,4.568534127745949,1,28.39027914746878
2025-03-13,primavera,83.76758630073782,12.174236692199278,90.34426936261038,14.098570228024617,23.194516800902257,45.00514737233623,1.136125950121187,2050.134173227813,6.424249428629709,0,34.920401400967975
2025-03-14,primavera,69.8558959974251,18.272710780672277,61.314035881783774,17.72823121685167,28.12256522920309,43.40852419739223,1.1622165502609212,1977.0226643300796,1.106821672918186,0,20.75479294316751
2025-03-15,primavera,70.03945528226642,12.637881722688988,68.0089106959865,24.727399567274027,28.15932087016668,37.349908945944655,0.9527399310739686,1928.8230908326093,3.443772254062158,0,32.067231818641076
2025-03-16,primavera,50.2437663777899,4.060987140689197,53.16151154060079,23.401962423925358,33.87124868764384,34.581908154968865,0.6837417577174808,1825.072576130429,0.4475833141070252,0,32.18596267220385
2025-03-17,primavera,76.89930860417455,16.692926587467454,58.506200740905996,32.06464040649412,27.510488966990938,41.520642412244904,1.0605939536347924,2381.578203682076,1.0459146403983353,0,24.619826092572954
2025-03-18,primavera,50.50594134209771,2,69.11351997119479,22.89860751435071,36.2356284974781,29.522982346880735,0.7148463622211053,1783.356394129098,0.4569580021809744,0,28.383200506885238
2025-03-19,primavera,104.43372754148075,11.58331754691773,77.5157866873636,22.91708405906953,18.392981063136208,53.22063708363186,1.5271682160323758,2327.839140381769,1.8290122057839484,0,43.37288510460119
2025-03-20,primavera,76.12518391651352,12.30886999883553,87.67772620631432,15.653748409288525,20.152092200227777,33.45107317841029,1.1409799611864415,2148.6382599152794,2.5993186138892233,0,38.943346043782235
2025-03-21,primavera,55.153683720337256,9.992569305554426,57.57265572047281,18.670972155397475,30.58501868862328,32.75528188313323,0.8980253241456275,1769.703446758927,1.7613932678252815,0,21.512573861667637
2025-03-22,primavera,64.63993471398365,6.806976116315585,48.40033711500005,22.752615696712695,29.95373327618954,33.01619294032962,1.0422784105310565,2145.2076932853115,2.2401154047834515,0,31.024048032020904
2025-03-23,primavera,69.108969842084,10.559513974614001,56.25009522648125,21.26844498561511,31.14777678444798,30.69503497133561,0.9863503124342506,2287.163719503618,0.9925302881960814,0,25.47785728924871
2025-03-24,primavera,70.71317719751801,10.838481259549512,77.6011579865221,25.392773275274834,19.909703883306683,28.981537697545917,0.8717167170138643,2007.7944890580006,0.23561203763769548,0,33.8064896791827
2025-03-25,primavera,72.29022612236172,9.850539925054704,71.51776977590802,19.894238020720017,26.86097275427809,29.834002054702736,0.9868469563449362,2227.7603546425016,0.1616934028260755,0,42.1477997380491
2025-03-26,primavera,69.36645712879104,9.390527540913178,62.40428701416189,24.298237870305442,31.450407109853717,29.001431700146895,0.8375111984067936,2352.4823180042977,0.14344503337791573,0,32.961854467436474
2025-03-27,primavera,64.42913108240559,10.471875466199087,78.2828630513727,26.80293106644215,27.803972287603866,34.37008517897334,1.1164280527117985,2166.4166223854336,5.612916395182574,0,32.480628273559546
2025-03-28,primavera,73.54139026147138,4.750842339792795,62.55775729534488,25.10666221136276,28.13963203170497,39.69738498835435,1.158053059729541,2114.592458906858,6.720768199743867,0,37.71093902600208
2025-03-29,primavera,70.8326173758131,16.522047799060164,86.22494737000355,23.53780625597054,25.23751487906171,28.165514721046918,1.0599223503458162,2239.134826813029,0.6284967867666756,0,23.913815059475777
2025-03-30,primavera,61.54421083158218,14.105269949845367,46.67416924548221,21.698555333360805,34.13746161136663,32.63986818471432,1.06930281854214,2040.2924375954249,1.1110460640138151,0,21.33896953778969
2025-03-31,primavera,67.02135107456932,9.048687176219806,60.04913265507505,18.51512619874888,23.180550829123764,35.58886497106233,1.0632399891155024,2059.4407766434047,1.6234958914281858,0,39.661929285002905
2025-04-01,primavera,71.18155995908953,8.739148172377124,66.09476834188546,8.868722429471589,24.181522359876197,36.579561431384825,1.2301857728468022,2092.598924232864,0.8328127582745709,1,33.68297710061395
2025-04-02,primavera,65.92904536105928,10.733431112766544,69.72450271524701,25.45072646353867,28.545840720059825,35.86551472600263,0.8744928840773409,2152.4788766027264,1.8628277613742341,0,26.726878449163767
2025-04-03,primavera,61.42057612168415,11.701980297218029,82.86441099271977,30.448931543578468,29.87067705241365,38.83048107647083,0.7989188603355115,1926.9710698839674,4.859155499773234,0,29.249675103485544
2025-04-04,primavera,81.24811120331631,11.427678006214428,58.968539168629164,20.192064870995377,19.399090179313,48.63618254574814,1.0930698191398804,2325.049482681337,1.8383967741724054,0,45.5992874823843
2025-04-05,primavera,72.4442247498132,6.637648987743833,65.93811562192184,27.974312543786727,29.626082066930355,34.99774823365171,0.9875925743131974,2155.2557873123355,0.6331855701215621,0,43.37394546300361
2025-04-06,primavera,76.61964204532875,14.087516780828375,73.36383797764228,13.405719917054409,22.02391526054884,48.858969062804036,0.9022967779136594,2270.470827030863,1.5011706848950401,0,42.79329188824079
2025-04-07,primavera,77.22364022660794,13.453268496597731,50.31316730158588,13.459244333898845,27.89102677364924,49.24263805787757,1.3001667127186238,2303.4983321349973,5.597726184166098,0,34.24454593834714
2025-04-08,primavera,84.02698158543578,10.603715393564539,45.345095855135014,20.889066413875096,30.688305688196728,42.72446459908317,1.1318760770516885,2144.038702901802,1.7501071896030733,0,29.33735375175366
2025-04-09,primavera,79.14205532009593,11.235270723395397,44.466770243508584,22.043404007096584,35.43708280863949,35.50610380145172,1.022620741164552,2202.0059037800825,0.31502751870567375,0,29.550292853023365
2025-04-10,primavera,53.95037262720329,10.774099273697532,69.80778831797672,22.550056601369278,29.427141242564844,30.027031350553063,0.7802901901877183,1768.1298083552058,1.0651995689997205,0,23.069486171926947
2025-04-11,primavera,52.57083305402381,11.94811455474002,55.23241618087802,17.992887458694582,35.46018205321802,28.565576190219744,0.8007767174118163,1853.0596677559208,11.627339333185857,0,20.599437059977696
2025-04-12,primavera,67.03368996011788,10.395638732928802,56.48334689102265,34.25515699054462,24.844174230496247,38.14608088164842,1.0284541650103838,2240.6050814420137,4.026067332828449,0,33.57378895189089
2025-04-13,primavera,79.37218175573764,16.14012832370343,52.580931431428624,16.667151276581752,28.441112671079356,38.62291340118007,0.9986621131143445,2307.4688635120006,2.6433492082684995,0,20.808766133687215
2025-04-14,primavera,76.50922596415282,4.859312694545539,69.77682713101082,17.243733929242225,27.2750690628586,37.30344552466423,0.940557130215113,2163.644517655516,1.4194512172872198,0,38.886952058799004
2025-04-15,primavera,84.53827446381197,13.833096996593813,59.47143645435974,24.791763376587582,19.1504617781844,38.34296017740777,1.3246448955822536,2364.8098441872285,4.498320761486115,0,27.351615072236893
2025-04-16,primavera,65.6279567646835,13.182876719356065,52.65626807057161,22.40791597066258,24.047871188057172,32.507604684880945,1.1292098681613525,2001.9185733447955,2.755476857269098,0,25.371667954373436
2025-04-17,primavera,57.86868235773208,8.615203841527237,78.8888180963417,8.728627160276817,32.798564010040465,30.20615779835896,0.9019669154382038,1932.320620870306,3.789842765789699,0,22.768561311967186
2025-04-18,primavera,54.441031505577264,7.389532669365665,64.12874225272317,23.64599051377279,33.86937706804269,30.3750947413864,0.9292209222985652,1789.4648025262904,2.6504286074105883,0,34.17611036570206
2025-04-19,primavera,86.7276355126961,11.014548480167536,60.671897316263916,20.618387051612718,24.74365647365937,54.24482676208973,1.2335993353618688,2314.686776867096,0.24734990349006225,0,38.51229052492223
2025-04-20,primavera,90.17249018679756,12.465997365948937,53.78016301087798,21.935952511276955,19.903475011098855,50.88031030191356,1.2336362706959658,2343.9979458129583,1.737171623392088,0,35.83835338420251
2025-04-21,primavera,59.654455429221144,15.046504838467882,95,22.767959129423495,33.128688802151366,27.23703979544758,1.0048704753725555,1939.549711491629,3.363424776599629,0,17.06160913600915
2025-04-22,primavera,61.65119029095134,10.200716901250841,61.00124657000828,22.32433233172367,36.84217955466781,32.88363511326269,0.985781748853329,2103.201781184329,2.6650007773502975,0,24.87351566488572
2025-04-23,primavera,95.93394205625323,13.693527635120425,71.31172015502355,21.361409255552008,22.028489130112412,53.47920443314348,1.4322837452270676,2616.479251701316,0.7569022661371408,0,37.80559603917428
2025-04-24,primavera,58.74195832237718,5.5121794420295975,61.420811391868604,18.202552818571824,29.288489444936403,37.56876097075904,0.9330097128138966,2130.3787863279636,1.0911474671038928,0,27.831280144269684
2025-04-25,primavera,58.76740701128945,7.0140625176877585,50.450641717399336,23.935932682188287,31.32422780698187,30.317086340527318,0.8424718667287422,2174.60639418009,0.6138732861097846,0,27.94667952889428
2025-04-26,primavera,56.65318615572396,8.632358531101582,50.8363379239206,34.00871729558328,30.289272113253215,27.07307635194694,0.8384260675314055,1924.699603091413,1.5885767132743434,0,24.391973029189113
2025-04-27,primavera,54.69289010521717,9.985168601517003,78.7331090655608,19.861311085257558,25.407999134466863,29.95874165225763,0.9384229308738494,2021.923882729575,3.756828224097795,0,19.099302510395468
2025-04-28,primavera,62.18385194635149,10.607376497619772,56.73181626212148,24.817466269295444,34.03606280460392,30.002197844882197,0.9177468845825376,1785.4941511548834,3.1014833694618775,0,17.6899812145878
2025-04-29,primavera,90.63729121253847,8.476214912047118,43.674864686030105,22.54179746867564,12.766997570011243,52.802402619468864,1.2000369377907014,2226.204580569025,3.919522546753491,0,37.856829406883875
2025-04-30,primavera,64.50582677881977,12.484474318099299,62.50401576955908,27.437252073656033,33.03725891812225,30.568155042551815,1.012803106025371,2212.5886876534846,1.3374322304098643,0,28.594478729639143
2025-05-01,primavera,49.692356654841916,16.049237995813996,64.5320413741655,22.944966661308076,32.799446236857754,26.757879065643003,0.8364128498152786,2112.7142066791116,5.457391158741803,0,13.209117342273332
2025-05-02,primavera,76.1587883681539,8.162800906037544,49.78860665807895,19.594123089443894,22.470623457977688,40.688572847451866,1.1243174575017045,2197.431888006886,3.8413764135515893,1,37.62283338941101
2025-05-03,primavera,45.886332150901765,9.024889281668775,79.60735744551309,19.500485918779216,32.03157706054156,23.18935791760277,0.6606761712939935,1857.8237992253053,14.17024188572261,0,10.125725477334827
2025-05-04,primavera,60.91551044330849,3.3566597256666713,83.31527895619041,25.317510384476442,32.931112372316754,39.53841738553159,0.8956032662626489,1975.8968733119864,3.3685926808732884,0,33.62064706119229
2025-05-05,primavera,84.43067289746469,9.446564824094375,72.65033578791663,21.581683793566505,31.0403095931499,38.03373950388444,1.1608137784094354,2327.6559498775737,0.4322389759591513,0,36.89294020243279
2025-05-06,primavera,67.58987848241166,13.398366928102348,75.8413868083637,26.370349409636002,29.741049736090556,31.660151918217508,0.9077695563765786,2045.5876029340734,1.1748666123068725,0,28.59454098411533
2025-05-07,primavera,40.68636928221005,8.407329316908305,45.770921614720514,14.391842472984692,40.68871739186018,26.600199201471654,0.6789133413881621,1825.0148609325379,4.100618235584167,1,29.47658827524068
2025-05-08,primavera,85.37851005524251,5.288807909256142,61.74122115977584,26.47822722813757,25.174531400668926,42.97604560792444,0.9853937966216122,2330.5712696029514,2.5187106799693018,0,39.31123222713488
2025-05-09,primavera,52.23268655683928,5.746204790902611,89.41963729946127,28.994742103138034,28.55021962860033,23.101453689207716,0.8723081153151674,1580.7091558872457,4.562945724376577,0,31.231275612879482
2025-05-10,primavera,67.9849673401184,13.509800212168436,46.480557163575305,22.93589308956984,33.24010314584706,30.681462917415175,0.9861932250274071,2153.875456773121,7.625833643573313,0,23.64920188016354
2025-05-11,primavera,74.19826818654306,15.508443403643959,64.75364153384672,23.20633401987781,28.152838050273395,34.18258897947859,0.9771402839761345,2047.819132537297,1.9382771906995062,0,20.90150149896508
2025-05-12,primavera,52.42151089256684,7.796100583461591,49.25654056784588,32.67584577489429,36.0216382889587,27.600622521142935,0.9204252550805531,1999.0644691189284,3.390407269387562,1,22.165884497963205
2025-05-13,primavera,60.115822562145425,14.373396768630439,69.01654816129584,28.42161410482503,26.197235506621332,33.58912917298088,0.893589315549238,1976.6586980283262,2.260011627430723,0,30.093621967220614
2025-05-14,primavera,67.97170981141875,8.259307496504999,81.23675017019791,15.066702190067074,27.351173338504985,38.850547588893455,1.012976319841737,2103.174437864369,3.6115973338111584,0,36.53348208661979
2025-05-15,primavera,64.36080473854065,7.3083354674266126,54.99885411807395,24.357095838335997,27.758192974194422,36.608094228147124,1.0621702152289538,2216.8483871249605,0.991712154139584,1,46.02087307992322
2025-05-16,primavera,73.35721460004274,15.376227673688536,68.18191886362024,22.37427775424836,28.194997083955354,43.45368843064835,1.1267534256565268,2109.901417494407,5.84770442933015,0,25.492105908509256
2025-05-17,primavera,69.80580020377775,16.24983517667791,42.34833629275226,20.936454224595362,33.1370143322038,38.602464886070635,0.8966690710740461,2051.823976225604,2.9870081565297135,0,27.096653841228232
2025-05-18,primavera,51.85123972241923,10.27702038954576,54.371171705997476,24.796514604860395,29.98734994950435,26.94106536759172,0.7978807568431546,1887.5226975698367,0.7865089757466607,0,24.658269653237046
2025-05-19,primavera,53.86956760158158,5.620211604276184,70.55242086621524,17.29090842675443,29.063657284766947,28.344440151433286,0.9021377712031631,2033.5261360196102,2.7404066499522473,0,24.926656937219335
2025-05-20,primavera,63.231399532967636,11.608029551044792,70.93909317480593,20.52400390522959,26.193157552030947,26.690206729795047,0.928445640925291,2188.1361572197816,0.6186761619146761,0,28.074324223818756
2025-05-21,primavera,72.43647798853718,5.747717185424455,36.07577137035153,20.612202057138312,31.871682274336184,42.601345031433574,1.211328799324797,2018.8264764661353,4.938375765509498,0,46.61525562307773
2025-05-22,primavera,88.66216188179311,11.860885874962591,61.202889359759794,24.076099380809968,23.735912946833015,47.86045668458946,1.0786301846643493,2279.86140404939,1.687961786228905,0,41.73601783839323
2025-05-23,primavera,89.3272238020173,15.831863956629665,52.308357288770885,22.486754948052365,24.093314718687417,52.51654627899997,1.191232081638742,2093.2030708004304,3.8376299447210402,0,36.12925046247811
2025-05-24,primavera,69.76910702617457,10.16700341755285,66.19159572984645,27.404917201052896,27.322437798309682,28.33046219340611,0.8372861461269592,2283.3909401248493,1.0700280968744844,0,23.893645172890896
2025-05-25,primavera,46.89773022241938,10.446902229584495,42.75853531829804,28.798991198326135,33.13445655239846,33.761879371549256,0.9422891672099499,1735.7090630213868,3.0679512025190134,0,31.024209310022627
2025-05-26,primavera,80.13482513043053,3.3471497859670167,50.9631771672738,26.973232798250713,28.07905546932929,40.688960508173786,1.0060311608770545,2291.3861363660126,4.596272504397884,0,39.028030354895776
2025-05-27,primavera,83.33250593736169,8.654067393060815,65.35688204743286,31.657789731009952,24.15670703301388,48.47559375930635,1.1600003548816193,2270.273751584189,4.384786699225481,0,35.54319350572851
2025-05-28,primavera,65.33077712316222,16.796022585096402,54.199444455711806,29.928047754626462,30.78766298760103,37.17046502532002,0.9254827296294069,2156.3214893760023,8.451804885796356,0,22.205007466703655
2025-05-29,primavera,73.46182662581123,5.300623193160988,43.615032650132,25.60161520852631,21.501111500180635,31.560023514964954,1.076995780396804,1983.260080710115,8.424008603061784,0,24.198266734118505
2025-05-30,primavera,60.281280437351036,12.335874515499983,58.43821718504555,19.28892549379411,37.41682434317581,29.965203923783548,0.8447406922837664,2015.1224316712198,1.4811388944429773,0,31.413329910378142
2025-05-31,primavera,69.22746648252156,7.5807444637695385,73.54367387504242,18.520431020795193,32.65427971197674,30.65742576238024,0.9455207421259025,2073.2588830096215,1.130031906686259,0,38.260486113973215
2025-06-01,verano,73.8587437576901,6.910151899617203,56.75953543381755,25.82122009617455,33.23595122051363,38.198460217439745,0.8867791121265906,2148.419145987844,1.6263272994489286,0,32.261198712714624
2025-06-02,verano,80.09912780377188,16.834673451294293,70.95343504815936,23.54613425529314,27.09918083967732,34.47058577495704,1.1214017843393436,2149.2522708518504,0.6478960770135063,0,26.510466128657114
2025-06-03,verano,76.2854395487433,2.4452499674007075,60.89471227148585,25.203630981607986,27.147119846754343,36.21249669096833,1.1456850089847705,2277.2754760391026,1.5674467013549673,0,45.31068878731465
