id_poliza,valor_auto_miles,valor_factura_miles,antiguedad_auto,km_anuales_miles,tipo_vehiculo,edad_conductor,anios_licencia,es_conductor_joven,siniestros_previos,multas_ultimo_anio,uso_principal,ciudad,tiene_garage,tipo_cobertura,forma_pago,prima_anual_mxn
1,440.4,455.3,5,21.3,compacto,48,24,no,0,1,mixto,CDMX,no,limitada,anual,11769
2,120,123.4,11,5.2,pickup,52,30,no,0,0,comercial,Otra,no,limitada,anual,4502
3,120,109.4,11,17.3,pickup,49,22,no,0,0,mixto,Guadalajara,si,limitada,anual,6137
4,169.5,180.2,3,6.5,hatchback,59,30,no,2,0,personal,CDMX,no,amplia,anual,10436
5,434.9,447.8,8,24.3,sedan,43,25,no,0,0,mixto,Otra,si,rc,anual,8356
6,595.5,603.7,8,21.2,compacto,69,42,no,1,0,mixto,Guadalajara,no,limitada,anual,12879
7,225.9,218.9,9,14.1,hatchback,46,21,no,0,1,personal,Guadalajara,no,amplia,anual,7291
8,204.9,201.8,11,23,suv,59,30,no,1,1,mixto,Guadalajara,no,limitada,anual,8173
9,218.7,223.8,6,13.1,suv,36,16,no,5,2,mixto,Otra,no,rc,anual,12381
10,256.2,257.6,4,2.6,sedan,47,23,no,0,0,mixto,CDMX,si,amplia,anual,7650
11,120,116.7,5,7.3,sedan,34,8,no,0,1,personal,CDMX,si,rc,anual,5659
12,703.8,725,2,15.4,suv,21,2,si,0,1,personal,Otra,si,amplia,anual,14457
13,467.8,479.4,0,10.4,suv,25,0,si,2,3,comercial,CDMX,no,amplia,anual,20356
14,359.2,372.1,6,17.4,sedan,68,38,no,2,2,personal,CDMX,si,limitada,anual,11547
15,146.3,142.1,7,NA,sedan,28,4,no,0,1,personal,Otra,no,amplia,anual,7283
16,275.4,264.5,6,14.1,hatchback,18,0,si,0,3,mixto,Monterrey,si,amplia,anual,13285
17,268.6,270.3,1,16.3,suv,37,18,no,0,0,personal,Monterrey,no,limitada,anual,9086
18,1225.5,1261.9,3,21.6,sedan,31,4,no,0,1,comercial,Otra,no,limitada,anual,21043
19,454.6,458.2,6,27,hatchback,50,28,no,1,0,personal,Guadalajara,si,amplia,anual,10032
20,916.9,924.7,5,2,sedan,39,14,no,0,1,personal,CDMX,si,limitada,anual,15807
21,249.1,254,5,21,sedan,43,24,no,0,0,mixto,Monterrey,no,amplia,anual,8100
22,285.8,297.1,10,11.3,compacto,37,15,no,2,0,comercial,NA,no,amplia,semestral,11593
23,640.4,658.4,3,15.9,suv,41,16,no,2,1,personal,CDMX,si,amplia,anual,16455
24,461.1,473.4,13,3.9,sedan,49,22,no,0,1,personal,CDMX,si,amplia,anual,10978
25,132.5,135.6,2,11.9,sedan,53,25,no,0,1,personal,Monterrey,si,amplia,anual,6393
26,331.1,339.9,15,23.5,sedan,32,11,no,1,0,personal,Otra,no,amplia,anual,8031
27,680.7,689.1,8,20.4,suv,67,43,no,1,0,mixto,Monterrey,no,rc,anual,12736
28,819.6,842.8,7,9.8,hatchback,56,35,no,3,0,personal,Guadalajara,NA,limitada,semestral,16917
29,864.8,875.6,7,17,suv,36,9,no,1,1,personal,CDMX,si,amplia,anual,19190
30,957.7,974,8,13.7,sedan,31,9,no,0,1,personal,Guadalajara,no,amplia,anual,16774
31,743.4,756,5,6.1,sedan,50,22,no,1,0,comercial,CDMX,no,amplia,anual,16063
32,149.1,159.1,13,11.7,hatchback,31,13,no,1,1,personal,Otra,si,amplia,anual,7134
33,495.8,505.7,3,24.1,sedan,26,1,no,0,1,personal,Otra,no,rc,anual,9285
34,218.8,218.9,14,13,sedan,22,0,si,3,0,personal,Guadalajara,no,amplia,anual,11057
35,230.1,240,8,9,compacto,45,20,no,0,2,personal,CDMX,si,amplia,anual,8559
36,120,128.6,1,20,sedan,50,24,no,1,0,mixto,NA,si,amplia,anual,8040
37,447.1,439.1,8,NA,compacto,32,13,no,0,1,personal,Guadalajara,si,amplia,anual,10930
38,993,1014.1,5,11.3,sedan,59,36,no,1,0,mixto,Otra,si,amplia,anual,15695
39,214.9,219.3,14,16.8,sedan,18,0,si,0,0,comercial,Otra,si,rc,anual,8025
40,307.3,309.3,5,2,suv,31,12,no,1,1,personal,CDMX,si,amplia,anual,11288
41,NA,713.6,8,20,hatchback,41,19,no,1,0,personal,CDMX,si,limitada,anual,14018
42,139.5,136.5,0,10.5,sedan,44,20,no,0,1,comercial,Monterrey,si,limitada,anual,7721
43,800.9,813.2,13,20.4,compacto,24,1,si,0,0,mixto,CDMX,no,amplia,anual,18619
44,439.1,450.5,10,26.2,suv,45,21,no,0,1,personal,Monterrey,no,rc,anual,9593
45,411.7,429.1,6,19.7,sedan,35,8,no,1,1,mixto,Monterrey,si,amplia,anual,12092
46,120,110.1,1,15.8,sedan,32,12,no,0,3,personal,Monterrey,si,rc,anual,5665
47,201.7,219.2,2,7.3,suv,20,2,si,5,0,mixto,Monterrey,si,amplia,anual,18355
48,337.2,342.8,14,6.7,suv,37,15,no,0,1,mixto,CDMX,si,amplia,anual,10485
49,136.6,138.7,1,15.3,sedan,38,9,no,3,1,personal,CDMX,si,limitada,anual,10567
50,201.1,214.3,7,9,suv,54,25,no,0,2,personal,Guadalajara,no,amplia,anual,6600
51,483,486.6,6,13.3,hatchback,18,0,si,5,1,personal,CDMX,si,amplia,anual,20699
52,902.6,916.6,3,8.6,sedan,66,39,no,0,0,mixto,CDMX,si,limitada,anual,14714
53,351.8,355.7,6,25.7,compacto,36,12,no,0,0,personal,Otra,si,limitada,anual,7731
54,341.2,347.6,8,12.6,hatchback,55,31,no,1,1,comercial,Guadalajara,si,limitada,anual,8481
55,747.7,774.2,4,17.2,sedan,44,23,no,1,2,comercial,Otra,si,limitada,anual,14403
56,624.3,645.9,0,17,suv,51,28,no,5,3,personal,Otra,no,amplia,anual,20611
57,120,122.5,7,16.8,sedan,45,19,no,1,0,personal,Guadalajara,si,amplia,anual,5635
58,261.1,263,4,9.5,suv,35,12,no,4,1,mixto,CDMX,si,amplia,anual,16724
59,304,313.4,3,17,compacto,33,12,no,1,0,mixto,NA,no,amplia,anual,10630
60,1078.9,1101.7,7,NA,hatchback,24,2,si,1,0,personal,CDMX,NA,rc,anual,19628
61,120,115.7,2,10.5,sedan,46,21,no,0,2,comercial,Otra,si,limitada,anual,7925
62,330.4,338.2,9,32.4,pickup,23,3,si,0,2,personal,Guadalajara,no,rc,anual,11952
63,557.8,566.5,12,14.6,suv,39,16,no,1,1,personal,Monterrey,si,amplia,anual,12301
64,318.7,335.5,0,13.8,suv,33,14,no,3,1,mixto,Otra,si,amplia,anual,14349
65,204.4,221.9,3,11.4,suv,43,24,no,1,2,personal,CDMX,no,limitada,anual,9783
66,425.9,422.9,6,23.9,compacto,56,30,no,1,1,mixto,Otra,no,amplia,anual,10981
67,191.6,220.3,5,32.1,hatchback,19,0,si,0,0,personal,CDMX,si,limitada,anual,10350
68,122.9,134.9,3,12.1,pickup,44,18,no,2,0,comercial,Monterrey,no,limitada,anual,10258
69,596.6,611.3,7,11.3,compacto,35,17,no,0,3,mixto,CDMX,no,limitada,anual,12823
70,295.3,287.5,13,13,suv,46,26,no,2,0,mixto,Guadalajara,si,amplia,anual,10677
71,171.3,176.3,4,7.9,hatchback,27,5,no,0,0,mixto,Monterrey,si,rc,anual,5031
72,260.3,257.2,1,25.7,suv,23,3,si,1,1,mixto,Monterrey,si,limitada,anual,13776
73,483.6,487.2,3,11.5,suv,45,24,no,2,0,personal,Otra,no,amplia,anual,11979
74,NA,307.1,2,7.1,suv,44,18,no,0,0,personal,Guadalajara,no,amplia,anual,8528
75,435.5,449.3,15,8.3,hatchback,48,28,no,1,1,personal,NA,no,rc,anual,7823
76,569.3,586.8,6,13.7,pickup,27,7,no,0,0,personal,Guadalajara,si,limitada,anual,10149
77,402.4,419.8,0,7.3,sedan,18,0,si,2,1,personal,Otra,si,rc,anual,12410
78,399.4,413.8,5,17.7,hatchback,61,38,no,1,0,mixto,Monterrey,si,amplia,anual,10615
79,344,363,4,11.3,sedan,38,19,no,0,1,mixto,Monterrey,si,amplia,anual,12025
80,537.4,557.8,10,21.7,sedan,41,21,no,0,2,personal,Guadalajara,si,amplia,anual,11463
81,120,131.1,8,21.4,hatchback,41,21,no,0,1,personal,Otra,si,amplia,anual,4770
82,500.9,512.5,17,NA,compacto,35,13,no,0,0,personal,CDMX,no,limitada,anual,9115
83,650,660.8,2,17.9,compacto,22,4,si,0,1,personal,CDMX,no,amplia,anual,14827
84,627.6,646.6,12,17.3,sedan,43,21,no,1,0,personal,CDMX,no,limitada,anual,11981
85,399.9,392.2,4,14.2,sedan,31,10,no,0,1,mixto,Monterrey,si,amplia,anual,11519
86,310,317.3,14,13.6,compacto,34,13,no,1,1,comercial,Otra,no,amplia,anual,11368
87,268.3,263.2,9,17.9,suv,60,30,no,4,0,personal,CDMX,no,rc,anual,11927
88,389.6,400.2,1,12.2,compacto,42,21,no,2,0,personal,CDMX,si,amplia,anual,13115
89,582.3,587.9,10,13.7,pickup,24,6,si,2,2,personal,Guadalajara,si,amplia,anual,15651
90,434.7,449.5,3,13.5,hatchback,30,12,no,0,1,comercial,Otra,si,limitada,anual,10054
91,456.4,465,4,14.7,compacto,36,18,no,0,0,personal,Guadalajara,si,rc,anual,7345
92,632.9,651.8,8,8.4,suv,65,38,no,0,0,personal,Guadalajara,si,amplia,anual,10899
93,162.5,168.5,17,17.2,pickup,45,24,no,2,0,personal,Guadalajara,si,amplia,anual,8164
94,581.4,606.9,9,20.1,compacto,42,20,no,0,1,mixto,Guadalajara,no,limitada,anual,12056
95,274.3,268.7,4,21.5,sedan,42,18,no,1,2,mixto,Guadalajara,si,limitada,anual,10771
96,724.7,739.6,6,5.5,sedan,40,13,no,0,1,mixto,Otra,si,rc,anual,13866
97,136.6,132.1,0,10.5,compacto,32,10,no,0,0,personal,CDMX,no,limitada,anual,6340
98,427.1,426.9,6,24,hatchback,37,14,no,1,1,personal,CDMX,si,limitada,anual,11754
99,395.4,405,6,27.7,compacto,51,29,no,0,0,personal,CDMX,si,limitada,anual,9019
100,483.6,492.3,5,12.1,sedan,32,7,no,0,0,mixto,CDMX,no,amplia,anual,11638
101,444.7,462.3,2,16.2,sedan,18,0,si,0,0,mixto,Otra,no,amplia,anual,14042
102,612,627.2,0,11.3,pickup,61,39,no,0,0,personal,Monterrey,si,rc,anual,10011
103,586.3,602.3,6,3,suv,41,17,no,0,1,personal,Guadalajara,si,amplia,anual,11506
104,330.6,326.9,5,19.4,hatchback,52,27,no,1,0,mixto,CDMX,no,amplia,anual,10395
105,374.4,379.1,14,10.6,sedan,36,18,no,0,0,personal,CDMX,si,limitada,anual,6465
106,333.6,341,3,18.7,hatchback,56,24,no,0,0,mixto,CDMX,si,amplia,anual,9860
107,550.9,566.3,14,24.1,hatchback,47,25,no,0,0,mixto,Guadalajara,si,amplia,anual,10342
108,322.3,325,8,12.8,compacto,57,28,no,0,1,personal,Guadalajara,si,limitada,anual,6348
109,339,347.7,6,24.2,pickup,55,27,no,2,1,comercial,Monterrey,no,limitada,anual,12575
110,120,132.6,4,13,hatchback,49,28,no,2,2,personal,CDMX,no,limitada,anual,8739
111,674.6,692.6,12,26.1,compacto,18,0,si,2,0,personal,Guadalajara,no,amplia,anual,18314
112,120,122.8,11,21,sedan,33,9,no,0,2,mixto,Monterrey,no,amplia,anual,7576
113,151.1,156.4,6,16.8,hatchback,20,2,si,3,1,personal,Otra,si,rc,anual,11832
114,120,110.1,0,18.9,suv,26,3,no,0,0,personal,Otra,si,amplia,anual,6821
115,590.3,588.5,12,15.7,suv,35,12,no,2,0,mixto,Guadalajara,si,limitada,anual,14993
116,358.7,363,4,16.9,sedan,40,19,no,0,1,personal,Guadalajara,no,amplia,anual,8940
117,466.9,471.8,6,15.3,sedan,38,15,no,0,1,comercial,Otra,si,rc,anual,9990
118,739.5,760.5,2,11.7,hatchback,60,34,no,0,0,mixto,Otra,si,limitada,anual,10732
119,479.9,493,13,25.4,suv,43,22,no,0,0,mixto,CDMX,si,amplia,anual,11837
120,400.4,400.3,2,9.3,pickup,61,35,no,4,0,personal,CDMX,si,amplia,anual,14963
121,168.1,167.9,3,20.9,sedan,46,25,no,1,3,personal,Otra,si,amplia,anual,7882
122,681.4,693.6,13,27.9,sedan,38,11,no,0,0,personal,Otra,no,amplia,anual,11418
123,323.4,333.1,14,6.7,pickup,45,22,no,1,0,personal,CDMX,NA,limitada,anual,7700
124,433.4,439.3,5,9.6,suv,18,0,si,0,2,personal,CDMX,si,limitada,anual,14146
125,155.2,161.6,1,9,pickup,59,32,no,0,0,personal,Guadalajara,no,amplia,anual,7110
126,812.3,819.2,9,16.1,compacto,41,21,no,0,0,personal,Monterrey,si,limitada,anual,12298
127,207.6,208.2,11,12.8,compacto,55,24,no,0,0,personal,Monterrey,no,rc,anual,4010
128,419.4,438.9,7,21.2,pickup,48,30,no,0,3,personal,Otra,si,limitada,anual,9177
129,529.4,542.4,15,23.1,hatchback,42,16,no,0,2,comercial,Otra,si,limitada,anual,11110
130,577.7,588.9,3,26.1,pickup,40,16,no,2,3,personal,Guadalajara,no,limitada,anual,14862
131,135.7,127.8,11,13.4,compacto,55,30,no,0,0,personal,Otra,si,limitada,anual,1830
132,263.8,262.1,16,15.5,pickup,41,21,no,4,1,personal,Guadalajara,no,limitada,anual,12486
133,233.9,232.7,17,15.9,hatchback,36,13,no,0,0,personal,CDMX,si,limitada,anual,6381
134,509.6,516.5,3,9,sedan,56,31,no,0,2,personal,Monterrey,no,amplia,anual,11880
135,225.1,228.4,10,NA,suv,41,18,no,2,1,personal,Monterrey,si,amplia,anual,10491
136,610.7,622.9,7,8.7,hatchback,41,20,no,2,0,personal,Monterrey,no,amplia,anual,14740
137,607.2,619.3,3,14.8,sedan,51,29,no,0,0,personal,CDMX,si,amplia,anual,10759
138,1023.6,1047.4,14,13.9,pickup,51,30,no,0,0,personal,Otra,no,amplia,anual,13745
139,322.8,336.7,2,16.6,compacto,44,16,no,0,1,personal,Monterrey,si,limitada,anual,7656
140,926,963.1,6,14.4,compacto,46,24,no,0,0,personal,Guadalajara,si,limitada,anual,14206
141,202.9,212,11,8.9,sedan,50,26,no,0,1,mixto,CDMX,si,limitada,anual,5241
142,432.5,440.5,14,4.4,sedan,49,25,no,0,0,personal,CDMX,no,limitada,anual,7711
143,492.6,489.1,2,9.2,sedan,21,0,si,0,0,personal,Otra,no,amplia,anual,12864
144,251.6,261.7,10,20,sedan,50,24,no,1,0,personal,CDMX,no,rc,anual,9031
145,1463,1506,9,7.3,compacto,38,14,no,0,0,mixto,Guadalajara,si,amplia,anual,21303
146,504,522,0,17.8,sedan,22,4,si,2,2,personal,Guadalajara,si,limitada,anual,16514
147,1001.6,1025.1,2,12.6,sedan,21,0,si,4,2,personal,Otra,no,limitada,anual,24389
148,270,285.5,6,13.3,sedan,27,9,no,0,1,personal,Otra,si,limitada,anual,5456
149,502.3,514.8,9,19.6,pickup,61,32,no,2,1,mixto,Monterrey,no,limitada,anual,14708
150,304.9,307.1,2,13.1,sedan,52,26,no,0,1,mixto,Guadalajara,si,rc,anual,8060
151,370.1,367.8,6,19.8,sedan,38,19,no,0,0,personal,Monterrey,si,amplia,anual,8906
152,464.3,463.5,5,24.2,compacto,51,30,no,0,0,personal,Guadalajara,si,amplia,anual,8674
153,214,213.2,6,23,suv,40,22,no,0,0,mixto,Otra,si,amplia,anual,6721
154,192.4,203.7,5,10.2,compacto,18,0,si,0,2,personal,CDMX,si,amplia,anual,10668
155,438.9,444.7,10,17.1,compacto,46,21,no,0,0,mixto,Otra,si,amplia,anual,7960
156,126,128.5,9,17.4,sedan,44,21,no,0,0,personal,Otra,si,amplia,anual,4513
157,282.2,282.6,13,8.6,suv,49,20,no,0,0,personal,Otra,no,amplia,anual,7492
158,362.3,379.7,0,13.7,hatchback,32,5,no,0,1,mixto,Otra,si,amplia,anual,10321
159,315,310.5,2,21.8,sedan,52,27,no,0,1,mixto,Otra,si,amplia,anual,10536
160,285.5,287.1,0,20.7,compacto,37,12,no,1,3,personal,Monterrey,si,limitada,anual,9208
161,230.9,234.9,4,17.3,sedan,33,11,no,4,2,personal,Otra,si,limitada,anual,10864
162,358.6,358.8,9,17.8,compacto,25,6,si,1,0,personal,Guadalajara,no,amplia,anual,12315
163,1206.4,1222.1,11,NA,sedan,47,22,no,0,1,personal,Otra,no,limitada,anual,17058
164,519.3,527.4,2,19.2,sedan,25,7,si,4,0,personal,Otra,si,amplia,anual,18420
165,477.1,488.5,3,18.2,pickup,34,9,no,0,1,personal,Otra,si,limitada,anual,8609
166,176,181.8,2,16.9,suv,66,39,no,2,1,personal,Otra,no,rc,anual,9848
167,121.5,126.1,1,23.4,hatchback,24,6,si,0,1,mixto,Otra,no,limitada,anual,11332
168,686.6,692.8,7,12.9,suv,41,15,no,2,1,personal,Otra,si,amplia,semestral,13860
169,NA,160.9,0,10.6,suv,51,26,no,0,0,personal,Monterrey,no,limitada,anual,6574
170,503.7,500.9,7,16.4,compacto,48,23,no,3,1,personal,CDMX,si,rc,anual,13747
171,574.7,589.3,1,12.4,hatchback,34,16,no,3,1,personal,Otra,no,rc,anual,15826
172,165.7,168.3,4,9,sedan,44,20,no,0,0,mixto,Otra,no,limitada,anual,6950
173,464.7,480.8,15,5.9,compacto,41,23,no,1,2,mixto,CDMX,no,limitada,anual,10893
174,562.3,582.5,3,15,suv,39,21,no,0,2,personal,Monterrey,si,limitada,anual,12357
175,422.9,437.5,6,23.8,sedan,43,17,no,1,0,personal,CDMX,no,limitada,anual,12257
176,146.9,152.1,2,19.3,sedan,20,2,si,1,1,personal,Guadalajara,no,rc,anual,9908
177,692.9,698.9,11,20,suv,66,42,no,2,0,personal,Otra,si,rc,anual,13294
178,204.6,210.3,6,19.5,pickup,52,24,no,1,1,personal,CDMX,si,limitada,anual,8305
179,708.3,734.9,13,8.5,hatchback,54,31,no,0,0,personal,Otra,si,limitada,anual,8408
180,120,133.5,2,8.1,suv,49,22,no,2,0,personal,Monterrey,NA,amplia,anual,8203
181,366.8,381.2,6,19.2,suv,60,30,no,0,0,mixto,CDMX,si,amplia,anual,9185
182,120,126.9,10,13.9,suv,36,13,no,0,3,personal,Monterrey,no,amplia,anual,8820
183,142.9,155.9,10,9,sedan,37,15,no,0,0,personal,Otra,si,limitada,anual,3914
184,120,106,6,10.4,compacto,38,13,no,3,2,personal,CDMX,si,amplia,anual,9963
185,NA,267.7,5,12.5,compacto,55,33,no,0,1,personal,Otra,si,amplia,anual,3938
186,411.4,421.7,5,25.7,hatchback,48,22,no,0,1,comercial,Otra,si,rc,anual,8597
187,995,1015.5,14,8.5,suv,41,19,no,4,1,personal,Otra,no,rc,anual,19143
188,640.1,647.9,7,18,hatchback,45,25,no,0,0,personal,Monterrey,si,rc,anual,9198
189,225.8,242.2,0,14.7,compacto,53,28,no,3,2,mixto,Otra,si,limitada,anual,8695
190,120,108.5,11,26.9,sedan,24,6,si,0,1,personal,NA,no,rc,anual,8373
191,282.9,292.4,3,8.1,hatchback,25,7,si,1,0,personal,Otra,si,amplia,anual,10319
192,379.3,386.9,7,9.1,sedan,25,1,si,0,1,personal,Monterrey,si,limitada,anual,11299
193,441.1,453,8,11.6,hatchback,56,24,no,4,0,mixto,CDMX,si,limitada,anual,14255
194,125.2,139.4,8,4.8,suv,70,40,no,1,0,personal,Otra,no,limitada,anual,4320
195,140.8,140.7,9,13.4,sedan,38,14,no,2,0,personal,CDMX,no,amplia,anual,10266
196,318.7,321.5,5,8.7,hatchback,31,10,no,1,0,personal,Monterrey,si,amplia,anual,9535
197,397.6,409,12,11.4,hatchback,52,32,no,5,0,mixto,CDMX,si,rc,anual,14261
198,374.8,374.8,10,24.2,sedan,22,2,si,0,0,comercial,CDMX,no,amplia,anual,14952
199,367.9,368.3,8,16.4,sedan,33,9,no,0,0,personal,CDMX,si,limitada,anual,9757
200,1175.1,1216.5,4,22.5,sedan,63,38,no,0,0,personal,Guadalajara,si,amplia,anual,17209
201,865,883.4,4,15.7,compacto,29,2,no,0,1,mixto,Monterrey,NA,amplia,anual,16091
202,353.5,364.6,3,11.1,sedan,34,11,no,2,2,mixto,Monterrey,si,rc,anual,13153
203,230.5,227.2,6,16.9,compacto,22,0,si,0,1,mixto,Otra,no,limitada,anual,10392
204,308.4,309.7,4,14.3,sedan,47,24,no,1,2,comercial,CDMX,si,amplia,anual,12047
205,NA,217.5,15,20,suv,31,9,no,0,1,personal,Otra,no,limitada,anual,6939
206,609.4,615.4,3,11,hatchback,42,21,no,0,0,mixto,Monterrey,no,rc,anual,11207
207,257.8,256.9,4,17.9,hatchback,57,36,no,0,0,mixto,Otra,si,amplia,anual,7121
208,328.7,333.6,12,10.4,hatchback,64,38,no,1,1,personal,CDMX,si,amplia,anual,7825
209,962.6,973.2,4,19.2,sedan,52,30,no,5,3,personal,Otra,si,amplia,anual,22509
210,NA,232.5,2,14,compacto,43,20,no,0,1,personal,Otra,si,amplia,anual,7125
211,135.7,137.1,2,22.6,sedan,46,21,no,0,0,personal,Otra,si,amplia,anual,4942
212,713.2,730.7,6,15.5,sedan,33,15,no,0,0,comercial,Monterrey,si,limitada,anual,11935
213,509.8,525.5,3,18.9,hatchback,18,0,si,0,1,personal,CDMX,si,amplia,anual,16177
214,568.9,591.9,12,23.5,compacto,22,3,si,0,0,personal,CDMX,si,amplia,anual,14710
215,295.2,301.1,4,20,sedan,38,18,no,0,2,personal,Monterrey,no,amplia,anual,9878
216,459.2,473.2,0,16.9,hatchback,44,22,no,3,1,mixto,Otra,si,amplia,anual,13965
217,430.7,442.8,3,8.8,sedan,32,9,no,0,0,mixto,CDMX,no,amplia,anual,10920
218,427.3,435.4,4,18.6,compacto,51,24,no,0,2,personal,Guadalajara,si,amplia,anual,8864
219,396.7,409,11,7.6,sedan,51,25,no,1,0,mixto,Guadalajara,no,rc,anual,8444
220,658.5,671.5,8,21.7,suv,41,15,no,1,0,mixto,Guadalajara,si,limitada,anual,15446
221,168.4,166.1,12,12.3,sedan,54,28,no,0,1,personal,CDMX,si,amplia,anual,6281
222,120,122.5,12,17.6,compacto,49,27,no,0,0,comercial,Monterrey,si,limitada,anual,4291
223,463.5,477.7,4,10.3,sedan,58,26,no,0,1,personal,CDMX,no,amplia,anual,9813
224,621.6,630.4,2,NA,hatchback,67,35,no,0,0,personal,CDMX,si,amplia,anual,11557
225,303.3,318.6,9,16.3,compacto,26,6,no,4,1,personal,Guadalajara,no,amplia,anual,13424
226,210.8,225.9,2,15.4,suv,51,27,no,0,0,personal,Otra,no,limitada,anual,5435
227,162.8,163.3,7,13.2,hatchback,35,17,no,4,1,personal,Monterrey,si,amplia,anual,12754
228,297.4,302.2,3,7.3,hatchback,48,26,no,1,0,mixto,NA,si,rc,anual,7582
229,120,120.1,8,31.7,suv,39,18,no,1,1,mixto,Monterrey,si,rc,anual,8966
230,457.7,469.4,4,9.2,sedan,20,1,si,0,1,personal,Monterrey,si,rc,anual,11782
231,120,126.2,13,19.8,compacto,32,9,no,2,1,personal,Otra,si,amplia,anual,8153
232,120,116.5,5,10.7,suv,23,3,si,0,1,personal,Otra,no,limitada,anual,10222
233,430.2,441.9,3,8.3,compacto,25,7,si,1,0,personal,Monterrey,no,limitada,anual,13607
234,288,291.1,15,24.8,compacto,18,0,si,0,0,comercial,NA,si,amplia,anual,13054
235,1122,1159.9,7,13.1,sedan,39,12,no,0,0,personal,Otra,si,amplia,anual,15557
236,120,129.7,2,15.1,hatchback,23,4,si,0,0,personal,CDMX,si,amplia,anual,9986
237,622.8,642.7,1,27.5,suv,37,14,no,3,0,personal,CDMX,si,amplia,anual,18750
238,120,107.3,10,20.4,suv,41,18,no,0,2,personal,Guadalajara,no,limitada,anual,7827
239,120,135.3,3,18,sedan,39,12,no,1,1,mixto,Guadalajara,no,limitada,anual,7795
240,555.5,568.5,6,NA,pickup,31,11,no,2,1,mixto,Otra,si,rc,anual,11965
241,268.2,270.4,8,14.5,hatchback,37,15,no,3,1,personal,Monterrey,si,amplia,anual,11895
242,388.5,388.7,11,14.5,pickup,32,14,no,1,0,mixto,CDMX,si,rc,anual,11847
243,NA,229.2,12,13.6,hatchback,45,17,no,1,1,personal,Otra,no,amplia,anual,8102
244,365.3,377.5,2,24.6,suv,21,0,si,0,1,mixto,Monterrey,no,amplia,anual,14909
245,218.1,231.8,7,15.9,hatchback,58,32,no,0,0,personal,CDMX,no,amplia,anual,5524
246,449.5,457.2,14,11.4,sedan,24,4,si,0,1,personal,Monterrey,si,amplia,anual,11323
247,120,126.8,8,21.6,suv,33,10,no,0,1,personal,Otra,si,limitada,anual,6777
248,694.1,708.9,7,16.7,sedan,41,11,no,0,0,personal,Monterrey,NA,amplia,anual,13166
249,552.1,566.4,8,4.9,pickup,26,6,no,2,1,comercial,CDMX,no,amplia,anual,16981
250,577.5,588.5,3,10.5,sedan,37,16,no,2,1,personal,CDMX,no,limitada,anual,13372
251,451.9,456.6,1,12.6,compacto,60,31,no,0,0,personal,Otra,no,amplia,anual,8683
252,525.2,526.7,2,18.5,suv,41,18,no,0,0,mixto,CDMX,no,limitada,anual,13540
253,120,119.6,10,11.3,pickup,46,24,no,0,1,personal,Monterrey,si,amplia,anual,5889
254,438.3,451.2,9,15.8,sedan,54,32,no,0,0,personal,Otra,no,rc,anual,7377
255,NA,116.3,6,9.8,pickup,47,20,no,1,3,personal,Guadalajara,no,rc,anual,7608
256,940.1,963.2,2,22.9,sedan,42,22,no,0,0,personal,Otra,no,limitada,anual,13900
257,154.4,145.2,3,15.3,sedan,47,24,no,1,0,mixto,Monterrey,no,limitada,anual,8581
258,290,287.8,2,15.4,hatchback,40,22,no,1,2,mixto,Monterrey,si,limitada,anual,10021
259,NA,371.5,13,9.7,suv,50,22,no,1,0,comercial,Otra,si,rc,anual,7824
260,744.4,767.4,5,14,hatchback,34,12,no,1,0,personal,Otra,si,amplia,anual,14385
261,NA,554.8,5,21,compacto,33,7,no,0,1,mixto,Otra,si,rc,anual,10089
262,362.6,373.4,8,11.1,suv,56,37,no,2,2,personal,Guadalajara,no,limitada,anual,11414
263,634.5,664.6,2,13.1,compacto,77,48,no,0,3,mixto,Otra,si,amplia,anual,11855
264,631.1,648,12,14.3,hatchback,43,19,no,0,0,personal,NA,no,amplia,anual,12551
265,356.9,357.3,2,3.5,pickup,51,29,no,0,0,mixto,Monterrey,si,amplia,anual,9312
266,379.1,386.9,17,16.2,hatchback,40,15,no,2,0,personal,CDMX,si,amplia,anual,10934
267,1063.9,1095.3,1,2.9,sedan,18,0,si,0,1,personal,CDMX,si,amplia,anual,20741
268,178.2,179,5,25.8,suv,27,8,no,4,0,personal,Guadalajara,no,rc,anual,11229
269,1345.6,1373.7,6,15.5,hatchback,50,28,no,0,0,personal,Otra,si,rc,anual,17559
270,497.6,514.2,1,13.1,sedan,36,13,no,0,1,mixto,Monterrey,no,rc,anual,10845
271,603.8,632.5,9,14.6,sedan,49,26,no,0,1,comercial,CDMX,no,amplia,anual,13146
272,393.8,406.6,9,19.9,sedan,31,11,no,1,0,personal,Monterrey,no,amplia,anual,12287
273,601.1,624.8,2,14.9,hatchback,63,34,no,1,0,personal,Otra,no,limitada,anual,9553
274,601.3,614.2,5,17.2,sedan,53,28,no,0,0,mixto,CDMX,no,limitada,anual,11435
275,787.2,801.9,8,19,sedan,44,23,no,0,0,personal,CDMX,si,amplia,anual,14300
276,587.8,596.3,6,12.3,suv,20,2,si,0,1,personal,Otra,si,amplia,anual,13416
277,178.6,181.6,1,12.4,sedan,26,8,no,0,0,personal,CDMX,no,limitada,anual,5132
278,569.6,586.7,4,19.1,suv,56,29,no,2,0,mixto,CDMX,NA,limitada,anual,14420
279,336,351.1,0,17.2,sedan,42,14,no,2,2,comercial,Guadalajara,no,amplia,anual,14657
280,736.7,758.8,6,17.8,sedan,38,16,no,1,0,mixto,CDMX,si,limitada,anual,14449
281,486.3,486.2,2,26.9,sedan,34,11,no,0,1,comercial,Monterrey,si,amplia,anual,11461
282,NA,362.8,8,18.5,suv,34,10,no,1,0,personal,CDMX,no,amplia,anual,13021
283,173.5,172.8,1,5.6,sedan,23,5,si,1,0,comercial,Otra,si,rc,anual,10461
284,199.4,200.1,4,24.5,suv,42,23,no,0,1,mixto,Otra,si,amplia,anual,8163
285,194.5,197.7,9,2.3,hatchback,23,5,si,3,0,mixto,CDMX,si,amplia,anual,13467
286,388.4,387.1,3,NA,sedan,45,22,no,2,2,personal,Otra,si,limitada,anual,10792
287,242.1,243.1,6,18,compacto,41,18,no,2,0,personal,Guadalajara,no,amplia,anual,10725
288,274.5,275.9,6,14.5,suv,54,30,no,4,1,mixto,Monterrey,no,amplia,anual,15797
289,257.7,261.6,7,9.7,compacto,46,24,no,0,1,personal,Monterrey,no,limitada,anual,5462
290,322.5,332.1,10,15.3,suv,24,4,si,4,1,mixto,CDMX,si,limitada,anual,18047
291,403.9,405.8,11,15.8,compacto,50,27,no,0,0,personal,Monterrey,no,amplia,anual,8896
292,519.4,524.6,10,14.3,sedan,27,4,no,0,2,mixto,Monterrey,no,limitada,anual,11765
293,1025.8,1057.1,1,13.6,sedan,37,15,no,2,1,personal,Otra,si,limitada,anual,17670
294,120,121.6,1,15.2,hatchback,29,7,no,1,2,personal,Guadalajara,si,rc,anual,6804
295,516.1,516.3,3,6.6,hatchback,42,19,no,0,1,mixto,CDMX,no,amplia,anual,11373
296,NA,263.8,1,24.3,compacto,44,20,no,0,3,personal,Guadalajara,si,limitada,anual,9602
297,127.1,127,6,20.7,compacto,43,22,no,5,1,personal,CDMX,si,limitada,anual,12469
298,142,137.7,12,13.1,sedan,32,9,no,0,1,mixto,Monterrey,si,limitada,anual,6919
299,296.3,307.6,2,12.6,hatchback,42,20,no,0,0,personal,Monterrey,si,amplia,anual,8261
300,531.9,539.8,6,15.6,sedan,53,31,no,2,0,personal,Guadalajara,no,limitada,anual,12055
301,548.5,565.7,1,17.1,suv,47,27,no,0,0,personal,Guadalajara,si,rc,anual,10607
302,582.4,587.8,15,16.6,suv,43,21,no,1,0,personal,CDMX,si,amplia,anual,12762
303,176.4,177,1,9.5,hatchback,65,37,no,0,1,personal,Monterrey,si,amplia,anual,5689
304,718.7,730.6,12,20.6,hatchback,59,27,no,0,0,personal,Guadalajara,si,limitada,anual,9546
305,408.7,407,9,19.7,suv,48,25,no,5,1,personal,CDMX,no,limitada,anual,17844
306,1202.4,1221.7,4,15.4,sedan,29,11,no,2,1,personal,Otra,no,amplia,anual,21531
307,194.9,195.5,0,16.4,compacto,28,9,no,0,0,mixto,Otra,no,amplia,anual,7113
308,NA,436.7,2,15.7,suv,66,36,no,1,1,personal,NA,no,rc,anual,10530
309,662.4,684.8,4,17.4,suv,22,4,si,0,1,personal,Otra,si,rc,anual,14446
310,238.4,245.6,14,15.1,sedan,50,26,no,0,0,personal,Monterrey,no,limitada,anual,6074
311,448.3,456.9,3,23.7,pickup,75,44,no,0,2,personal,Monterrey,si,amplia,anual,10774
312,120,110.9,4,6.8,suv,29,8,no,1,1,personal,Monterrey,no,limitada,anual,8117
313,515.2,517.8,6,20.2,sedan,58,36,no,1,0,personal,CDMX,NA,rc,anual,10987
314,320.3,332.1,6,19.3,hatchback,31,10,no,0,0,personal,CDMX,si,limitada,anual,8895
315,120,150,7,12.4,compacto,32,11,no,0,0,personal,Monterrey,no,amplia,anual,6514
316,147.6,137.7,3,10.6,sedan,37,12,no,0,2,mixto,Guadalajara,NA,amplia,anual,9339
317,142.4,132.7,0,16,sedan,43,22,no,0,0,personal,Otra,si,amplia,anual,6699
318,NA,457.4,18,18.2,sedan,34,8,no,1,2,mixto,Monterrey,si,amplia,anual,11238
319,256.2,262.2,14,22.1,sedan,29,3,no,0,0,personal,Otra,no,amplia,anual,7125
320,293.3,294.9,5,14.8,compacto,48,22,no,3,1,mixto,NA,si,rc,anual,10747
321,137.1,139.1,6,20,suv,48,21,no,0,0,personal,Otra,no,rc,anual,4436
322,366.3,388.5,8,7.8,suv,44,20,no,0,0,comercial,Otra,si,amplia,anual,10370
323,291.9,294.6,3,10,hatchback,54,28,no,1,1,personal,Monterrey,no,limitada,anual,9140
324,281.9,297.2,5,12.4,sedan,31,8,no,0,2,personal,Guadalajara,no,limitada,anual,10040
325,346.8,355.7,14,14.5,suv,43,20,no,2,2,personal,Monterrey,no,amplia,anual,11628
326,453.6,459.8,8,15.4,suv,76,45,no,0,0,personal,CDMX,si,amplia,anual,10732
327,354.6,364.9,9,12.2,suv,18,0,si,0,1,personal,Otra,si,rc,anual,10924
328,374.3,379.5,1,18.2,suv,31,11,no,0,1,mixto,Otra,si,amplia,anual,10539
329,435.7,444.3,7,23.6,suv,55,27,no,2,0,personal,Guadalajara,no,amplia,anual,13257
330,938.3,942.8,8,11.7,pickup,47,25,no,0,1,personal,CDMX,no,limitada,anual,14507
331,349.8,354.3,10,13,suv,41,18,no,1,1,personal,Monterrey,no,amplia,anual,10611
332,1006.3,1011.9,7,4.5,compacto,20,2,si,1,0,personal,Monterrey,si,rc,anual,16724
333,167.7,179.6,8,13.7,suv,38,16,no,4,0,personal,Monterrey,no,rc,anual,10458
334,494.8,496.6,4,19.6,sedan,42,19,no,0,2,comercial,Monterrey,no,limitada,anual,13196
335,557.3,582.9,16,12.1,sedan,45,22,no,1,1,personal,Otra,no,amplia,anual,12021
336,234.9,251.2,0,7.4,sedan,35,17,no,0,0,personal,Monterrey,NA,amplia,anual,6898
337,367.7,381.7,2,8.1,hatchback,46,28,no,2,1,personal,Otra,si,amplia,anual,11588
338,343,347.9,16,19.8,sedan,40,18,no,1,1,personal,CDMX,si,amplia,anual,9231
339,496.9,505.5,8,22.8,suv,59,31,no,2,0,personal,Otra,si,limitada,anual,12540
340,466.1,471.5,2,11.2,suv,68,39,no,0,1,mixto,Otra,no,limitada,anual,9820
341,243.4,248.2,4,21.1,sedan,37,15,no,0,0,personal,Monterrey,no,amplia,anual,8626
342,985,1008.2,9,11.9,suv,29,4,no,3,0,personal,Monterrey,no,limitada,anual,19090
343,424.8,430.8,3,10.5,hatchback,57,28,no,0,4,personal,Guadalajara,si,limitada,anual,11880
344,NA,212.1,1,22.6,sedan,36,15,no,0,0,personal,CDMX,si,limitada,anual,8400
345,374.5,384.8,0,23.9,hatchback,35,13,no,2,0,personal,CDMX,si,amplia,anual,12449
346,197.3,207.2,0,NA,pickup,27,9,no,4,1,personal,Guadalajara,si,amplia,anual,12745
347,120,127.6,14,7.9,suv,39,19,no,1,1,personal,CDMX,si,amplia,anual,5524
348,151.9,149.2,0,16.9,sedan,38,20,no,3,1,mixto,Otra,si,limitada,anual,9271
349,349.9,367.3,0,8.1,hatchback,23,2,si,2,1,mixto,Guadalajara,NA,limitada,anual,14658
350,120,125.4,15,17.3,sedan,64,29,no,0,0,comercial,Guadalajara,no,limitada,anual,5732
351,395.5,407.7,3,23.2,suv,26,3,no,1,1,personal,CDMX,si,limitada,anual,12527
352,143.1,132.9,13,14.8,sedan,47,23,no,0,0,personal,CDMX,si,limitada,anual,3942
353,378.3,384.1,9,15.2,compacto,36,10,no,0,0,personal,CDMX,si,amplia,anual,9101
354,120,126.5,10,4.5,hatchback,38,13,no,1,0,personal,Otra,no,limitada,anual,7169
355,1440.6,1481.9,4,12.5,suv,34,9,no,3,0,personal,CDMX,no,rc,anual,25622
356,528.1,527.2,8,24.7,suv,19,0,si,0,1,personal,CDMX,si,rc,anual,13084
357,473.3,491.4,9,7.5,suv,59,35,no,5,0,mixto,CDMX,si,amplia,anual,16929
358,156.4,146.5,1,18,hatchback,50,26,no,0,0,personal,Monterrey,si,amplia,anual,3597
359,186.4,189.1,3,10.9,suv,57,30,no,2,2,mixto,Guadalajara,no,rc,anual,8626
360,120,122.1,5,9.9,sedan,44,20,no,0,0,mixto,Otra,si,amplia,anual,6449
361,519,523.4,11,24.8,sedan,21,1,si,0,0,comercial,Monterrey,si,rc,anual,13034
362,468.6,485.6,4,3.2,sedan,35,17,no,1,0,personal,Guadalajara,si,limitada,anual,10585
363,149.4,156.8,15,26,sedan,45,21,no,3,0,personal,Otra,no,amplia,anual,10049
364,202.2,202.7,4,8.2,hatchback,18,0,si,0,2,personal,CDMX,no,rc,anual,9273
365,239.4,254.3,8,7.2,sedan,26,6,no,4,0,mixto,Guadalajara,si,amplia,anual,12645
366,NA,679.2,3,17.8,compacto,40,19,no,0,1,mixto,Otra,no,limitada,anual,12938
367,360,363,14,16.8,sedan,28,6,no,2,1,personal,CDMX,no,limitada,anual,13542
368,166.8,161.1,8,10.6,hatchback,31,12,no,1,2,personal,CDMX,si,amplia,anual,8313
369,353.6,356.6,5,8.3,sedan,40,19,no,4,0,personal,Monterrey,no,limitada,anual,14042
370,541,541.4,4,10,hatchback,26,5,no,0,2,personal,Monterrey,si,amplia,anual,11149
371,168.2,164.9,7,22.7,suv,30,10,no,2,0,personal,Otra,no,limitada,anual,8685
372,120,131.7,8,15.1,hatchback,59,27,no,0,0,mixto,CDMX,si,amplia,anual,6559
373,NA,422.2,0,24.5,compacto,36,17,no,0,1,comercial,CDMX,no,limitada,anual,14323
374,681.5,701.8,3,NA,hatchback,65,40,no,0,3,comercial,Monterrey,si,rc,anual,12439
375,NA,269.3,8,18.8,compacto,41,19,no,1,1,mixto,NA,si,amplia,anual,7607
376,125.7,132.4,6,22.6,hatchback,70,47,no,4,0,personal,Otra,si,amplia,anual,8401
377,204.4,191.9,4,12.1,compacto,36,18,no,2,0,mixto,Otra,si,amplia,anual,7540
378,1003,1014.7,5,20.2,sedan,23,2,si,4,2,mixto,Guadalajara,si,amplia,anual,27119
379,120,114.7,7,20.8,suv,43,23,no,0,0,personal,Otra,si,limitada,anual,4862
380,338.6,347,6,11.9,compacto,42,22,no,4,1,mixto,CDMX,si,rc,anual,14502
381,120,126.9,7,29.5,hatchback,46,27,no,0,0,mixto,CDMX,si,limitada,anual,6288
382,468,474.9,4,20.4,sedan,42,23,no,0,0,mixto,Otra,si,amplia,anual,9644
383,274.9,281,2,17.3,suv,29,10,no,0,0,mixto,CDMX,no,amplia,anual,9918
384,324.5,326.6,13,18.3,pickup,42,16,no,0,1,personal,Otra,no,limitada,anual,6855
385,199.9,202.7,0,17.2,compacto,19,1,si,0,0,personal,CDMX,no,rc,anual,9848
386,342.6,349.6,18,24.7,hatchback,32,12,no,0,2,mixto,Otra,NA,amplia,anual,8622
387,197.3,203.2,13,13.5,sedan,64,39,no,0,0,personal,CDMX,no,limitada,anual,5458
388,152,147.6,10,20,sedan,38,15,no,0,1,personal,Guadalajara,si,amplia,anual,5602
389,518.3,513.4,1,10.5,pickup,38,18,no,1,1,personal,Guadalajara,no,amplia,anual,11776
390,590.5,608.7,5,2.6,sedan,53,29,no,0,0,personal,CDMX,si,limitada,anual,11646
391,268.2,277.3,1,8.5,suv,77,47,no,1,0,mixto,Monterrey,si,limitada,anual,7710
392,147.2,150.2,8,24,sedan,48,27,no,4,1,mixto,Guadalajara,no,amplia,anual,10713
393,228.4,230.6,10,22.5,suv,36,14,no,0,0,mixto,Monterrey,NA,amplia,anual,9506
394,NA,383,3,NA,suv,52,29,no,0,0,mixto,Otra,no,rc,anual,7387
395,NA,352.8,6,17.7,hatchback,35,17,no,1,0,mixto,Monterrey,si,amplia,anual,10257
396,128.9,127.8,7,6.8,pickup,41,15,no,1,0,personal,Guadalajara,no,limitada,anual,7234
397,665.2,676.7,17,15.8,suv,18,0,si,1,0,mixto,Guadalajara,si,amplia,anual,16136
398,362,358.1,7,16.6,compacto,28,10,no,0,3,mixto,Otra,no,amplia,anual,10625
399,873.8,887,1,11,sedan,45,26,no,0,1,comercial,CDMX,si,amplia,anual,17696
400,154.5,176.1,1,17.2,suv,24,6,si,2,0,mixto,Guadalajara,no,limitada,anual,14315
401,NA,435.5,1,13,sedan,33,10,no,2,0,personal,Otra,si,amplia,anual,11637
402,606.4,617.8,3,15.1,sedan,35,13,no,1,0,personal,NA,si,amplia,anual,12036
403,134.4,133.6,15,11.7,compacto,36,18,no,4,2,personal,Otra,si,amplia,anual,8046
404,174.4,173.7,10,16.7,suv,27,4,no,0,1,personal,Otra,no,rc,anual,5713
405,166.5,165.6,3,22.2,sedan,33,12,no,0,0,personal,CDMX,no,limitada,anual,9198
406,428,436.3,6,NA,suv,53,30,no,0,0,mixto,CDMX,no,amplia,anual,11133
407,120,130.6,9,13.7,hatchback,34,14,no,0,2,personal,CDMX,si,amplia,anual,5763
408,128.8,134,10,17.9,compacto,72,43,no,0,1,mixto,Guadalajara,si,limitada,anual,2770
409,417.6,421.3,2,13.1,suv,26,7,no,2,0,personal,Monterrey,no,rc,anual,13366
410,914.6,926.1,7,5.6,compacto,42,14,no,1,0,personal,NA,no,limitada,anual,13836
411,163.6,161.4,2,4.9,suv,49,21,no,0,0,personal,Otra,no,amplia,anual,7418
412,120,120.4,3,7.1,suv,52,24,no,0,1,mixto,Monterrey,si,limitada,anual,7187
413,330.3,341.8,6,18.9,sedan,39,20,no,0,0,personal,CDMX,no,limitada,anual,8487
414,449.6,454.7,5,23.7,sedan,62,34,no,0,0,personal,CDMX,si,rc,anual,9501
415,250.6,259.2,16,15.4,pickup,41,19,no,0,0,personal,Guadalajara,no,amplia,anual,7924
416,747.6,768.4,3,11.4,sedan,29,10,no,0,0,personal,Otra,si,limitada,anual,12731
417,1264.6,1290,9,21.6,compacto,48,23,no,3,3,personal,CDMX,si,limitada,anual,22040
418,155,142.5,8,18,suv,46,25,no,0,0,personal,Monterrey,si,rc,anual,6008
419,211.2,209.7,7,26.4,suv,18,0,si,0,0,mixto,Guadalajara,si,amplia,anual,12132
420,703.5,708.7,3,19.1,pickup,35,15,no,0,1,personal,CDMX,no,limitada,anual,15175
421,142.7,159.1,4,19.9,pickup,36,16,no,3,0,personal,Monterrey,si,limitada,anual,9612
422,659.9,668.1,15,22.7,sedan,43,23,no,0,2,mixto,CDMX,si,amplia,anual,14271
423,243.4,240.3,18,21.3,sedan,55,32,no,4,1,mixto,Monterrey,no,amplia,anual,13072
424,345.7,345.4,11,9.9,suv,18,0,si,0,1,personal,CDMX,si,amplia,anual,11859
425,446.9,458.9,4,23.5,suv,40,19,no,0,1,personal,Guadalajara,no,amplia,anual,10060
426,308.1,318.2,10,15,suv,18,0,si,0,1,mixto,NA,no,amplia,anual,13003
427,378.2,375.1,9,22.8,sedan,35,17,no,0,1,personal,Guadalajara,no,limitada,anual,7826
428,472.3,481.9,3,19.8,sedan,43,19,no,1,2,personal,Otra,si,limitada,anual,12092
429,1491.6,1514.6,0,14.5,compacto,35,12,no,3,0,personal,Monterrey,no,limitada,anual,25227
430,197.3,204.4,4,18.1,sedan,45,17,no,0,0,personal,Guadalajara,si,amplia,anual,7714
431,275.9,283.5,0,14.9,suv,54,32,no,3,1,mixto,CDMX,NA,limitada,anual,12794
432,454.8,466.6,8,23.2,suv,45,21,no,2,0,personal,CDMX,no,amplia,anual,13247
433,355.6,358.4,5,12.5,sedan,35,10,no,0,1,personal,Guadalajara,no,amplia,anual,11837
434,377,394.8,7,20.5,sedan,36,17,no,2,0,personal,Otra,si,limitada,anual,9637
435,NA,158.9,5,2.2,sedan,34,14,no,1,0,personal,CDMX,si,amplia,anual,7045
436,631.3,644.5,3,11.1,hatchback,44,20,no,4,2,personal,Otra,si,amplia,anual,17533
437,156.9,160.7,4,14.4,pickup,35,8,no,1,0,comercial,Otra,si,limitada,anual,7418
438,414.9,407.6,4,8.2,suv,58,33,no,0,0,comercial,CDMX,no,amplia,anual,12198
439,245,252.9,1,24,hatchback,20,2,si,0,0,personal,Guadalajara,no,amplia,anual,10697
440,986.7,1005.7,2,12.2,compacto,36,15,no,0,2,personal,CDMX,si,limitada,anual,16366
441,365.6,368.4,1,NA,suv,40,10,no,0,0,personal,Guadalajara,no,limitada,anual,9439
442,1001.1,1023.4,4,11.7,compacto,40,16,no,0,3,comercial,Otra,si,amplia,anual,18560
443,159.1,163.3,7,22,compacto,41,17,no,1,1,personal,Otra,no,amplia,anual,9467
444,558.1,552,4,5.1,sedan,45,19,no,5,2,mixto,CDMX,no,limitada,anual,18159
445,822.1,852.4,4,12.6,hatchback,50,24,no,1,1,personal,CDMX,no,amplia,anual,15550
446,464.1,470,12,19.3,suv,40,19,no,3,0,mixto,CDMX,si,amplia,anual,14586
447,815.2,841.9,3,7.9,sedan,18,0,si,0,2,personal,Otra,si,amplia,anual,17006
448,839.6,861.1,8,17.7,suv,34,12,no,1,1,comercial,Otra,si,amplia,anual,19194
449,120,138.4,11,17.7,compacto,41,22,no,0,1,mixto,CDMX,si,limitada,anual,6968
450,NA,258.1,0,18.1,hatchback,50,20,no,0,0,personal,Guadalajara,no,amplia,anual,7883
451,621,630.4,6,NA,suv,18,0,si,0,1,personal,Guadalajara,si,limitada,anual,15993
452,387.3,403.9,2,13.6,suv,38,16,no,4,1,personal,Otra,no,amplia,anual,15209
453,1129.4,1165,8,13.5,pickup,52,27,no,0,0,mixto,Otra,si,amplia,anual,15727
454,315.4,321,3,11.6,suv,33,10,no,0,2,comercial,Otra,no,amplia,anual,12582
455,1436.4,1464.4,12,24.1,hatchback,44,19,no,0,2,personal,CDMX,no,limitada,anual,21452
456,120,128.8,8,11.8,sedan,30,5,no,1,2,personal,Otra,no,amplia,anual,7596
457,120,134.8,9,20.7,sedan,54,30,no,0,0,personal,CDMX,no,limitada,anual,3862
458,542.7,547.4,5,17.6,compacto,19,0,si,4,0,personal,CDMX,si,limitada,anual,19571
459,460.1,483.7,4,NA,pickup,27,9,no,0,1,personal,Otra,no,amplia,anual,11317
460,325.7,329.8,8,29.5,sedan,37,17,no,2,1,mixto,CDMX,si,amplia,anual,12564
461,218.6,224.2,4,18.7,sedan,38,17,no,0,0,personal,CDMX,si,limitada,anual,8209
462,485.5,484.5,8,NA,suv,19,0,si,0,0,personal,Otra,si,rc,anual,11967
463,1110.6,1138.1,3,5.2,compacto,48,30,no,1,0,mixto,Guadalajara,no,rc,anual,17460
464,421.5,434.4,1,15.1,compacto,24,1,si,0,1,personal,NA,si,amplia,anual,13091
465,294.9,297.3,4,NA,compacto,47,25,no,0,1,mixto,Guadalajara,si,limitada,anual,7788
466,249,245.4,9,4.9,hatchback,64,37,no,0,0,personal,Guadalajara,no,amplia,anual,6262
467,133.6,140.4,8,NA,sedan,77,47,no,0,1,personal,CDMX,no,limitada,anual,4614
468,728.2,749.4,15,20.5,hatchback,28,9,no,0,1,personal,Otra,si,amplia,anual,13111
469,120,117.5,1,9,compacto,49,23,no,0,0,personal,CDMX,no,limitada,anual,5706
470,306,318,10,18.5,hatchback,25,3,si,0,0,personal,CDMX,no,limitada,anual,11612
471,268.7,276.3,4,33.4,sedan,51,27,no,0,1,personal,Guadalajara,si,amplia,anual,6256
472,716.7,730.4,15,18.6,sedan,44,21,no,1,0,personal,Monterrey,si,rc,anual,10612
473,259.8,262.4,13,29,sedan,22,3,si,0,1,personal,Otra,no,limitada,anual,9693
474,137.5,138.3,6,7.6,hatchback,20,0,si,1,1,mixto,CDMX,si,amplia,anual,12925
475,120,132.8,1,14.8,sedan,45,15,no,0,0,mixto,Otra,si,rc,anual,3522
476,244.9,261.9,3,14.2,suv,45,21,no,0,2,personal,Otra,no,amplia,anual,9252
477,137.1,133.7,16,22.1,suv,45,20,no,2,1,mixto,CDMX,no,limitada,anual,10294
478,382.6,380.1,6,13.4,sedan,30,12,no,0,0,personal,Otra,no,amplia,anual,8870
479,120,114.2,0,24.3,suv,48,28,no,0,1,mixto,Monterrey,no,amplia,anual,5408
480,911.7,934.9,6,12.5,hatchback,64,42,no,0,0,personal,CDMX,si,limitada,anual,11712
481,223.4,242.8,6,15.6,compacto,44,16,no,1,1,personal,Otra,si,amplia,anual,6875
482,261.6,263.7,9,22.1,pickup,33,14,no,0,0,mixto,NA,no,amplia,anual,7833
483,365.6,383.4,12,25.3,hatchback,40,13,no,0,4,personal,Guadalajara,no,amplia,anual,9983
484,317.9,303.8,6,15.4,suv,34,14,no,0,1,personal,Monterrey,no,limitada,anual,9322
485,817.2,831.3,1,6.4,pickup,18,0,si,2,5,personal,CDMX,no,amplia,anual,23099
486,193.8,204.9,10,11,suv,54,26,no,0,0,personal,Monterrey,no,limitada,anual,6491
487,283.5,287.9,9,18.4,compacto,18,0,si,0,1,personal,CDMX,no,amplia,anual,13336
488,228.3,238.5,5,12.9,suv,53,28,no,0,0,personal,Monterrey,no,limitada,anual,8110
489,868.4,880.5,14,NA,hatchback,36,13,no,1,1,personal,Monterrey,si,amplia,anual,17463
490,714.5,730.4,4,26.9,compacto,25,4,si,0,1,personal,Otra,si,amplia,anual,15559
491,120,124,13,9.1,compacto,29,11,no,1,1,mixto,Guadalajara,si,amplia,anual,8597
492,783.2,811.1,8,5.4,compacto,48,25,no,0,1,personal,Guadalajara,no,amplia,anual,12343
493,526.2,541.6,8,11.4,sedan,66,43,no,3,0,personal,Otra,si,limitada,anual,10617
494,454.8,463.2,7,13.9,sedan,43,15,no,1,1,comercial,Otra,si,amplia,anual,11831
495,315.5,314.7,8,6,compacto,56,22,no,1,0,personal,CDMX,no,amplia,anual,9864
496,120,134.9,14,6,pickup,45,24,no,0,2,mixto,CDMX,si,amplia,anual,7063
497,375.3,379.7,9,NA,sedan,23,1,si,0,0,personal,CDMX,no,limitada,anual,12643
498,215.6,211.6,7,9.5,suv,57,27,no,0,0,personal,Monterrey,NA,amplia,anual,7502
499,587.2,600,2,16.5,suv,44,21,no,2,0,mixto,Monterrey,si,amplia,anual,14870
500,911.5,944.1,7,12.4,compacto,51,29,no,2,0,mixto,Monterrey,si,amplia,anual,16180
501,120,116.2,13,18.5,compacto,23,2,si,3,1,personal,Otra,no,amplia,anual,13177
502,260.2,269.8,7,19.6,hatchback,35,17,no,1,0,personal,CDMX,no,amplia,anual,9053
503,NA,109.5,12,20.4,suv,33,15,no,2,0,personal,Otra,si,limitada,anual,7075
504,636,626.3,2,10.6,sedan,44,25,no,0,0,mixto,CDMX,si,limitada,anual,12426
505,205.9,214.4,4,26.8,compacto,58,31,no,2,0,personal,Otra,si,amplia,anual,6673
506,782.3,784.6,9,NA,compacto,28,10,no,1,0,personal,CDMX,no,amplia,anual,16814
507,389.6,414.5,7,16.9,pickup,27,5,no,0,0,mixto,Monterrey,no,amplia,anual,9738
508,199.5,207.5,0,10.8,suv,26,8,no,5,1,personal,CDMX,no,limitada,anual,15878
509,120,125.3,8,12.8,sedan,56,31,no,0,3,personal,CDMX,si,amplia,anual,7335
510,346.9,359.1,9,12.5,suv,43,19,no,1,1,personal,Monterrey,no,limitada,anual,10069
511,475.3,490.8,11,23.5,suv,45,26,no,0,0,mixto,Guadalajara,no,rc,anual,10138
512,315.9,321.5,7,10.7,pickup,37,15,no,1,0,personal,Otra,no,amplia,anual,11233
513,NA,262.2,12,19.8,pickup,35,11,no,0,0,mixto,Otra,si,amplia,anual,6751
514,511.8,526.3,6,18.6,sedan,50,24,no,0,3,personal,Otra,no,amplia,anual,11412
515,259.3,260.7,14,27.1,hatchback,39,16,no,2,1,personal,Otra,no,amplia,anual,11934
516,309.3,320.2,12,21.2,compacto,45,15,no,0,1,mixto,CDMX,si,rc,anual,9047
517,128.3,118.3,13,NA,compacto,19,0,si,0,0,personal,Guadalajara,no,limitada,anual,8133
518,120,119.3,11,20.9,hatchback,64,37,no,0,0,mixto,Otra,no,amplia,anual,4277
519,416.8,444.3,1,23.1,hatchback,56,32,no,0,0,comercial,CDMX,si,amplia,anual,12019
520,241.4,244.5,10,10.8,hatchback,63,41,no,0,1,personal,Otra,no,amplia,anual,5715
521,1104.9,1128.4,8,20.6,compacto,47,24,no,2,0,comercial,CDMX,si,amplia,anual,22473
522,245.9,243.8,3,5,hatchback,43,22,no,0,0,personal,Guadalajara,NA,limitada,anual,6375
523,1020.5,1038,6,13.6,suv,43,23,no,1,0,personal,CDMX,si,limitada,anual,16847
524,354.5,346.8,6,16.5,hatchback,43,18,no,0,0,personal,CDMX,no,limitada,anual,7966
525,273.6,282.5,7,18.5,hatchback,39,16,no,1,0,personal,Otra,si,limitada,anual,6577
526,123.6,108.4,10,18.8,compacto,33,11,no,0,0,personal,CDMX,si,amplia,anual,6313
527,120,126.8,13,21.6,sedan,44,20,no,0,1,personal,CDMX,si,amplia,anual,5252
528,820.1,837.4,1,12.2,hatchback,37,19,no,0,1,personal,Otra,no,amplia,anual,14438
529,306.9,318.5,17,8.5,compacto,50,24,no,4,1,comercial,Otra,no,limitada,anual,12438
530,539.7,556.4,1,20.6,sedan,41,21,no,5,1,personal,Monterrey,no,amplia,anual,20387
531,429.4,440.8,14,15.8,suv,37,18,no,0,1,personal,CDMX,no,rc,anual,10178
532,734.7,755.7,7,NA,hatchback,43,19,no,1,0,mixto,CDMX,si,limitada,anual,12893
533,151.1,161,0,22.4,sedan,42,15,no,3,1,personal,Guadalajara,si,rc,anual,11391
534,407.3,412,8,14.7,suv,33,14,no,2,3,personal,Otra,no,rc,anual,12405
535,168.8,176.8,17,19.5,compacto,42,20,no,0,0,mixto,Otra,si,amplia,anual,5625
536,120,115.1,9,14.5,hatchback,40,22,no,5,0,personal,Monterrey,si,limitada,anual,9594
537,569.8,584.7,6,21.3,hatchback,50,22,no,1,0,personal,CDMX,si,amplia,anual,12209
538,120,118.6,10,22.5,compacto,43,19,no,2,0,personal,Monterrey,no,amplia,anual,9525
539,NA,562.3,3,12.1,hatchback,38,11,no,2,0,personal,Guadalajara,no,amplia,anual,14853
540,487.9,499.5,8,15.5,sedan,48,25,no,0,2,mixto,NA,si,amplia,anual,10699
541,753.3,776.1,3,21.1,hatchback,53,25,no,0,0,mixto,Monterrey,si,amplia,anual,14291
542,311.4,301.3,4,20.2,suv,47,24,no,0,2,personal,CDMX,no,limitada,anual,9657
543,342.1,333.5,2,16.9,sedan,35,13,no,4,1,personal,Otra,si,rc,anual,12767
544,463.1,466.7,0,14.2,suv,28,5,no,0,1,personal,CDMX,no,limitada,anual,12523
545,151.5,155.7,2,20.6,pickup,23,4,si,0,2,mixto,CDMX,no,amplia,anual,12618
546,159.9,158.6,4,9.6,suv,50,25,no,0,1,personal,Guadalajara,si,limitada,anual,5018
547,137,146.8,7,9.2,sedan,32,12,no,0,0,personal,Otra,no,amplia,anual,5753
548,379.6,386.4,4,6.9,sedan,59,35,no,0,0,personal,Otra,no,amplia,anual,7113
549,434.5,453.8,7,20.8,suv,52,29,no,1,2,personal,CDMX,si,amplia,anual,13026
550,279.3,284.4,2,27.2,compacto,33,14,no,0,0,personal,Guadalajara,no,amplia,anual,8876
551,499.4,515.7,7,18.5,sedan,43,25,no,0,1,mixto,Monterrey,si,amplia,anual,9432
552,335.8,329.9,1,24,pickup,67,41,no,2,0,mixto,Otra,no,limitada,anual,10158
553,208.5,222.9,4,21.8,suv,47,25,no,0,0,personal,Otra,si,limitada,anual,4581
554,303.1,304.8,9,11.3,hatchback,55,31,no,0,0,personal,Otra,no,limitada,anual,6170
555,898.2,936.8,11,16.9,compacto,38,13,no,1,1,personal,CDMX,si,rc,anual,16667
556,136.3,136.7,1,8.8,hatchback,53,28,no,0,1,personal,Otra,no,rc,anual,2677
557,189.4,184.7,2,21.7,pickup,45,17,no,1,1,personal,Monterrey,si,amplia,anual,10459
558,983.7,1009.4,3,21.2,sedan,75,46,no,2,0,personal,CDMX,no,limitada,anual,17555
559,544.3,559.5,7,18.1,suv,32,10,no,0,0,personal,Monterrey,si,limitada,anual,11331
560,314.6,300.7,6,15.2,pickup,35,10,no,3,0,mixto,CDMX,no,amplia,anual,13949
561,285.8,287.2,5,18.6,sedan,39,16,no,2,1,personal,Guadalajara,si,limitada,anual,9850
562,353.1,374.8,3,7.1,sedan,41,21,no,0,0,personal,CDMX,no,amplia,anual,9476
563,593.8,617.8,3,17.8,suv,41,17,no,1,0,mixto,Guadalajara,si,amplia,anual,13151
564,628.7,628.2,15,29.2,hatchback,35,16,no,1,2,personal,Otra,no,amplia,anual,12328
565,441,452,1,11.3,compacto,52,25,no,5,2,mixto,Otra,si,rc,anual,14507
566,134.9,143.9,16,6.4,compacto,52,25,no,0,0,personal,NA,no,limitada,anual,3280
567,571.5,600.5,0,11.7,suv,54,25,no,0,2,personal,CDMX,no,amplia,anual,13399
568,194.2,201.9,8,NA,sedan,25,7,si,1,1,mixto,Monterrey,no,amplia,anual,11608
569,278.3,302.6,5,17,hatchback,35,7,no,0,0,mixto,Otra,si,amplia,anual,10348
570,391.6,401.7,14,10.6,pickup,46,22,no,0,0,mixto,Monterrey,no,amplia,anual,9648
571,472.8,479.8,13,9.4,suv,34,14,no,0,1,personal,Monterrey,no,limitada,anual,9932
572,166,162.1,9,12.4,sedan,43,22,no,1,1,personal,Monterrey,si,limitada,anual,6476
573,646.4,649.9,9,23.9,suv,37,18,no,0,0,personal,Otra,no,limitada,anual,10790
574,120,122.6,7,19.5,hatchback,60,37,no,0,1,comercial,Otra,si,limitada,anual,3751
575,726.6,745.1,3,11.1,sedan,46,21,no,2,1,personal,CDMX,NA,amplia,anual,15165
576,120,118.9,11,21.7,pickup,31,9,no,0,3,personal,CDMX,no,limitada,anual,7449
577,602.3,609.8,11,11.4,suv,49,18,no,0,2,personal,CDMX,si,limitada,anual,11818
578,182.6,197.8,5,14.1,hatchback,49,23,no,0,0,personal,Otra,si,amplia,anual,5146
579,341,351,17,20.8,hatchback,28,10,no,0,1,personal,Otra,no,amplia,anual,8172
580,120.1,125.5,2,NA,sedan,45,17,no,1,0,personal,Guadalajara,no,limitada,anual,8410
581,684.8,702,5,NA,suv,41,18,no,1,0,comercial,Monterrey,si,amplia,anual,13886
582,607.2,620.9,0,25,sedan,66,39,no,0,0,personal,Guadalajara,no,amplia,anual,10866
583,186,186.4,4,19.6,compacto,21,3,si,1,0,personal,Guadalajara,si,rc,anual,9506
584,284.9,300.6,3,15,sedan,37,14,no,0,0,personal,Guadalajara,no,limitada,anual,6167
585,232.7,239.8,8,9.5,sedan,78,51,no,0,0,personal,CDMX,no,limitada,anual,4777
586,235.5,228.4,6,13.9,hatchback,31,9,no,3,0,personal,Monterrey,si,amplia,anual,11747
587,598.7,618.5,1,14.5,sedan,27,7,no,0,0,personal,Monterrey,si,amplia,anual,12239
588,542.2,557.2,7,NA,pickup,47,22,no,3,0,personal,CDMX,no,rc,anual,15394
589,657.8,653.6,7,17.2,suv,24,6,si,0,1,personal,Otra,NA,amplia,anual,15541
590,311.4,316.1,4,22.1,sedan,63,38,no,3,1,personal,CDMX,no,amplia,anual,13884
591,681.5,701,7,21.9,compacto,34,13,no,0,1,personal,Guadalajara,no,limitada,anual,11611
592,152.5,146.6,11,8.3,hatchback,54,28,no,0,2,personal,CDMX,si,amplia,anual,7301
593,175.9,166.7,7,14,suv,49,22,no,0,1,comercial,Guadalajara,si,rc,anual,6923
594,328.1,341.1,3,8.5,sedan,41,18,no,0,1,mixto,CDMX,si,amplia,anual,8271
595,557.9,575.8,10,18.2,suv,39,18,no,1,3,personal,CDMX,si,amplia,anual,14225
596,529.5,546.1,8,16.5,pickup,19,0,si,0,2,comercial,Otra,no,amplia,anual,17021
597,232,245.4,9,24.1,suv,25,6,si,4,1,personal,Guadalajara,NA,limitada,anual,15983
598,360.3,373.8,7,10.3,sedan,24,6,si,0,0,mixto,CDMX,si,amplia,anual,13621
599,265.4,263.2,1,6.9,sedan,39,18,no,1,1,mixto,Monterrey,no,limitada,anual,10876
600,273.1,276.9,10,11.6,suv,65,39,no,0,1,mixto,Monterrey,no,rc,anual,7225
601,141.2,146.8,1,21,hatchback,45,25,no,3,0,personal,Guadalajara,no,rc,anual,9025
602,120,111.5,5,NA,suv,56,31,no,0,0,personal,CDMX,NA,limitada,anual,6427
603,178,192.6,6,23.2,sedan,34,16,no,0,0,comercial,Otra,no,limitada,anual,7491
604,274.6,282.7,14,13.6,compacto,33,15,no,1,0,mixto,Guadalajara,no,limitada,anual,8817
605,222,217.4,1,10.8,suv,49,29,no,0,2,mixto,Guadalajara,no,amplia,anual,8449
606,254.8,257.6,6,32.1,compacto,31,13,no,1,3,mixto,Otra,si,amplia,anual,10723
607,613,621.9,14,12.8,pickup,25,7,si,2,1,personal,CDMX,si,amplia,anual,18109
608,120,118.4,7,13.5,sedan,38,14,no,0,0,personal,Monterrey,no,limitada,anual,5794
609,1473.8,1494.4,11,25.8,suv,32,9,no,0,2,personal,Otra,si,amplia,anual,22710
610,733.2,756.6,2,4.3,hatchback,23,5,si,1,0,mixto,CDMX,si,amplia,anual,19103
611,1098.2,1101.5,4,14.4,pickup,56,37,no,0,1,personal,Otra,si,amplia,anual,15820
612,862.6,876.1,6,19.1,pickup,37,17,no,0,0,comercial,CDMX,no,amplia,anual,18045
613,553.8,569.1,0,25.5,hatchback,54,28,no,1,0,personal,Guadalajara,no,amplia,anual,12333
614,697.9,710.4,8,16.8,pickup,52,25,no,0,1,personal,Otra,no,amplia,anual,12046
615,229.5,223.9,4,17.3,sedan,49,24,no,0,1,personal,NA,no,rc,anual,6830
616,386,385.4,7,7.6,hatchback,46,24,no,1,0,personal,Otra,NA,limitada,anual,6922
617,611.5,632.8,2,23.4,compacto,23,1,si,0,3,mixto,Guadalajara,no,limitada,anual,17479
618,237,241.2,16,12.3,sedan,35,15,no,0,0,personal,CDMX,no,rc,anual,5801
619,198.3,195.8,11,13.9,compacto,30,11,no,0,0,personal,Guadalajara,si,limitada,anual,4493
620,559.7,567.2,5,17,suv,41,23,no,0,0,personal,Otra,no,limitada,anual,10568
621,120,120.3,1,14.5,compacto,24,3,si,0,1,personal,CDMX,no,limitada,anual,10147
622,635.7,639,9,21.8,pickup,28,3,no,0,1,personal,CDMX,no,amplia,anual,13842
623,510.2,510.5,12,10.7,compacto,52,32,no,0,0,personal,Otra,si,amplia,anual,9661
624,291.6,292.6,11,13.9,compacto,45,24,no,0,0,personal,CDMX,si,rc,anual,5885
625,301.7,304.3,7,NA,sedan,23,5,si,3,2,personal,Guadalajara,si,amplia,semestral,13584
626,196.2,187.4,14,21,hatchback,51,31,no,0,0,personal,Otra,si,rc,anual,3564
627,208.9,218.8,6,14.7,suv,38,13,no,2,1,mixto,Otra,si,amplia,anual,11456
628,351.8,334.5,13,16.8,sedan,64,34,no,1,0,personal,Otra,no,limitada,anual,7420
629,236.8,247.8,3,11.6,hatchback,53,28,no,1,0,personal,Otra,si,limitada,anual,6384
630,268.2,272.4,9,25.8,suv,32,13,no,1,1,mixto,Otra,si,amplia,anual,11473
631,245.2,237.7,8,14.4,suv,55,22,no,3,0,comercial,Guadalajara,si,rc,anual,10733
632,639.1,659.6,3,11.1,hatchback,28,7,no,0,0,mixto,CDMX,si,amplia,anual,13424
633,120,126.7,1,13.2,suv,41,14,no,0,0,personal,Guadalajara,si,limitada,anual,5929
634,679.6,673.7,4,11,suv,33,15,no,0,1,mixto,Guadalajara,si,amplia,anual,14449
635,426.5,447.2,13,15.8,hatchback,37,19,no,0,0,personal,CDMX,si,amplia,anual,6717
636,120,140.5,6,13.1,pickup,44,21,no,0,0,personal,Otra,no,amplia,anual,6151
637,204.6,213.8,16,20.8,compacto,50,28,no,0,1,mixto,CDMX,si,amplia,anual,6879
638,369.5,378.1,4,16.7,hatchback,18,0,si,0,0,personal,CDMX,si,rc,anual,11345
639,330.7,346.2,8,8.8,sedan,53,24,no,2,1,personal,Otra,si,amplia,anual,10092
640,186.5,189.9,3,24.8,compacto,57,29,no,2,2,comercial,Otra,si,amplia,anual,11885
641,316.6,313.3,5,21.6,compacto,54,27,no,3,0,mixto,Monterrey,si,amplia,anual,11229
642,418.3,438,4,17.4,sedan,60,36,no,1,0,mixto,CDMX,si,limitada,anual,10827
643,1725.5,1754.9,8,19,hatchback,38,14,no,0,0,personal,CDMX,no,amplia,anual,25293
644,180.6,183.2,3,22.7,compacto,47,23,no,3,0,mixto,Otra,no,amplia,anual,10304
645,251.4,260.4,4,18.5,hatchback,48,24,no,5,1,comercial,CDMX,si,limitada,anual,16074
646,NA,855,11,22.9,hatchback,28,7,no,1,0,mixto,Monterrey,si,amplia,anual,14987
647,653.3,677.7,8,20.5,sedan,18,0,si,5,0,personal,Monterrey,si,amplia,anual,22746
648,NA,566.4,10,15.3,hatchback,44,20,no,0,0,personal,Monterrey,no,amplia,anual,10118
649,558.1,580.5,6,23.2,compacto,18,0,si,0,1,mixto,Guadalajara,no,amplia,anual,15810
650,128.6,122.7,4,5.3,sedan,31,13,no,0,0,mixto,CDMX,no,limitada,anual,6751
651,195.1,185,10,16.4,compacto,27,9,no,0,0,personal,CDMX,si,amplia,anual,7903
652,168.5,176.8,10,13.4,compacto,42,24,no,1,1,personal,CDMX,no,amplia,anual,9026
653,520.7,533.9,7,20.5,suv,60,32,no,0,0,personal,Guadalajara,si,amplia,anual,8959
654,120,121.1,7,17.1,pickup,60,31,no,0,0,personal,Otra,si,limitada,anual,4230
655,645.9,665.1,1,23.5,pickup,50,20,no,0,1,comercial,Guadalajara,si,amplia,anual,14535
656,653.5,674.1,6,16.7,hatchback,45,27,no,0,0,mixto,CDMX,no,rc,anual,10638
657,600.2,612.3,13,NA,suv,27,4,no,0,0,personal,Otra,si,amplia,anual,12904
658,473.9,476,8,19.5,suv,41,23,no,0,0,personal,Monterrey,si,limitada,anual,9268
659,618.1,625.2,7,24.8,hatchback,26,7,no,3,0,personal,Otra,si,rc,anual,13350
660,255,267,3,12.6,compacto,27,5,no,1,0,personal,CDMX,no,amplia,anual,10193
661,367.8,367.5,2,26.8,sedan,47,26,no,1,1,mixto,CDMX,no,limitada,anual,10439
662,272.7,283.8,2,12,hatchback,40,16,no,0,0,comercial,Guadalajara,no,amplia,anual,8824
663,638.2,655.2,0,9.4,compacto,47,18,no,1,2,personal,Monterrey,no,limitada,anual,13562
664,419,427.3,15,23.2,pickup,42,19,no,0,0,personal,Otra,si,limitada,anual,7768
665,296.3,303.3,3,18.8,sedan,36,17,no,0,1,personal,Monterrey,si,rc,anual,7265
666,NA,468.5,2,13.2,compacto,26,6,no,1,0,personal,CDMX,NA,amplia,anual,11947
667,638.7,641.6,6,24,suv,61,35,no,0,2,personal,CDMX,si,amplia,anual,13101
668,169.8,174.1,11,NA,hatchback,57,32,no,1,3,personal,Monterrey,si,amplia,anual,6925
669,120,132.7,3,11.2,sedan,38,15,no,1,0,mixto,CDMX,no,rc,anual,7798
670,NA,333,11,17.8,sedan,46,28,no,0,1,mixto,Otra,si,limitada,anual,4723
671,139.1,152.5,5,15.7,sedan,48,29,no,2,1,personal,CDMX,no,rc,anual,9285
672,806.1,831.4,3,9.6,suv,64,41,no,0,0,mixto,Guadalajara,no,limitada,anual,12247
673,214.2,200.6,17,19.7,suv,43,17,no,2,1,personal,Monterrey,si,amplia,anual,9181
674,714.5,715.2,1,17.6,sedan,43,21,no,0,0,personal,NA,no,amplia,anual,12132
675,311.6,320.6,13,17.4,sedan,55,32,no,0,1,personal,CDMX,si,amplia,anual,7059
676,138.2,153.1,1,11.7,suv,59,39,no,5,0,personal,Otra,si,amplia,anual,10792
677,268.2,278.2,13,15.7,pickup,55,31,no,0,1,mixto,Otra,no,amplia,anual,7387
678,120,128.8,10,13.7,sedan,53,32,no,1,3,personal,Guadalajara,si,rc,anual,6987
679,706.7,719.8,14,NA,suv,50,29,no,0,1,comercial,Otra,no,amplia,anual,13682
680,405.5,402.1,12,15.2,suv,37,18,no,1,1,personal,Monterrey,no,limitada,anual,11453
681,672.1,698.3,0,8,sedan,46,23,no,0,1,personal,Guadalajara,no,limitada,anual,10978
682,122.3,114.3,5,16.5,sedan,37,17,no,0,1,mixto,Monterrey,no,rc,anual,8081
683,120,127.7,3,5.9,hatchback,19,1,si,0,1,mixto,CDMX,no,limitada,anual,9889
684,822.5,837.1,2,15.7,hatchback,53,27,no,0,0,personal,CDMX,si,amplia,anual,14425
685,282.8,298.9,11,NA,compacto,35,9,no,0,0,personal,CDMX,si,amplia,anual,9181
686,771.7,786.9,15,2,compacto,29,8,no,3,0,personal,Otra,si,limitada,anual,13628
687,857.2,876.3,8,27.9,sedan,49,24,no,2,1,personal,CDMX,si,limitada,anual,17235
688,611.2,620.6,5,18.8,hatchback,37,12,no,1,2,personal,Otra,no,amplia,anual,14477
689,347.8,349.5,4,11.4,sedan,18,0,si,3,0,personal,CDMX,si,limitada,anual,14514
690,181.8,180.3,0,26.9,sedan,34,10,no,0,1,personal,Otra,si,rc,anual,5282
691,751.9,765.9,11,25.2,hatchback,18,0,si,1,3,mixto,CDMX,no,amplia,anual,20545
692,259.9,272.3,6,5.8,suv,47,18,no,1,1,mixto,Monterrey,si,amplia,anual,9977
693,1580.7,1603.4,1,15.8,suv,25,7,si,3,0,comercial,Guadalajara,si,amplia,anual,30839
694,699.8,723.8,5,10.9,sedan,49,25,no,0,1,personal,CDMX,no,amplia,anual,13000
695,807.5,838.3,8,19.4,suv,38,20,no,1,0,mixto,Monterrey,no,rc,anual,15097
696,410.4,414,2,4.2,suv,58,28,no,1,1,personal,Monterrey,si,amplia,anual,11144
697,403,390.1,11,25.4,pickup,24,5,si,0,1,personal,Otra,no,amplia,anual,13670
698,120,110.7,8,8.4,sedan,37,16,no,0,0,mixto,Monterrey,si,amplia,anual,5285
699,723.3,730.8,9,13.4,hatchback,27,9,no,3,2,personal,Otra,si,amplia,anual,17926
700,120,123.9,2,18.5,compacto,63,39,no,2,0,personal,Guadalajara,no,amplia,anual,6124
701,312.6,323,3,23.9,hatchback,18,0,si,0,2,mixto,Otra,si,amplia,anual,13167
702,174.8,195,5,13.7,sedan,53,25,no,0,1,comercial,Otra,si,amplia,anual,8146
703,308.3,303,6,14.5,compacto,50,28,no,0,2,mixto,Otra,no,rc,anual,6962
704,389.9,412.7,13,23.6,suv,35,11,no,0,2,personal,CDMX,NA,limitada,anual,12423
705,704.8,730.2,4,26.9,sedan,38,19,no,0,1,personal,CDMX,si,amplia,anual,13146
706,398.3,417.4,6,21.2,hatchback,54,31,no,0,0,mixto,CDMX,si,limitada,anual,6584
707,590.3,590.1,13,16.6,sedan,46,23,no,2,2,mixto,CDMX,no,limitada,anual,13777
708,269.6,277.5,1,16.8,sedan,43,19,no,0,0,personal,Otra,no,amplia,anual,8862
709,413.4,426.4,15,11.7,suv,41,15,no,2,2,personal,CDMX,si,amplia,anual,13621
710,331.4,331,12,NA,compacto,18,0,si,0,1,personal,Monterrey,si,amplia,anual,12289
711,558.9,569,4,24.6,hatchback,38,20,no,0,1,personal,Monterrey,no,amplia,anual,13110
712,437.2,450.3,10,16,sedan,32,13,no,3,0,mixto,CDMX,si,limitada,anual,14378
713,1085.5,1102.6,6,23.3,hatchback,40,18,no,0,0,personal,CDMX,no,limitada,anual,17265
714,286.7,293.2,2,28.1,hatchback,44,16,no,0,0,personal,Guadalajara,no,amplia,anual,8020
715,120,148.8,7,16.1,compacto,36,14,no,5,0,comercial,Otra,si,amplia,anual,13274
716,220.3,214.4,8,19.1,sedan,44,18,no,0,6,personal,CDMX,si,limitada,anual,8097
717,168,175.2,12,NA,suv,49,24,no,0,3,mixto,Monterrey,si,amplia,anual,8451
718,548.5,566.1,9,18.7,sedan,66,38,no,1,2,personal,Guadalajara,no,amplia,anual,10465
719,479.1,481.6,7,13.5,suv,57,33,no,0,0,personal,Guadalajara,si,amplia,anual,9474
720,294.9,306.9,3,10.3,hatchback,57,25,no,1,2,personal,CDMX,no,rc,anual,7833
721,228.7,238.7,1,15.5,sedan,53,32,no,0,2,personal,CDMX,no,limitada,anual,7904
722,203.3,190.7,9,9.4,sedan,43,20,no,1,1,personal,NA,NA,limitada,anual,7894
723,410.7,431.1,8,17.7,compacto,32,11,no,0,1,mixto,Monterrey,no,limitada,anual,9685
724,218.8,208.4,4,16.9,suv,40,18,no,0,1,personal,CDMX,si,amplia,anual,8090
725,202.3,207.5,3,20.4,hatchback,66,27,no,0,0,personal,CDMX,no,amplia,anual,7254
726,303.3,309.2,9,18.4,sedan,42,19,no,0,0,mixto,Otra,si,limitada,anual,5134
727,120,127.2,5,NA,hatchback,37,14,no,0,2,mixto,CDMX,si,limitada,anual,5178
728,682.8,699.1,10,2.3,pickup,42,18,no,1,0,mixto,CDMX,no,limitada,anual,13094
729,539,546.8,5,22.5,hatchback,31,13,no,1,1,personal,CDMX,si,amplia,anual,12797
730,526.2,531.1,9,21,sedan,46,23,no,0,2,personal,Monterrey,si,limitada,anual,10898
731,774.8,797.2,3,18.9,sedan,40,13,no,0,0,personal,Guadalajara,no,rc,anual,14065
732,214.4,217.8,1,9.3,sedan,35,11,no,0,1,mixto,Monterrey,no,rc,anual,8840
733,143,139.5,7,10.7,pickup,18,0,si,3,1,personal,Monterrey,no,amplia,anual,13239
734,201.9,220.7,2,11.6,sedan,45,21,no,0,0,mixto,CDMX,no,amplia,anual,8979
735,331,333.9,4,16.5,sedan,50,24,no,2,1,comercial,Otra,no,amplia,anual,12708
736,871.4,883.7,10,25,suv,33,12,no,0,0,mixto,Guadalajara,no,amplia,anual,15967
737,120,122.8,11,25.2,suv,47,21,no,0,1,personal,Otra,no,limitada,anual,5225
738,364.7,361.2,11,18.1,pickup,47,22,no,1,1,personal,Guadalajara,no,amplia,anual,9986
739,463.4,470.9,6,9.9,suv,39,19,no,0,1,personal,CDMX,si,rc,anual,9334
740,1239.9,1267.1,0,NA,suv,42,20,no,2,0,comercial,Otra,si,rc,anual,20978
741,341.1,344.1,6,14.4,pickup,32,11,no,0,0,personal,Otra,si,limitada,anual,5474
742,280.6,285.8,7,7.9,suv,42,19,no,0,0,personal,CDMX,si,limitada,anual,7112
743,120,120.1,9,10.2,compacto,26,4,no,0,0,personal,Monterrey,no,amplia,anual,6893
744,436.3,442.1,12,12.2,sedan,55,28,no,0,1,comercial,CDMX,si,amplia,anual,10086
745,504.7,521.2,7,14.1,hatchback,47,27,no,0,0,personal,CDMX,NA,limitada,anual,9081
746,278.8,297.5,1,24.1,compacto,33,12,no,0,0,personal,Otra,si,amplia,anual,8519
747,305,310.2,10,20.9,compacto,43,16,no,0,1,personal,Otra,si,amplia,anual,8181
748,120,136.5,9,14.8,compacto,50,29,no,1,0,personal,Guadalajara,no,limitada,anual,7742
749,120,119.5,14,26.5,compacto,40,21,no,1,0,personal,CDMX,no,rc,anual,6265
750,204.7,210,5,25.4,compacto,42,20,no,0,2,mixto,Monterrey,no,limitada,anual,7010
751,877.7,888.8,2,NA,sedan,20,2,si,0,1,mixto,Guadalajara,no,amplia,anual,19638
752,176.3,184.6,7,14.4,suv,30,8,no,0,1,personal,Monterrey,si,amplia,anual,6919
753,120,127.3,5,22.6,suv,45,22,no,0,0,comercial,CDMX,si,amplia,anual,10455
754,198.3,210.9,5,34.5,suv,47,22,no,1,2,personal,Guadalajara,no,amplia,anual,11833
755,918.6,933,18,2,suv,29,10,no,0,1,comercial,CDMX,no,amplia,anual,18095
756,370.6,378.9,1,12.6,sedan,42,21,no,1,1,personal,Otra,si,rc,anual,7588
757,194,198.2,6,13.2,compacto,23,4,si,1,0,personal,Otra,no,amplia,anual,11179
758,449.2,469.6,4,25.5,hatchback,49,25,no,0,0,personal,Monterrey,si,rc,anual,7446
759,642.7,657.5,9,25,sedan,23,0,si,0,1,mixto,Otra,si,amplia,anual,17076
760,155,161.5,5,16.2,suv,57,34,no,0,0,mixto,Guadalajara,no,limitada,anual,6264
761,177.4,175.9,11,12.1,hatchback,57,28,no,0,1,personal,Otra,NA,amplia,anual,4274
762,335.1,339.7,8,13.3,compacto,55,31,no,0,1,personal,Guadalajara,si,amplia,anual,5747
763,146.2,149.2,1,18.9,suv,18,0,si,0,0,comercial,Otra,si,amplia,anual,10940
764,120,127.8,15,19.1,pickup,32,10,no,1,0,personal,Otra,si,amplia,anual,6994
765,120,122.4,3,7.7,sedan,68,43,no,0,1,personal,CDMX,no,limitada,anual,3879
766,279.1,270.4,7,16.7,sedan,36,16,no,0,0,personal,Guadalajara,no,amplia,anual,8841
767,454.4,448.7,5,18.5,pickup,18,0,si,0,0,personal,Otra,si,limitada,anual,12257
768,463.7,462,2,15.1,compacto,32,14,no,0,0,personal,CDMX,si,rc,anual,8895
769,229.9,224.3,4,18.9,hatchback,33,9,no,1,1,comercial,Guadalajara,si,amplia,anual,10098
770,312.1,305.9,12,10.1,compacto,42,19,no,2,0,personal,Monterrey,si,amplia,semestral,8689
771,1006.9,1018.8,4,13.5,sedan,49,23,no,3,0,mixto,NA,si,rc,anual,18936
772,148.8,139,3,30.8,compacto,18,0,si,0,2,mixto,Guadalajara,si,amplia,anual,10791
773,228.2,236.6,15,20.7,pickup,48,19,no,0,0,mixto,Guadalajara,no,rc,anual,6772
774,235.7,240.9,5,NA,sedan,45,19,no,0,0,personal,Otra,si,rc,anual,5609
775,168.8,169.2,2,23.1,suv,39,19,no,0,0,mixto,CDMX,no,amplia,anual,11047
776,278.9,283.1,1,18.1,hatchback,38,17,no,0,0,mixto,CDMX,si,amplia,anual,10363
777,726.1,727.8,7,18.8,sedan,56,35,no,1,0,personal,Otra,no,amplia,anual,13831
778,228.9,243.7,3,28,suv,54,31,no,0,0,personal,NA,no,limitada,anual,8397
779,205.7,215.1,1,6.3,suv,36,15,no,0,1,personal,CDMX,si,amplia,anual,6782
780,120,118.6,4,20.9,pickup,47,23,no,1,1,comercial,Otra,si,limitada,anual,7153
781,120,131.7,4,8.3,sedan,38,16,no,0,0,mixto,Guadalajara,si,amplia,anual,6282
782,300.9,286.6,2,6.9,sedan,51,28,no,0,0,personal,Otra,si,amplia,anual,7563
783,845,870.4,5,5.5,sedan,51,29,no,4,0,personal,CDMX,si,amplia,anual,18830
784,242.5,246.5,7,14.2,compacto,34,12,no,2,0,personal,NA,no,amplia,anual,10391
785,189.3,191,6,12.4,hatchback,54,32,no,0,0,comercial,Otra,no,rc,anual,5872
786,323.6,318.8,3,22.1,hatchback,47,26,no,0,1,personal,Guadalajara,si,amplia,anual,8471
787,120,133.9,4,23.5,pickup,43,23,no,1,1,personal,Otra,si,limitada,anual,6234
788,232.8,239.2,4,10.5,suv,43,20,no,1,0,mixto,CDMX,no,amplia,semestral,11185
789,263.4,278.7,4,15.4,compacto,31,8,no,1,0,personal,Guadalajara,no,rc,anual,8016
790,622.4,628.6,1,2,pickup,35,15,no,1,1,personal,CDMX,si,rc,anual,13083
791,149.7,162.3,3,9.6,sedan,34,16,no,0,2,personal,CDMX,no,amplia,anual,9143
792,147.4,161.9,4,NA,compacto,64,39,no,1,0,personal,Guadalajara,si,limitada,anual,6002
793,778,791.3,3,18.3,hatchback,47,25,no,1,1,comercial,Monterrey,no,amplia,anual,15633
794,120,146,7,15.1,suv,46,22,no,1,1,personal,Monterrey,no,amplia,anual,7456
795,120,124.2,10,12.6,suv,41,18,no,2,2,personal,CDMX,NA,limitada,anual,8649
796,120,121.6,11,10.1,sedan,24,4,si,0,1,personal,Guadalajara,si,amplia,anual,7161
797,236.4,230.6,7,11.8,suv,49,26,no,1,0,mixto,Monterrey,no,limitada,anual,10106
798,597.1,611.7,7,19.9,compacto,26,8,no,0,0,personal,CDMX,no,limitada,anual,10118
799,518,518.1,1,17.9,sedan,28,10,no,0,1,personal,Otra,no,rc,anual,9381
800,328.3,337.2,18,29.1,hatchback,36,15,no,0,0,mixto,Guadalajara,no,rc,anual,7607
801,593,615.6,3,15.7,sedan,26,8,no,0,1,personal,Otra,no,amplia,anual,13070
802,550.8,552.2,16,18.8,sedan,29,11,no,4,0,personal,Guadalajara,no,limitada,anual,15007
803,1847.7,1878.1,2,11.9,sedan,56,32,no,0,4,mixto,Monterrey,si,amplia,anual,26655
804,309.2,326,16,14.4,pickup,31,11,no,2,1,personal,CDMX,no,amplia,anual,12657
805,261.1,269.2,12,19.3,hatchback,33,15,no,0,0,personal,CDMX,no,amplia,anual,9171
806,528.4,560.2,2,23.2,pickup,18,0,si,0,0,personal,Otra,si,limitada,anual,12839
807,200.1,212.8,5,27.9,pickup,42,24,no,0,0,comercial,CDMX,NA,limitada,anual,8050
808,250.2,258.9,17,14,pickup,48,20,no,0,2,personal,CDMX,si,amplia,anual,8948
809,235.7,246.1,14,9.7,sedan,43,12,no,1,2,personal,Otra,si,rc,anual,6455
810,246.1,251.7,12,13.3,hatchback,42,20,no,4,0,personal,Otra,no,limitada,anual,10164
811,575.5,582.6,6,23.2,pickup,46,22,no,0,0,personal,CDMX,no,limitada,anual,11946
812,517.4,521.4,3,20.4,hatchback,43,17,no,0,0,personal,NA,NA,limitada,anual,9147
813,562.4,576.5,8,16.2,sedan,25,0,si,0,0,mixto,Guadalajara,si,amplia,anual,15153
814,120,117.5,3,23.5,sedan,18,0,si,2,0,mixto,Guadalajara,si,rc,anual,10869
815,1223.4,1239.3,6,16.3,sedan,39,15,no,0,0,personal,CDMX,no,amplia,anual,19096
816,625.4,639.6,7,27.2,hatchback,64,38,no,0,5,comercial,Guadalajara,no,limitada,anual,14549
817,366.8,376.4,1,8.9,sedan,51,27,no,0,1,personal,Monterrey,si,rc,anual,7902
818,446.2,465.4,10,15.1,suv,38,17,no,0,1,personal,CDMX,no,limitada,anual,11794
819,120,132.9,1,NA,pickup,19,1,si,0,1,personal,CDMX,si,limitada,anual,9252
820,120,137.2,14,19.6,pickup,26,8,no,0,1,mixto,Guadalajara,no,limitada,anual,6483
821,175.7,174.1,5,25.6,suv,36,15,no,2,2,mixto,Otra,si,amplia,anual,12002
822,120,127.1,1,14.6,sedan,49,29,no,1,0,personal,Monterrey,no,limitada,anual,6528
823,170.6,169.8,1,17.8,compacto,39,21,no,1,0,personal,Guadalajara,no,limitada,anual,8515
824,120,130.5,13,21.2,hatchback,38,20,no,1,0,mixto,Monterrey,no,amplia,anual,6150
825,277.4,282.1,4,10.6,compacto,37,15,no,0,4,personal,Otra,si,limitada,anual,5357
826,402.4,405.6,8,8.3,suv,28,8,no,5,2,personal,CDMX,si,amplia,anual,16624
827,120,122,12,7.9,hatchback,40,16,no,0,1,personal,Otra,si,amplia,anual,4098
828,120,120.2,9,19.6,sedan,42,22,no,0,0,personal,Guadalajara,si,amplia,anual,5629
829,305.6,310.8,14,12.9,compacto,41,23,no,0,0,mixto,Otra,si,rc,anual,5332
830,212.3,220.1,13,13.5,hatchback,35,17,no,4,0,personal,Otra,no,limitada,anual,11204
831,281.1,296.1,9,11.7,suv,28,8,no,0,0,personal,CDMX,si,amplia,anual,7703
832,120,111.5,1,19.6,suv,48,26,no,1,0,personal,Guadalajara,no,amplia,anual,8038
833,387.5,399.4,4,14.8,compacto,45,16,no,0,1,personal,CDMX,no,limitada,anual,9262
834,299.5,305.8,8,11.7,suv,18,0,si,0,1,mixto,Monterrey,si,amplia,anual,12543
835,464.7,473.3,5,23.8,hatchback,52,28,no,3,2,personal,Otra,no,rc,anual,13622
836,263.9,269.6,10,17,sedan,23,2,si,0,1,personal,Guadalajara,no,amplia,anual,11575
837,NA,226.9,3,15.4,suv,18,0,si,1,0,personal,Otra,si,amplia,anual,11603
838,340.9,347.4,2,12.2,pickup,18,0,si,0,0,personal,Otra,si,amplia,anual,11411
839,1107.4,1135.1,11,32.1,sedan,68,40,no,0,0,personal,CDMX,si,amplia,anual,17976
840,404.2,426.2,0,15.5,hatchback,31,12,no,2,0,personal,Guadalajara,no,amplia,anual,12555
841,253.4,261,2,20.3,pickup,55,25,no,2,1,mixto,CDMX,no,limitada,anual,11709
842,250.6,252.6,6,15.7,compacto,39,21,no,1,0,mixto,CDMX,si,amplia,anual,8903
843,120,114.3,9,10.7,compacto,47,23,no,0,0,personal,CDMX,si,limitada,anual,5940
844,198.7,203.5,3,10.8,suv,48,21,no,0,1,mixto,CDMX,no,limitada,anual,7635
845,346,348,7,23.7,suv,19,0,si,4,1,personal,CDMX,si,amplia,anual,17798
846,686.4,703.4,9,13.6,hatchback,19,1,si,0,0,personal,CDMX,si,amplia,anual,16805
847,418.2,419.1,5,7.5,pickup,54,32,no,1,0,personal,Guadalajara,NA,rc,anual,9751
848,500.5,512.3,2,16.2,compacto,35,11,no,0,2,personal,Guadalajara,si,amplia,anual,10040
849,570.5,593.5,5,17.2,sedan,20,2,si,2,1,personal,CDMX,no,limitada,anual,18492
850,120,111.9,7,10.4,pickup,49,24,no,0,0,mixto,Guadalajara,no,rc,anual,5663
851,988.8,1016,8,24.1,hatchback,32,12,no,1,0,comercial,Monterrey,si,limitada,anual,18249
852,235.7,233.2,7,25.8,hatchback,69,39,no,4,2,personal,Guadalajara,si,amplia,anual,10937
853,120,119.2,2,20.9,hatchback,63,35,no,0,1,personal,Guadalajara,si,limitada,anual,3249
854,296.8,293.2,10,22.4,suv,43,21,no,0,1,personal,Guadalajara,no,amplia,anual,9119
855,357.3,380.8,6,8.5,compacto,33,10,no,0,1,personal,Guadalajara,si,limitada,anual,6241
856,700.8,721.8,2,15.9,hatchback,53,27,no,0,0,comercial,Guadalajara,si,amplia,anual,11580
857,547.2,550.3,2,28.7,suv,46,20,no,2,0,personal,Guadalajara,si,limitada,anual,12116
858,198.2,213.5,0,8.8,sedan,39,20,no,0,0,personal,CDMX,si,limitada,anual,7735
859,220.4,224.3,7,17.3,sedan,60,30,no,0,0,personal,Monterrey,si,amplia,anual,6143
860,378.3,378.9,2,10.1,suv,29,3,no,2,0,personal,CDMX,si,limitada,anual,14053
861,201.1,192.5,15,19.2,compacto,42,19,no,0,1,personal,Monterrey,no,rc,anual,7000
862,837.1,849.3,2,24.9,compacto,18,0,si,0,1,mixto,Otra,no,limitada,anual,20445
863,176.6,175.7,8,12.8,compacto,33,11,no,0,2,personal,Otra,si,amplia,anual,6318
864,332.8,352.1,0,18.9,hatchback,46,24,no,0,1,personal,Guadalajara,si,rc,anual,7359
865,460.2,463.1,1,6.9,hatchback,53,32,no,0,0,personal,CDMX,no,amplia,semestral,9548
866,329.6,320.6,8,12.5,pickup,39,13,no,0,1,personal,Guadalajara,no,amplia,anual,9226
867,268.1,269.9,8,19.9,pickup,36,15,no,2,0,personal,Otra,no,amplia,anual,10206
868,121.7,127.2,14,20.1,pickup,33,7,no,3,1,personal,Guadalajara,si,rc,anual,8407
869,739.6,758.6,1,4,hatchback,45,19,no,3,1,personal,Otra,si,amplia,anual,16579
870,276.4,274.7,1,15.6,suv,45,25,no,3,0,personal,CDMX,si,rc,anual,10497
871,120,115.8,12,11.5,hatchback,47,24,no,0,2,mixto,Guadalajara,si,amplia,semestral,4403
872,516.7,541.2,8,17.9,suv,31,11,no,1,0,personal,Otra,si,amplia,anual,11785
873,369.7,360.1,9,7.1,sedan,37,18,no,1,0,comercial,Otra,si,rc,anual,9039
874,120,110.4,8,10.9,sedan,64,38,no,2,1,personal,Otra,no,amplia,anual,7622
875,423.2,426,3,17.5,suv,30,11,no,0,3,mixto,CDMX,si,amplia,anual,12106
876,120,122.7,6,12.4,sedan,35,12,no,1,0,personal,Otra,no,amplia,anual,7234
877,578.6,584.3,0,7.5,hatchback,58,35,no,2,2,personal,Otra,si,limitada,anual,11396
878,120,114.9,4,14.4,hatchback,27,6,no,1,1,personal,CDMX,si,limitada,semestral,7305
879,272.3,275,2,21.3,suv,47,25,no,2,0,personal,Monterrey,no,amplia,anual,12219
880,526.7,543,8,13.6,sedan,56,35,no,0,0,mixto,CDMX,NA,limitada,anual,8760
881,572,584.1,9,20.1,sedan,30,12,no,4,1,comercial,Otra,NA,limitada,anual,18408
882,758.4,761.9,6,15.5,compacto,47,23,no,0,1,comercial,Monterrey,si,amplia,anual,14730
883,319.9,317.2,7,17.4,hatchback,44,18,no,0,0,personal,CDMX,no,limitada,anual,8013
884,276.3,275.3,3,23.7,hatchback,29,7,no,1,0,mixto,CDMX,si,limitada,anual,9453
885,223.3,227.3,4,20.3,sedan,27,7,no,0,1,personal,CDMX,si,amplia,anual,8920
886,796.3,807.2,11,14.9,pickup,28,6,no,1,1,mixto,Monterrey,no,amplia,anual,16102
887,759.1,790.6,2,10.2,compacto,58,35,no,0,2,personal,CDMX,si,amplia,anual,14382
888,507.6,514.4,3,19.6,hatchback,18,0,si,0,0,comercial,CDMX,no,amplia,anual,18471
889,232.9,237.7,5,NA,compacto,47,26,no,0,2,personal,Guadalajara,si,limitada,anual,5911
890,428.7,440.1,2,18.6,hatchback,43,21,no,2,1,personal,CDMX,si,amplia,anual,12926
891,398.6,404,6,11.6,suv,35,12,no,1,1,personal,Guadalajara,no,amplia,anual,12063
892,315.5,318.9,9,19.1,hatchback,42,12,no,0,0,personal,Otra,si,amplia,anual,8154
893,385.4,395.9,7,21.6,hatchback,43,18,no,1,1,personal,Monterrey,si,limitada,anual,11151
894,270,268,7,12,suv,46,19,no,0,1,personal,Guadalajara,no,limitada,anual,9180
895,361.1,362.1,4,NA,suv,48,29,no,0,2,mixto,CDMX,si,amplia,anual,9841
896,426.4,420.2,13,18.7,suv,58,35,no,2,0,personal,CDMX,si,amplia,anual,12481
897,159.7,155.8,0,12.9,sedan,39,18,no,2,1,personal,Monterrey,no,amplia,anual,10002
898,263.1,267.6,18,13.6,hatchback,56,28,no,2,1,mixto,CDMX,no,amplia,anual,11473
899,120,117.9,10,15.9,pickup,64,41,no,0,1,comercial,Guadalajara,no,limitada,anual,6258
900,426.8,426.2,12,20.9,suv,52,26,no,1,0,personal,Guadalajara,no,limitada,anual,9796
901,308.6,315,7,18.7,sedan,23,5,si,1,0,mixto,Monterrey,si,limitada,anual,12158
902,228.6,237.3,9,25.1,hatchback,51,26,no,2,1,personal,Guadalajara,si,rc,anual,8280
903,787.5,792.2,3,NA,suv,25,2,si,1,3,personal,Monterrey,si,amplia,anual,19593
904,226.1,240.8,3,7.9,compacto,25,7,si,0,1,comercial,Monterrey,no,rc,anual,10031
905,244.3,254.1,5,10.3,hatchback,24,6,si,0,0,personal,CDMX,no,limitada,semestral,8441
906,NA,135.1,0,25.9,suv,27,2,no,1,0,personal,NA,no,limitada,anual,11607
907,288.3,282.6,10,19,compacto,28,7,no,0,0,personal,CDMX,si,limitada,anual,6093
908,350.7,351.6,1,24.6,suv,71,41,no,0,0,mixto,Guadalajara,si,amplia,anual,9105
909,167.6,170.7,6,18.3,pickup,32,4,no,1,0,mixto,CDMX,NA,limitada,anual,9358
910,215.7,198.5,2,12.5,suv,18,0,si,0,0,personal,Monterrey,no,amplia,anual,12149
911,411.1,430.3,12,12.7,sedan,29,1,no,2,0,mixto,Otra,si,amplia,anual,11345
912,419.2,427.6,8,14.8,hatchback,28,7,no,0,0,mixto,Otra,no,amplia,anual,10746
913,659.9,665.2,2,9,hatchback,62,37,no,2,1,personal,CDMX,si,amplia,anual,13626
914,520.9,533.5,7,22,compacto,36,16,no,0,0,personal,Monterrey,no,rc,anual,9502
915,198.4,211.2,7,10.8,suv,30,12,no,0,4,personal,Monterrey,si,amplia,anual,10406
916,372.7,367.5,4,22.9,hatchback,36,18,no,0,0,personal,Otra,no,limitada,anual,8093
917,728.3,743.9,3,25.3,sedan,60,31,no,2,1,personal,Otra,no,limitada,anual,17588
918,451.4,457.1,6,19.9,sedan,41,20,no,0,2,personal,Otra,si,amplia,anual,9775
919,350.2,357.8,11,13.2,compacto,46,18,no,1,0,personal,Guadalajara,no,amplia,anual,9360
920,147.4,155.7,1,2,compacto,37,18,no,0,3,comercial,CDMX,si,rc,anual,7486
921,1261.2,1289.2,6,15.4,sedan,44,17,no,0,1,mixto,CDMX,si,rc,anual,20885
922,702.9,713.1,11,19.2,sedan,56,32,no,0,0,personal,Otra,si,rc,anual,8222
923,337.6,356.9,6,21.8,pickup,37,14,no,0,0,personal,Guadalajara,no,amplia,anual,9537
924,382.8,394.7,11,23.9,suv,35,13,no,0,0,personal,CDMX,no,amplia,anual,13680
925,357.3,383.9,3,24.1,sedan,36,11,no,1,1,personal,Guadalajara,si,amplia,anual,10720
926,203.5,218.6,6,23.3,pickup,38,12,no,0,1,personal,NA,no,limitada,anual,8432
927,753,756.9,10,17.9,suv,44,22,no,2,1,personal,CDMX,si,amplia,anual,16393
928,129.6,133.8,5,23.4,sedan,43,24,no,0,1,personal,Otra,no,amplia,anual,7325
929,445.9,454.2,3,11,sedan,47,25,no,0,0,personal,Guadalajara,no,amplia,anual,9460
930,273.7,285.1,1,16.6,suv,26,4,no,0,0,personal,CDMX,no,rc,anual,9515
931,182.3,191.1,16,NA,hatchback,27,2,no,1,1,mixto,NA,NA,amplia,anual,8828
932,429.9,441.8,2,19.3,suv,61,29,no,1,1,personal,Otra,si,limitada,anual,8776
933,676.8,692.6,9,14.8,suv,42,24,no,2,0,mixto,Monterrey,no,amplia,anual,16528
934,770.8,792.6,6,21.4,pickup,53,19,no,0,0,mixto,Monterrey,no,limitada,anual,14867
935,205.1,200.9,4,17.2,hatchback,72,44,no,0,3,mixto,Monterrey,si,rc,anual,6538
936,510.2,516.9,5,12.2,compacto,65,39,no,0,0,personal,Monterrey,no,amplia,anual,8851
937,129.5,138.2,2,26.9,suv,49,25,no,0,0,comercial,Monterrey,si,amplia,anual,7359
938,447.2,466.6,2,13.7,hatchback,52,26,no,2,0,mixto,CDMX,si,amplia,anual,12536
939,252.8,268.6,6,14.5,pickup,36,16,no,2,0,personal,Otra,no,limitada,anual,8927
940,723.9,741.8,5,20.9,suv,30,10,no,1,0,personal,Otra,si,limitada,anual,14193
941,564.7,579.8,8,14.9,hatchback,34,16,no,1,2,personal,Monterrey,NA,amplia,anual,12501
942,NA,567.8,5,12.1,hatchback,38,10,no,1,1,personal,Monterrey,si,amplia,anual,12444
943,120,124.9,8,28.8,compacto,36,12,no,0,0,personal,Guadalajara,no,limitada,anual,7027
944,492.8,509.4,4,20.6,compacto,28,5,no,4,0,personal,CDMX,NA,rc,anual,16434
945,866.7,886.9,6,11.3,suv,52,27,no,0,0,comercial,CDMX,si,amplia,anual,15670
946,220.5,231.9,15,13,hatchback,42,17,no,0,0,mixto,Guadalajara,si,amplia,anual,7699
947,120,138.7,2,17.8,suv,65,39,no,1,2,personal,Otra,no,amplia,anual,7721
948,354.1,358.2,11,18.3,hatchback,35,8,no,0,0,personal,Otra,si,rc,anual,6656
949,309.7,326,1,NA,suv,39,13,no,4,2,personal,Monterrey,si,amplia,anual,15014
950,120,130.7,7,17.8,suv,41,16,no,0,2,personal,Otra,si,limitada,anual,6748
951,260.1,282.5,8,6,pickup,69,42,no,0,2,personal,Monterrey,si,limitada,anual,6552
952,384,375.2,3,14.1,suv,52,26,no,0,1,personal,Otra,si,rc,anual,8252
953,280.2,301.3,5,10.7,suv,47,23,no,0,0,personal,Monterrey,no,amplia,anual,8012
954,465.1,475.4,2,13.2,hatchback,57,27,no,3,0,comercial,CDMX,no,amplia,anual,16183
955,363.2,375.9,7,18.9,compacto,67,39,no,1,0,personal,CDMX,si,rc,anual,6231
956,311.5,311.9,3,25.4,sedan,47,21,no,2,1,mixto,Guadalajara,si,amplia,anual,11807
957,NA,175.7,8,18.2,suv,63,36,no,0,0,mixto,CDMX,no,amplia,anual,8676
958,559.6,563.6,10,18.7,suv,62,32,no,0,0,personal,Guadalajara,si,amplia,anual,11830
959,120,128.9,7,12.1,compacto,46,22,no,1,0,personal,Monterrey,si,amplia,anual,7038
960,480.4,487.5,2,20.5,sedan,46,19,no,0,0,personal,Otra,si,rc,anual,6726
961,373.7,398.8,5,19.5,sedan,57,32,no,1,0,personal,CDMX,no,amplia,anual,9763
962,144.8,148.5,1,20.9,compacto,41,20,no,0,0,mixto,Guadalajara,si,amplia,anual,4751
963,700.8,719.3,12,8,suv,55,31,no,0,2,comercial,Monterrey,no,limitada,anual,13916
964,152.5,155.3,3,14.4,compacto,44,23,no,1,0,mixto,CDMX,si,limitada,anual,9321
965,732.6,752.6,1,13.1,sedan,42,24,no,0,0,personal,Monterrey,no,limitada,anual,13115
966,444.5,465.6,14,5.4,sedan,45,21,no,0,2,personal,Otra,si,amplia,anual,7024
967,757.5,777.2,9,15.8,compacto,24,6,si,1,0,personal,Guadalajara,no,amplia,anual,17841
968,564.8,574.2,1,11.3,compacto,45,19,no,0,2,personal,CDMX,si,rc,anual,9868
969,293.9,296.9,10,10.8,pickup,35,16,no,1,0,personal,Otra,si,amplia,anual,9395
970,613.1,620.2,13,13.6,pickup,25,6,si,0,0,personal,Guadalajara,no,amplia,anual,13765
971,344.1,348.6,11,16.4,compacto,18,0,si,3,1,mixto,CDMX,no,amplia,anual,18089
972,464.8,491.9,14,8.6,suv,19,0,si,0,2,personal,CDMX,si,amplia,anual,14181
973,489.6,493.4,0,19.2,sedan,20,0,si,3,1,personal,CDMX,si,limitada,anual,17530
974,608.8,629,1,15.4,compacto,39,16,no,0,0,personal,Otra,no,amplia,anual,10765
975,297.7,310.1,4,25.7,pickup,43,21,no,0,1,personal,Monterrey,si,limitada,anual,8692
976,150.7,150.4,13,16.9,sedan,18,0,si,0,0,personal,Otra,si,rc,anual,7279
977,671.4,666.7,3,4.3,hatchback,38,20,no,0,1,personal,Otra,si,rc,anual,10789
978,321.4,340.9,2,17,compacto,40,18,no,0,0,personal,Guadalajara,si,amplia,anual,8081
979,531,541.4,7,13.4,pickup,38,13,no,1,0,mixto,Guadalajara,no,amplia,anual,12596
980,633.8,644.1,12,5.2,sedan,41,22,no,0,0,comercial,Guadalajara,no,amplia,anual,12437
981,539.6,548.3,0,21.4,sedan,54,29,no,2,1,mixto,Monterrey,si,amplia,anual,14750
982,630.9,647.4,2,13.5,suv,58,37,no,2,1,personal,Monterrey,si,limitada,anual,13277
983,328.2,335.3,9,6.3,sedan,32,12,no,2,2,personal,Otra,no,amplia,anual,10876
984,258.1,262.7,0,18.1,hatchback,64,40,no,0,1,mixto,Otra,si,amplia,anual,6986
985,338.5,349.4,11,19,pickup,64,33,no,0,3,personal,Guadalajara,no,amplia,anual,10757
986,339.5,348,15,13.4,compacto,40,19,no,0,0,personal,CDMX,si,amplia,anual,7244
987,362,359.8,7,22.2,compacto,26,8,no,1,2,personal,Guadalajara,si,amplia,anual,10907
988,893,907.7,3,13.7,sedan,39,18,no,1,1,personal,Otra,si,limitada,anual,13824
989,227,237.3,4,13.5,hatchback,37,15,no,0,0,personal,Monterrey,no,amplia,anual,7709
990,926.9,932.2,1,18.8,suv,46,17,no,5,1,personal,Monterrey,si,limitada,anual,21500
991,148,163,4,19.2,sedan,34,12,no,0,1,personal,Monterrey,si,amplia,anual,7711
992,NA,364.5,4,29.9,suv,34,11,no,0,1,personal,CDMX,no,amplia,anual,11431
993,216.5,225,14,12.3,pickup,28,7,no,3,0,personal,Otra,si,amplia,anual,10123
994,176.9,180.6,8,17.2,hatchback,33,10,no,0,3,personal,CDMX,no,rc,anual,7762
995,318.7,338.6,15,19.1,suv,36,15,no,0,0,personal,Otra,si,rc,anual,5151
996,899.4,919.7,1,8.6,hatchback,40,20,no,0,1,personal,CDMX,no,limitada,anual,15635
997,866.1,869,5,4.5,sedan,67,39,no,1,1,mixto,Guadalajara,no,amplia,anual,16175
998,364.9,371.9,10,12.9,suv,54,25,no,1,1,personal,Otra,no,limitada,anual,10230
999,468.1,467.6,5,30.3,sedan,26,5,no,2,1,mixto,CDMX,no,amplia,anual,16363
1000,419.4,413.2,6,12.8,compacto,38,19,no,1,1,comercial,Monterrey,no,rc,anual,12587
1001,288.1,293.5,17,16.6,sedan,54,24,no,5,1,personal,CDMX,si,amplia,anual,12617
1002,284.4,280.2,6,21.9,suv,54,28,no,0,2,mixto,Guadalajara,no,limitada,anual,10415
1003,433.4,453.4,4,16.9,hatchback,35,12,no,0,0,personal,Otra,si,limitada,anual,6909
1004,120,93.6,6,21.3,hatchback,29,11,no,0,2,mixto,Monterrey,si,amplia,anual,8028
1005,548.4,568.9,4,12.1,compacto,38,15,no,0,1,personal,Monterrey,si,limitada,anual,11146
1006,803.7,817.7,6,19.3,compacto,30,12,no,0,1,mixto,Otra,no,amplia,anual,15786
1007,293.4,316.5,4,8.6,compacto,59,32,no,0,1,mixto,CDMX,si,amplia,anual,7841
1008,185.7,203.1,14,21.2,sedan,29,3,no,0,3,personal,Otra,si,rc,anual,5177
1009,257.4,263.4,4,10.6,suv,36,15,no,3,1,comercial,Monterrey,si,rc,anual,12882
1010,133.3,128.8,5,19.4,compacto,43,16,no,1,1,personal,NA,no,amplia,anual,6644
1011,162.3,158.3,5,19.8,pickup,30,7,no,1,2,personal,Otra,si,amplia,anual,8671
1012,1515.1,1533,9,NA,suv,56,30,no,0,2,personal,Otra,si,amplia,anual,22601
1013,NA,868.2,15,23.4,sedan,27,8,no,0,0,personal,NA,si,limitada,anual,12835
1014,265,267.4,10,14,hatchback,29,6,no,0,1,personal,Otra,si,amplia,anual,5904
1015,514.4,529.7,2,27.1,pickup,45,21,no,1,0,personal,CDMX,si,amplia,anual,13005
1016,305.4,314.9,2,6.4,compacto,39,17,no,0,2,comercial,Guadalajara,si,amplia,anual,10909
1017,900.5,896.7,3,11.3,hatchback,23,2,si,1,1,mixto,Monterrey,si,amplia,anual,20658
1018,465.6,465.1,6,19.1,compacto,26,2,no,1,0,mixto,Otra,no,amplia,anual,12321
1019,120,135.9,9,NA,hatchback,28,3,no,1,1,personal,CDMX,si,amplia,anual,9195
1020,132.4,138.1,0,18,hatchback,35,10,no,1,0,personal,Guadalajara,si,amplia,anual,8031
1021,NA,114.7,3,19.7,compacto,42,22,no,0,1,mixto,CDMX,NA,rc,anual,6747
1022,637.6,648.6,8,21,suv,47,19,no,0,0,mixto,Otra,si,amplia,anual,11570
1023,868.8,871.6,5,6,compacto,45,23,no,0,1,personal,CDMX,si,limitada,anual,13285
1024,120,127.9,13,26.8,sedan,53,29,no,0,0,personal,Otra,si,limitada,anual,3144
1025,406.8,420.1,11,12.8,compacto,44,16,no,0,0,personal,Otra,si,rc,anual,6246
1026,465.7,487.1,9,19.6,hatchback,34,10,no,1,1,personal,NA,si,limitada,anual,7927
1027,555.4,565,7,13.3,suv,35,12,no,0,0,personal,Otra,no,amplia,anual,11166
1028,417.7,424.9,10,21.6,pickup,21,3,si,0,1,personal,Otra,si,amplia,anual,12925
1029,765.1,776.9,3,13.7,compacto,52,30,no,1,3,personal,Guadalajara,si,amplia,anual,14467
1030,120,121.2,17,NA,sedan,48,28,no,1,0,personal,CDMX,si,amplia,anual,6305
1031,123.7,137.4,14,20.6,sedan,59,32,no,0,0,personal,Otra,no,rc,anual,6134
1032,198.4,199.5,0,29,sedan,18,0,si,1,0,personal,CDMX,no,amplia,anual,12960
1033,445.9,450.7,3,13.8,hatchback,57,35,no,1,1,personal,Guadalajara,si,limitada,anual,10228
1034,149.7,151,0,21.3,hatchback,38,18,no,0,0,personal,Otra,no,amplia,anual,7381
1035,515.1,515.1,6,10.6,suv,55,27,no,4,0,comercial,CDMX,no,limitada,anual,16130
1036,213.9,214.4,2,20.6,suv,46,24,no,0,1,personal,Monterrey,si,rc,anual,5769
1037,120,120.5,1,12.7,sedan,22,4,si,0,0,mixto,CDMX,no,amplia,anual,11055
1038,351.7,374.6,8,21.7,sedan,32,11,no,0,0,personal,Guadalajara,si,limitada,anual,6940
1039,753.8,768.9,3,20.1,compacto,24,4,si,0,2,mixto,Monterrey,no,amplia,anual,19989
1040,726.1,729.5,13,22.6,hatchback,39,19,no,1,0,personal,CDMX,si,amplia,anual,13994
1041,277.8,287.5,5,14.1,sedan,22,2,si,1,0,personal,Otra,si,amplia,anual,10921
1042,472.5,472.3,5,14.9,hatchback,31,11,no,0,0,personal,CDMX,si,rc,anual,11532
1043,617.5,623,6,12.9,pickup,38,18,no,5,1,comercial,Monterrey,no,limitada,anual,19479
1044,136.3,138.8,8,10.8,sedan,32,11,no,0,0,personal,CDMX,si,rc,anual,4967
1045,287.3,279.7,2,10,pickup,46,23,no,0,0,personal,CDMX,si,amplia,anual,7720
1046,315,304.1,6,9.7,hatchback,73,42,no,3,2,personal,NA,si,rc,anual,8805
1047,465.2,484.7,1,22.2,compacto,53,27,no,0,1,personal,Guadalajara,no,limitada,anual,8489
1048,NA,632.5,0,6.2,compacto,23,2,si,0,0,mixto,Otra,si,amplia,anual,15005
1049,597.4,602.2,6,10.3,compacto,65,41,no,1,0,personal,Guadalajara,si,amplia,anual,10400
1050,346.6,364.1,4,13.9,compacto,22,2,si,0,1,personal,CDMX,si,amplia,anual,11616
1051,235.3,225.5,3,20.6,suv,25,4,si,1,0,comercial,Guadalajara,si,rc,anual,12543
1052,296.6,308,11,5.1,suv,51,25,no,0,2,comercial,CDMX,si,limitada,anual,9995
1053,623.9,644.5,3,21.1,hatchback,58,29,no,0,0,personal,Guadalajara,si,amplia,anual,11344
1054,171.3,184.7,0,14.9,sedan,46,19,no,0,1,personal,Otra,no,rc,anual,5858
1055,700.8,701.5,2,17.7,sedan,45,21,no,1,0,personal,NA,no,rc,anual,14384
1056,131.9,128.2,12,12.4,sedan,55,34,no,0,1,personal,CDMX,si,amplia,anual,4819
1057,160.2,174.2,1,14.1,sedan,49,29,no,0,0,personal,Otra,si,rc,anual,4652
1058,274,278.8,8,19.6,compacto,51,29,no,0,0,personal,CDMX,no,amplia,anual,6587
1059,141.9,150.8,13,17.9,hatchback,58,34,no,1,0,mixto,NA,si,limitada,anual,5504
1060,381.7,386.2,8,13.5,pickup,46,21,no,2,0,personal,CDMX,no,amplia,anual,11358
1061,355.7,367.9,13,8,suv,53,29,no,0,1,personal,CDMX,NA,amplia,anual,8380
1062,370.2,379.6,15,21.6,sedan,51,23,no,0,1,personal,Monterrey,no,rc,anual,6798
1063,120,129.3,6,17.7,suv,18,0,si,2,1,personal,Guadalajara,si,limitada,anual,12086
1064,160.5,166.1,6,2.5,hatchback,51,28,no,0,0,mixto,Guadalajara,si,amplia,anual,6834
1065,627.1,642.3,3,5.4,hatchback,46,20,no,0,0,personal,Guadalajara,no,rc,anual,11107
1066,294,295.2,14,10.9,compacto,33,11,no,3,0,personal,Otra,no,amplia,anual,10322
1067,591.3,602.8,0,15.8,sedan,48,26,no,0,1,personal,CDMX,no,limitada,semestral,12966
1068,221.5,239.2,12,5.6,sedan,38,14,no,3,2,personal,Guadalajara,si,amplia,anual,10805
1069,120,118,11,17,suv,40,17,no,1,0,personal,Monterrey,si,amplia,anual,7402
1070,148.6,150.2,10,17,suv,43,14,no,4,0,personal,Monterrey,si,limitada,anual,10361
1071,330.5,329.9,2,21.2,suv,47,19,no,1,2,mixto,Monterrey,si,amplia,anual,11760
1072,402.9,412.1,5,19.4,hatchback,18,0,si,1,0,personal,CDMX,si,amplia,anual,13463
1073,322.4,329,1,18.2,suv,61,33,no,2,0,personal,CDMX,no,rc,anual,11183
1074,461.9,479.5,13,17.9,sedan,54,27,no,0,2,comercial,Monterrey,si,amplia,anual,11368
1075,897.7,919,5,25.1,hatchback,51,24,no,1,1,mixto,Otra,si,amplia,anual,16579
1076,443.9,452.8,4,19,pickup,45,15,no,3,1,personal,Monterrey,si,limitada,anual,14327
1077,120,133.4,6,18.6,sedan,52,27,no,0,0,personal,Otra,no,amplia,anual,5733
1078,120,122.6,8,5.1,compacto,42,22,no,1,2,comercial,Monterrey,no,amplia,anual,9100
1079,331.3,336,1,20,hatchback,45,21,no,0,0,personal,Otra,si,amplia,anual,6143
1080,174.1,175.7,2,13.7,sedan,50,31,no,1,0,mixto,Guadalajara,si,amplia,anual,9044
1081,313.1,307.4,0,12.6,compacto,21,0,si,1,1,personal,Otra,no,amplia,anual,11977
1082,814.3,838.8,6,10.5,suv,58,31,no,1,1,personal,Guadalajara,si,amplia,anual,14205
1083,225.5,227.5,9,17.8,suv,22,4,si,0,0,personal,Otra,no,limitada,anual,8980
1084,1154.6,1184.9,5,26.9,compacto,18,0,si,1,0,personal,Monterrey,no,amplia,anual,24934
1085,274.4,275.6,1,21.3,sedan,54,32,no,0,0,personal,Monterrey,si,amplia,anual,7595
1086,241.2,252.6,10,15,sedan,34,10,no,0,2,personal,Monterrey,si,limitada,anual,7368
1087,198.5,208.4,4,20.2,compacto,53,31,no,0,2,personal,Otra,no,rc,anual,5012
1088,442.4,453.4,5,17.8,sedan,28,10,no,0,1,personal,Otra,si,limitada,anual,10136
1089,120,116.2,14,NA,suv,33,9,no,0,0,personal,CDMX,no,limitada,anual,7584
1090,267.4,270.1,5,8.3,compacto,30,10,no,0,2,personal,Otra,si,limitada,semestral,5498
1091,283.5,287.7,3,14.2,sedan,45,20,no,2,2,personal,Otra,si,rc,anual,8006
1092,772.1,797.2,12,22,compacto,51,28,no,0,1,mixto,Otra,no,amplia,anual,13858
1093,222.9,216.3,5,28.3,sedan,78,50,no,0,2,mixto,CDMX,no,amplia,anual,9000
1094,250.3,264.3,14,10.5,hatchback,49,28,no,0,0,mixto,Monterrey,si,limitada,anual,6584
1095,517.5,525.7,11,17.1,suv,61,31,no,1,0,personal,Guadalajara,si,amplia,anual,9643
1096,485.3,488.2,1,15.7,sedan,72,46,no,1,1,comercial,CDMX,si,limitada,anual,11206
1097,344.2,349.7,5,24.2,hatchback,56,25,no,4,1,mixto,Otra,si,amplia,anual,13962
1098,240.3,228.4,8,15,sedan,47,19,no,0,1,mixto,Otra,no,rc,anual,4107
1099,120,114.9,2,12.9,sedan,47,20,no,1,1,personal,Otra,si,rc,anual,3963
1100,551.5,566,9,13.8,hatchback,38,17,no,0,2,personal,CDMX,si,rc,anual,9764
1101,120,128.3,16,2,suv,63,39,no,1,1,personal,Otra,si,amplia,anual,4908
1102,654.2,677.3,7,NA,sedan,58,35,no,1,0,personal,Otra,no,amplia,anual,11619
1103,247.2,249.7,12,24.4,suv,18,0,si,1,0,mixto,Monterrey,no,rc,anual,12327
1104,300.1,310.1,5,11.1,suv,29,9,no,3,2,personal,Guadalajara,no,amplia,anual,13773
1105,330.1,324,3,22.1,compacto,39,19,no,2,0,personal,CDMX,si,limitada,anual,11005
1106,470.1,482.4,5,NA,sedan,18,0,si,0,1,mixto,CDMX,no,limitada,anual,15120
1107,497.7,521.2,2,6.6,pickup,35,12,no,0,0,mixto,Otra,no,limitada,anual,10587
1108,714,729.4,1,3.6,compacto,54,27,no,4,1,personal,CDMX,no,amplia,anual,19420
1109,235.3,243.7,5,19.2,sedan,39,15,no,1,1,personal,CDMX,no,limitada,anual,8105
1110,289.8,289.4,11,7.2,sedan,61,37,no,1,3,personal,Monterrey,si,amplia,anual,8696
1111,596.5,616.2,8,19.2,pickup,43,20,no,0,0,personal,Otra,si,amplia,anual,11526
1112,413.4,427.9,2,NA,hatchback,58,28,no,2,0,personal,CDMX,si,amplia,anual,12682
1113,1558.6,1579.8,3,8.3,suv,18,0,si,0,0,personal,CDMX,si,limitada,anual,26734
1114,328.8,335.9,5,24,suv,42,20,no,1,4,mixto,Monterrey,NA,amplia,anual,14697
1115,120,120.8,7,17.5,sedan,45,19,no,5,0,personal,Otra,no,amplia,anual,12178
1116,283.6,278.1,1,13.4,compacto,48,20,no,3,0,mixto,CDMX,no,amplia,anual,14020
1117,591.5,604.6,13,12.9,compacto,40,19,no,1,0,personal,CDMX,si,amplia,anual,14366
1118,437.6,457.7,5,17.9,sedan,49,24,no,5,1,personal,Monterrey,si,limitada,anual,15987
1119,355,367.1,10,19.4,sedan,32,10,no,0,2,personal,Monterrey,no,amplia,anual,11618
1120,470.3,476,2,21.3,hatchback,54,28,no,2,0,personal,Guadalajara,si,limitada,anual,10573
1121,NA,263.2,9,19,compacto,35,15,no,1,1,personal,CDMX,si,amplia,anual,8366
1122,158.8,164.9,3,6.9,pickup,65,44,no,0,1,mixto,Guadalajara,no,amplia,anual,7588
1123,484,498.4,2,6.9,sedan,42,20,no,1,1,mixto,Otra,si,amplia,anual,11260
1124,267.2,277.4,4,11.1,compacto,39,17,no,0,1,mixto,Guadalajara,si,amplia,anual,7766
1125,336.2,346.1,7,25.6,hatchback,43,21,no,1,0,comercial,CDMX,si,limitada,anual,9201
1126,120,123,1,19.6,sedan,45,27,no,1,0,personal,NA,no,limitada,anual,6889
1127,343.3,340.1,9,22.3,suv,23,5,si,5,1,personal,Otra,no,amplia,anual,17687
1128,142.4,151.8,13,16.2,suv,48,24,no,0,3,personal,Guadalajara,si,amplia,anual,5998
1129,321,317.9,3,NA,hatchback,74,41,no,1,0,personal,Monterrey,si,limitada,anual,9508
1130,400.3,418.2,5,9.8,hatchback,34,14,no,0,0,personal,CDMX,no,amplia,anual,11320
1131,461.7,466.2,3,16.7,suv,51,26,no,2,2,personal,CDMX,no,rc,anual,12386
1132,388.3,401.7,2,24.1,sedan,49,23,no,0,1,mixto,Otra,si,amplia,anual,9260
1133,120,118.3,7,8.8,suv,22,4,si,0,0,personal,Otra,no,rc,anual,7557
1134,249.3,250,0,25.5,suv,35,17,no,5,1,mixto,Guadalajara,no,amplia,anual,16777
1135,213.6,209.7,7,17.7,compacto,47,21,no,2,0,personal,CDMX,si,limitada,anual,9063
1136,120,135.3,3,21.6,hatchback,46,23,no,0,2,mixto,Guadalajara,si,limitada,anual,6713
1137,188.6,188.9,0,14.5,suv,54,30,no,2,2,personal,Guadalajara,si,limitada,anual,7688
1138,340.5,338.3,12,19.6,sedan,47,26,no,1,2,mixto,Guadalajara,no,amplia,anual,11383
1139,309.4,318.1,2,17.7,suv,44,17,no,0,0,personal,Otra,no,limitada,anual,7738
1140,365.6,366.4,7,11.6,compacto,52,29,no,2,1,personal,CDMX,no,limitada,anual,10717
1141,241.4,238.2,5,12,compacto,43,21,no,5,1,personal,CDMX,si,rc,anual,14013
1142,187.6,200.7,7,16.6,sedan,34,13,no,3,0,mixto,Otra,no,amplia,anual,10901
1143,265.5,268.2,9,19.8,pickup,18,0,si,2,0,personal,Otra,si,limitada,anual,12255
1144,1086.9,1111.7,5,22.4,compacto,34,11,no,1,0,mixto,CDMX,no,amplia,anual,20564
1145,NA,283.1,5,16.3,sedan,63,42,no,0,3,personal,CDMX,si,amplia,anual,6511
1146,120,122.1,6,15.3,sedan,56,30,no,1,0,personal,Monterrey,si,limitada,anual,5563
1147,443.5,458.2,13,15.7,pickup,22,4,si,0,0,comercial,Monterrey,no,limitada,anual,14844
1148,737.4,747.9,2,16.7,hatchback,52,27,no,0,0,personal,Guadalajara,no,rc,anual,12180
1149,387.3,392.9,4,NA,sedan,34,10,no,0,0,mixto,Guadalajara,si,amplia,anual,7586
1150,542.4,551.6,5,17.1,compacto,44,24,no,0,1,mixto,CDMX,si,amplia,anual,10412
1151,231.2,237.3,0,17.2,hatchback,33,10,no,0,0,personal,CDMX,no,rc,anual,8638
1152,120,122.5,6,15.6,sedan,23,2,si,2,0,personal,Otra,si,limitada,anual,8614
1153,126.3,134.3,3,8.5,pickup,49,22,no,2,1,mixto,CDMX,si,amplia,anual,9381
1154,755.2,774.9,11,16.2,sedan,35,8,no,1,0,personal,CDMX,si,amplia,anual,14451
1155,217.6,213.9,13,17.4,sedan,49,21,no,0,0,comercial,CDMX,si,amplia,anual,8407
1156,293.7,292.6,3,26,compacto,43,16,no,0,1,personal,Guadalajara,no,limitada,anual,8622
1157,342.5,349.5,6,15.6,sedan,54,28,no,0,1,comercial,CDMX,no,amplia,anual,10651
1158,122.6,119.8,0,11.1,compacto,23,5,si,0,0,comercial,CDMX,si,amplia,anual,10403
1159,332.9,334.8,3,2.2,pickup,70,43,no,2,1,personal,Monterrey,no,amplia,anual,9269
1160,120,133.8,2,15.9,sedan,42,20,no,0,0,personal,CDMX,si,amplia,anual,6610
1161,128.8,137.5,3,2,compacto,21,3,si,3,3,personal,CDMX,no,amplia,anual,13199
1162,NA,127.2,6,10.1,sedan,38,18,no,1,2,personal,CDMX,NA,limitada,anual,7713
1163,120,118.8,6,4.2,pickup,43,20,no,0,0,personal,CDMX,si,amplia,anual,5658
1164,241.2,248.8,10,14.1,compacto,43,20,no,3,0,comercial,Monterrey,si,amplia,anual,10144
1165,519.9,531.6,15,21.5,hatchback,24,5,si,0,0,comercial,CDMX,si,rc,anual,12709
1166,488.2,501.6,15,20.8,hatchback,38,19,no,5,1,personal,CDMX,si,amplia,anual,16826
1167,259.8,263.4,2,10.2,compacto,31,12,no,1,0,mixto,CDMX,no,amplia,anual,9614
1168,439.4,455.6,2,17.9,suv,25,0,si,0,0,personal,Monterrey,no,rc,anual,13477
1169,296.8,307.9,6,11.7,compacto,44,18,no,0,0,comercial,Otra,si,amplia,anual,9658
1170,180.6,185.8,6,20.1,compacto,35,14,no,1,2,mixto,CDMX,no,amplia,anual,11198
1171,430,434.2,0,13.1,pickup,67,42,no,0,0,personal,CDMX,no,amplia,anual,9033
1172,357.1,345.4,5,19.5,compacto,23,0,si,2,2,personal,Monterrey,si,amplia,anual,13818
1173,222.8,231.6,6,10.6,compacto,30,12,no,5,0,mixto,CDMX,si,limitada,anual,12790
1174,370.4,397.9,2,16.9,compacto,32,7,no,0,3,personal,CDMX,si,amplia,anual,13280
1175,330.3,340.9,7,10.9,compacto,32,10,no,2,0,personal,Monterrey,no,rc,anual,8855
1176,120,127.8,0,13.3,sedan,41,21,no,0,0,personal,CDMX,si,amplia,anual,5106
1177,379.2,395.6,6,21.5,pickup,45,27,no,3,1,personal,CDMX,no,limitada,anual,15229
1178,237.2,229.3,16,24.8,sedan,25,1,si,2,2,comercial,Otra,si,amplia,anual,13596
1179,792.9,795.6,7,16.5,suv,40,19,no,0,0,mixto,Otra,si,amplia,anual,12715
1180,263.9,251.7,1,19.7,sedan,41,17,no,0,0,personal,CDMX,si,limitada,anual,7258
1181,286.3,291.9,8,20.6,hatchback,40,14,no,0,0,comercial,Monterrey,no,limitada,anual,9281
1182,650.9,674.6,10,11.7,hatchback,28,6,no,0,0,mixto,Otra,no,amplia,anual,12346
1183,287.3,304.1,9,8.1,sedan,51,25,no,2,2,mixto,Monterrey,si,amplia,anual,10169
1184,276.8,264.1,10,18.4,sedan,31,8,no,1,1,personal,Monterrey,si,rc,anual,8221
1185,452.1,461.1,3,16.4,sedan,53,26,no,3,0,personal,Monterrey,no,rc,anual,11261
1186,421.5,427.7,4,16.6,suv,18,0,si,2,0,comercial,CDMX,si,amplia,anual,17301
1187,1368.8,1391.6,7,14.2,hatchback,23,3,si,1,2,personal,CDMX,no,limitada,anual,22557
1188,120,123.4,4,7.2,sedan,43,21,no,1,2,personal,Monterrey,si,limitada,anual,7504
1189,327.4,340.6,5,24.7,sedan,49,27,no,0,0,mixto,CDMX,si,limitada,anual,9029
1190,629.6,646.2,12,14.1,hatchback,47,23,no,0,0,personal,CDMX,no,amplia,anual,11591
1191,333.7,355.1,9,21.6,sedan,50,27,no,0,0,personal,CDMX,no,limitada,anual,7882
1192,183.3,181.1,1,11.7,compacto,46,19,no,0,1,mixto,Monterrey,no,amplia,anual,9993
1193,NA,176.2,6,19.4,compacto,29,8,no,1,1,personal,CDMX,si,rc,anual,7991
1194,330,333.8,2,14.5,hatchback,38,11,no,0,0,mixto,Monterrey,no,amplia,anual,10316
1195,309.1,324.5,3,20.1,hatchback,64,37,no,0,1,comercial,CDMX,no,amplia,anual,11880
1196,387.6,398.5,15,20.7,sedan,19,1,si,2,1,personal,Monterrey,si,amplia,anual,13717
1197,532.9,549.9,1,18.2,sedan,36,8,no,0,2,personal,CDMX,si,limitada,anual,11257
1198,176.9,185.9,4,13.1,hatchback,29,6,no,1,0,comercial,Monterrey,si,limitada,anual,9187
1199,130.2,144,3,13.8,sedan,50,27,no,0,1,personal,Otra,no,amplia,anual,4604
1200,500.6,494.4,6,13.8,sedan,45,19,no,2,0,personal,Monterrey,no,amplia,anual,14452
1201,340.4,355.7,12,13.3,sedan,44,16,no,0,0,comercial,Otra,no,amplia,anual,9402
1202,233.4,236.2,3,15.2,suv,53,32,no,3,0,personal,CDMX,si,limitada,anual,10138
1203,120,134.7,3,15.5,sedan,41,16,no,0,0,mixto,CDMX,no,amplia,anual,8615
1204,353.9,361.7,1,19.9,sedan,32,12,no,0,0,personal,Guadalajara,si,amplia,anual,9345
1205,120,129.2,15,17.2,pickup,33,9,no,0,1,personal,Otra,no,limitada,anual,5411
1206,530.3,554.5,4,12.4,sedan,37,19,no,0,0,mixto,Guadalajara,si,amplia,anual,10594
1207,120,112.4,5,19.1,suv,34,8,no,4,0,personal,Otra,si,amplia,anual,13569
1208,379.8,385.8,12,19,hatchback,53,32,no,0,0,personal,CDMX,no,amplia,anual,8711
1209,207.2,195.2,2,14,hatchback,58,32,no,0,4,personal,Monterrey,no,amplia,anual,7680
1210,136.1,146.6,9,NA,suv,42,18,no,2,1,personal,Otra,no,amplia,anual,10449
1211,761.4,783,4,16.1,pickup,38,12,no,0,0,mixto,CDMX,si,amplia,anual,14559
1212,495.4,505.1,11,14.7,sedan,60,29,no,3,0,comercial,Guadalajara,si,limitada,anual,12741
1213,164.8,168.7,3,13.5,suv,53,24,no,0,1,personal,Otra,no,amplia,anual,6763
1214,279,280.2,8,10.1,suv,25,4,si,2,0,personal,Otra,no,limitada,anual,11341
1215,505.8,513.9,1,13.7,suv,78,45,no,0,1,personal,Otra,no,amplia,anual,10260
1216,354.6,360.3,2,12.4,pickup,37,14,no,1,2,personal,Otra,si,amplia,anual,10382
1217,416.3,432.7,3,11.4,sedan,46,26,no,2,0,mixto,CDMX,no,rc,anual,12201
1218,120,133.3,0,15.9,sedan,71,47,no,1,1,personal,Otra,si,amplia,anual,4882
1219,NA,442.9,0,16.1,sedan,34,13,no,4,1,personal,CDMX,no,limitada,anual,16669
1220,457.4,476.6,6,20.6,hatchback,57,30,no,3,0,personal,Otra,no,limitada,anual,10764
1221,333.1,349.5,3,16.7,compacto,47,25,no,0,0,personal,Otra,no,rc,anual,7979
1222,401.9,409.4,7,20.4,sedan,54,31,no,4,0,personal,CDMX,no,amplia,anual,14822
1223,440.6,444.8,5,13,compacto,40,21,no,2,1,mixto,Otra,si,rc,anual,10921
1224,704.9,711.6,15,5,hatchback,53,25,no,0,3,comercial,CDMX,si,amplia,anual,13320
1225,633.5,650.7,9,21,suv,33,8,no,5,1,comercial,Monterrey,no,amplia,anual,21311
1226,408.8,418.3,13,5,hatchback,34,13,no,1,1,personal,Otra,si,amplia,semestral,10785
1227,795.1,807.7,7,22,suv,38,13,no,2,1,personal,Otra,si,limitada,anual,16555
1228,406.8,420,6,13.9,hatchback,39,14,no,2,0,personal,Guadalajara,si,limitada,anual,10125
1229,120,129.5,10,23.3,sedan,57,23,no,0,0,mixto,Otra,no,rc,anual,4487
1230,782.9,787,7,19.6,sedan,39,20,no,2,2,mixto,CDMX,no,amplia,anual,18247
1231,171,176.8,8,9.9,suv,48,22,no,2,2,personal,Guadalajara,no,rc,anual,9020
1232,589,595.5,9,15.8,compacto,31,9,no,0,0,comercial,Guadalajara,no,limitada,anual,11520
1233,175.9,184.4,6,10.7,pickup,39,9,no,1,0,personal,Otra,si,amplia,anual,7244
1234,120,127.2,3,2,pickup,56,30,no,2,2,personal,Guadalajara,no,amplia,anual,10114
1235,NA,697.7,15,NA,hatchback,28,10,no,0,2,personal,Monterrey,si,limitada,anual,11024
1236,287,283.1,5,15.3,sedan,24,6,si,0,0,personal,Monterrey,si,amplia,anual,10516
1237,1726.5,1757.6,4,17.3,compacto,50,27,no,0,1,mixto,Otra,si,limitada,anual,23418
1238,283.5,302.2,8,6.5,compacto,18,0,si,0,1,personal,Monterrey,si,limitada,anual,11739
1239,177.9,183.1,6,NA,suv,32,13,no,2,2,personal,Monterrey,si,amplia,semestral,9902
1240,120,106.2,6,11.4,suv,44,21,no,0,2,personal,Otra,no,rc,anual,5824
1241,NA,362.5,5,15.2,hatchback,26,3,no,0,1,personal,Otra,si,rc,anual,10155
1242,198.5,208.1,10,NA,pickup,18,0,si,0,0,personal,Otra,si,amplia,anual,8694
1243,140.7,136,5,17.6,hatchback,28,7,no,1,0,personal,CDMX,no,rc,anual,6580
1244,283.3,283.3,5,15.7,compacto,32,11,no,0,1,comercial,CDMX,no,limitada,anual,9898
1245,635.8,643,7,16.6,compacto,48,23,no,0,0,mixto,Otra,no,rc,anual,11451
1246,120,112.5,10,32.7,pickup,40,22,no,1,0,personal,CDMX,no,amplia,anual,8663
1247,314,322.9,4,16.8,hatchback,42,21,no,1,1,comercial,Otra,si,amplia,anual,10112
1248,729.9,737.2,15,12.6,suv,20,0,si,0,1,personal,Monterrey,si,amplia,anual,16351
1249,540.2,553.9,0,15.9,suv,49,26,no,2,1,personal,Otra,si,limitada,anual,13956
1250,198.4,205.6,5,6.8,pickup,58,32,no,0,1,personal,Monterrey,no,amplia,anual,7884
1251,176.5,188.9,0,16.3,pickup,33,10,no,0,0,mixto,Monterrey,si,amplia,anual,8968
1252,535,533.5,2,11.1,pickup,37,16,no,0,0,personal,Otra,si,amplia,anual,10486
1253,481.8,489.9,9,15.1,compacto,53,26,no,0,0,personal,CDMX,si,limitada,anual,10288
1254,222.3,222.5,4,21.9,compacto,40,14,no,0,0,personal,Guadalajara,no,amplia,anual,6323
1255,NA,337.4,3,14.8,suv,41,16,no,0,0,personal,Otra,si,amplia,anual,7961
1256,535.5,565.2,15,18.2,hatchback,65,35,no,1,1,personal,Otra,no,amplia,anual,9579
1257,120,123.3,2,NA,hatchback,31,13,no,0,0,comercial,Otra,no,amplia,anual,8264
1258,459.5,469.1,6,29.3,pickup,62,36,no,0,1,personal,CDMX,no,limitada,anual,11232
1259,253.7,248.7,1,24,sedan,36,14,no,3,2,personal,CDMX,no,rc,anual,11983
1260,610.1,620.5,3,18.2,suv,59,28,no,1,1,personal,Monterrey,no,amplia,anual,13513
1261,NA,116.9,7,NA,pickup,44,20,no,1,0,personal,Otra,si,limitada,anual,5580
1262,683.7,704.4,9,27.6,suv,51,29,no,0,1,mixto,CDMX,si,amplia,anual,14224
1263,1150.2,1164.4,14,22.6,suv,42,22,no,0,1,personal,Guadalajara,no,rc,anual,16520
1264,595.6,609.6,7,15.5,suv,29,11,no,3,1,comercial,CDMX,si,amplia,anual,18917
1265,120,126.3,2,14.7,suv,46,24,no,1,1,personal,Monterrey,no,amplia,anual,8589
1266,437.8,447.9,4,10.4,hatchback,30,9,no,0,0,personal,Otra,no,limitada,anual,9052
1267,NA,116.4,7,16.7,suv,29,5,no,0,0,personal,Otra,si,limitada,anual,6005
1268,425.2,428.7,1,23.5,sedan,30,11,no,0,0,personal,CDMX,no,limitada,anual,11044
1269,316.9,319.9,1,10.8,sedan,43,16,no,0,1,comercial,Monterrey,si,amplia,anual,10050
1270,217.6,207.1,12,14,suv,18,0,si,0,3,comercial,CDMX,no,limitada,anual,12980
1271,613.9,624,9,17.6,suv,50,26,no,0,0,personal,CDMX,si,amplia,anual,10957
1272,575.2,594.6,5,21.1,compacto,26,5,no,0,1,personal,CDMX,si,rc,anual,11179
1273,183.4,177.9,1,16,hatchback,40,18,no,0,0,mixto,CDMX,si,amplia,anual,7892
1274,803.5,824.1,8,20.4,sedan,71,39,no,0,0,personal,Otra,no,amplia,anual,11620
1275,387.5,398.5,2,NA,hatchback,35,13,no,0,0,personal,CDMX,no,rc,anual,8918
1276,309.4,323.3,3,17.3,hatchback,39,19,no,0,0,personal,Otra,si,amplia,anual,9477
1277,729.7,743.2,14,NA,hatchback,28,9,no,0,2,comercial,CDMX,si,amplia,anual,15389
1278,567.9,582.5,4,9.4,sedan,49,28,no,2,1,mixto,Otra,si,limitada,anual,13493
1279,368.9,393.7,9,5,hatchback,49,25,no,2,2,mixto,CDMX,si,amplia,anual,13412
1280,792.8,811.1,2,9.2,suv,52,27,no,1,0,personal,NA,no,amplia,anual,14844
1281,521.8,520.5,1,17.7,hatchback,37,12,no,3,1,personal,Monterrey,si,limitada,anual,15482
1282,169.4,174.9,10,12.1,suv,33,15,no,1,0,comercial,Guadalajara,si,amplia,anual,9956
1283,696.2,712.4,4,16.5,sedan,42,21,no,3,1,comercial,Monterrey,no,amplia,anual,17627
1284,379.8,390,3,13.1,sedan,30,12,no,0,0,mixto,CDMX,si,amplia,anual,10501
1285,211.6,233.8,4,3.9,sedan,32,12,no,4,0,comercial,Monterrey,no,amplia,anual,15723
1286,200.2,210,10,4,sedan,18,0,si,2,0,personal,Monterrey,si,limitada,anual,12864
1287,250.4,255.9,5,7.7,sedan,18,0,si,0,0,personal,CDMX,si,limitada,anual,10174
1288,562.9,590.7,1,11,hatchback,31,8,no,0,2,personal,Otra,no,limitada,anual,9028
1289,529.5,534.8,5,15.4,suv,33,13,no,2,1,personal,Guadalajara,no,limitada,anual,14699
1290,162.4,173.7,14,4.4,suv,26,8,no,0,0,personal,Otra,si,amplia,anual,7195
1291,324.9,331.2,0,23.9,suv,29,9,no,0,1,personal,Monterrey,no,amplia,anual,11812
1292,NA,472.3,13,2,hatchback,44,16,no,3,0,mixto,CDMX,no,limitada,anual,13385
1293,804.3,827.3,0,17,hatchback,42,23,no,0,0,personal,Otra,si,amplia,anual,11361
1294,NA,128.6,17,6.5,pickup,71,49,no,1,2,mixto,Guadalajara,no,amplia,anual,6737
1295,340.4,338.9,0,22.5,suv,46,22,no,3,1,mixto,NA,no,amplia,anual,15688
1296,120,118.3,1,18.3,sedan,40,12,no,0,0,personal,Otra,no,limitada,anual,5896
1297,261.8,259.8,6,17.1,suv,44,20,no,5,0,comercial,Otra,si,rc,anual,12971
1298,393.5,387.7,6,13.5,suv,31,11,no,5,0,personal,Otra,si,rc,anual,13814
1299,187.4,185.2,5,28.9,hatchback,52,30,no,0,1,mixto,Monterrey,si,limitada,anual,7938
1300,258.4,261.8,11,11.1,hatchback,29,11,no,1,1,personal,CDMX,no,amplia,anual,10515
1301,188.6,195.9,3,18.1,sedan,18,0,si,1,0,comercial,CDMX,no,limitada,anual,12214
1302,NA,166.1,2,16,compacto,35,17,no,0,0,mixto,NA,si,rc,anual,5472
1303,632.9,641.8,4,27.8,hatchback,55,32,no,0,0,personal,Guadalajara,si,rc,anual,9701
1304,227.8,226.9,11,11.5,sedan,25,5,si,0,2,personal,Otra,si,rc,anual,6447
1305,120,145.3,13,24.5,hatchback,49,21,no,1,0,personal,Monterrey,no,limitada,anual,7700
1306,233.2,229.5,4,16.8,suv,28,3,no,2,0,personal,Monterrey,no,limitada,anual,11779
1307,450.5,468,5,14.7,sedan,57,33,no,0,0,personal,CDMX,si,amplia,anual,10568
1308,NA,246.7,5,25.6,hatchback,51,25,no,0,3,personal,Guadalajara,no,limitada,anual,8460
1309,120,117.4,4,24.4,sedan,37,16,no,2,2,personal,CDMX,no,rc,anual,8436
1310,604.3,624.8,2,12.4,pickup,70,40,no,0,1,personal,Monterrey,no,limitada,anual,11451
1311,855.9,868.7,2,13,sedan,62,35,no,1,2,mixto,Monterrey,no,amplia,anual,15525
1312,544.9,547.2,10,9.3,compacto,45,23,no,0,2,personal,CDMX,si,amplia,anual,9297
1313,345.7,346.9,4,13.6,sedan,39,13,no,0,2,personal,Monterrey,si,amplia,anual,11063
1314,444.3,460.8,0,12.9,hatchback,20,1,si,1,0,personal,Otra,no,amplia,anual,12059
1315,348.3,362.4,5,16.7,suv,47,26,no,1,0,personal,NA,no,amplia,anual,9430
1316,120,116,10,22,sedan,54,31,no,0,0,personal,CDMX,si,amplia,anual,5089
1317,583.7,608.3,15,NA,sedan,39,10,no,0,1,mixto,CDMX,no,amplia,semestral,12839
1318,837.1,867.2,1,17.5,sedan,50,32,no,0,1,mixto,Otra,si,amplia,anual,13910
1319,409.4,414.7,5,7.8,pickup,55,26,no,2,0,comercial,Otra,si,rc,anual,10738
1320,168.1,182.1,13,7.7,sedan,50,28,no,0,0,personal,Monterrey,si,rc,anual,2237
1321,271.5,264.7,2,12.1,hatchback,69,40,no,0,2,personal,Otra,si,amplia,anual,7534
1322,349.8,366.6,4,20.5,suv,45,19,no,1,1,personal,Guadalajara,si,amplia,anual,10866
1323,363.8,370.4,6,18.9,suv,27,6,no,1,0,comercial,Monterrey,si,limitada,anual,12947
1324,120,134.7,13,29.3,sedan,60,35,no,0,1,personal,Otra,si,amplia,anual,5828
1325,370.9,385.2,18,18.3,suv,34,12,no,3,2,personal,Otra,si,amplia,anual,13178
1326,562.2,573.7,6,18.3,compacto,37,11,no,1,0,personal,NA,no,limitada,anual,13241
1327,1231.2,1256.4,2,9.6,hatchback,35,14,no,0,0,personal,Monterrey,si,rc,anual,17555
1328,442.1,448,7,13.2,sedan,37,11,no,2,0,personal,CDMX,si,amplia,anual,13346
1329,494.8,501.5,1,18.1,suv,65,38,no,0,1,personal,Otra,si,limitada,anual,9913
1330,362.8,366.9,7,16.3,hatchback,36,12,no,0,0,personal,Monterrey,no,limitada,anual,10120
1331,548.4,558.7,1,21.3,suv,39,13,no,0,1,personal,Otra,si,limitada,anual,12117
1332,529.2,539.1,1,14.7,compacto,46,19,no,4,0,personal,Monterrey,si,limitada,anual,14323
1333,532.4,527.8,7,20,sedan,34,13,no,2,1,personal,Otra,si,amplia,anual,13063
1334,862.7,874.8,5,23,suv,29,10,no,2,2,personal,Guadalajara,no,amplia,anual,19752
1335,654.3,680.3,3,20.9,hatchback,31,9,no,3,1,personal,Guadalajara,no,rc,anual,15755
1336,591.7,607.5,2,19,sedan,44,19,no,3,1,personal,Otra,si,amplia,anual,15576
1337,444.8,455.7,14,16.8,suv,63,40,no,0,0,personal,Guadalajara,si,rc,anual,6643
1338,237.6,227.6,6,13,compacto,26,5,no,0,0,personal,CDMX,si,limitada,anual,7009
1339,604.2,624,7,NA,sedan,40,16,no,0,0,personal,CDMX,no,rc,anual,9816
1340,513.8,514.1,3,21.3,compacto,53,30,no,0,0,personal,CDMX,si,limitada,anual,9406
1341,478.3,484.4,9,27.3,sedan,24,4,si,0,0,mixto,CDMX,si,amplia,anual,13916
1342,836.6,846.3,11,15,compacto,40,21,no,1,1,personal,Monterrey,si,limitada,anual,14029
1343,522,538,5,24.4,hatchback,43,19,no,3,0,personal,CDMX,si,amplia,anual,15368
1344,414.6,417.3,8,6.9,sedan,77,45,no,0,0,mixto,CDMX,si,limitada,anual,7090
1345,128.1,128.7,10,7,sedan,37,12,no,0,1,personal,Otra,si,amplia,anual,4035
1346,362.4,376.1,11,15.9,compacto,50,25,no,0,0,mixto,Otra,no,amplia,semestral,9243
1347,441.2,444.5,0,17.3,sedan,41,23,no,1,0,mixto,CDMX,no,limitada,anual,11209
1348,297.2,307.8,1,17.9,sedan,22,0,si,2,1,personal,CDMX,si,limitada,anual,14530
1349,335.4,349,13,12.4,sedan,49,26,no,0,2,mixto,Monterrey,si,rc,anual,8853
1350,324.8,316.9,4,31.9,suv,64,42,no,0,0,personal,Otra,no,amplia,anual,8099
1351,120,116.2,4,NA,suv,57,29,no,2,0,personal,CDMX,no,amplia,anual,6961
1352,143.9,147.2,8,11.5,pickup,18,0,si,1,2,personal,CDMX,no,amplia,anual,13584
1353,539.4,557.7,1,20.6,suv,47,23,no,0,0,personal,CDMX,no,rc,anual,12043
1354,120,116.1,1,17.7,hatchback,18,0,si,0,1,personal,Otra,no,amplia,anual,9182
1355,148.2,162.2,7,2,suv,37,18,no,1,0,mixto,CDMX,si,amplia,anual,7476
1356,253.6,250.2,2,19.2,pickup,31,13,no,0,0,personal,Otra,si,rc,anual,5822
1357,145.9,154.3,2,15.5,pickup,45,21,no,0,0,personal,Monterrey,si,rc,anual,5870
1358,820.2,851.5,7,17.1,suv,40,16,no,2,1,personal,Otra,si,amplia,semestral,17552
1359,199.4,193.5,4,18.1,compacto,30,10,no,0,2,personal,CDMX,si,rc,anual,7649
1360,755.2,770.6,2,17.6,sedan,50,25,no,0,1,mixto,NA,no,limitada,anual,13470
1361,124.3,135.2,10,16.4,sedan,38,18,no,0,1,personal,Guadalajara,no,amplia,anual,4163
1362,452,446.2,3,12.6,hatchback,41,21,no,3,0,mixto,Guadalajara,no,limitada,anual,13989
1363,274.5,284.5,9,19.5,pickup,32,11,no,2,1,personal,Monterrey,si,amplia,anual,11226
1364,NA,156.3,5,31.6,sedan,39,19,no,1,0,personal,CDMX,si,rc,anual,6846
1365,NA,513,18,14.6,pickup,40,18,no,1,2,mixto,Guadalajara,si,amplia,anual,13506
1366,120,110.2,4,20.6,pickup,41,17,no,3,0,mixto,Otra,no,amplia,anual,10670
1367,120,122,3,17.9,pickup,29,11,no,1,0,personal,Monterrey,no,rc,anual,7515
1368,301.4,312,5,23.7,pickup,38,17,no,1,1,personal,Monterrey,si,limitada,semestral,11073
1369,319.6,333.2,18,18.3,compacto,18,0,si,0,1,personal,Otra,no,amplia,anual,10778
1370,158.6,150.5,4,14.3,sedan,37,5,no,0,0,personal,Monterrey,si,limitada,anual,6938
1371,411.3,423.5,2,14.2,sedan,25,6,si,3,0,personal,Otra,si,limitada,anual,15082
1372,169.2,165.4,8,21.2,suv,37,18,no,1,0,personal,CDMX,si,limitada,anual,6863
1373,256.3,258,11,16.7,compacto,18,0,si,0,0,mixto,Otra,si,amplia,anual,9007
1374,NA,191.6,1,22.4,sedan,45,22,no,3,0,comercial,CDMX,si,amplia,anual,13830
1375,260.6,268.2,8,8.1,pickup,56,31,no,0,1,personal,Monterrey,si,amplia,anual,7861
1376,120,117.9,5,22.6,pickup,51,27,no,1,0,personal,Otra,si,rc,anual,6052
1377,165.8,170.3,9,25.6,compacto,39,19,no,1,1,personal,Monterrey,no,amplia,anual,9498
1378,925.4,936.7,5,18.3,sedan,38,13,no,0,0,mixto,Monterrey,si,limitada,anual,14980
1379,574.1,579.8,1,18.6,hatchback,43,25,no,0,1,personal,Monterrey,si,amplia,anual,11116
1380,254.1,265.5,2,30,sedan,40,16,no,0,2,personal,Guadalajara,NA,rc,anual,8434
1381,120,119.8,14,24.9,hatchback,37,15,no,0,2,mixto,Otra,si,limitada,anual,4232
1382,271,275.5,8,8.9,pickup,36,17,no,0,0,personal,CDMX,NA,amplia,anual,9119
1383,NA,423.5,5,20,hatchback,33,14,no,2,1,personal,Otra,si,amplia,anual,11666
1384,544.7,553.3,8,17.6,sedan,69,43,no,2,0,personal,Monterrey,si,limitada,anual,9918
1385,271.8,277,0,15.9,suv,64,43,no,0,0,personal,Guadalajara,si,amplia,anual,7888
1386,370.3,371.3,1,20.6,suv,45,25,no,1,0,comercial,Guadalajara,no,amplia,anual,12464
1387,623.7,639,3,11.5,suv,45,16,no,0,1,mixto,Monterrey,no,limitada,anual,12837
1388,627.4,635.5,9,15.4,suv,33,12,no,0,0,personal,Guadalajara,si,amplia,anual,12438
1389,352.6,370.1,5,NA,sedan,21,2,si,3,0,personal,Otra,si,limitada,anual,14305
1390,307.2,315.5,5,NA,sedan,53,33,no,0,1,mixto,CDMX,si,rc,anual,8444
1391,757,769.6,9,17.8,compacto,42,20,no,2,2,personal,Otra,si,amplia,anual,15060
1392,172.9,176.5,3,23.7,hatchback,29,9,no,1,2,personal,Otra,si,amplia,anual,8967
1393,1252.2,1280.2,1,25.4,sedan,59,32,no,0,0,personal,Otra,no,limitada,anual,17861
1394,412.4,416.9,12,23.2,compacto,46,23,no,0,1,mixto,Guadalajara,no,amplia,anual,9304
1395,305.5,319.2,7,28.8,hatchback,34,16,no,0,0,personal,Guadalajara,no,amplia,anual,8302
1396,337.9,336.7,9,26.7,sedan,47,23,no,2,0,personal,Monterrey,no,limitada,anual,12564
1397,658.3,674.5,6,21.5,suv,28,5,no,0,2,mixto,CDMX,si,limitada,anual,14020
1398,353.8,370,8,13.9,sedan,57,30,no,0,1,personal,CDMX,si,amplia,anual,9898
1399,403.2,410.5,8,NA,hatchback,55,32,no,1,0,personal,NA,no,limitada,anual,9224
1400,626.5,642.6,15,21.8,suv,56,30,no,0,0,personal,Monterrey,si,amplia,anual,9295
